lead_id,lead_date,patient_id,lead_source,campaign,clinic,lead_status,first_response_minutes,appointment_booked,appointment_date
L00001,2025-09-26,P00001,Google Organic,Root Canal,Clinic D,Appointment Booked,17,Yes,2025-02-10
L00002,2025-07-06,P00002,Facebook,Invisalign,Clinic A,Appointment Booked,14,Yes,
L00003,2025-09-27,,Google Organic,Dental Implant,Clinic A,Contacted - No Appointment,14,No,
L00004,2025-11-07,P00004,Google Ads,Teeth Whitening,Clinic D,Appointment Booked,18,Yes,
L00005,2025-09-02,,Google Ads,General Dentistry,Clinic C,Contacted - No Appointment,28,No,
L00006,2025-06-04,P00006,Google Organic,Root Canal,Clinic A,Appointment Booked,8,Yes,
L00007,2025-01-26,P00007,Google Ads,Dental Crown,Clinic A,Appointment Booked,17,Yes,2025-02-02
L00008,2025-11-06,P00008,Google Ads,Invisalign,Clinic B,Appointment Booked,7,Yes,
L00009,2025-06-18,,Facebook,Dental Crown,Clinic C,Contacted - No Appointment,19,No,
L00010,2025-11-01,P00010,Google Organic,Dental Implant,Clinic C,Appointment Booked,8,Yes,2025-06-11
L00011,2025-12-05,P00011,Referral,Root Canal,Clinic D,Appointment Booked,18,Yes,
L00012,2025-10-05,,Google Organic,Dental Crown,Clinic B,Contacted - No Appointment,42,No,
L00013,2025-04-22,P00013,Google Organic,General Dentistry,Clinic C,Appointment Booked,23,Yes,2025-06-05
L00014,2025-09-03,,Facebook,Root Canal,Clinic C,Contacted - No Appointment,31,No,
L00015,2025-05-02,P00015,Google Ads,Teeth Whitening,Clinic B,Appointment Booked,6,Yes,2025-10-05
L00016,2025-09-04,,Google Ads,Dental Crown,Clinic A,Contacted - No Appointment,12,No,
L00017,2025-03-27,,Instagram,General Dentistry,Clinic D,Contacted - No Appointment,21,No,
L00018,2025-02-27,P00018,Facebook,Root Canal,Clinic D,Appointment Booked,19,Yes,2025-08-03
L00019,2025-06-11,P00019,Google Ads,Invisalign,Clinic B,Appointment Booked,14,Yes,
L00020,2025-08-03,P00020,Facebook,General Dentistry,Clinic C,Appointment Booked,27,Yes,2025-07-08
L00021,2025-02-22,P00021,Instagram,Dental Implant,Clinic A,Appointment Booked,74,Yes,
L00022,2025-03-11,P00022,Facebook,Dental Implant,Clinic C,Appointment Booked,18,Yes,
L00023,2025-02-08,,Google Organic,Dental Implant,Clinic C,Contacted - No Appointment,11,No,
L00024,2025-04-17,,Google Organic,General Dentistry,Clinic C,Contacted - No Appointment,12,No,
L00025,2025-01-02,P00025,Google Organic,Dental Implant,Clinic D,Appointment Booked,14,Yes,
L00026,2025-07-04,P00026,Referral,General Dentistry,Clinic C,Appointment Booked,23,Yes,2025-11-07
L00027,2025-01-15,P00027,Google Ads,Root Canal,Clinic B,Appointment Booked,15,Yes,
L00028,2025-04-24,P00028,Instagram,Dental Implant,Clinic D,Appointment Booked,1,Yes,2025-01-05
L00029,2025-03-07,,Referral,Root Canal,Clinic A,Contacted - No Appointment,9,No,
L00030,2025-12-18,,Instagram,Invisalign,Clinic B,Contacted - No Appointment,12,No,
L00031,2025-04-23,P00031,Google Organic,Dental Crown,Clinic B,Appointment Booked,5,Yes,
L00032,2025-04-18,,Facebook,Dental Crown,Clinic B,Contacted - No Appointment,29,No,
L00033,2025-03-08,,Instagram,Root Canal,Clinic D,Not Contacted/Cold,63,No,
L00034,2025-05-04,,Google Ads,Dental Implant,Clinic B,Contacted - No Appointment,36,No,
L00035,2025-03-12,P00035,Referral,Dental Crown,Clinic D,Appointment Booked,49,Yes,
L00036,2025-11-29,,Google Organic,General Dentistry,Clinic C,Contacted - No Appointment,41,No,
L00037,2025-06-03,,Referral,Teeth Whitening,Clinic B,Contacted - No Appointment,9,No,
L00038,2025-09-06,,Google Organic,General Dentistry,Clinic D,Not Contacted/Cold,48,No,
L00039,2025-12-14,,Google Ads,Invisalign,Clinic A,Contacted - No Appointment,33,No,
L00040,2025-11-05,P00040,Google Ads,General Dentistry,Clinic A,Appointment Booked,16,Yes,
L00041,2025-05-27,P00041,Referral,Invisalign,Clinic B,Appointment Booked,31,Yes,
L00042,2025-08-21,P00042,Facebook,Dental Implant,Clinic B,Appointment Booked,21,Yes,
L00043,2025-07-15,,Google Ads,General Dentistry,Clinic A,Contacted - No Appointment,25,No,
L00044,2025-03-01,P00044,Instagram,General Dentistry,Clinic C,Appointment Booked,34,Yes,2025-02-03
L00045,2025-08-05,,Facebook,Dental Crown,Clinic C,Contacted - No Appointment,19,No,
L00046,2025-11-16,,Instagram,Invisalign,Clinic B,Contacted - No Appointment,25,No,
L00047,2025-11-28,,Facebook,Invisalign,Clinic D,Contacted - No Appointment,8,No,
L00048,2025-11-18,,Google Organic,Root Canal,Clinic C,Contacted - No Appointment,29,No,
L00049,2025-10-17,,Referral,General Dentistry,Clinic D,Contacted - No Appointment,4,No,
L00050,2025-01-29,P00050,Google Ads,Dental Implant,Clinic A,Appointment Booked,34,Yes,2025-04-02
L00051,2025-10-25,,Facebook,General Dentistry,Clinic C,Contacted - No Appointment,3,No,
L00052,2025-01-31,,Facebook,Invisalign,Clinic D,Contacted - No Appointment,35,No,
L00053,2025-11-18,,Referral,Teeth Whitening,Clinic C,Contacted - No Appointment,26,No,
L00054,2025-09-15,P00054,Facebook,General Dentistry,Clinic C,Appointment Booked,19,Yes,
L00055,2025-05-07,,Facebook,Root Canal,Clinic B,Not Contacted/Cold,112,No,
L00056,2025-09-29,,Instagram,Root Canal,Clinic A,Contacted - No Appointment,30,No,
L00057,2025-06-27,,Facebook,Teeth Whitening,Clinic B,Not Contacted/Cold,49,No,
L00058,2025-08-22,P00058,Referral,Root Canal,Clinic B,Appointment Booked,13,Yes,
L00059,2025-08-22,,Referral,Dental Crown,Clinic D,Contacted - No Appointment,25,No,
L00060,2025-02-09,P00060,Facebook,Dental Crown,Clinic A,Appointment Booked,13,Yes,
L00061,2025-07-04,P00061,Instagram,Dental Implant,Clinic D,Appointment Booked,22,Yes,2025-08-07
L00062,2025-05-10,,Google Ads,General Dentistry,Clinic D,Contacted - No Appointment,27,No,
L00063,2025-01-17,P00063,Google Organic,Invisalign,Clinic A,Appointment Booked,29,Yes,
L00064,2025-07-14,P00064,Google Organic,General Dentistry,Clinic B,Appointment Booked,4,Yes,
L00065,2025-08-04,,Facebook,Invisalign,Clinic D,Contacted - No Appointment,13,No,
L00066,2025-08-14,,Google Ads,Teeth Whitening,Clinic D,Contacted - No Appointment,22,No,
L00067,2025-11-27,,Referral,Invisalign,Clinic B,Contacted - No Appointment,17,No,
L00068,2025-05-12,,Facebook,Invisalign,Clinic B,Contacted - No Appointment,30,No,
L00069,2025-06-27,,Instagram,Invisalign,Clinic C,Contacted - No Appointment,7,No,
L00070,2025-08-30,,Google Ads,Teeth Whitening,Clinic C,Contacted - No Appointment,28,No,
L00071,2025-01-31,P00071,Facebook,Dental Crown,Clinic B,Appointment Booked,11,Yes,2025-03-02
L00072,2025-05-29,,Google Organic,General Dentistry,Clinic C,Contacted - No Appointment,13,No,
L00073,2025-09-10,,Facebook,Invisalign,Clinic A,Contacted - No Appointment,35,No,
L00074,2025-06-06,,Instagram,Dental Crown,Clinic A,Not Contacted/Cold,54,No,
L00075,2025-03-16,P00075,Google Ads,Teeth Whitening,Clinic B,Appointment Booked,21,Yes,
L00076,2025-06-02,,Facebook,Dental Implant,Clinic B,Contacted - No Appointment,43,No,
L00077,2025-01-22,,Referral,Root Canal,Clinic B,Contacted - No Appointment,13,No,
L00078,2025-02-18,P00078,Instagram,Root Canal,Clinic B,Appointment Booked,44,Yes,
L00079,2025-05-07,,Referral,Root Canal,Clinic B,Contacted - No Appointment,21,No,
L00080,2025-11-08,P00080,Referral,Invisalign,Clinic A,Appointment Booked,9,Yes,
L00081,2025-09-24,,Referral,Dental Crown,Clinic B,Contacted - No Appointment,6,No,
L00082,2025-12-16,P00082,Referral,Invisalign,Clinic D,Appointment Booked,67,Yes,
L00083,2025-06-13,,Google Ads,Teeth Whitening,Clinic B,Contacted - No Appointment,40,No,
L00084,2025-08-09,,Referral,General Dentistry,Clinic B,Contacted - No Appointment,12,No,
L00085,2025-08-28,,Google Ads,Dental Crown,Clinic C,Contacted - No Appointment,43,No,
L00086,2025-09-16,P00086,Google Ads,Dental Crown,Clinic D,Appointment Booked,7,Yes,
L00087,2025-09-14,P00087,Google Ads,Dental Implant,Clinic A,Appointment Booked,12,Yes,
L00088,2025-01-04,P00088,Facebook,General Dentistry,Clinic C,Appointment Booked,10,Yes,
L00089,2025-02-11,,Instagram,Invisalign,Clinic C,Contacted - No Appointment,13,No,
L00090,2025-11-12,,Facebook,Dental Crown,Clinic C,Not Contacted/Cold,46,No,
L00091,2025-03-26,,Google Ads,General Dentistry,Clinic A,Contacted - No Appointment,31,No,
L00092,2025-08-09,,Facebook,Dental Crown,Clinic C,Contacted - No Appointment,17,No,
L00093,2025-04-10,P00093,Facebook,Teeth Whitening,Clinic A,Appointment Booked,36,Yes,
L00094,2025-08-13,,Google Organic,Root Canal,Clinic C,Contacted - No Appointment,2,No,
L00095,2025-07-28,P00095,Google Ads,Dental Implant,Clinic C,Appointment Booked,18,Yes,2025-08-08
L00096,2025-08-26,,Google Ads,Teeth Whitening,Clinic A,Not Contacted/Cold,47,No,
L00097,2025-07-26,P00097,Google Ads,Dental Implant,Clinic D,Appointment Booked,11,Yes,2025-07-08
L00098,2025-02-05,,Facebook,Teeth Whitening,Clinic A,Contacted - No Appointment,31,No,
L00099,2025-11-06,,Instagram,Dental Implant,Clinic D,Contacted - No Appointment,16,No,
L00100,2025-05-08,P00100,Facebook,General Dentistry,Clinic B,Appointment Booked,27,Yes,
L00101,2025-01-07,P00101,Facebook,Dental Implant,Clinic A,Appointment Booked,22,Yes,
L00102,2025-02-03,,Facebook,Root Canal,Clinic A,Contacted - No Appointment,23,No,
L00103,2025-09-16,P00103,Facebook,Dental Crown,Clinic D,Appointment Booked,7,Yes,
L00104,2025-11-03,,Referral,Root Canal,Clinic A,Contacted - No Appointment,20,No,
L00105,2025-01-12,,Google Ads,Invisalign,Clinic A,Contacted - No Appointment,17,No,
L00106,2025-09-07,,Google Organic,Root Canal,Clinic B,Contacted - No Appointment,3,No,
L00107,2025-02-08,,Google Organic,Invisalign,Clinic C,Contacted - No Appointment,11,No,
L00108,2025-10-19,P00108,Google Ads,Root Canal,Clinic C,Appointment Booked,10,Yes,
L00109,2025-09-13,,Referral,Root Canal,Clinic A,Contacted - No Appointment,29,No,
L00110,2025-10-12,P00110,Google Organic,Dental Crown,Clinic B,Appointment Booked,30,Yes,
L00111,2025-02-01,P00111,Google Organic,Invisalign,Clinic A,Appointment Booked,9,Yes,2025-11-02
L00112,2025-01-31,,Facebook,General Dentistry,Clinic A,Contacted - No Appointment,16,No,
L00113,2025-02-10,,Instagram,Root Canal,Clinic B,Contacted - No Appointment,4,No,
L00114,2025-09-16,,Google Ads,Invisalign,Clinic C,Contacted - No Appointment,9,No,
L00115,2025-08-03,,Google Ads,Root Canal,Clinic A,Contacted - No Appointment,20,No,
L00116,2025-09-30,,Google Organic,General Dentistry,Clinic B,Not Contacted/Cold,58,No,
L00117,2025-06-30,P00117,Referral,Dental Implant,Clinic B,Appointment Booked,38,Yes,2025-10-07
L00118,2025-05-08,,Google Ads,Dental Crown,Clinic D,Contacted - No Appointment,41,No,
L00119,2025-01-15,P00119,Google Organic,Root Canal,Clinic D,Appointment Booked,9,Yes,
L00120,2025-12-25,P00120,Google Organic,Dental Implant,Clinic D,Appointment Booked,12,Yes,
L00121,2025-09-22,,Google Ads,Teeth Whitening,Clinic A,Contacted - No Appointment,13,No,
L00122,2025-03-01,,Facebook,Root Canal,Clinic A,Contacted - No Appointment,32,No,
L00123,2025-07-30,,Facebook,Invisalign,Clinic B,Contacted - No Appointment,14,No,
L00124,2025-01-01,,Google Organic,General Dentistry,Clinic B,Contacted - No Appointment,31,No,
L00125,2025-05-05,,Google Organic,Dental Crown,Clinic B,Contacted - No Appointment,19,No,
L00126,2025-03-17,,Google Ads,General Dentistry,Clinic D,Contacted - No Appointment,33,No,
L00127,2025-11-26,,Instagram,Dental Crown,Clinic D,Contacted - No Appointment,43,No,
L00128,2025-07-31,P00128,Google Organic,Teeth Whitening,Clinic D,Appointment Booked,13,Yes,2025-07-08
L00129,2025-06-19,P00129,Google Organic,General Dentistry,Clinic B,Appointment Booked,27,Yes,2025-02-07
L00130,2025-08-09,P00130,Google Ads,Dental Implant,Clinic C,Appointment Booked,5,Yes,
L00131,2025-10-02,P00131,Facebook,Teeth Whitening,Clinic B,Appointment Booked,14,Yes,
L00132,2025-11-08,,Referral,Dental Crown,Clinic A,Contacted - No Appointment,24,No,
L00133,2025-05-28,,Facebook,Dental Implant,Clinic C,Not Contacted/Cold,58,No,
L00134,2025-06-25,,Facebook,Root Canal,Clinic A,Contacted - No Appointment,18,No,
L00135,2025-07-05,,Google Organic,Dental Implant,Clinic B,Not Contacted/Cold,47,No,
L00136,2025-01-21,,Google Ads,Teeth Whitening,Clinic B,Contacted - No Appointment,39,No,
L00137,2025-05-02,P00137,Referral,Root Canal,Clinic C,Appointment Booked,11,Yes,2025-08-05
L00138,2025-02-25,,Facebook,General Dentistry,Clinic D,Contacted - No Appointment,21,No,
L00139,2025-10-08,,Google Ads,Invisalign,Clinic B,Contacted - No Appointment,6,No,
L00140,2025-08-07,P00140,Google Ads,Dental Crown,Clinic D,Appointment Booked,97,Yes,
L00141,2025-07-05,P00141,Google Ads,Invisalign,Clinic B,Appointment Booked,16,Yes,2025-10-07
L00142,2025-08-09,,Google Ads,Dental Crown,Clinic B,Contacted - No Appointment,32,No,
L00143,2025-12-10,,Google Organic,Teeth Whitening,Clinic C,Contacted - No Appointment,31,No,
L00144,2025-05-12,,Google Ads,Teeth Whitening,Clinic C,Contacted - No Appointment,14,No,
L00145,2025-11-19,P00145,Referral,Teeth Whitening,Clinic D,Appointment Booked,10,Yes,
L00146,2025-02-14,,Facebook,General Dentistry,Clinic A,Contacted - No Appointment,20,No,
L00147,2025-07-05,,Facebook,Dental Implant,Clinic C,Contacted - No Appointment,42,No,
L00148,2025-11-09,P00148,Facebook,Invisalign,Clinic C,Appointment Booked,13,Yes,2025-10-11
L00149,2025-10-31,,Google Organic,Dental Crown,Clinic D,Not Contacted/Cold,47,No,
L00150,2025-07-25,P00150,Facebook,Root Canal,Clinic A,Appointment Booked,25,Yes,2025-01-08
L00151,2025-05-18,,Google Ads,Invisalign,Clinic D,Contacted - No Appointment,8,No,
L00152,2025-03-24,,Referral,Dental Crown,Clinic C,Contacted - No Appointment,6,No,
L00153,2025-02-22,,Facebook,Root Canal,Clinic B,Contacted - No Appointment,26,No,
L00154,2025-06-30,P00154,Google Ads,Root Canal,Clinic B,Appointment Booked,13,Yes,2025-03-07
L00155,2025-11-09,,Facebook,Teeth Whitening,Clinic B,Not Contacted/Cold,47,No,
L00156,2025-08-26,P00156,Instagram,Root Canal,Clinic C,Appointment Booked,29,Yes,2025-03-09
L00157,2025-08-31,P00157,Google Ads,Dental Implant,Clinic D,Appointment Booked,21,Yes,
L00158,2025-04-03,P00158,Google Organic,Dental Implant,Clinic C,Appointment Booked,11,Yes,
L00159,2025-06-01,,Instagram,General Dentistry,Clinic C,Not Contacted/Cold,58,No,
L00160,2025-09-24,,Instagram,General Dentistry,Clinic C,Contacted - No Appointment,7,No,
L00161,2025-08-24,,Facebook,Dental Crown,Clinic A,Contacted - No Appointment,19,No,
L00162,2025-03-05,,Referral,Root Canal,Clinic A,Contacted - No Appointment,17,No,
L00163,2025-08-07,,Google Ads,General Dentistry,Clinic B,Contacted - No Appointment,22,No,
L00164,2025-11-22,,Instagram,Dental Crown,Clinic B,Contacted - No Appointment,5,No,
L00165,2025-06-22,,Facebook,General Dentistry,Clinic A,Contacted - No Appointment,4,No,
L00166,2025-01-06,,Google Organic,Teeth Whitening,Clinic B,Contacted - No Appointment,10,No,
L00167,2025-04-30,,Google Ads,Root Canal,Clinic B,Contacted - No Appointment,13,No,
L00168,2025-05-28,,Google Ads,Root Canal,Clinic A,Contacted - No Appointment,14,No,
L00169,2025-04-25,P00169,Google Organic,Invisalign,Clinic B,Appointment Booked,11,Yes,
L00170,2025-09-14,,Facebook,Invisalign,Clinic A,Contacted - No Appointment,25,No,
L00171,2025-05-28,,Facebook,Teeth Whitening,Clinic D,Contacted - No Appointment,6,No,
L00172,2025-05-29,,Instagram,General Dentistry,Clinic D,Contacted - No Appointment,21,No,
L00173,2025-11-24,,Google Organic,Teeth Whitening,Clinic C,Contacted - No Appointment,8,No,
L00174,2025-03-22,P00174,Google Ads,Root Canal,Clinic A,Appointment Booked,7,Yes,
L00175,2025-09-23,,Google Ads,Dental Implant,Clinic D,Contacted - No Appointment,14,No,
L00176,2025-10-29,,Referral,Dental Implant,Clinic D,Contacted - No Appointment,17,No,
L00177,2025-03-21,P00177,Instagram,Root Canal,Clinic D,Appointment Booked,26,Yes,2025-02-04
L00178,2025-03-10,,Facebook,Root Canal,Clinic A,Contacted - No Appointment,5,No,
L00179,2025-12-20,,Google Organic,Dental Crown,Clinic C,Contacted - No Appointment,38,No,
L00180,2025-10-09,P00180,Facebook,Dental Implant,Clinic D,Appointment Booked,12,Yes,
L00181,2025-03-17,,Google Ads,General Dentistry,Clinic C,Contacted - No Appointment,21,No,
L00182,2025-04-09,P00182,Google Ads,Root Canal,Clinic C,Appointment Booked,40,Yes,
L00183,2025-04-02,,Facebook,General Dentistry,Clinic B,Contacted - No Appointment,17,No,
L00184,2025-11-11,P00184,Referral,Root Canal,Clinic C,Appointment Booked,19,Yes,
L00185,2025-11-15,,Google Ads,Dental Implant,Clinic A,Contacted - No Appointment,5,No,
L00186,2025-01-09,,Google Ads,Teeth Whitening,Clinic C,Contacted - No Appointment,19,No,
L00187,2025-09-13,P00187,Referral,Teeth Whitening,Clinic A,Appointment Booked,60,Yes,
L00188,2025-06-28,,Google Ads,Root Canal,Clinic B,Contacted - No Appointment,7,No,
L00189,2025-11-26,,Instagram,Root Canal,Clinic B,Not Contacted/Cold,46,No,
L00190,2025-04-03,,Google Ads,Dental Implant,Clinic C,Contacted - No Appointment,24,No,
L00191,2025-02-08,,Instagram,Dental Crown,Clinic A,Contacted - No Appointment,6,No,
L00192,2025-02-07,,Facebook,General Dentistry,Clinic C,Contacted - No Appointment,4,No,
L00193,2025-01-11,,Google Ads,Dental Implant,Clinic D,Contacted - No Appointment,10,No,
L00194,2025-03-07,P00194,Instagram,Invisalign,Clinic A,Appointment Booked,24,Yes,2025-08-03
L00195,2025-11-21,,Google Organic,General Dentistry,Clinic A,Contacted - No Appointment,36,No,
L00196,2025-12-20,,Google Organic,Invisalign,Clinic A,Contacted - No Appointment,34,No,
L00197,2025-05-22,P00197,Instagram,Dental Crown,Clinic D,Appointment Booked,33,Yes,
L00198,2025-07-25,,Facebook,Root Canal,Clinic C,Contacted - No Appointment,8,No,
L00199,2025-02-08,,Facebook,Dental Crown,Clinic B,Contacted - No Appointment,24,No,
L00200,2025-10-03,P00200,Instagram,Root Canal,Clinic A,Appointment Booked,10,Yes,
L00201,2025-04-22,,Google Organic,Invisalign,Clinic C,Contacted - No Appointment,34,No,
L00202,2025-09-24,P00202,Instagram,Dental Implant,Clinic D,Appointment Booked,74,Yes,2025-04-10
L00203,2025-11-28,P00203,Instagram,Teeth Whitening,Clinic D,Appointment Booked,4,Yes,2025-07-12
L00204,2025-09-12,P00204,Google Ads,Teeth Whitening,Clinic C,Appointment Booked,9,Yes,
L00205,2025-02-04,,Google Ads,Dental Crown,Clinic A,Contacted - No Appointment,37,No,
L00206,2025-12-29,,Google Ads,Dental Crown,Clinic A,Contacted - No Appointment,26,No,
L00207,2025-09-05,,Referral,Invisalign,Clinic A,Contacted - No Appointment,30,No,
L00208,2025-09-29,P00208,Google Organic,Dental Implant,Clinic A,Appointment Booked,4,Yes,2025-04-10
L00209,2025-01-01,P00209,Instagram,Teeth Whitening,Clinic A,Appointment Booked,36,Yes,2025-06-01
L00210,2025-12-23,,Google Ads,Root Canal,Clinic B,Contacted - No Appointment,25,No,
L00211,2025-06-20,P00211,Google Ads,Invisalign,Clinic B,Appointment Booked,5,Yes,2025-01-07
L00212,2025-11-23,P00212,Referral,Dental Implant,Clinic D,Appointment Booked,24,Yes,2025-04-12
L00213,2025-01-30,,Referral,Dental Implant,Clinic C,Contacted - No Appointment,20,No,
L00214,2025-07-15,P00214,Google Ads,Invisalign,Clinic D,Appointment Booked,8,Yes,
L00215,2025-08-01,P00215,Google Organic,Teeth Whitening,Clinic C,Appointment Booked,12,Yes,2025-03-08
L00216,2025-06-19,,Facebook,General Dentistry,Clinic A,Contacted - No Appointment,32,No,
L00217,2025-12-04,,Facebook,General Dentistry,Clinic C,Contacted - No Appointment,17,No,
L00218,2025-12-09,,Google Organic,General Dentistry,Clinic B,Contacted - No Appointment,40,No,
L00219,2025-05-02,,Instagram,General Dentistry,Clinic C,Contacted - No Appointment,10,No,
L00220,2025-04-07,P00220,Google Organic,Root Canal,Clinic B,Appointment Booked,20,Yes,
L00221,2025-01-24,P00221,Google Ads,Invisalign,Clinic D,Appointment Booked,7,Yes,2025-01-02
L00222,2025-01-14,,Facebook,Teeth Whitening,Clinic B,Contacted - No Appointment,10,No,
L00223,2025-07-20,,Facebook,Invisalign,Clinic B,Contacted - No Appointment,42,No,
L00224,2025-05-17,P00224,Facebook,Invisalign,Clinic D,Appointment Booked,24,Yes,
L00225,2025-09-01,P00225,Facebook,Invisalign,Clinic A,Appointment Booked,29,Yes,2025-06-09
L00226,2025-09-29,,Google Ads,Root Canal,Clinic C,Contacted - No Appointment,15,No,
L00227,2025-08-24,,Facebook,Invisalign,Clinic C,Contacted - No Appointment,3,No,
L00228,2025-10-01,,Facebook,Dental Implant,Clinic D,Contacted - No Appointment,37,No,
L00229,2025-01-29,,Google Organic,Root Canal,Clinic D,Contacted - No Appointment,19,No,
L00230,2025-02-03,P00230,Instagram,General Dentistry,Clinic D,Appointment Booked,13,Yes,2025-12-02
L00231,2025-11-20,,Instagram,Dental Crown,Clinic A,Contacted - No Appointment,7,No,
L00232,2025-03-10,,Google Ads,General Dentistry,Clinic D,Contacted - No Appointment,6,No,
L00233,2025-12-18,,Facebook,Invisalign,Clinic C,Contacted - No Appointment,27,No,
L00234,2025-09-18,P00234,Google Ads,Dental Implant,Clinic C,Appointment Booked,17,Yes,
L00235,2025-01-26,,Google Ads,Dental Crown,Clinic A,Contacted - No Appointment,28,No,
L00236,2025-10-02,,Google Ads,Root Canal,Clinic C,Contacted - No Appointment,42,No,
L00237,2025-02-20,,Google Ads,Dental Crown,Clinic D,Contacted - No Appointment,22,No,
L00238,2025-03-09,P00238,Instagram,Teeth Whitening,Clinic D,Appointment Booked,15,Yes,
L00239,2025-01-05,P00239,Referral,Teeth Whitening,Clinic B,Appointment Booked,9,Yes,
L00240,2025-12-12,,Google Ads,General Dentistry,Clinic A,Contacted - No Appointment,3,No,
L00241,2025-01-30,,Google Organic,Root Canal,Clinic B,Contacted - No Appointment,17,No,
L00242,2025-05-26,,Google Ads,Invisalign,Clinic D,Contacted - No Appointment,22,No,
L00243,2025-05-22,,Instagram,Dental Crown,Clinic C,Contacted - No Appointment,16,No,
L00244,2025-06-16,,Instagram,Dental Implant,Clinic B,Not Contacted/Cold,55,No,
L00245,2025-01-23,P00245,Referral,Invisalign,Clinic A,Appointment Booked,19,Yes,
L00246,2025-06-16,,Google Ads,Invisalign,Clinic B,Contacted - No Appointment,14,No,
L00247,2025-09-03,P00247,Facebook,Root Canal,Clinic B,Appointment Booked,19,Yes,2025-11-09
L00248,2025-05-14,,Google Ads,Dental Implant,Clinic D,Contacted - No Appointment,12,No,
L00249,2025-07-08,P00249,Facebook,Dental Implant,Clinic C,Appointment Booked,6,Yes,2025-12-07
L00250,2025-03-25,P00250,Referral,Dental Crown,Clinic B,Appointment Booked,27,Yes,2025-06-04
L00251,2025-04-07,P00251,Google Organic,Dental Crown,Clinic C,Appointment Booked,18,Yes,
L00252,2025-09-26,,Google Organic,Teeth Whitening,Clinic A,Contacted - No Appointment,5,No,
L00253,2025-07-30,,Facebook,Dental Crown,Clinic D,Contacted - No Appointment,23,No,
L00254,2025-05-24,P00254,Referral,Dental Implant,Clinic B,Appointment Booked,20,Yes,2025-07-06
L00255,2025-01-01,,Facebook,Invisalign,Clinic B,Contacted - No Appointment,26,No,
L00256,2025-06-07,P00256,Google Ads,Dental Implant,Clinic B,Appointment Booked,7,Yes,
L00257,2025-06-19,,Google Organic,General Dentistry,Clinic C,Contacted - No Appointment,8,No,
L00258,2025-09-26,P00258,Google Ads,Teeth Whitening,Clinic C,Appointment Booked,16,Yes,
L00259,2025-07-31,,Google Ads,Invisalign,Clinic C,Contacted - No Appointment,17,No,
L00260,2025-04-29,,Google Ads,Invisalign,Clinic B,Contacted - No Appointment,17,No,
L00261,2025-05-31,P00261,Instagram,General Dentistry,Clinic B,Appointment Booked,19,Yes,2025-07-06
L00262,2025-07-14,,Instagram,Dental Crown,Clinic A,Contacted - No Appointment,11,No,
L00263,2025-03-17,,Google Ads,Teeth Whitening,Clinic C,Contacted - No Appointment,37,No,
L00264,2025-08-22,,Google Organic,Invisalign,Clinic A,Contacted - No Appointment,25,No,
L00265,2025-03-30,,Google Organic,Invisalign,Clinic C,Contacted - No Appointment,20,No,
L00266,2025-02-19,,Referral,Teeth Whitening,Clinic D,Contacted - No Appointment,14,No,
L00267,2025-09-09,,Instagram,Dental Crown,Clinic D,Contacted - No Appointment,27,No,
L00268,2025-03-08,,Google Organic,Dental Crown,Clinic B,Contacted - No Appointment,31,No,
L00269,2025-07-19,,Google Organic,Dental Crown,Clinic B,Contacted - No Appointment,32,No,
L00270,2025-06-28,,Google Ads,Dental Crown,Clinic A,Contacted - No Appointment,7,No,
L00271,2025-10-04,,Facebook,Teeth Whitening,Clinic C,Contacted - No Appointment,25,No,
L00272,2025-10-08,,Facebook,Invisalign,Clinic D,Contacted - No Appointment,5,No,
L00273,2025-02-27,P00273,Google Ads,Root Canal,Clinic A,Appointment Booked,26,Yes,2025-02-03
L00274,2025-01-10,,Google Ads,General Dentistry,Clinic B,Contacted - No Appointment,24,No,
L00275,2025-01-03,P00275,Facebook,Invisalign,Clinic D,Appointment Booked,24,Yes,2025-10-01
L00276,2025-05-14,P00276,Google Ads,Root Canal,Clinic D,Appointment Booked,19,Yes,
L00277,2025-08-26,,Google Ads,Teeth Whitening,Clinic A,Contacted - No Appointment,17,No,
L00278,2025-08-17,P00278,Facebook,General Dentistry,Clinic C,Appointment Booked,17,Yes,
L00279,2025-03-31,,Google Organic,Root Canal,Clinic A,Contacted - No Appointment,18,No,
L00280,2025-09-16,,Google Organic,Root Canal,Clinic A,Contacted - No Appointment,21,No,
L00281,2025-03-07,P00281,Facebook,General Dentistry,Clinic D,Appointment Booked,12,Yes,
L00282,2025-04-11,P00282,Facebook,Teeth Whitening,Clinic D,Appointment Booked,18,Yes,
L00283,2025-03-18,,Facebook,Teeth Whitening,Clinic D,Contacted - No Appointment,21,No,
L00284,2025-09-15,,Google Ads,Root Canal,Clinic A,Contacted - No Appointment,44,No,
L00285,2025-02-20,,Google Ads,Invisalign,Clinic D,Contacted - No Appointment,40,No,
L00286,2025-08-01,,Google Organic,Dental Crown,Clinic B,Contacted - No Appointment,10,No,
L00287,2025-09-10,P00287,Facebook,General Dentistry,Clinic B,Appointment Booked,18,Yes,
L00288,2025-05-03,,Google Organic,General Dentistry,Clinic C,Contacted - No Appointment,27,No,
L00289,2025-03-05,,Google Organic,Dental Implant,Clinic A,Contacted - No Appointment,2,No,
L00290,2025-10-27,,Google Ads,Root Canal,Clinic D,Contacted - No Appointment,29,No,
L00291,2025-12-03,P00291,Facebook,Root Canal,Clinic C,Appointment Booked,9,Yes,
L00292,2025-01-13,,Facebook,General Dentistry,Clinic A,Contacted - No Appointment,31,No,
L00293,2025-05-16,,Facebook,Dental Crown,Clinic A,Contacted - No Appointment,34,No,
L00294,2025-07-09,,Facebook,Root Canal,Clinic A,Contacted - No Appointment,13,No,
L00295,2025-05-03,,Referral,Dental Implant,Clinic A,Contacted - No Appointment,16,No,
L00296,2025-06-12,P00296,Google Organic,Dental Crown,Clinic C,Appointment Booked,39,Yes,
L00297,2025-03-24,P00297,Referral,Dental Implant,Clinic D,Appointment Booked,6,Yes,2025-06-04
L00298,2025-11-08,,Google Ads,General Dentistry,Clinic A,Not Contacted/Cold,46,No,
L00299,2025-01-30,,Google Ads,Teeth Whitening,Clinic A,Contacted - No Appointment,34,No,
L00300,2025-03-19,,Google Ads,Root Canal,Clinic C,Contacted - No Appointment,23,No,
L00301,2025-12-30,,Google Ads,Root Canal,Clinic D,Contacted - No Appointment,7,No,
L00302,2025-12-08,P00302,Facebook,General Dentistry,Clinic B,Appointment Booked,8,Yes,2025-09-12
L00303,2025-02-05,P00303,Instagram,Invisalign,Clinic B,Appointment Booked,26,Yes,
L00304,2025-01-20,,Facebook,Invisalign,Clinic C,Contacted - No Appointment,18,No,
L00305,2025-08-13,,Referral,General Dentistry,Clinic B,Contacted - No Appointment,21,No,
L00306,2025-07-15,P00306,Referral,Teeth Whitening,Clinic A,Appointment Booked,19,Yes,
L00307,2025-08-05,,Google Ads,General Dentistry,Clinic C,Contacted - No Appointment,21,No,
L00308,2025-03-15,P00308,Referral,Invisalign,Clinic C,Appointment Booked,60,Yes,
L00309,2025-12-23,,Facebook,Dental Implant,Clinic C,Contacted - No Appointment,4,No,
L00310,2025-04-24,,Facebook,Dental Implant,Clinic C,Contacted - No Appointment,20,No,
L00311,2025-01-24,,Google Organic,Invisalign,Clinic C,Contacted - No Appointment,3,No,
L00312,2025-01-20,,Google Ads,Teeth Whitening,Clinic A,Contacted - No Appointment,22,No,
L00313,2025-12-06,,Referral,Invisalign,Clinic B,Contacted - No Appointment,26,No,
L00314,2025-01-25,P00314,Google Organic,Teeth Whitening,Clinic A,Appointment Booked,23,Yes,
L00315,2025-03-27,P00315,Referral,Invisalign,Clinic A,Appointment Booked,18,Yes,
L00316,2025-12-04,,Referral,Root Canal,Clinic C,Contacted - No Appointment,2,No,
L00317,2025-09-04,P00317,Facebook,General Dentistry,Clinic D,Appointment Booked,43,Yes,2025-12-09
L00318,2025-10-08,P00318,Google Ads,Invisalign,Clinic D,Appointment Booked,2,Yes,
L00319,2025-10-10,,Google Ads,Root Canal,Clinic C,Contacted - No Appointment,40,No,
L00320,2025-03-16,,Facebook,Invisalign,Clinic A,Contacted - No Appointment,28,No,
L00321,2025-02-17,,Google Ads,Dental Implant,Clinic A,Contacted - No Appointment,17,No,
L00322,2025-01-11,P00322,Google Organic,Root Canal,Clinic D,Appointment Booked,24,Yes,
L00323,2025-08-01,,Google Ads,Root Canal,Clinic C,Contacted - No Appointment,23,No,
L00324,2025-08-28,,Referral,Dental Crown,Clinic C,Contacted - No Appointment,5,No,
L00325,2025-09-02,,Google Organic,Teeth Whitening,Clinic D,Contacted - No Appointment,5,No,
L00326,2025-08-15,,Google Ads,Root Canal,Clinic C,Not Contacted/Cold,56,No,
L00327,2025-05-01,,Facebook,Dental Implant,Clinic D,Contacted - No Appointment,18,No,
L00328,2025-05-04,,Facebook,Dental Crown,Clinic A,Contacted - No Appointment,2,No,
L00329,2025-05-31,,Facebook,Dental Implant,Clinic C,Contacted - No Appointment,8,No,
L00330,2025-06-20,,Facebook,Dental Crown,Clinic D,Contacted - No Appointment,34,No,
L00331,2025-12-12,P00331,Google Ads,Dental Crown,Clinic B,Appointment Booked,6,Yes,
L00332,2025-07-15,,Google Organic,Invisalign,Clinic C,Contacted - No Appointment,25,No,
L00333,2025-04-16,,Facebook,Teeth Whitening,Clinic B,Contacted - No Appointment,19,No,
L00334,2025-12-17,,Google Organic,General Dentistry,Clinic D,Contacted - No Appointment,19,No,
L00335,2025-03-30,,Google Organic,Teeth Whitening,Clinic A,Contacted - No Appointment,18,No,
L00336,2025-08-23,,Google Ads,Invisalign,Clinic C,Contacted - No Appointment,20,No,
L00337,2025-07-09,P00337,Google Ads,Dental Crown,Clinic A,Appointment Booked,9,Yes,
L00338,2025-09-12,P00338,Google Organic,General Dentistry,Clinic C,Appointment Booked,57,Yes,
L00339,2025-02-11,,Referral,Invisalign,Clinic A,Contacted - No Appointment,2,No,
L00340,2025-07-23,P00340,Facebook,General Dentistry,Clinic A,Appointment Booked,10,Yes,
L00341,2025-10-23,,Google Ads,Dental Implant,Clinic B,Contacted - No Appointment,12,No,
L00342,2025-05-21,,Google Ads,Dental Implant,Clinic D,Contacted - No Appointment,22,No,
L00343,2025-04-29,,Google Ads,Teeth Whitening,Clinic A,Contacted - No Appointment,30,No,
L00344,2025-04-27,,Facebook,Teeth Whitening,Clinic A,Contacted - No Appointment,34,No,
L00345,2025-01-24,P00345,Facebook,Teeth Whitening,Clinic D,Appointment Booked,39,Yes,2025-07-02
L00346,2025-01-07,P00346,Instagram,General Dentistry,Clinic B,Appointment Booked,17,Yes,
L00347,2025-04-09,P00347,Google Ads,Dental Implant,Clinic D,Appointment Booked,24,Yes,2025-12-04
L00348,2025-07-05,,Google Ads,Invisalign,Clinic A,Contacted - No Appointment,12,No,
L00349,2025-06-03,,Facebook,General Dentistry,Clinic C,Not Contacted/Cold,48,No,
L00350,2025-08-23,P00350,Referral,Dental Implant,Clinic A,Appointment Booked,22,Yes,
L00351,2025-10-06,P00351,Facebook,Dental Crown,Clinic A,Appointment Booked,12,Yes,2025-07-10
L00352,2025-01-26,,Referral,Root Canal,Clinic C,Contacted - No Appointment,13,No,
L00353,2025-02-20,,Facebook,Dental Implant,Clinic C,Contacted - No Appointment,33,No,
L00354,2025-11-05,,Google Ads,Invisalign,Clinic D,Contacted - No Appointment,30,No,
L00355,2025-05-30,,Google Ads,Root Canal,Clinic B,Contacted - No Appointment,20,No,
L00356,2025-07-22,,Google Organic,General Dentistry,Clinic B,Contacted - No Appointment,12,No,
L00357,2025-12-23,P00357,Facebook,Teeth Whitening,Clinic B,Appointment Booked,12,Yes,
L00358,2025-08-11,,Instagram,Dental Crown,Clinic D,Contacted - No Appointment,18,No,
L00359,2025-11-24,,Google Organic,Root Canal,Clinic B,Contacted - No Appointment,13,No,
L00360,2025-06-29,,Google Organic,Invisalign,Clinic B,Contacted - No Appointment,32,No,
L00361,2025-04-09,P00361,Google Ads,Dental Implant,Clinic B,Appointment Booked,11,Yes,
L00362,2025-01-15,,Google Organic,Root Canal,Clinic C,Contacted - No Appointment,22,No,
L00363,2025-03-02,,Facebook,Dental Implant,Clinic A,Contacted - No Appointment,1,No,
L00364,2025-06-03,,Facebook,Invisalign,Clinic D,Contacted - No Appointment,9,No,
L00365,2025-09-28,,Facebook,Root Canal,Clinic B,Contacted - No Appointment,26,No,
L00366,2025-09-29,,Instagram,Root Canal,Clinic D,Contacted - No Appointment,19,No,
L00367,2025-09-08,,Google Ads,Dental Implant,Clinic A,Contacted - No Appointment,12,No,
L00368,2025-12-25,,Facebook,Dental Crown,Clinic C,Contacted - No Appointment,20,No,
L00369,2025-05-25,,Facebook,Root Canal,Clinic D,Contacted - No Appointment,18,No,
L00370,2025-11-19,,Facebook,Dental Implant,Clinic A,Contacted - No Appointment,5,No,
L00371,2025-08-25,,Google Ads,General Dentistry,Clinic D,Contacted - No Appointment,28,No,
L00372,2025-08-01,,Google Ads,Dental Implant,Clinic B,Not Contacted/Cold,52,No,
L00373,2025-10-29,P00373,Google Ads,General Dentistry,Clinic D,Appointment Booked,25,Yes,2025-03-11
L00374,2025-11-17,,Facebook,Dental Implant,Clinic C,Contacted - No Appointment,35,No,
L00375,2025-09-04,,Referral,General Dentistry,Clinic B,Contacted - No Appointment,28,No,
L00376,2025-03-11,,Google Ads,Dental Implant,Clinic A,Contacted - No Appointment,27,No,
L00377,2025-12-23,P00377,Facebook,Teeth Whitening,Clinic B,Appointment Booked,28,Yes,
L00378,2025-10-27,,Facebook,Root Canal,Clinic A,Not Contacted/Cold,55,No,
L00379,2025-10-23,P00379,Google Organic,Teeth Whitening,Clinic A,Appointment Booked,3,Yes,
L00380,2025-09-25,,Google Ads,Root Canal,Clinic A,Contacted - No Appointment,11,No,
L00381,2025-07-23,P00381,Google Ads,Dental Implant,Clinic B,Appointment Booked,7,Yes,
L00382,2025-01-06,P00382,Google Ads,Teeth Whitening,Clinic D,Appointment Booked,14,Yes,
L00383,2025-09-02,P00383,Referral,Dental Implant,Clinic A,Appointment Booked,29,Yes,2025-10-09
L00384,2025-08-30,P00384,Instagram,General Dentistry,Clinic A,Appointment Booked,16,Yes,2025-10-09
L00385,2025-05-08,,Google Ads,Dental Implant,Clinic C,Contacted - No Appointment,11,No,
L00386,2025-03-10,,Google Ads,Root Canal,Clinic A,Contacted - No Appointment,15,No,
L00387,2025-09-11,,Google Ads,Teeth Whitening,Clinic A,Contacted - No Appointment,36,No,
L00388,2025-05-11,,Google Ads,Root Canal,Clinic A,Contacted - No Appointment,19,No,
L00389,2025-12-27,,Google Organic,Invisalign,Clinic D,Contacted - No Appointment,5,No,
L00390,2025-09-02,P00390,Facebook,Teeth Whitening,Clinic D,Appointment Booked,23,Yes,
L00391,2025-09-09,,Instagram,Teeth Whitening,Clinic B,Contacted - No Appointment,33,No,
L00392,2025-05-13,,Facebook,General Dentistry,Clinic C,Contacted - No Appointment,24,No,
L00393,2025-08-15,,Instagram,Root Canal,Clinic C,Contacted - No Appointment,29,No,
L00394,2025-02-03,,Google Ads,Root Canal,Clinic C,Contacted - No Appointment,20,No,
L00395,2025-04-03,P00395,Facebook,Root Canal,Clinic C,Appointment Booked,8,Yes,2025-08-04
L00396,2025-03-03,,Instagram,Invisalign,Clinic C,Contacted - No Appointment,19,No,
L00397,2025-08-07,,Google Ads,Teeth Whitening,Clinic B,Contacted - No Appointment,7,No,
L00398,2025-06-04,,Instagram,Invisalign,Clinic A,Contacted - No Appointment,32,No,
L00399,2025-06-25,P00399,Referral,Root Canal,Clinic B,Appointment Booked,23,Yes,2025-01-07
L00400,2025-04-23,P00400,Google Ads,Root Canal,Clinic D,Appointment Booked,29,Yes,
L00401,2025-10-02,P00401,Referral,Teeth Whitening,Clinic C,Appointment Booked,61,Yes,
L00402,2025-07-21,,Google Ads,General Dentistry,Clinic D,Contacted - No Appointment,27,No,
L00403,2025-03-03,P00403,Facebook,Dental Crown,Clinic D,Appointment Booked,16,Yes,2025-09-03
L00404,2025-05-02,,Instagram,Root Canal,Clinic A,Contacted - No Appointment,31,No,
L00405,2025-05-23,,Instagram,Teeth Whitening,Clinic C,Not Contacted/Cold,48,No,
L00406,2025-03-26,P00406,Google Ads,Dental Crown,Clinic C,Appointment Booked,10,Yes,2025-02-04
L00407,2025-09-10,,Google Organic,Dental Implant,Clinic D,Not Contacted/Cold,52,No,
L00408,2025-12-12,P00408,Referral,Dental Implant,Clinic D,Appointment Booked,12,Yes,
L00409,2025-08-02,P00409,Google Ads,Dental Implant,Clinic C,Appointment Booked,12,Yes,2025-07-08
L00410,2025-12-19,P00410,Referral,Root Canal,Clinic A,Appointment Booked,50,Yes,
L00411,2025-03-01,P00411,Instagram,General Dentistry,Clinic D,Appointment Booked,24,Yes,
L00412,2025-04-09,P00412,Referral,Invisalign,Clinic A,Appointment Booked,42,Yes,
L00413,2025-09-30,,Google Ads,Root Canal,Clinic D,Contacted - No Appointment,22,No,
L00414,2025-04-19,P00414,Google Organic,General Dentistry,Clinic D,Appointment Booked,16,Yes,
L00415,2025-03-09,P00415,Google Ads,General Dentistry,Clinic B,Appointment Booked,14,Yes,
L00416,2025-06-17,,Referral,Dental Crown,Clinic C,Contacted - No Appointment,16,No,
L00417,2025-10-16,P00417,Google Organic,Invisalign,Clinic B,Appointment Booked,18,Yes,
L00418,2025-06-22,,Facebook,Dental Implant,Clinic B,Not Contacted/Cold,49,No,
L00419,2025-02-19,,Google Ads,Dental Implant,Clinic B,Not Contacted/Cold,57,No,
L00420,2025-01-27,,Google Organic,Dental Implant,Clinic D,Contacted - No Appointment,13,No,
L00421,2025-06-24,P00421,Instagram,Invisalign,Clinic D,Appointment Booked,25,Yes,2025-05-07
L00422,2025-01-23,P00422,Facebook,Dental Crown,Clinic D,Appointment Booked,18,Yes,
L00423,2025-03-31,,Facebook,Dental Implant,Clinic A,Contacted - No Appointment,6,No,
L00424,2025-07-15,,Google Organic,Dental Implant,Clinic D,Contacted - No Appointment,36,No,
L00425,2025-07-31,,Facebook,Invisalign,Clinic C,Not Contacted/Cold,54,No,
L00426,2025-04-26,,Google Ads,Dental Crown,Clinic A,Contacted - No Appointment,15,No,
L00427,2025-05-03,P00427,Referral,Dental Crown,Clinic A,Appointment Booked,8,Yes,2025-09-05
L00428,2025-04-28,,Facebook,Dental Crown,Clinic B,Contacted - No Appointment,23,No,
L00429,2025-03-12,P00429,Facebook,Invisalign,Clinic D,Appointment Booked,9,Yes,
L00430,2025-11-02,,Google Ads,Root Canal,Clinic C,Contacted - No Appointment,7,No,
L00431,2025-08-22,P00431,Referral,Dental Implant,Clinic C,Appointment Booked,6,Yes,
L00432,2025-10-13,,Google Ads,Invisalign,Clinic A,Contacted - No Appointment,42,No,
L00433,2025-11-11,P00433,Instagram,General Dentistry,Clinic C,Appointment Booked,18,Yes,
L00434,2025-05-12,,Referral,General Dentistry,Clinic A,Contacted - No Appointment,25,No,
L00435,2025-08-11,,Google Ads,Dental Crown,Clinic B,Contacted - No Appointment,25,No,
L00436,2025-11-24,,Google Organic,General Dentistry,Clinic C,Contacted - No Appointment,18,No,
L00437,2025-08-30,,Facebook,Dental Crown,Clinic A,Contacted - No Appointment,24,No,
L00438,2025-01-17,P00438,Instagram,Dental Implant,Clinic D,Appointment Booked,19,Yes,
L00439,2025-08-27,,Facebook,General Dentistry,Clinic A,Contacted - No Appointment,13,No,
L00440,2025-06-30,,Google Organic,Dental Implant,Clinic C,Contacted - No Appointment,5,No,
L00441,2025-07-04,,Google Ads,Dental Crown,Clinic B,Contacted - No Appointment,45,No,
L00442,2025-12-15,P00442,Google Ads,Invisalign,Clinic C,Appointment Booked,8,Yes,
L00443,2025-03-26,P00443,Referral,Root Canal,Clinic A,Appointment Booked,22,Yes,2025-06-04
L00444,2025-02-13,P00444,Google Ads,Dental Crown,Clinic A,Appointment Booked,9,Yes,
L00445,2025-05-26,P00445,Google Organic,Root Canal,Clinic D,Appointment Booked,13,Yes,
L00446,2025-08-29,,Google Ads,Invisalign,Clinic B,Contacted - No Appointment,31,No,
L00447,2025-08-14,,Facebook,Invisalign,Clinic D,Contacted - No Appointment,5,No,
L00448,2025-09-18,P00448,Google Organic,Invisalign,Clinic D,Appointment Booked,7,Yes,
L00449,2025-04-28,,Google Ads,General Dentistry,Clinic A,Contacted - No Appointment,25,No,
L00450,2025-05-28,P00450,Referral,Teeth Whitening,Clinic B,Appointment Booked,9,Yes,2025-01-06
L00451,2025-03-01,P00451,Facebook,Root Canal,Clinic C,Appointment Booked,9,Yes,2025-12-03
L00452,2025-02-09,,Facebook,Invisalign,Clinic D,Contacted - No Appointment,7,No,
L00453,2025-11-01,,Instagram,Teeth Whitening,Clinic D,Contacted - No Appointment,9,No,
L00454,2025-02-09,,Facebook,Dental Implant,Clinic B,Contacted - No Appointment,22,No,
L00455,2025-02-03,,Facebook,Invisalign,Clinic D,Contacted - No Appointment,22,No,
L00456,2025-05-28,P00456,Google Organic,Root Canal,Clinic A,Appointment Booked,18,Yes,2025-03-06
L00457,2025-10-02,P00457,Facebook,General Dentistry,Clinic D,Appointment Booked,23,Yes,2025-07-10
L00458,2025-11-17,,Google Ads,Dental Implant,Clinic D,Contacted - No Appointment,37,No,
L00459,2025-05-11,P00459,Google Organic,Dental Implant,Clinic A,Appointment Booked,7,Yes,
L00460,2025-11-10,,Google Organic,Root Canal,Clinic B,Contacted - No Appointment,27,No,
L00461,2025-10-20,P00461,Facebook,Invisalign,Clinic A,Appointment Booked,23,Yes,
L00462,2025-10-12,,Facebook,Dental Crown,Clinic B,Contacted - No Appointment,5,No,
L00463,2025-04-09,,Google Organic,Root Canal,Clinic D,Contacted - No Appointment,20,No,
L00464,2025-05-14,,Facebook,Root Canal,Clinic B,Not Contacted/Cold,53,No,
L00465,2025-07-07,,Facebook,Dental Implant,Clinic A,Contacted - No Appointment,18,No,
L00466,2025-03-13,P00466,Referral,Dental Implant,Clinic B,Appointment Booked,20,Yes,
L00467,2025-09-08,P00467,Google Ads,General Dentistry,Clinic D,Appointment Booked,4,Yes,
L00468,2025-09-25,,Instagram,General Dentistry,Clinic C,Contacted - No Appointment,9,No,
L00469,2025-02-20,P00469,Referral,Invisalign,Clinic B,Appointment Booked,13,Yes,2025-02-03
L00470,2025-04-24,,Google Organic,Dental Implant,Clinic A,Not Contacted/Cold,49,No,
L00471,2025-06-19,P00471,Referral,Dental Implant,Clinic D,Appointment Booked,10,Yes,2025-01-07
L00472,2025-05-22,,Facebook,Dental Crown,Clinic D,Contacted - No Appointment,12,No,
L00473,2025-08-08,P00473,Google Ads,Teeth Whitening,Clinic B,Appointment Booked,10,Yes,
L00474,2025-02-14,,Referral,Root Canal,Clinic A,Contacted - No Appointment,9,No,
L00475,2025-09-27,P00475,Facebook,Dental Crown,Clinic A,Appointment Booked,14,Yes,2025-05-10
L00476,2025-10-01,P00476,Google Organic,Teeth Whitening,Clinic A,Appointment Booked,24,Yes,2025-09-10
L00477,2025-04-16,P00477,Google Ads,General Dentistry,Clinic C,Appointment Booked,18,Yes,
L00478,2025-07-22,,Google Organic,Dental Implant,Clinic D,Contacted - No Appointment,7,No,
L00479,2025-11-18,,Facebook,Invisalign,Clinic B,Not Contacted/Cold,56,No,
L00480,2025-01-24,P00480,Google Ads,Dental Implant,Clinic D,Appointment Booked,27,Yes,
L00481,2025-02-05,P00481,Facebook,General Dentistry,Clinic B,Appointment Booked,48,Yes,
L00482,2025-01-17,,Google Organic,Teeth Whitening,Clinic C,Contacted - No Appointment,18,No,
L00483,2025-01-06,,Google Ads,Dental Crown,Clinic C,Contacted - No Appointment,15,No,
L00484,2025-06-20,,Instagram,Dental Implant,Clinic A,Contacted - No Appointment,26,No,
L00485,2025-10-16,P00485,Facebook,Invisalign,Clinic B,Appointment Booked,49,Yes,
L00486,2025-10-07,,Google Ads,Invisalign,Clinic C,Not Contacted/Cold,68,No,
L00487,2025-12-18,P00487,Google Organic,Dental Crown,Clinic A,Appointment Booked,14,Yes,
L00488,2025-10-10,P00488,Facebook,Invisalign,Clinic B,Appointment Booked,36,Yes,
L00489,2025-12-19,P00489,Google Ads,Dental Implant,Clinic C,Appointment Booked,33,Yes,
L00490,2025-12-28,,Facebook,Teeth Whitening,Clinic D,Contacted - No Appointment,22,No,
L00491,2025-07-26,,Google Organic,Invisalign,Clinic B,Not Contacted/Cold,105,No,
L00492,2025-05-15,P00492,Referral,Root Canal,Clinic D,Appointment Booked,16,Yes,
L00493,2025-11-06,,Google Ads,Dental Implant,Clinic B,Contacted - No Appointment,14,No,
L00494,2025-04-28,P00494,Facebook,Teeth Whitening,Clinic D,Appointment Booked,30,Yes,2025-11-05
L00495,2025-04-22,P00495,Google Ads,Dental Crown,Clinic C,Appointment Booked,9,Yes,2025-06-05
L00496,2025-11-14,,Google Organic,General Dentistry,Clinic D,Contacted - No Appointment,33,No,
L00497,2025-09-02,,Facebook,Root Canal,Clinic B,Contacted - No Appointment,13,No,
L00498,2025-03-26,,Google Organic,General Dentistry,Clinic C,Contacted - No Appointment,9,No,
L00499,2025-07-09,,Facebook,General Dentistry,Clinic C,Contacted - No Appointment,25,No,
L00500,2025-12-23,,Google Organic,Dental Crown,Clinic B,Contacted - No Appointment,16,No,
L00501,2025-10-15,P00501,Facebook,General Dentistry,Clinic A,Appointment Booked,47,Yes,
L00502,2025-01-06,P00502,Referral,Invisalign,Clinic A,Appointment Booked,16,Yes,2025-07-01
L00503,2025-10-23,P00503,Google Ads,Root Canal,Clinic A,Appointment Booked,16,Yes,
L00504,2025-08-14,,Facebook,Dental Implant,Clinic D,Not Contacted/Cold,50,No,
L00505,2025-08-21,,Google Organic,Dental Crown,Clinic A,Contacted - No Appointment,30,No,
L00506,2025-10-12,P00506,Instagram,Teeth Whitening,Clinic A,Appointment Booked,23,Yes,
L00507,2025-09-27,,Google Ads,Teeth Whitening,Clinic C,Contacted - No Appointment,13,No,
L00508,2025-11-05,P00508,Referral,Dental Implant,Clinic B,Appointment Booked,5,Yes,
L00509,2025-04-17,,Google Ads,Root Canal,Clinic B,Contacted - No Appointment,24,No,
L00510,2025-12-14,,Google Ads,Dental Implant,Clinic A,Contacted - No Appointment,6,No,
L00511,2025-06-22,P00511,Facebook,Dental Crown,Clinic D,Appointment Booked,13,Yes,2025-06-07
L00512,2025-06-25,P00512,Facebook,Dental Implant,Clinic D,Appointment Booked,8,Yes,
L00513,2025-09-15,P00513,Google Organic,General Dentistry,Clinic D,Appointment Booked,5,Yes,
L00514,2025-03-17,,Facebook,Invisalign,Clinic B,Contacted - No Appointment,28,No,
L00515,2025-05-24,,Facebook,Invisalign,Clinic D,Contacted - No Appointment,17,No,
L00516,2025-03-12,,Facebook,General Dentistry,Clinic A,Contacted - No Appointment,5,No,
L00517,2025-12-03,P00517,Facebook,Root Canal,Clinic A,Appointment Booked,13,Yes,
L00518,2025-03-17,,Referral,Dental Implant,Clinic A,Contacted - No Appointment,29,No,
L00519,2025-02-01,,Referral,Root Canal,Clinic C,Contacted - No Appointment,1,No,
L00520,2025-11-27,,Facebook,Dental Implant,Clinic B,Contacted - No Appointment,20,No,
L00521,2025-11-03,,Google Ads,General Dentistry,Clinic C,Contacted - No Appointment,2,No,
L00522,2025-12-01,P00522,Referral,Dental Crown,Clinic A,Appointment Booked,14,Yes,2025-08-12
L00523,2025-07-13,P00523,Google Ads,Invisalign,Clinic B,Appointment Booked,22,Yes,
L00524,2025-12-24,,Google Ads,Dental Crown,Clinic C,Contacted - No Appointment,31,No,
L00525,2025-07-09,,Google Ads,Dental Implant,Clinic B,Contacted - No Appointment,31,No,
L00526,2025-04-13,,Google Ads,Teeth Whitening,Clinic C,Contacted - No Appointment,33,No,
L00527,2025-07-27,P00527,Google Organic,General Dentistry,Clinic A,Appointment Booked,25,Yes,2025-01-08
L00528,2025-01-29,,Instagram,General Dentistry,Clinic D,Not Contacted/Cold,47,No,
L00529,2025-02-06,,Referral,Invisalign,Clinic C,Contacted - No Appointment,26,No,
L00530,2025-01-12,P00530,Google Ads,Invisalign,Clinic A,Appointment Booked,8,Yes,
L00531,2025-02-18,,Facebook,Dental Implant,Clinic A,Contacted - No Appointment,10,No,
L00532,2025-01-08,,Referral,Dental Crown,Clinic C,Contacted - No Appointment,7,No,
L00533,2025-01-08,,Google Organic,Root Canal,Clinic D,Contacted - No Appointment,17,No,
L00534,2025-08-22,,Google Organic,Root Canal,Clinic B,Contacted - No Appointment,14,No,
L00535,2025-01-02,P00535,Google Ads,General Dentistry,Clinic A,Appointment Booked,7,Yes,2025-06-01
L00536,2025-08-20,,Google Organic,Dental Implant,Clinic D,Contacted - No Appointment,15,No,
L00537,2025-11-25,,Facebook,Dental Implant,Clinic C,Contacted - No Appointment,19,No,
L00538,2025-06-28,P00538,Facebook,Dental Implant,Clinic B,Appointment Booked,15,Yes,2025-10-07
L00539,2025-09-20,,Instagram,Invisalign,Clinic B,Not Contacted/Cold,53,No,
L00540,2025-09-21,,Instagram,Dental Implant,Clinic A,Contacted - No Appointment,3,No,
L00541,2025-05-29,P00541,Google Organic,Root Canal,Clinic C,Appointment Booked,14,Yes,2025-10-06
L00542,2025-09-01,P00542,Instagram,Invisalign,Clinic B,Appointment Booked,29,Yes,2025-03-09
L00543,2025-02-21,P00543,Google Ads,Invisalign,Clinic D,Appointment Booked,19,Yes,2025-03-03
L00544,2025-12-18,,Facebook,Teeth Whitening,Clinic B,Contacted - No Appointment,16,No,
L00545,2025-01-13,P00545,Instagram,Invisalign,Clinic B,Appointment Booked,6,Yes,
L00546,2025-10-31,,Google Ads,Dental Crown,Clinic C,Contacted - No Appointment,37,No,
L00547,2025-04-24,,Facebook,Invisalign,Clinic D,Contacted - No Appointment,6,No,
L00548,2025-11-14,,Google Ads,Root Canal,Clinic D,Contacted - No Appointment,24,No,
L00549,2025-02-10,P00549,Facebook,General Dentistry,Clinic B,Appointment Booked,19,Yes,2025-12-02
L00550,2025-10-17,,Referral,Dental Implant,Clinic C,Contacted - No Appointment,42,No,
L00551,2025-04-13,,Google Ads,Root Canal,Clinic C,Contacted - No Appointment,10,No,
L00552,2025-11-12,P00552,Facebook,General Dentistry,Clinic B,Appointment Booked,21,Yes,
L00553,2025-11-25,,Google Organic,Dental Crown,Clinic A,Contacted - No Appointment,10,No,
L00554,2025-08-06,,Google Ads,Invisalign,Clinic B,Contacted - No Appointment,23,No,
L00555,2025-10-22,,Referral,Root Canal,Clinic A,Contacted - No Appointment,13,No,
L00556,2025-08-31,P00556,Facebook,Dental Crown,Clinic D,Appointment Booked,23,Yes,2025-01-09
L00557,2025-08-03,P00557,Referral,General Dentistry,Clinic B,Appointment Booked,19,Yes,2025-08-08
L00558,2025-10-11,P00558,Google Ads,Dental Implant,Clinic D,Appointment Booked,9,Yes,
L00559,2025-07-25,P00559,Google Ads,Dental Implant,Clinic C,Appointment Booked,9,Yes,
L00560,2025-12-26,,Facebook,Invisalign,Clinic C,Contacted - No Appointment,15,No,
L00561,2025-10-30,,Facebook,Invisalign,Clinic C,Not Contacted/Cold,46,No,
L00562,2025-08-27,P00562,Google Organic,Invisalign,Clinic A,Appointment Booked,26,Yes,2025-06-09
L00563,2025-12-09,,Google Ads,Invisalign,Clinic B,Contacted - No Appointment,12,No,
L00564,2025-01-06,,Instagram,Invisalign,Clinic A,Contacted - No Appointment,35,No,
L00565,2025-09-11,,Google Ads,Dental Implant,Clinic C,Contacted - No Appointment,23,No,
L00566,2025-03-20,,Google Organic,General Dentistry,Clinic B,Contacted - No Appointment,30,No,
L00567,2025-07-28,,Google Organic,Dental Implant,Clinic D,Contacted - No Appointment,14,No,
L00568,2025-08-18,P00568,Facebook,Invisalign,Clinic A,Appointment Booked,28,Yes,
L00569,2025-10-03,,Google Ads,Invisalign,Clinic A,Contacted - No Appointment,27,No,
L00570,2025-12-20,,Instagram,General Dentistry,Clinic B,Contacted - No Appointment,19,No,
L00571,2025-02-09,P00571,Google Ads,Teeth Whitening,Clinic D,Appointment Booked,10,Yes,2025-12-02
L00572,2025-02-03,P00572,Google Ads,Teeth Whitening,Clinic C,Appointment Booked,23,Yes,
L00573,2025-07-01,P00573,Instagram,Dental Implant,Clinic B,Appointment Booked,25,Yes,2025-09-07
L00574,2025-05-12,P00574,Referral,General Dentistry,Clinic C,Appointment Booked,3,Yes,
L00575,2025-04-10,,Referral,Root Canal,Clinic A,Contacted - No Appointment,24,No,
L00576,2025-11-01,,Instagram,Invisalign,Clinic D,Contacted - No Appointment,36,No,
L00577,2025-01-20,P00577,Facebook,Dental Crown,Clinic C,Appointment Booked,31,Yes,
L00578,2025-09-16,,Referral,General Dentistry,Clinic B,Contacted - No Appointment,9,No,
L00579,2025-07-10,P00579,Facebook,Teeth Whitening,Clinic C,Appointment Booked,16,Yes,2025-11-07
L00580,2025-03-15,P00580,Facebook,General Dentistry,Clinic A,Appointment Booked,5,Yes,
L00581,2025-04-03,P00581,Referral,General Dentistry,Clinic D,Appointment Booked,25,Yes,
L00582,2025-01-17,P00582,Google Ads,Invisalign,Clinic A,Appointment Booked,14,Yes,
L00583,2025-02-12,,Google Ads,Root Canal,Clinic C,Contacted - No Appointment,44,No,
L00584,2025-04-06,,Instagram,Dental Implant,Clinic A,Contacted - No Appointment,25,No,
L00585,2025-08-19,P00585,Google Ads,General Dentistry,Clinic C,Appointment Booked,9,Yes,
L00586,2025-03-27,,Facebook,Dental Implant,Clinic D,Contacted - No Appointment,22,No,
L00587,2025-05-17,P00587,Facebook,General Dentistry,Clinic C,Appointment Booked,8,Yes,
L00588,2025-01-03,,Facebook,Invisalign,Clinic C,Contacted - No Appointment,10,No,
L00589,2025-11-17,,Referral,Root Canal,Clinic D,Contacted - No Appointment,28,No,
L00590,2025-02-02,P00590,Google Ads,Dental Implant,Clinic A,Appointment Booked,6,Yes,2025-04-02
L00591,2025-02-19,,Facebook,Invisalign,Clinic B,Contacted - No Appointment,33,No,
L00592,2025-05-15,,Google Ads,General Dentistry,Clinic A,Contacted - No Appointment,15,No,
L00593,2025-06-24,P00593,Instagram,Dental Implant,Clinic D,Appointment Booked,13,Yes,
L00594,2025-03-12,P00594,Google Organic,Root Canal,Clinic B,Appointment Booked,23,Yes,
L00595,2025-02-27,,Facebook,Dental Implant,Clinic C,Contacted - No Appointment,4,No,
L00596,2025-01-10,P00596,Google Ads,Root Canal,Clinic C,Appointment Booked,13,Yes,
L00597,2025-08-30,P00597,Instagram,Dental Implant,Clinic A,Appointment Booked,12,Yes,2025-08-09
L00598,2025-01-13,,Facebook,Invisalign,Clinic A,Contacted - No Appointment,12,No,
L00599,2025-09-27,,Google Ads,General Dentistry,Clinic B,Not Contacted/Cold,48,No,
L00600,2025-04-27,,Facebook,Root Canal,Clinic B,Contacted - No Appointment,38,No,
L00601,2025-01-07,,Facebook,Invisalign,Clinic A,Contacted - No Appointment,19,No,
L00602,2025-07-01,,Referral,Dental Crown,Clinic A,Contacted - No Appointment,44,No,
L00603,2025-06-08,P00603,Google Organic,Dental Implant,Clinic D,Appointment Booked,8,Yes,2025-09-06
L00604,2025-07-16,P00604,Google Organic,Invisalign,Clinic D,Appointment Booked,10,Yes,
L00605,2025-09-02,P00605,Referral,Root Canal,Clinic B,Appointment Booked,9,Yes,2025-07-09
L00606,2025-11-19,,Google Organic,Invisalign,Clinic B,Contacted - No Appointment,42,No,
L00607,2025-09-29,P00607,Referral,Dental Crown,Clinic A,Appointment Booked,27,Yes,2025-05-10
L00608,2025-03-28,,Google Ads,Root Canal,Clinic C,Contacted - No Appointment,18,No,
L00609,2025-02-23,,Facebook,Teeth Whitening,Clinic D,Contacted - No Appointment,9,No,
L00610,2025-06-25,,Google Organic,General Dentistry,Clinic A,Contacted - No Appointment,15,No,
L00611,2025-02-12,P00611,Instagram,Dental Implant,Clinic A,Appointment Booked,17,Yes,
L00612,2025-10-25,,Google Ads,Invisalign,Clinic D,Contacted - No Appointment,16,No,
L00613,2025-04-27,,Facebook,Invisalign,Clinic C,Contacted - No Appointment,33,No,
L00614,2025-06-22,,Facebook,Dental Implant,Clinic A,Contacted - No Appointment,39,No,
L00615,2025-10-03,,Google Ads,Teeth Whitening,Clinic C,Contacted - No Appointment,9,No,
L00616,2025-02-11,,Facebook,Teeth Whitening,Clinic B,Contacted - No Appointment,23,No,
L00617,2025-10-03,,Facebook,Root Canal,Clinic B,Contacted - No Appointment,36,No,
L00618,2025-06-25,,Referral,Root Canal,Clinic D,Contacted - No Appointment,5,No,
L00619,2025-08-08,,Google Organic,Dental Implant,Clinic D,Contacted - No Appointment,8,No,
L00620,2025-04-30,,Google Organic,Dental Crown,Clinic B,Contacted - No Appointment,9,No,
L00621,2025-01-02,,Referral,Teeth Whitening,Clinic D,Contacted - No Appointment,14,No,
L00622,2025-05-28,,Facebook,Dental Crown,Clinic B,Contacted - No Appointment,17,No,
L00623,2025-11-24,P00623,Facebook,Invisalign,Clinic D,Appointment Booked,10,Yes,2025-03-12
L00624,2025-10-23,P00624,Google Ads,Dental Crown,Clinic B,Appointment Booked,15,Yes,
L00625,2025-11-29,,Referral,Root Canal,Clinic D,Contacted - No Appointment,33,No,
L00626,2025-10-19,,Google Ads,Root Canal,Clinic D,Contacted - No Appointment,36,No,
L00627,2025-12-11,,Google Organic,Root Canal,Clinic A,Contacted - No Appointment,30,No,
L00628,2025-01-21,,Facebook,Root Canal,Clinic D,Contacted - No Appointment,10,No,
L00629,2025-03-24,,Referral,Teeth Whitening,Clinic D,Contacted - No Appointment,25,No,
L00630,2025-12-01,P00630,Facebook,General Dentistry,Clinic D,Appointment Booked,14,Yes,2025-11-12
L00631,2025-07-13,,Google Organic,Dental Implant,Clinic A,Contacted - No Appointment,6,No,
L00632,2025-05-27,P00632,Google Ads,General Dentistry,Clinic D,Appointment Booked,11,Yes,
L00633,2025-01-27,,Google Ads,Root Canal,Clinic D,Contacted - No Appointment,27,No,
L00634,2025-06-21,,Instagram,Teeth Whitening,Clinic B,Contacted - No Appointment,26,No,
L00635,2025-09-27,,Referral,General Dentistry,Clinic D,Contacted - No Appointment,3,No,
L00636,2025-03-18,P00636,Facebook,Root Canal,Clinic A,Appointment Booked,16,Yes,
L00637,2025-07-23,P00637,Referral,General Dentistry,Clinic A,Appointment Booked,19,Yes,2025-06-08
L00638,2025-10-03,P00638,Google Organic,Dental Implant,Clinic C,Appointment Booked,17,Yes,2025-12-10
L00639,2025-12-26,,Google Organic,Dental Implant,Clinic C,Not Contacted/Cold,59,No,
L00640,2025-04-21,,Facebook,Dental Crown,Clinic C,Contacted - No Appointment,9,No,
L00641,2025-08-23,,Facebook,General Dentistry,Clinic A,Contacted - No Appointment,20,No,
L00642,2025-05-07,,Google Ads,General Dentistry,Clinic D,Contacted - No Appointment,36,No,
L00643,2025-03-07,,Referral,Dental Crown,Clinic A,Contacted - No Appointment,7,No,
L00644,2025-07-05,,Referral,Root Canal,Clinic A,Contacted - No Appointment,17,No,
L00645,2025-07-27,,Google Organic,Invisalign,Clinic A,Contacted - No Appointment,33,No,
L00646,2025-03-08,,Google Ads,General Dentistry,Clinic C,Contacted - No Appointment,14,No,
L00647,2025-01-04,P00647,Google Ads,Invisalign,Clinic D,Appointment Booked,20,Yes,2025-10-01
L00648,2025-02-28,,Referral,Teeth Whitening,Clinic C,Contacted - No Appointment,12,No,
L00649,2025-11-18,,Google Ads,Root Canal,Clinic D,Contacted - No Appointment,22,No,
L00650,2025-07-10,,Google Organic,Dental Crown,Clinic A,Contacted - No Appointment,17,No,
L00651,2025-04-24,P00651,Facebook,Root Canal,Clinic C,Appointment Booked,10,Yes,2025-07-05
L00652,2025-07-12,,Facebook,General Dentistry,Clinic B,Contacted - No Appointment,12,No,
L00653,2025-11-07,P00653,Google Organic,Dental Crown,Clinic B,Appointment Booked,13,Yes,2025-12-11
L00654,2025-06-03,,Google Ads,General Dentistry,Clinic A,Contacted - No Appointment,30,No,
L00655,2025-02-12,P00655,Facebook,Dental Implant,Clinic C,Appointment Booked,21,Yes,
L00656,2025-07-06,P00656,Referral,Dental Crown,Clinic B,Appointment Booked,24,Yes,2025-10-07
L00657,2025-06-05,,Google Organic,Teeth Whitening,Clinic D,Contacted - No Appointment,14,No,
L00658,2025-02-21,,Google Organic,Teeth Whitening,Clinic B,Contacted - No Appointment,3,No,
L00659,2025-09-02,,Google Organic,General Dentistry,Clinic A,Contacted - No Appointment,21,No,
L00660,2025-01-16,P00660,Google Ads,Dental Implant,Clinic C,Appointment Booked,23,Yes,
L00661,2025-05-02,,Google Ads,Dental Implant,Clinic A,Contacted - No Appointment,10,No,
L00662,2025-08-01,,Facebook,Root Canal,Clinic D,Contacted - No Appointment,12,No,
L00663,2025-11-29,P00663,Facebook,Dental Implant,Clinic C,Appointment Booked,1,Yes,2025-12-12
L00664,2025-11-18,,Facebook,General Dentistry,Clinic A,Contacted - No Appointment,12,No,
L00665,2025-01-13,,Google Organic,Invisalign,Clinic D,Contacted - No Appointment,17,No,
L00666,2025-11-14,,Google Ads,Root Canal,Clinic C,Contacted - No Appointment,13,No,
L00667,2025-03-31,,Instagram,Dental Implant,Clinic A,Contacted - No Appointment,11,No,
L00668,2025-12-02,,Google Ads,Root Canal,Clinic C,Contacted - No Appointment,14,No,
L00669,2025-06-02,,Google Ads,Root Canal,Clinic A,Contacted - No Appointment,16,No,
L00670,2025-01-01,,Facebook,Dental Implant,Clinic D,Contacted - No Appointment,24,No,
L00671,2025-06-28,P00671,Google Organic,Invisalign,Clinic D,Appointment Booked,19,Yes,2025-12-07
L00672,2025-05-16,,Google Ads,Root Canal,Clinic D,Contacted - No Appointment,7,No,
L00673,2025-07-22,,Instagram,General Dentistry,Clinic B,Contacted - No Appointment,14,No,
L00674,2025-09-14,P00674,Google Organic,Invisalign,Clinic B,Appointment Booked,5,Yes,
L00675,2025-09-21,,Google Ads,Root Canal,Clinic D,Contacted - No Appointment,23,No,
L00676,2025-09-24,,Facebook,General Dentistry,Clinic A,Contacted - No Appointment,32,No,
L00677,2025-06-01,,Referral,Teeth Whitening,Clinic C,Contacted - No Appointment,19,No,
L00678,2025-05-13,,Facebook,General Dentistry,Clinic C,Contacted - No Appointment,18,No,
L00679,2025-06-24,,Google Ads,General Dentistry,Clinic A,Not Contacted/Cold,46,No,
L00680,2025-09-12,,Instagram,Root Canal,Clinic B,Contacted - No Appointment,36,No,
L00681,2025-11-20,P00681,Instagram,Dental Crown,Clinic D,Appointment Booked,26,Yes,
L00682,2025-11-22,,Google Ads,Dental Implant,Clinic D,Contacted - No Appointment,15,No,
L00683,2025-01-17,P00683,Google Ads,Root Canal,Clinic A,Appointment Booked,5,Yes,
L00684,2025-07-17,,Google Ads,Teeth Whitening,Clinic A,Contacted - No Appointment,33,No,
L00685,2025-02-16,P00685,Google Ads,Root Canal,Clinic B,Appointment Booked,26,Yes,
L00686,2025-06-13,P00686,Google Ads,Teeth Whitening,Clinic D,Appointment Booked,60,Yes,
L00687,2025-01-06,,Facebook,Teeth Whitening,Clinic A,Contacted - No Appointment,30,No,
L00688,2025-01-13,,Facebook,Invisalign,Clinic C,Contacted - No Appointment,9,No,
L00689,2025-06-01,,Referral,General Dentistry,Clinic A,Contacted - No Appointment,18,No,
L00690,2025-12-10,,Instagram,Root Canal,Clinic C,Contacted - No Appointment,19,No,
L00691,2025-06-26,,Referral,Invisalign,Clinic B,Contacted - No Appointment,10,No,
L00692,2025-01-24,,Facebook,General Dentistry,Clinic D,Contacted - No Appointment,33,No,
L00693,2025-01-27,,Google Ads,Root Canal,Clinic A,Contacted - No Appointment,25,No,
L00694,2025-12-08,P00694,Facebook,Teeth Whitening,Clinic C,Appointment Booked,18,Yes,
L00695,2025-07-01,,Google Organic,Root Canal,Clinic A,Contacted - No Appointment,23,No,
L00696,2025-12-16,,Google Ads,Root Canal,Clinic C,Contacted - No Appointment,25,No,
L00697,2025-04-23,,Google Ads,Teeth Whitening,Clinic D,Not Contacted/Cold,88,No,
L00698,2025-05-10,P00698,Facebook,Dental Crown,Clinic A,Appointment Booked,12,Yes,
L00699,2025-02-04,,Facebook,Root Canal,Clinic D,Contacted - No Appointment,8,No,
L00700,2025-02-23,,Facebook,Dental Implant,Clinic C,Contacted - No Appointment,4,No,
L00701,2025-06-15,P00701,Google Ads,General Dentistry,Clinic A,Appointment Booked,9,Yes,
L00702,2025-01-31,P00702,Google Ads,Dental Implant,Clinic B,Appointment Booked,4,Yes,
L00703,2025-02-13,P00703,Google Organic,General Dentistry,Clinic A,Appointment Booked,48,Yes,
L00704,2025-12-29,,Facebook,Root Canal,Clinic C,Contacted - No Appointment,26,No,
L00705,2025-11-18,,Instagram,Dental Crown,Clinic D,Contacted - No Appointment,29,No,
L00706,2025-05-09,P00706,Facebook,General Dentistry,Clinic A,Appointment Booked,40,Yes,
L00707,2025-02-25,,Facebook,Dental Implant,Clinic B,Contacted - No Appointment,25,No,
L00708,2025-04-06,,Google Ads,Dental Crown,Clinic D,Not Contacted/Cold,49,No,
L00709,2025-08-21,,Facebook,Teeth Whitening,Clinic D,Contacted - No Appointment,42,No,
L00710,2025-04-08,,Google Ads,Teeth Whitening,Clinic C,Contacted - No Appointment,28,No,
L00711,2025-05-24,,Facebook,Root Canal,Clinic D,Not Contacted/Cold,56,No,
L00712,2025-01-31,,Instagram,Dental Crown,Clinic C,Contacted - No Appointment,32,No,
L00713,2025-07-11,,Google Ads,Teeth Whitening,Clinic B,Contacted - No Appointment,20,No,
L00714,2025-02-18,P00714,Google Ads,General Dentistry,Clinic D,Appointment Booked,36,Yes,2025-04-03
L00715,2025-09-25,P00715,Google Ads,Teeth Whitening,Clinic B,Appointment Booked,19,Yes,2025-08-10
L00716,2025-03-12,,Google Ads,Root Canal,Clinic B,Contacted - No Appointment,22,No,
L00717,2025-08-17,P00717,Facebook,General Dentistry,Clinic B,Appointment Booked,17,Yes,
L00718,2025-07-15,,Referral,Root Canal,Clinic D,Contacted - No Appointment,23,No,
L00719,2025-12-13,,Facebook,Dental Implant,Clinic D,Contacted - No Appointment,28,No,
L00720,2025-05-03,P00720,Facebook,Root Canal,Clinic B,Appointment Booked,6,Yes,2025-06-05
L00721,2025-01-07,,Instagram,Dental Implant,Clinic B,Contacted - No Appointment,28,No,
L00722,2025-02-04,,Instagram,Dental Implant,Clinic B,Contacted - No Appointment,30,No,
L00723,2025-07-13,P00723,Referral,Invisalign,Clinic C,Appointment Booked,14,Yes,
L00724,2025-11-25,P00724,Referral,Dental Implant,Clinic A,Appointment Booked,17,Yes,2025-04-12
L00725,2025-11-27,,Google Organic,Dental Crown,Clinic D,Contacted - No Appointment,17,No,
L00726,2025-02-09,,Referral,Dental Implant,Clinic B,Contacted - No Appointment,33,No,
L00727,2025-02-24,,Google Ads,Invisalign,Clinic B,Contacted - No Appointment,32,No,
L00728,2025-10-04,P00728,Instagram,Dental Implant,Clinic A,Appointment Booked,23,Yes,2025-09-10
L00729,2025-03-21,,Referral,Dental Implant,Clinic A,Not Contacted/Cold,71,No,
L00730,2025-01-31,P00730,Instagram,Invisalign,Clinic D,Appointment Booked,7,Yes,
L00731,2025-10-27,,Referral,Dental Crown,Clinic B,Contacted - No Appointment,11,No,
L00732,2025-04-17,P00732,Google Ads,General Dentistry,Clinic A,Appointment Booked,26,Yes,
L00733,2025-10-06,,Facebook,General Dentistry,Clinic B,Contacted - No Appointment,6,No,
L00734,2025-11-01,,Referral,General Dentistry,Clinic B,Contacted - No Appointment,45,No,
L00735,2025-09-10,,Facebook,Dental Implant,Clinic A,Contacted - No Appointment,15,No,
L00736,2025-11-13,,Google Organic,Invisalign,Clinic B,Not Contacted/Cold,48,No,
L00737,2025-05-14,,Google Ads,Dental Implant,Clinic C,Contacted - No Appointment,30,No,
L00738,2025-08-29,,Google Organic,Teeth Whitening,Clinic C,Contacted - No Appointment,38,No,
L00739,2025-01-01,P00739,Referral,Dental Implant,Clinic B,Appointment Booked,18,Yes,2025-06-01
L00740,2025-05-28,,Facebook,Dental Crown,Clinic B,Contacted - No Appointment,38,No,
L00741,2025-05-01,,Google Ads,Invisalign,Clinic D,Contacted - No Appointment,45,No,
L00742,2025-08-30,,Google Ads,Invisalign,Clinic B,Contacted - No Appointment,16,No,
L00743,2025-02-23,P00743,Referral,General Dentistry,Clinic A,Appointment Booked,23,Yes,2025-01-03
L00744,2025-12-23,,Google Organic,Teeth Whitening,Clinic A,Contacted - No Appointment,23,No,
L00745,2025-12-07,P00745,Google Ads,General Dentistry,Clinic B,Appointment Booked,12,Yes,2025-09-12
L00746,2025-07-29,,Google Ads,Dental Crown,Clinic D,Contacted - No Appointment,22,No,
L00747,2025-12-20,,Google Organic,General Dentistry,Clinic A,Contacted - No Appointment,21,No,
L00748,2025-01-08,,Google Organic,Dental Crown,Clinic C,Contacted - No Appointment,34,No,
L00749,2025-02-13,,Google Ads,General Dentistry,Clinic A,Contacted - No Appointment,22,No,
L00750,2025-10-03,P00750,Facebook,Invisalign,Clinic B,Appointment Booked,37,Yes,
L00751,2025-08-14,,Google Organic,Dental Crown,Clinic D,Not Contacted/Cold,57,No,
L00752,2025-07-11,,Facebook,Dental Crown,Clinic B,Contacted - No Appointment,16,No,
L00753,2025-03-19,,Referral,Root Canal,Clinic C,Contacted - No Appointment,22,No,
L00754,2025-05-16,P00754,Facebook,General Dentistry,Clinic A,Appointment Booked,14,Yes,
L00755,2025-07-24,P00755,Google Organic,General Dentistry,Clinic C,Appointment Booked,11,Yes,2025-06-08
L00756,2025-06-02,P00756,Facebook,Root Canal,Clinic A,Appointment Booked,18,Yes,2025-07-06
L00757,2025-09-19,,Referral,Root Canal,Clinic D,Not Contacted/Cold,51,No,
L00758,2025-08-06,,Facebook,Root Canal,Clinic A,Contacted - No Appointment,30,No,
L00759,2025-11-02,,Google Ads,General Dentistry,Clinic D,Contacted - No Appointment,31,No,
L00760,2025-12-05,,Facebook,Dental Crown,Clinic B,Contacted - No Appointment,28,No,
L00761,2025-02-07,,Referral,Dental Implant,Clinic C,Contacted - No Appointment,12,No,
L00762,2025-09-01,P00762,Facebook,Root Canal,Clinic B,Appointment Booked,11,Yes,2025-07-09
L00763,2025-11-06,,Facebook,Dental Implant,Clinic D,Contacted - No Appointment,12,No,
L00764,2025-11-14,,Facebook,Teeth Whitening,Clinic A,Contacted - No Appointment,2,No,
L00765,2025-11-25,,Google Ads,Invisalign,Clinic A,Contacted - No Appointment,32,No,
L00766,2025-05-31,,Google Ads,Root Canal,Clinic B,Contacted - No Appointment,41,No,
L00767,2025-09-27,,Google Ads,Teeth Whitening,Clinic A,Contacted - No Appointment,44,No,
L00768,2025-12-12,,Instagram,Dental Implant,Clinic A,Contacted - No Appointment,16,No,
L00769,2025-06-18,,Google Organic,Dental Implant,Clinic D,Contacted - No Appointment,27,No,
L00770,2025-09-23,,Google Organic,Root Canal,Clinic D,Contacted - No Appointment,27,No,
L00771,2025-06-16,P00771,Referral,Invisalign,Clinic B,Appointment Booked,15,Yes,
L00772,2025-12-05,,Facebook,Invisalign,Clinic D,Contacted - No Appointment,17,No,
L00773,2025-07-02,,Google Organic,General Dentistry,Clinic C,Contacted - No Appointment,16,No,
L00774,2025-08-25,,Google Ads,General Dentistry,Clinic B,Contacted - No Appointment,38,No,
L00775,2025-09-01,P00775,Google Ads,General Dentistry,Clinic C,Appointment Booked,5,Yes,2025-03-09
L00776,2025-09-21,P00776,Google Ads,General Dentistry,Clinic C,Appointment Booked,2,Yes,2025-04-10
L00777,2025-10-24,,Facebook,Invisalign,Clinic D,Contacted - No Appointment,33,No,
L00778,2025-06-05,P00778,Google Ads,Invisalign,Clinic B,Appointment Booked,26,Yes,
L00779,2025-02-11,,Google Ads,Invisalign,Clinic C,Contacted - No Appointment,23,No,
L00780,2025-12-06,,Instagram,General Dentistry,Clinic A,Not Contacted/Cold,69,No,
L00781,2025-09-14,P00781,Facebook,Dental Crown,Clinic A,Appointment Booked,26,Yes,
L00782,2025-06-05,,Instagram,Invisalign,Clinic A,Contacted - No Appointment,20,No,
L00783,2025-10-14,,Facebook,Root Canal,Clinic D,Contacted - No Appointment,38,No,
L00784,2025-07-26,,Google Ads,Root Canal,Clinic D,Contacted - No Appointment,12,No,
L00785,2025-02-13,,Google Ads,Root Canal,Clinic D,Contacted - No Appointment,25,No,
L00786,2025-01-27,P00786,Google Ads,General Dentistry,Clinic B,Appointment Booked,19,Yes,2025-04-02
L00787,2025-12-06,,Google Ads,Root Canal,Clinic B,Contacted - No Appointment,35,No,
L00788,2025-02-01,,Instagram,General Dentistry,Clinic A,Contacted - No Appointment,3,No,
L00789,2025-03-31,,Google Organic,Root Canal,Clinic B,Contacted - No Appointment,37,No,
L00790,2025-04-29,,Facebook,Teeth Whitening,Clinic B,Contacted - No Appointment,3,No,
L00791,2025-02-13,,Facebook,General Dentistry,Clinic D,Not Contacted/Cold,47,No,
L00792,2025-05-06,P00792,Google Organic,General Dentistry,Clinic C,Appointment Booked,16,Yes,
L00793,2025-01-03,,Google Ads,Dental Implant,Clinic A,Contacted - No Appointment,15,No,
L00794,2025-01-28,P00794,Google Ads,Invisalign,Clinic A,Appointment Booked,21,Yes,2025-09-02
L00795,2025-07-23,,Facebook,Root Canal,Clinic A,Contacted - No Appointment,19,No,
L00796,2025-09-19,P00796,Instagram,Root Canal,Clinic B,Appointment Booked,19,Yes,
L00797,2025-03-03,,Instagram,Dental Crown,Clinic D,Not Contacted/Cold,55,No,
L00798,2025-04-21,,Google Organic,General Dentistry,Clinic C,Contacted - No Appointment,32,No,
L00799,2025-10-01,P00799,Google Ads,Dental Implant,Clinic D,Appointment Booked,7,Yes,2025-11-10
L00800,2025-05-23,,Facebook,Root Canal,Clinic B,Contacted - No Appointment,11,No,
L00801,2025-07-06,P00801,Google Ads,Invisalign,Clinic B,Appointment Booked,17,Yes,
L00802,2025-05-12,,Google Organic,General Dentistry,Clinic A,Contacted - No Appointment,38,No,
L00803,2025-02-28,,Referral,General Dentistry,Clinic D,Contacted - No Appointment,10,No,
L00804,2025-07-20,P00804,Google Ads,Root Canal,Clinic D,Appointment Booked,14,Yes,
L00805,2025-05-13,P00805,Google Ads,Dental Implant,Clinic A,Appointment Booked,21,Yes,
L00806,2025-09-01,,Google Ads,Teeth Whitening,Clinic C,Contacted - No Appointment,6,No,
L00807,2025-12-07,P00807,Google Ads,Dental Crown,Clinic B,Appointment Booked,6,Yes,2025-09-12
L00808,2025-12-23,,Facebook,Root Canal,Clinic C,Contacted - No Appointment,14,No,
L00809,2025-05-15,,Facebook,General Dentistry,Clinic D,Contacted - No Appointment,43,No,
L00810,2025-04-28,,Referral,General Dentistry,Clinic C,Contacted - No Appointment,7,No,
L00811,2025-01-27,,Facebook,Dental Crown,Clinic C,Contacted - No Appointment,6,No,
L00812,2025-07-03,P00812,Google Ads,Dental Crown,Clinic A,Appointment Booked,32,Yes,
L00813,2025-02-21,,Google Ads,Invisalign,Clinic A,Contacted - No Appointment,38,No,
L00814,2025-02-21,P00814,Google Ads,Dental Crown,Clinic A,Appointment Booked,16,Yes,2025-05-03
L00815,2025-05-07,P00815,Google Ads,Root Canal,Clinic A,Appointment Booked,23,Yes,
L00816,2025-10-25,P00816,Google Organic,Invisalign,Clinic C,Appointment Booked,9,Yes,
L00817,2025-07-29,,Google Ads,Dental Implant,Clinic C,Contacted - No Appointment,26,No,
L00818,2025-10-09,P00818,Referral,Invisalign,Clinic A,Appointment Booked,4,Yes,
L00819,2025-07-10,,Facebook,Invisalign,Clinic D,Contacted - No Appointment,22,No,
L00820,2025-05-02,,Facebook,Root Canal,Clinic A,Contacted - No Appointment,16,No,
L00821,2025-10-27,,Facebook,Dental Crown,Clinic B,Contacted - No Appointment,33,No,
L00822,2025-03-18,,Google Organic,Dental Crown,Clinic A,Contacted - No Appointment,25,No,
L00823,2025-03-05,,Facebook,Root Canal,Clinic B,Contacted - No Appointment,33,No,
L00824,2025-06-04,,Facebook,Root Canal,Clinic A,Contacted - No Appointment,7,No,
L00825,2025-10-25,P00825,Google Ads,General Dentistry,Clinic B,Appointment Booked,14,Yes,2025-02-11
L00826,2025-06-10,,Referral,Root Canal,Clinic B,Contacted - No Appointment,25,No,
L00827,2025-10-02,P00827,Google Ads,General Dentistry,Clinic D,Appointment Booked,16,Yes,2025-10-10
L00828,2025-11-30,,Facebook,Root Canal,Clinic A,Contacted - No Appointment,10,No,
L00829,2025-11-28,,Facebook,Dental Crown,Clinic A,Contacted - No Appointment,42,No,
L00830,2025-04-23,P00830,Google Ads,Dental Implant,Clinic A,Appointment Booked,31,Yes,2025-02-05
L00831,2025-06-08,P00831,Google Ads,Dental Crown,Clinic C,Appointment Booked,21,Yes,
L00832,2025-12-19,P00832,Google Ads,General Dentistry,Clinic A,Appointment Booked,21,Yes,2026-01-01
L00833,2025-07-07,,Google Organic,General Dentistry,Clinic D,Contacted - No Appointment,30,No,
L00834,2025-06-21,,Facebook,General Dentistry,Clinic C,Contacted - No Appointment,9,No,
L00835,2025-09-24,,Google Organic,Invisalign,Clinic C,Not Contacted/Cold,76,No,
L00836,2025-01-15,,Google Organic,Dental Crown,Clinic C,Contacted - No Appointment,13,No,
L00837,2025-04-25,,Google Ads,Root Canal,Clinic A,Contacted - No Appointment,34,No,
L00838,2025-04-07,,Instagram,Dental Crown,Clinic A,Contacted - No Appointment,32,No,
L00839,2025-03-13,,Google Organic,Dental Implant,Clinic B,Contacted - No Appointment,6,No,
L00840,2025-03-22,,Instagram,General Dentistry,Clinic C,Contacted - No Appointment,12,No,
L00841,2025-10-23,P00841,Instagram,General Dentistry,Clinic A,Appointment Booked,19,Yes,
L00842,2025-06-17,P00842,Google Organic,Root Canal,Clinic A,Appointment Booked,13,Yes,
L00843,2025-11-18,P00843,Google Ads,Invisalign,Clinic D,Appointment Booked,35,Yes,
L00844,2025-03-04,P00844,Google Organic,Dental Implant,Clinic A,Appointment Booked,20,Yes,2025-07-03
L00845,2025-09-09,P00845,Google Ads,Dental Crown,Clinic D,Appointment Booked,14,Yes,
L00846,2025-09-25,P00846,Instagram,Invisalign,Clinic D,Appointment Booked,17,Yes,2025-01-10
L00847,2025-09-11,,Google Ads,General Dentistry,Clinic B,Contacted - No Appointment,25,No,
L00848,2025-07-04,P00848,Google Organic,Dental Crown,Clinic A,Appointment Booked,34,Yes,
L00849,2025-05-29,,Facebook,Dental Crown,Clinic A,Contacted - No Appointment,25,No,
L00850,2025-07-04,,Instagram,Dental Crown,Clinic C,Contacted - No Appointment,33,No,
L00851,2025-04-08,P00851,Google Organic,Dental Implant,Clinic C,Appointment Booked,23,Yes,2025-11-04
L00852,2025-04-27,P00852,Referral,General Dentistry,Clinic D,Appointment Booked,23,Yes,2025-01-05
L00853,2025-11-21,P00853,Google Organic,Dental Crown,Clinic D,Appointment Booked,10,Yes,2025-02-12
L00854,2025-01-06,,Google Ads,General Dentistry,Clinic C,Contacted - No Appointment,32,No,
L00855,2025-04-16,P00855,Referral,Root Canal,Clinic A,Appointment Booked,3,Yes,
L00856,2025-04-01,P00856,Instagram,Teeth Whitening,Clinic A,Appointment Booked,15,Yes,2025-10-04
L00857,2025-08-25,,Instagram,Dental Implant,Clinic D,Contacted - No Appointment,8,No,
L00858,2025-01-22,P00858,Referral,Dental Crown,Clinic A,Appointment Booked,27,Yes,
L00859,2025-07-03,,Google Ads,Teeth Whitening,Clinic A,Contacted - No Appointment,23,No,
L00860,2025-06-26,P00860,Google Ads,Teeth Whitening,Clinic C,Appointment Booked,18,Yes,
L00861,2025-12-03,P00861,Facebook,Teeth Whitening,Clinic B,Appointment Booked,48,Yes,2025-06-12
L00862,2025-02-27,P00862,Google Organic,Invisalign,Clinic D,Appointment Booked,16,Yes,2025-01-03
L00863,2025-03-22,,Facebook,General Dentistry,Clinic C,Contacted - No Appointment,16,No,
L00864,2025-11-25,,Instagram,General Dentistry,Clinic A,Contacted - No Appointment,11,No,
L00865,2025-03-23,,Facebook,Dental Implant,Clinic D,Contacted - No Appointment,35,No,
L00866,2025-03-20,P00866,Instagram,General Dentistry,Clinic A,Appointment Booked,27,Yes,
L00867,2025-01-17,,Google Organic,Invisalign,Clinic B,Contacted - No Appointment,32,No,
L00868,2025-05-04,,Google Ads,Dental Crown,Clinic B,Contacted - No Appointment,36,No,
L00869,2025-02-08,,Google Organic,Invisalign,Clinic A,Contacted - No Appointment,38,No,
L00870,2025-04-11,,Google Organic,General Dentistry,Clinic B,Not Contacted/Cold,64,No,
L00871,2025-07-11,P00871,Facebook,Dental Implant,Clinic A,Appointment Booked,55,Yes,
L00872,2025-03-09,,Facebook,Root Canal,Clinic B,Contacted - No Appointment,30,No,
L00873,2025-09-18,,Google Ads,Root Canal,Clinic B,Contacted - No Appointment,10,No,
L00874,2025-06-05,P00874,Google Organic,Invisalign,Clinic D,Appointment Booked,28,Yes,
L00875,2025-03-03,,Facebook,Dental Crown,Clinic D,Contacted - No Appointment,22,No,
L00876,2025-03-30,,Facebook,Dental Implant,Clinic A,Contacted - No Appointment,2,No,
L00877,2025-02-27,,Facebook,Teeth Whitening,Clinic B,Contacted - No Appointment,33,No,
L00878,2025-08-10,P00878,Facebook,General Dentistry,Clinic B,Appointment Booked,21,Yes,
L00879,2025-08-25,P00879,Google Organic,Teeth Whitening,Clinic A,Appointment Booked,21,Yes,
L00880,2025-03-12,P00880,Google Organic,General Dentistry,Clinic D,Appointment Booked,10,Yes,
L00881,2025-09-03,,Facebook,Root Canal,Clinic C,Contacted - No Appointment,34,No,
L00882,2025-08-29,P00882,Instagram,Invisalign,Clinic A,Appointment Booked,9,Yes,2025-03-09
L00883,2025-11-27,,Google Organic,Root Canal,Clinic B,Contacted - No Appointment,17,No,
L00884,2025-04-24,P00884,Google Ads,Dental Implant,Clinic A,Appointment Booked,12,Yes,
L00885,2025-09-18,,Google Ads,General Dentistry,Clinic C,Contacted - No Appointment,12,No,
L00886,2025-08-04,P00886,Referral,Dental Implant,Clinic A,Appointment Booked,33,Yes,2025-06-08
L00887,2025-03-08,P00887,Google Organic,General Dentistry,Clinic D,Appointment Booked,17,Yes,
L00888,2025-02-26,,Instagram,Dental Implant,Clinic D,Contacted - No Appointment,18,No,
L00889,2025-03-07,,Google Ads,General Dentistry,Clinic B,Contacted - No Appointment,45,No,
L00890,2025-07-23,,Google Organic,Dental Implant,Clinic C,Contacted - No Appointment,44,No,
L00891,2025-04-29,,Instagram,Dental Implant,Clinic D,Contacted - No Appointment,17,No,
L00892,2025-01-26,,Google Organic,Teeth Whitening,Clinic C,Contacted - No Appointment,27,No,
L00893,2025-08-04,,Referral,Invisalign,Clinic A,Contacted - No Appointment,32,No,
L00894,2025-07-31,P00894,Referral,Teeth Whitening,Clinic B,Appointment Booked,12,Yes,2025-03-08
L00895,2025-05-18,P00895,Referral,Dental Crown,Clinic D,Appointment Booked,4,Yes,
L00896,2025-02-08,,Google Ads,Dental Implant,Clinic C,Contacted - No Appointment,39,No,
L00897,2025-09-09,,Referral,General Dentistry,Clinic C,Contacted - No Appointment,15,No,
L00898,2025-06-23,P00898,Google Ads,Root Canal,Clinic D,Appointment Booked,20,Yes,
L00899,2025-05-29,,Referral,Teeth Whitening,Clinic D,Contacted - No Appointment,12,No,
L00900,2025-12-13,,Google Ads,Root Canal,Clinic D,Contacted - No Appointment,39,No,
L00901,2025-01-05,P00901,Instagram,Dental Crown,Clinic A,Appointment Booked,24,Yes,
L00902,2025-01-28,,Google Ads,Invisalign,Clinic C,Contacted - No Appointment,18,No,
L00903,2025-09-12,,Google Organic,Invisalign,Clinic C,Contacted - No Appointment,19,No,
L00904,2025-04-18,,Google Ads,Root Canal,Clinic D,Not Contacted/Cold,46,No,
L00905,2025-08-07,,Facebook,Root Canal,Clinic C,Contacted - No Appointment,19,No,
L00906,2025-10-19,,Google Organic,Root Canal,Clinic A,Contacted - No Appointment,32,No,
L00907,2025-01-22,,Google Organic,Dental Crown,Clinic D,Contacted - No Appointment,4,No,
L00908,2025-09-27,P00908,Google Ads,Dental Crown,Clinic C,Appointment Booked,24,Yes,2025-06-10
L00909,2025-03-12,,Facebook,Dental Implant,Clinic A,Contacted - No Appointment,19,No,
L00910,2025-07-01,,Google Ads,Invisalign,Clinic B,Contacted - No Appointment,9,No,
L00911,2025-05-08,,Google Organic,Root Canal,Clinic A,Not Contacted/Cold,71,No,
L00912,2025-03-22,,Referral,Dental Implant,Clinic B,Contacted - No Appointment,7,No,
L00913,2025-11-04,,Instagram,Invisalign,Clinic A,Contacted - No Appointment,14,No,
L00914,2025-03-11,P00914,Google Ads,Dental Implant,Clinic B,Appointment Booked,15,Yes,
L00915,2025-05-16,,Facebook,General Dentistry,Clinic C,Contacted - No Appointment,44,No,
L00916,2025-05-16,,Referral,Teeth Whitening,Clinic C,Contacted - No Appointment,15,No,
L00917,2025-11-14,,Google Ads,Dental Implant,Clinic C,Contacted - No Appointment,21,No,
L00918,2025-03-01,P00918,Instagram,Dental Implant,Clinic D,Appointment Booked,16,Yes,2025-03-03
L00919,2025-10-05,,Facebook,Teeth Whitening,Clinic A,Contacted - No Appointment,23,No,
L00920,2025-09-11,P00920,Google Organic,Root Canal,Clinic A,Appointment Booked,26,Yes,
L00921,2025-06-07,,Referral,Teeth Whitening,Clinic D,Contacted - No Appointment,26,No,
L00922,2025-07-13,,Facebook,General Dentistry,Clinic A,Contacted - No Appointment,17,No,
L00923,2025-05-06,,Instagram,Dental Crown,Clinic D,Contacted - No Appointment,35,No,
L00924,2025-09-16,P00924,Facebook,Invisalign,Clinic D,Appointment Booked,14,Yes,
L00925,2025-05-27,P00925,Google Ads,Teeth Whitening,Clinic B,Appointment Booked,14,Yes,
L00926,2025-07-16,P00926,Google Ads,General Dentistry,Clinic D,Appointment Booked,20,Yes,
L00927,2025-10-07,,Facebook,Dental Crown,Clinic A,Contacted - No Appointment,24,No,
L00928,2025-01-31,,Google Ads,Dental Crown,Clinic B,Contacted - No Appointment,16,No,
L00929,2025-11-06,,Google Organic,Invisalign,Clinic C,Contacted - No Appointment,19,No,
L00930,2025-05-18,,Google Ads,Root Canal,Clinic B,Contacted - No Appointment,23,No,
L00931,2025-09-29,P00931,Google Ads,Teeth Whitening,Clinic D,Appointment Booked,1,Yes,2025-05-10
L00932,2025-03-30,,Facebook,General Dentistry,Clinic A,Contacted - No Appointment,16,No,
L00933,2025-05-21,P00933,Google Ads,Dental Crown,Clinic C,Appointment Booked,32,Yes,
L00934,2025-10-02,,Facebook,Teeth Whitening,Clinic C,Contacted - No Appointment,40,No,
L00935,2025-01-16,,Facebook,Dental Implant,Clinic C,Contacted - No Appointment,7,No,
L00936,2025-02-18,P00936,Google Organic,Invisalign,Clinic A,Appointment Booked,18,Yes,
L00937,2025-10-08,P00937,Referral,Root Canal,Clinic B,Appointment Booked,21,Yes,
L00938,2025-04-17,,Google Organic,Dental Implant,Clinic D,Contacted - No Appointment,19,No,
L00939,2025-04-02,P00939,Google Ads,Dental Crown,Clinic A,Appointment Booked,4,Yes,2025-08-04
L00940,2025-01-06,,Referral,Invisalign,Clinic D,Contacted - No Appointment,26,No,
L00941,2025-05-22,,Facebook,Teeth Whitening,Clinic C,Contacted - No Appointment,19,No,
L00942,2025-02-22,,Facebook,Teeth Whitening,Clinic D,Not Contacted/Cold,49,No,
L00943,2025-08-29,P00943,Facebook,Root Canal,Clinic C,Appointment Booked,4,Yes,2025-02-09
L00944,2025-11-11,P00944,Google Ads,Invisalign,Clinic A,Appointment Booked,22,Yes,
L00945,2025-08-29,,Referral,Dental Crown,Clinic C,Contacted - No Appointment,13,No,
L00946,2025-09-04,P00946,Facebook,General Dentistry,Clinic D,Appointment Booked,17,Yes,2025-07-09
L00947,2025-03-06,,Instagram,Dental Crown,Clinic B,Contacted - No Appointment,13,No,
L00948,2025-03-02,,Google Ads,Dental Implant,Clinic D,Not Contacted/Cold,49,No,
L00949,2025-09-08,,Google Organic,Dental Implant,Clinic B,Contacted - No Appointment,21,No,
L00950,2025-09-23,,Google Organic,Invisalign,Clinic A,Not Contacted/Cold,72,No,
L00951,2025-11-13,,Google Ads,Invisalign,Clinic B,Contacted - No Appointment,7,No,
L00952,2025-01-19,P00952,Google Organic,Teeth Whitening,Clinic D,Appointment Booked,8,Yes,
L00953,2025-08-21,,Google Organic,General Dentistry,Clinic B,Contacted - No Appointment,12,No,
L00954,2025-10-20,P00954,Instagram,Invisalign,Clinic D,Appointment Booked,21,Yes,2025-03-11
L00955,2025-04-21,P00955,Instagram,Invisalign,Clinic D,Appointment Booked,6,Yes,
L00956,2025-05-31,P00956,Instagram,Invisalign,Clinic B,Appointment Booked,6,Yes,2025-10-06
L00957,2025-08-12,,Google Ads,General Dentistry,Clinic A,Contacted - No Appointment,21,No,
L00958,2025-05-09,,Google Organic,Root Canal,Clinic C,Contacted - No Appointment,10,No,
L00959,2025-12-13,,Facebook,Dental Crown,Clinic B,Contacted - No Appointment,44,No,
L00960,2025-06-01,P00960,Facebook,Root Canal,Clinic D,Appointment Booked,26,Yes,2025-06-06
L00961,2025-07-20,,Referral,Dental Crown,Clinic B,Contacted - No Appointment,28,No,
L00962,2025-09-12,,Google Ads,Root Canal,Clinic B,Not Contacted/Cold,50,No,
L00963,2025-07-27,,Google Ads,Invisalign,Clinic D,Contacted - No Appointment,4,No,
L00964,2025-08-18,,Google Ads,Dental Crown,Clinic B,Contacted - No Appointment,11,No,
L00965,2025-06-01,P00965,Google Ads,Dental Crown,Clinic B,Appointment Booked,7,Yes,2025-07-06
L00966,2025-03-24,P00966,Google Ads,Invisalign,Clinic B,Appointment Booked,25,Yes,2025-05-04
L00967,2025-11-29,P00967,Referral,Dental Implant,Clinic B,Appointment Booked,37,Yes,2025-10-12
L00968,2025-08-23,P00968,Google Ads,Root Canal,Clinic C,Appointment Booked,22,Yes,2025-02-09
L00969,2025-11-03,,Instagram,Root Canal,Clinic D,Not Contacted/Cold,51,No,
L00970,2025-02-08,,Google Ads,Dental Crown,Clinic B,Contacted - No Appointment,32,No,
L00971,2025-05-26,P00971,Instagram,General Dentistry,Clinic C,Appointment Booked,19,Yes,
L00972,2025-09-06,,Referral,Dental Implant,Clinic C,Not Contacted/Cold,56,No,
L00973,2025-03-14,,Google Ads,Invisalign,Clinic B,Contacted - No Appointment,28,No,
L00974,2025-07-27,,Google Organic,Invisalign,Clinic B,Contacted - No Appointment,26,No,
L00975,2025-10-19,,Referral,Root Canal,Clinic D,Contacted - No Appointment,40,No,
L00976,2025-07-09,P00976,Instagram,Root Canal,Clinic C,Appointment Booked,15,Yes,
L00977,2025-05-25,,Facebook,Teeth Whitening,Clinic C,Contacted - No Appointment,12,No,
L00978,2025-02-15,P00978,Google Organic,Invisalign,Clinic C,Appointment Booked,22,Yes,
L00979,2025-04-09,,Google Organic,Dental Crown,Clinic A,Contacted - No Appointment,24,No,
L00980,2025-03-28,P00980,Google Ads,General Dentistry,Clinic C,Appointment Booked,22,Yes,2025-06-04
L00981,2025-01-19,P00981,Facebook,General Dentistry,Clinic B,Appointment Booked,39,Yes,
L00982,2025-10-20,P00982,Facebook,General Dentistry,Clinic C,Appointment Booked,20,Yes,
L00983,2025-04-28,,Google Ads,Teeth Whitening,Clinic B,Contacted - No Appointment,3,No,
L00984,2025-02-27,,Referral,General Dentistry,Clinic A,Contacted - No Appointment,12,No,
L00985,2025-02-21,,Facebook,Invisalign,Clinic A,Contacted - No Appointment,22,No,
L00986,2025-11-04,,Facebook,Invisalign,Clinic D,Contacted - No Appointment,26,No,
L00987,2025-11-24,,Instagram,Dental Implant,Clinic B,Contacted - No Appointment,27,No,
L00988,2025-04-29,P00988,Google Ads,Teeth Whitening,Clinic B,Appointment Booked,19,Yes,2025-10-05
L00989,2025-02-20,P00989,Google Ads,General Dentistry,Clinic A,Appointment Booked,36,Yes,
L00990,2025-10-04,,Facebook,Invisalign,Clinic A,Contacted - No Appointment,18,No,
L00991,2025-02-07,,Facebook,Dental Crown,Clinic C,Contacted - No Appointment,9,No,
L00992,2025-02-21,,Google Ads,Teeth Whitening,Clinic C,Contacted - No Appointment,25,No,
L00993,2025-10-19,,Google Ads,General Dentistry,Clinic B,Contacted - No Appointment,4,No,
L00994,2025-03-25,,Facebook,Dental Crown,Clinic A,Contacted - No Appointment,7,No,
L00995,2025-09-08,,Google Organic,General Dentistry,Clinic C,Contacted - No Appointment,33,No,
L00996,2025-09-23,,Referral,Invisalign,Clinic A,Contacted - No Appointment,7,No,
L00997,2025-07-29,P00997,Google Ads,Invisalign,Clinic A,Appointment Booked,13,Yes,2025-10-08
L00998,2025-01-20,,Instagram,Root Canal,Clinic B,Contacted - No Appointment,27,No,
L00999,2025-06-03,,Referral,Root Canal,Clinic B,Contacted - No Appointment,24,No,
L01000,2025-08-10,P01000,Facebook,Dental Implant,Clinic A,Appointment Booked,15,Yes,
L01001,2025-12-10,P01001,Referral,Teeth Whitening,Clinic C,Appointment Booked,34,Yes,2025-12-12
L01002,2025-02-06,,Referral,Teeth Whitening,Clinic C,Contacted - No Appointment,5,No,
L01003,2025-12-16,,Google Ads,Teeth Whitening,Clinic D,Contacted - No Appointment,14,No,
L01004,2025-06-17,P01004,Google Ads,Invisalign,Clinic B,Appointment Booked,11,Yes,2025-01-07
L01005,2025-12-28,,Google Ads,Root Canal,Clinic A,Contacted - No Appointment,37,No,
L01006,2025-12-19,P01006,Google Ads,Root Canal,Clinic B,Appointment Booked,19,Yes,2026-02-01
L01007,2025-10-21,,Referral,Dental Implant,Clinic D,Contacted - No Appointment,31,No,
L01008,2025-05-22,,Referral,Dental Crown,Clinic C,Contacted - No Appointment,24,No,
L01009,2025-09-14,P01009,Google Ads,Dental Implant,Clinic C,Appointment Booked,11,Yes,
L01010,2025-11-30,,Instagram,Dental Implant,Clinic A,Contacted - No Appointment,36,No,
L01011,2025-09-18,,Instagram,Teeth Whitening,Clinic C,Contacted - No Appointment,27,No,
L01012,2025-04-06,,Facebook,Dental Implant,Clinic A,Contacted - No Appointment,40,No,
L01013,2025-07-26,,Instagram,General Dentistry,Clinic C,Contacted - No Appointment,9,No,
L01014,2025-03-13,,Referral,Root Canal,Clinic D,Contacted - No Appointment,22,No,
L01015,2025-02-16,P01015,Google Ads,General Dentistry,Clinic D,Appointment Booked,41,Yes,
L01016,2025-03-06,P01016,Google Ads,Dental Implant,Clinic C,Appointment Booked,32,Yes,
L01017,2025-08-18,,Google Ads,Dental Crown,Clinic B,Not Contacted/Cold,62,No,
L01018,2025-07-23,P01018,Facebook,Invisalign,Clinic D,Appointment Booked,30,Yes,
L01019,2025-04-14,,Facebook,General Dentistry,Clinic C,Not Contacted/Cold,58,No,
L01020,2025-06-10,,Facebook,Root Canal,Clinic A,Not Contacted/Cold,57,No,
L01021,2025-12-14,P01021,Facebook,Invisalign,Clinic B,Appointment Booked,13,Yes,
L01022,2025-02-16,P01022,Google Organic,General Dentistry,Clinic A,Appointment Booked,5,Yes,
L01023,2025-01-02,,Facebook,Root Canal,Clinic B,Contacted - No Appointment,27,No,
L01024,2025-11-25,P01024,Facebook,Dental Implant,Clinic B,Appointment Booked,13,Yes,
L01025,2025-06-01,,Google Organic,Root Canal,Clinic C,Contacted - No Appointment,29,No,
L01026,2025-07-27,P01026,Google Organic,Dental Crown,Clinic B,Appointment Booked,11,Yes,
L01027,2025-11-23,,Google Ads,Invisalign,Clinic A,Not Contacted/Cold,49,No,
L01028,2025-10-25,P01028,Facebook,Root Canal,Clinic B,Appointment Booked,20,Yes,2025-05-11
L01029,2025-08-21,P01029,Google Organic,Dental Implant,Clinic D,Appointment Booked,66,Yes,2025-04-09
L01030,2025-11-29,P01030,Google Ads,Dental Crown,Clinic C,Appointment Booked,25,Yes,2025-02-12
L01031,2025-06-11,,Facebook,Teeth Whitening,Clinic B,Contacted - No Appointment,38,No,
L01032,2025-08-14,,Facebook,Root Canal,Clinic D,Contacted - No Appointment,23,No,
L01033,2025-06-03,P01033,Google Ads,Root Canal,Clinic D,Appointment Booked,17,Yes,
L01034,2025-01-31,P01034,Google Ads,Dental Implant,Clinic A,Appointment Booked,5,Yes,2025-05-02
L01035,2025-07-13,P01035,Facebook,Invisalign,Clinic A,Appointment Booked,1,Yes,
L01036,2025-09-08,,Google Organic,Dental Implant,Clinic C,Contacted - No Appointment,12,No,
L01037,2025-12-16,P01037,Google Organic,Root Canal,Clinic D,Appointment Booked,23,Yes,
L01038,2025-11-07,,Referral,Root Canal,Clinic D,Contacted - No Appointment,27,No,
L01039,2025-05-03,,Google Ads,General Dentistry,Clinic D,Contacted - No Appointment,17,No,
L01040,2025-03-24,,Google Ads,Dental Implant,Clinic C,Contacted - No Appointment,8,No,
L01041,2025-05-17,,Google Organic,Dental Crown,Clinic C,Contacted - No Appointment,8,No,
L01042,2025-09-08,P01042,Facebook,Root Canal,Clinic A,Appointment Booked,16,Yes,
L01043,2025-07-19,,Facebook,Root Canal,Clinic A,Contacted - No Appointment,36,No,
L01044,2025-03-01,P01044,Google Ads,General Dentistry,Clinic B,Appointment Booked,17,Yes,
L01045,2025-06-23,,Google Ads,Invisalign,Clinic C,Contacted - No Appointment,33,No,
L01046,2025-09-23,P01046,Facebook,Dental Implant,Clinic C,Appointment Booked,10,Yes,2025-02-10
L01047,2025-11-18,P01047,Google Ads,Dental Crown,Clinic C,Appointment Booked,51,Yes,
L01048,2025-09-13,P01048,Referral,Invisalign,Clinic B,Appointment Booked,7,Yes,
L01049,2025-06-19,,Google Ads,Dental Implant,Clinic C,Contacted - No Appointment,21,No,
L01050,2025-06-05,,Referral,Invisalign,Clinic A,Contacted - No Appointment,10,No,
L01051,2025-11-22,P01051,Google Organic,Invisalign,Clinic B,Appointment Booked,3,Yes,
L01052,2025-02-17,P01052,Facebook,Dental Crown,Clinic D,Appointment Booked,24,Yes,
L01053,2025-01-18,P01053,Google Organic,Dental Implant,Clinic C,Appointment Booked,15,Yes,
L01054,2025-04-11,P01054,Google Organic,Root Canal,Clinic D,Appointment Booked,25,Yes,
L01055,2025-08-23,,Google Ads,Root Canal,Clinic B,Contacted - No Appointment,18,No,
L01056,2025-06-26,,Facebook,Root Canal,Clinic B,Contacted - No Appointment,16,No,
L01057,2025-01-04,,Facebook,General Dentistry,Clinic B,Contacted - No Appointment,19,No,
L01058,2025-12-01,,Instagram,Dental Implant,Clinic B,Contacted - No Appointment,8,No,
L01059,2025-07-13,P01059,Facebook,General Dentistry,Clinic D,Appointment Booked,5,Yes,
L01060,2025-12-06,,Facebook,Dental Crown,Clinic C,Not Contacted/Cold,47,No,
L01061,2025-11-21,,Facebook,Teeth Whitening,Clinic D,Contacted - No Appointment,13,No,
L01062,2025-07-17,,Facebook,Root Canal,Clinic A,Contacted - No Appointment,17,No,
L01063,2025-07-10,,Facebook,Root Canal,Clinic D,Not Contacted/Cold,58,No,
L01064,2025-03-22,,Facebook,General Dentistry,Clinic A,Contacted - No Appointment,17,No,
L01065,2025-01-07,,Referral,General Dentistry,Clinic D,Contacted - No Appointment,13,No,
L01066,2025-09-09,P01066,Instagram,Invisalign,Clinic B,Appointment Booked,50,Yes,
L01067,2025-10-12,P01067,Google Organic,Invisalign,Clinic B,Appointment Booked,27,Yes,
L01068,2025-08-12,,Instagram,Root Canal,Clinic C,Contacted - No Appointment,19,No,
L01069,2025-01-29,P01069,Instagram,General Dentistry,Clinic D,Appointment Booked,4,Yes,2025-01-02
L01070,2025-11-04,,Instagram,Invisalign,Clinic A,Contacted - No Appointment,8,No,
L01071,2025-10-06,,Google Ads,Dental Crown,Clinic B,Contacted - No Appointment,3,No,
L01072,2025-04-30,,Referral,Teeth Whitening,Clinic D,Contacted - No Appointment,9,No,
L01073,2025-07-29,P01073,Google Ads,Teeth Whitening,Clinic B,Appointment Booked,16,Yes,
L01074,2025-10-22,,Facebook,Dental Crown,Clinic A,Not Contacted/Cold,50,No,
L01075,2025-02-23,,Google Ads,Root Canal,Clinic B,Contacted - No Appointment,11,No,
L01076,2025-09-01,,Google Ads,General Dentistry,Clinic B,Contacted - No Appointment,16,No,
L01077,2025-01-09,,Google Organic,Dental Crown,Clinic D,Contacted - No Appointment,18,No,
L01078,2025-05-29,,Facebook,Teeth Whitening,Clinic D,Contacted - No Appointment,10,No,
L01079,2025-04-26,P01079,Google Organic,Invisalign,Clinic B,Appointment Booked,22,Yes,
L01080,2025-07-29,P01080,Google Ads,Dental Crown,Clinic D,Appointment Booked,18,Yes,2025-02-08
L01081,2025-11-17,,Google Ads,Invisalign,Clinic B,Contacted - No Appointment,19,No,
L01082,2025-11-06,P01082,Google Ads,Invisalign,Clinic A,Appointment Booked,17,Yes,2025-09-11
L01083,2025-08-23,P01083,Instagram,Teeth Whitening,Clinic B,Appointment Booked,11,Yes,2025-02-09
L01084,2025-11-02,,Google Organic,Root Canal,Clinic B,Contacted - No Appointment,12,No,
L01085,2025-06-13,,Facebook,Dental Crown,Clinic A,Contacted - No Appointment,8,No,
L01086,2025-01-22,,Facebook,Invisalign,Clinic D,Contacted - No Appointment,12,No,
L01087,2025-07-05,P01087,Referral,Dental Crown,Clinic D,Appointment Booked,19,Yes,2025-06-07
L01088,2025-10-26,,Google Ads,Root Canal,Clinic B,Contacted - No Appointment,12,No,
L01089,2025-12-04,P01089,Facebook,Dental Crown,Clinic C,Appointment Booked,21,Yes,
L01090,2025-06-22,P01090,Facebook,Invisalign,Clinic C,Appointment Booked,32,Yes,
L01091,2025-06-29,,Google Ads,Teeth Whitening,Clinic D,Contacted - No Appointment,5,No,
L01092,2025-01-22,P01092,Google Ads,Teeth Whitening,Clinic D,Appointment Booked,28,Yes,2025-03-02
L01093,2025-07-02,P01093,Google Ads,Invisalign,Clinic C,Appointment Booked,4,Yes,2025-06-07
L01094,2025-02-01,,Referral,Invisalign,Clinic D,Contacted - No Appointment,17,No,
L01095,2025-10-26,,Instagram,Dental Crown,Clinic C,Contacted - No Appointment,21,No,
L01096,2025-01-30,,Google Organic,Dental Crown,Clinic C,Contacted - No Appointment,7,No,
L01097,2025-03-17,P01097,Facebook,Teeth Whitening,Clinic A,Appointment Booked,5,Yes,
L01098,2025-10-14,P01098,Instagram,Dental Crown,Clinic A,Appointment Booked,12,Yes,
L01099,2025-10-07,,Google Organic,Root Canal,Clinic C,Contacted - No Appointment,20,No,
L01100,2025-10-03,,Referral,Root Canal,Clinic B,Contacted - No Appointment,20,No,
L01101,2025-10-26,P01101,Google Ads,Invisalign,Clinic A,Appointment Booked,34,Yes,2025-05-11
L01102,2025-07-12,P01102,Facebook,Dental Implant,Clinic C,Appointment Booked,52,Yes,
L01103,2025-12-14,,Google Organic,Dental Crown,Clinic A,Contacted - No Appointment,7,No,
L01104,2025-06-01,,Referral,Dental Implant,Clinic C,Contacted - No Appointment,11,No,
L01105,2025-11-27,P01105,Referral,General Dentistry,Clinic C,Appointment Booked,1,Yes,
L01106,2025-06-22,,Instagram,General Dentistry,Clinic D,Contacted - No Appointment,15,No,
L01107,2025-04-03,P01107,Google Ads,General Dentistry,Clinic B,Appointment Booked,3,Yes,2025-07-04
L01108,2025-10-26,,Google Ads,General Dentistry,Clinic A,Contacted - No Appointment,14,No,
L01109,2025-04-28,,Referral,Root Canal,Clinic C,Contacted - No Appointment,10,No,
L01110,2025-01-13,,Facebook,General Dentistry,Clinic D,Contacted - No Appointment,11,No,
L01111,2025-01-19,P01111,Google Ads,Dental Implant,Clinic D,Appointment Booked,30,Yes,
L01112,2025-04-19,P01112,Referral,Dental Implant,Clinic B,Appointment Booked,12,Yes,
L01113,2025-03-01,,Google Ads,Teeth Whitening,Clinic B,Contacted - No Appointment,21,No,
L01114,2025-04-06,P01114,Google Organic,Dental Implant,Clinic D,Appointment Booked,10,Yes,2025-10-04
L01115,2025-09-26,,Instagram,General Dentistry,Clinic A,Contacted - No Appointment,20,No,
L01116,2025-11-03,,Google Ads,Dental Crown,Clinic C,Contacted - No Appointment,4,No,
L01117,2025-12-21,P01117,Facebook,Teeth Whitening,Clinic B,Appointment Booked,61,Yes,
L01118,2025-09-17,,Google Ads,Invisalign,Clinic A,Contacted - No Appointment,31,No,
L01119,2025-06-23,,Instagram,Dental Crown,Clinic B,Contacted - No Appointment,16,No,
L01120,2025-08-05,P01120,Facebook,Dental Implant,Clinic B,Appointment Booked,14,Yes,
L01121,2025-01-23,P01121,Google Ads,General Dentistry,Clinic C,Appointment Booked,6,Yes,
L01122,2025-01-19,,Referral,Dental Implant,Clinic D,Not Contacted/Cold,64,No,
L01123,2025-08-27,,Facebook,Dental Crown,Clinic B,Contacted - No Appointment,16,No,
L01124,2025-09-11,P01124,Google Ads,Invisalign,Clinic D,Appointment Booked,8,Yes,
L01125,2025-03-31,,Google Ads,Dental Implant,Clinic A,Contacted - No Appointment,20,No,
L01126,2025-03-15,P01126,Google Ads,Root Canal,Clinic C,Appointment Booked,16,Yes,
L01127,2025-08-31,P01127,Referral,Dental Implant,Clinic A,Appointment Booked,35,Yes,2025-08-09
L01128,2025-03-08,,Google Ads,Teeth Whitening,Clinic D,Not Contacted/Cold,46,No,
L01129,2025-09-14,P01129,Facebook,Invisalign,Clinic D,Appointment Booked,17,Yes,
L01130,2025-07-12,,Referral,Invisalign,Clinic C,Contacted - No Appointment,9,No,
L01131,2025-09-13,P01131,Instagram,Dental Crown,Clinic D,Appointment Booked,13,Yes,
L01132,2025-01-28,,Facebook,Invisalign,Clinic C,Contacted - No Appointment,37,No,
L01133,2025-05-18,,Referral,Root Canal,Clinic D,Contacted - No Appointment,22,No,
L01134,2025-04-02,,Google Organic,Teeth Whitening,Clinic C,Contacted - No Appointment,5,No,
L01135,2025-06-21,P01135,Google Ads,Dental Implant,Clinic D,Appointment Booked,27,Yes,
L01136,2025-06-07,,Instagram,Dental Implant,Clinic C,Contacted - No Appointment,5,No,
L01137,2025-08-09,,Referral,Invisalign,Clinic A,Contacted - No Appointment,25,No,
L01138,2025-06-09,,Facebook,Root Canal,Clinic C,Contacted - No Appointment,18,No,
L01139,2025-06-28,P01139,Google Organic,Root Canal,Clinic A,Appointment Booked,11,Yes,2025-08-07
L01140,2025-09-01,,Referral,Root Canal,Clinic C,Contacted - No Appointment,18,No,
L01141,2025-07-06,,Google Organic,Teeth Whitening,Clinic B,Contacted - No Appointment,9,No,
L01142,2025-06-19,P01142,Google Ads,Dental Implant,Clinic C,Appointment Booked,16,Yes,
L01143,2025-04-09,P01143,Google Ads,Root Canal,Clinic A,Appointment Booked,28,Yes,
L01144,2025-05-24,,Instagram,Root Canal,Clinic A,Contacted - No Appointment,19,No,
L01145,2025-03-05,,Google Ads,Dental Crown,Clinic B,Contacted - No Appointment,30,No,
L01146,2025-01-13,,Referral,General Dentistry,Clinic D,Contacted - No Appointment,40,No,
L01147,2025-11-12,,Facebook,Root Canal,Clinic B,Contacted - No Appointment,11,No,
L01148,2025-05-07,P01148,Facebook,General Dentistry,Clinic B,Appointment Booked,25,Yes,
L01149,2025-08-16,,Google Organic,Invisalign,Clinic C,Contacted - No Appointment,31,No,
L01150,2025-05-25,P01150,Facebook,Dental Implant,Clinic C,Appointment Booked,1,Yes,2025-05-06
L01151,2025-01-15,P01151,Facebook,Dental Implant,Clinic B,Appointment Booked,9,Yes,
L01152,2025-06-30,,Google Ads,Root Canal,Clinic B,Contacted - No Appointment,17,No,
L01153,2025-07-11,P01153,Instagram,Invisalign,Clinic A,Appointment Booked,9,Yes,
L01154,2025-11-14,P01154,Referral,Dental Implant,Clinic D,Appointment Booked,29,Yes,
L01155,2025-02-06,,Google Organic,Root Canal,Clinic A,Contacted - No Appointment,30,No,
L01156,2025-12-05,,Facebook,Invisalign,Clinic B,Not Contacted/Cold,48,No,
L01157,2025-04-24,P01157,Google Ads,Dental Implant,Clinic A,Appointment Booked,32,Yes,
L01158,2025-11-14,P01158,Google Organic,Invisalign,Clinic A,Appointment Booked,7,Yes,
L01159,2025-05-09,,Referral,General Dentistry,Clinic D,Not Contacted/Cold,47,No,
L01160,2025-06-21,P01160,Facebook,Invisalign,Clinic A,Appointment Booked,17,Yes,
L01161,2025-02-25,,Google Organic,Teeth Whitening,Clinic A,Not Contacted/Cold,50,No,
L01162,2025-03-17,,Facebook,Dental Crown,Clinic B,Contacted - No Appointment,16,No,
L01163,2025-11-14,,Facebook,Root Canal,Clinic A,Contacted - No Appointment,36,No,
L01164,2025-10-29,,Google Organic,Invisalign,Clinic A,Contacted - No Appointment,21,No,
L01165,2025-06-25,,Google Ads,Root Canal,Clinic D,Contacted - No Appointment,14,No,
L01166,2025-08-29,P01166,Facebook,Dental Crown,Clinic D,Appointment Booked,6,Yes,2025-02-09
L01167,2025-04-04,,Google Ads,Root Canal,Clinic D,Contacted - No Appointment,32,No,
L01168,2025-11-06,,Facebook,Invisalign,Clinic D,Contacted - No Appointment,19,No,
L01169,2025-09-23,P01169,Instagram,Dental Implant,Clinic C,Appointment Booked,6,Yes,2025-05-10
L01170,2025-06-13,P01170,Google Ads,General Dentistry,Clinic A,Appointment Booked,10,Yes,
L01171,2025-04-18,,Instagram,Root Canal,Clinic D,Contacted - No Appointment,11,No,
L01172,2025-01-08,,Google Ads,Dental Crown,Clinic D,Contacted - No Appointment,13,No,
L01173,2025-03-28,P01173,Instagram,Root Canal,Clinic D,Appointment Booked,23,Yes,2025-08-04
L01174,2025-02-23,,Google Ads,General Dentistry,Clinic B,Contacted - No Appointment,17,No,
L01175,2025-04-17,,Google Organic,Root Canal,Clinic A,Contacted - No Appointment,11,No,
L01176,2025-03-27,,Instagram,Root Canal,Clinic D,Contacted - No Appointment,36,No,
L01177,2025-01-01,,Referral,General Dentistry,Clinic C,Contacted - No Appointment,19,No,
L01178,2025-03-21,P01178,Referral,Teeth Whitening,Clinic D,Appointment Booked,13,Yes,
L01179,2025-03-29,P01179,Google Ads,Dental Implant,Clinic A,Appointment Booked,14,Yes,2025-09-04
L01180,2025-09-20,P01180,Google Ads,Dental Implant,Clinic A,Appointment Booked,4,Yes,2025-02-10
L01181,2025-09-28,,Instagram,Teeth Whitening,Clinic A,Contacted - No Appointment,20,No,
L01182,2025-12-20,P01182,Instagram,General Dentistry,Clinic D,Appointment Booked,10,Yes,
L01183,2025-05-02,,Google Ads,Root Canal,Clinic A,Contacted - No Appointment,13,No,
L01184,2025-01-16,,Google Ads,Dental Crown,Clinic A,Contacted - No Appointment,31,No,
L01185,2025-04-30,,Instagram,Dental Crown,Clinic D,Contacted - No Appointment,20,No,
L01186,2025-08-16,,Referral,Root Canal,Clinic A,Contacted - No Appointment,5,No,
L01187,2025-02-04,,Referral,Dental Crown,Clinic D,Contacted - No Appointment,4,No,
L01188,2025-07-12,,Google Ads,Dental Implant,Clinic B,Contacted - No Appointment,21,No,
L01189,2025-02-12,,Facebook,General Dentistry,Clinic D,Not Contacted/Cold,56,No,
L01190,2025-12-16,P01190,Google Ads,Teeth Whitening,Clinic C,Appointment Booked,17,Yes,
L01191,2025-10-06,,Facebook,Dental Crown,Clinic D,Contacted - No Appointment,25,No,
L01192,2025-01-02,,Google Organic,Invisalign,Clinic D,Contacted - No Appointment,20,No,
L01193,2025-04-15,,Google Organic,Dental Implant,Clinic A,Not Contacted/Cold,46,No,
L01194,2025-05-09,P01194,Facebook,Root Canal,Clinic A,Appointment Booked,29,Yes,2025-11-05
L01195,2025-03-09,,Google Ads,Dental Crown,Clinic A,Contacted - No Appointment,20,No,
L01196,2025-11-22,,Facebook,Dental Crown,Clinic C,Contacted - No Appointment,38,No,
L01197,2025-01-15,P01197,Referral,Root Canal,Clinic D,Appointment Booked,21,Yes,
L01198,2025-06-14,,Google Ads,Dental Crown,Clinic B,Contacted - No Appointment,7,No,
L01199,2025-06-29,,Facebook,Teeth Whitening,Clinic C,Contacted - No Appointment,31,No,
L01200,2025-05-31,P01200,Google Organic,Dental Implant,Clinic A,Appointment Booked,43,Yes,2025-10-06
L01201,2025-04-24,P01201,Google Organic,Root Canal,Clinic D,Appointment Booked,36,Yes,2025-05-05
L01202,2025-05-10,P01202,Referral,Teeth Whitening,Clinic D,Appointment Booked,27,Yes,
L01203,2025-08-10,,Facebook,Root Canal,Clinic B,Contacted - No Appointment,6,No,
L01204,2025-03-14,,Facebook,Dental Crown,Clinic B,Contacted - No Appointment,8,No,
L01205,2025-03-29,,Facebook,Root Canal,Clinic A,Contacted - No Appointment,30,No,
L01206,2025-08-26,,Referral,General Dentistry,Clinic C,Contacted - No Appointment,15,No,
L01207,2025-01-26,P01207,Google Organic,Dental Implant,Clinic B,Appointment Booked,5,Yes,
L01208,2025-06-12,,Google Organic,Root Canal,Clinic A,Contacted - No Appointment,39,No,
L01209,2025-12-24,P01209,Google Ads,Dental Implant,Clinic B,Appointment Booked,14,Yes,
L01210,2025-07-23,,Google Organic,Dental Implant,Clinic B,Not Contacted/Cold,50,No,
L01211,2025-05-08,,Facebook,Root Canal,Clinic C,Contacted - No Appointment,25,No,
L01212,2025-11-27,P01212,Google Ads,Dental Implant,Clinic C,Appointment Booked,13,Yes,2025-10-12
L01213,2025-12-14,,Google Ads,General Dentistry,Clinic A,Contacted - No Appointment,24,No,
L01214,2025-09-17,P01214,Google Organic,General Dentistry,Clinic D,Appointment Booked,16,Yes,
L01215,2025-12-26,,Facebook,Invisalign,Clinic C,Contacted - No Appointment,19,No,
L01216,2025-06-26,P01216,Referral,Dental Crown,Clinic B,Appointment Booked,18,Yes,2025-08-07
L01217,2025-01-06,,Google Organic,Root Canal,Clinic A,Contacted - No Appointment,33,No,
L01218,2025-01-20,,Google Ads,Teeth Whitening,Clinic D,Contacted - No Appointment,42,No,
L01219,2025-11-07,,Google Organic,Dental Crown,Clinic D,Contacted - No Appointment,24,No,
L01220,2025-05-31,,Google Ads,Dental Implant,Clinic A,Contacted - No Appointment,12,No,
L01221,2025-02-18,,Facebook,Teeth Whitening,Clinic B,Contacted - No Appointment,21,No,
L01222,2025-10-29,,Instagram,Teeth Whitening,Clinic A,Contacted - No Appointment,45,No,
L01223,2025-10-19,P01223,Referral,Root Canal,Clinic C,Appointment Booked,18,Yes,
L01224,2025-05-02,,Facebook,General Dentistry,Clinic A,Contacted - No Appointment,34,No,
L01225,2025-02-14,P01225,Google Organic,General Dentistry,Clinic B,Appointment Booked,23,Yes,
L01226,2025-06-01,,Google Organic,Root Canal,Clinic C,Contacted - No Appointment,14,No,
L01227,2025-06-11,,Facebook,Dental Crown,Clinic C,Contacted - No Appointment,11,No,
L01228,2025-01-30,P01228,Facebook,General Dentistry,Clinic B,Appointment Booked,30,Yes,2025-07-02
L01229,2025-04-09,P01229,Google Organic,Invisalign,Clinic B,Appointment Booked,23,Yes,2025-10-04
L01230,2025-04-08,P01230,Google Ads,Invisalign,Clinic C,Appointment Booked,8,Yes,
L01231,2025-05-09,,Referral,Invisalign,Clinic A,Contacted - No Appointment,33,No,
L01232,2025-07-07,,Google Organic,General Dentistry,Clinic A,Contacted - No Appointment,21,No,
L01233,2025-05-06,,Google Ads,Teeth Whitening,Clinic D,Not Contacted/Cold,47,No,
L01234,2025-03-17,,Referral,Dental Implant,Clinic A,Contacted - No Appointment,5,No,
L01235,2025-07-04,,Google Ads,General Dentistry,Clinic C,Contacted - No Appointment,26,No,
L01236,2025-03-02,,Referral,Teeth Whitening,Clinic D,Contacted - No Appointment,23,No,
L01237,2025-09-21,,Facebook,General Dentistry,Clinic B,Contacted - No Appointment,25,No,
L01238,2025-10-25,P01238,Google Organic,Dental Implant,Clinic B,Appointment Booked,11,Yes,2025-07-11
L01239,2025-01-24,P01239,Facebook,Root Canal,Clinic C,Appointment Booked,3,Yes,2025-01-02
L01240,2025-04-18,P01240,Google Organic,Dental Crown,Clinic D,Appointment Booked,10,Yes,
L01241,2025-08-14,,Google Ads,Root Canal,Clinic D,Contacted - No Appointment,21,No,
L01242,2025-10-29,,Google Ads,Dental Crown,Clinic C,Contacted - No Appointment,20,No,
L01243,2025-04-17,,Google Ads,Teeth Whitening,Clinic A,Contacted - No Appointment,32,No,
L01244,2025-04-21,P01244,Referral,Root Canal,Clinic C,Appointment Booked,17,Yes,
L01245,2025-07-29,P01245,Google Ads,General Dentistry,Clinic B,Appointment Booked,71,Yes,
L01246,2025-07-19,P01246,Google Organic,Dental Implant,Clinic B,Appointment Booked,14,Yes,
L01247,2025-05-22,P01247,Google Organic,Invisalign,Clinic A,Appointment Booked,59,Yes,2025-01-06
L01248,2025-01-11,P01248,Referral,Dental Implant,Clinic A,Appointment Booked,31,Yes,
L01249,2025-11-24,P01249,Google Ads,Root Canal,Clinic D,Appointment Booked,31,Yes,2025-04-12
L01250,2025-08-08,P01250,Referral,Root Canal,Clinic B,Appointment Booked,13,Yes,2025-12-08
L01251,2025-10-25,P01251,Google Ads,Teeth Whitening,Clinic B,Appointment Booked,54,Yes,2025-03-11
L01252,2025-07-07,P01252,Google Organic,Dental Crown,Clinic B,Appointment Booked,39,Yes,2025-09-07
L01253,2025-06-20,,Google Organic,Root Canal,Clinic D,Contacted - No Appointment,37,No,
L01254,2025-08-09,,Google Ads,Dental Crown,Clinic C,Contacted - No Appointment,15,No,
L01255,2025-12-18,,Google Ads,Dental Implant,Clinic B,Contacted - No Appointment,31,No,
L01256,2025-12-08,P01256,Facebook,Invisalign,Clinic A,Appointment Booked,25,Yes,
L01257,2025-04-07,P01257,Facebook,Dental Crown,Clinic A,Appointment Booked,5,Yes,
L01258,2025-07-11,P01258,Referral,Dental Crown,Clinic D,Appointment Booked,17,Yes,
L01259,2025-02-28,P01259,Facebook,Teeth Whitening,Clinic C,Appointment Booked,16,Yes,
L01260,2025-03-16,,Referral,Root Canal,Clinic C,Contacted - No Appointment,30,No,
L01261,2025-02-18,P01261,Facebook,Teeth Whitening,Clinic C,Appointment Booked,30,Yes,2025-02-03
L01262,2025-11-02,,Referral,Dental Crown,Clinic B,Contacted - No Appointment,18,No,
L01263,2025-11-13,,Google Organic,General Dentistry,Clinic D,Contacted - No Appointment,27,No,
L01264,2025-04-15,,Google Organic,Invisalign,Clinic C,Contacted - No Appointment,4,No,
L01265,2025-08-25,,Google Ads,Dental Crown,Clinic A,Contacted - No Appointment,20,No,
L01266,2025-02-23,,Instagram,Dental Crown,Clinic A,Contacted - No Appointment,15,No,
L01267,2025-05-11,,Google Ads,General Dentistry,Clinic C,Contacted - No Appointment,19,No,
L01268,2025-07-26,,Google Ads,Invisalign,Clinic D,Contacted - No Appointment,33,No,
L01269,2025-03-23,,Instagram,Root Canal,Clinic B,Contacted - No Appointment,40,No,
L01270,2025-10-17,P01270,Google Organic,Invisalign,Clinic D,Appointment Booked,10,Yes,
L01271,2025-09-09,P01271,Google Ads,Root Canal,Clinic D,Appointment Booked,6,Yes,2025-10-09
L01272,2025-05-13,,Facebook,Invisalign,Clinic A,Contacted - No Appointment,43,No,
L01273,2025-10-25,P01273,Instagram,Dental Implant,Clinic A,Appointment Booked,4,Yes,
L01274,2025-12-26,,Google Ads,Dental Crown,Clinic A,Contacted - No Appointment,24,No,
L01275,2025-10-10,P01275,Facebook,Invisalign,Clinic C,Appointment Booked,24,Yes,2025-12-10
L01276,2025-02-05,P01276,Google Organic,Invisalign,Clinic A,Appointment Booked,55,Yes,
L01277,2025-06-15,,Google Ads,Invisalign,Clinic B,Contacted - No Appointment,40,No,
L01278,2025-11-01,,Google Organic,Dental Implant,Clinic B,Contacted - No Appointment,17,No,
L01279,2025-09-21,,Instagram,General Dentistry,Clinic C,Contacted - No Appointment,17,No,
L01280,2025-08-16,,Google Organic,Dental Crown,Clinic A,Contacted - No Appointment,35,No,
L01281,2025-11-11,,Google Ads,Teeth Whitening,Clinic B,Contacted - No Appointment,21,No,
L01282,2025-01-05,,Google Organic,Root Canal,Clinic B,Contacted - No Appointment,17,No,
L01283,2025-11-13,,Google Ads,General Dentistry,Clinic C,Contacted - No Appointment,11,No,
L01284,2025-12-06,,Facebook,Root Canal,Clinic D,Contacted - No Appointment,24,No,
L01285,2025-07-26,,Google Ads,Dental Crown,Clinic A,Contacted - No Appointment,15,No,
L01286,2025-08-16,P01286,Referral,Root Canal,Clinic D,Appointment Booked,60,Yes,
L01287,2025-01-28,P01287,Google Organic,Teeth Whitening,Clinic C,Appointment Booked,6,Yes,2025-07-02
L01288,2025-04-14,,Google Ads,Dental Crown,Clinic C,Contacted - No Appointment,6,No,
L01289,2025-07-08,P01289,Google Ads,Invisalign,Clinic C,Appointment Booked,25,Yes,
L01290,2025-03-06,P01290,Google Ads,Dental Implant,Clinic B,Appointment Booked,30,Yes,2025-09-03
L01291,2025-01-03,,Google Ads,Dental Crown,Clinic A,Contacted - No Appointment,14,No,
L01292,2025-11-22,,Instagram,Root Canal,Clinic C,Contacted - No Appointment,26,No,
L01293,2025-05-12,,Instagram,Dental Implant,Clinic C,Contacted - No Appointment,20,No,
L01294,2025-07-12,P01294,Referral,Root Canal,Clinic C,Appointment Booked,28,Yes,
L01295,2025-04-08,P01295,Referral,Root Canal,Clinic B,Appointment Booked,19,Yes,
L01296,2025-12-17,,Instagram,General Dentistry,Clinic D,Contacted - No Appointment,22,No,
L01297,2025-06-17,P01297,Google Ads,Dental Implant,Clinic C,Appointment Booked,24,Yes,
L01298,2025-01-01,,Facebook,Invisalign,Clinic A,Not Contacted/Cold,80,No,
L01299,2025-06-27,,Facebook,General Dentistry,Clinic B,Contacted - No Appointment,14,No,
L01300,2025-07-28,,Facebook,Dental Crown,Clinic D,Contacted - No Appointment,16,No,
L01301,2025-04-04,,Instagram,Invisalign,Clinic D,Contacted - No Appointment,15,No,
L01302,2025-01-12,,Referral,General Dentistry,Clinic B,Contacted - No Appointment,6,No,
L01303,2025-11-15,,Referral,Root Canal,Clinic D,Contacted - No Appointment,31,No,
L01304,2025-09-29,,Google Ads,Root Canal,Clinic B,Contacted - No Appointment,17,No,
L01305,2025-07-24,,Google Ads,General Dentistry,Clinic B,Contacted - No Appointment,14,No,
L01306,2025-03-03,,Google Organic,General Dentistry,Clinic D,Contacted - No Appointment,14,No,
L01307,2025-04-18,P01307,Google Organic,Root Canal,Clinic D,Appointment Booked,51,Yes,2025-01-05
L01308,2025-03-09,P01308,Google Ads,Dental Implant,Clinic C,Appointment Booked,48,Yes,2025-11-03
L01309,2025-06-04,,Google Organic,Invisalign,Clinic D,Not Contacted/Cold,55,No,
L01310,2025-10-31,,Google Organic,Dental Implant,Clinic A,Contacted - No Appointment,15,No,
L01311,2025-10-22,P01311,Facebook,Dental Implant,Clinic D,Appointment Booked,4,Yes,2025-04-11
L01312,2025-04-26,,Google Ads,Root Canal,Clinic B,Contacted - No Appointment,17,No,
L01313,2025-08-16,P01313,Referral,General Dentistry,Clinic A,Appointment Booked,18,Yes,
L01314,2025-01-17,P01314,Google Organic,General Dentistry,Clinic A,Appointment Booked,27,Yes,
L01315,2025-03-08,,Google Ads,Root Canal,Clinic B,Contacted - No Appointment,12,No,
L01316,2025-01-07,,Google Organic,Dental Crown,Clinic A,Contacted - No Appointment,16,No,
L01317,2025-09-03,P01317,Google Organic,Dental Implant,Clinic B,Appointment Booked,16,Yes,2025-06-09
L01318,2025-04-12,,Referral,Invisalign,Clinic A,Contacted - No Appointment,33,No,
L01319,2025-02-03,,Google Ads,Dental Implant,Clinic B,Contacted - No Appointment,28,No,
L01320,2025-02-26,P01320,Referral,Teeth Whitening,Clinic C,Appointment Booked,27,Yes,2025-06-03
L01321,2025-03-21,,Google Ads,Dental Implant,Clinic B,Contacted - No Appointment,9,No,
L01322,2025-03-27,,Instagram,General Dentistry,Clinic B,Not Contacted/Cold,61,No,
L01323,2025-02-13,,Instagram,Dental Crown,Clinic C,Not Contacted/Cold,48,No,
L01324,2025-04-12,P01324,Facebook,Invisalign,Clinic D,Appointment Booked,41,Yes,
L01325,2025-10-05,P01325,Facebook,Dental Implant,Clinic D,Appointment Booked,3,Yes,
L01326,2025-11-16,P01326,Referral,Dental Crown,Clinic B,Appointment Booked,8,Yes,
L01327,2025-04-12,P01327,Instagram,General Dentistry,Clinic C,Appointment Booked,23,Yes,
L01328,2025-08-31,P01328,Facebook,Teeth Whitening,Clinic A,Appointment Booked,17,Yes,2025-12-09
L01329,2025-09-15,P01329,Google Ads,Invisalign,Clinic A,Appointment Booked,9,Yes,
L01330,2025-04-06,,Google Ads,Dental Crown,Clinic B,Contacted - No Appointment,14,No,
L01331,2025-08-19,P01331,Google Ads,Invisalign,Clinic D,Appointment Booked,54,Yes,
L01332,2025-10-26,P01332,Referral,General Dentistry,Clinic A,Appointment Booked,11,Yes,
L01333,2025-04-01,P01333,Google Organic,Teeth Whitening,Clinic A,Appointment Booked,47,Yes,
L01334,2025-05-15,P01334,Referral,Dental Crown,Clinic A,Appointment Booked,19,Yes,
L01335,2025-05-01,P01335,Google Ads,Root Canal,Clinic D,Appointment Booked,10,Yes,2025-04-05
L01336,2025-12-30,P01336,Google Organic,Dental Crown,Clinic C,Appointment Booked,9,Yes,2026-04-01
L01337,2025-04-04,,Google Ads,Invisalign,Clinic A,Contacted - No Appointment,18,No,
L01338,2025-08-08,P01338,Google Organic,Dental Implant,Clinic C,Appointment Booked,20,Yes,
L01339,2025-05-21,P01339,Facebook,Root Canal,Clinic C,Appointment Booked,23,Yes,
L01340,2025-08-14,P01340,Google Ads,General Dentistry,Clinic C,Appointment Booked,5,Yes,
L01341,2025-10-05,P01341,Instagram,Dental Crown,Clinic A,Appointment Booked,42,Yes,
L01342,2025-09-17,P01342,Google Ads,Dental Implant,Clinic D,Appointment Booked,15,Yes,
L01343,2025-09-12,,Instagram,General Dentistry,Clinic B,Contacted - No Appointment,40,No,
L01344,2025-09-13,,Instagram,Invisalign,Clinic C,Contacted - No Appointment,8,No,
L01345,2025-12-13,P01345,Google Organic,Invisalign,Clinic A,Appointment Booked,31,Yes,
L01346,2025-05-04,P01346,Referral,Invisalign,Clinic B,Appointment Booked,5,Yes,
L01347,2025-07-08,P01347,Facebook,Dental Crown,Clinic B,Appointment Booked,22,Yes,
L01348,2025-07-23,,Facebook,Root Canal,Clinic C,Contacted - No Appointment,45,No,
L01349,2025-04-23,,Google Organic,Root Canal,Clinic A,Contacted - No Appointment,39,No,
L01350,2025-12-20,,Instagram,Teeth Whitening,Clinic D,Contacted - No Appointment,24,No,
L01351,2025-06-11,,Google Ads,Invisalign,Clinic A,Contacted - No Appointment,26,No,
L01352,2025-08-03,,Google Organic,Teeth Whitening,Clinic C,Contacted - No Appointment,22,No,
L01353,2025-11-22,P01353,Google Ads,Dental Implant,Clinic D,Appointment Booked,21,Yes,
L01354,2025-02-11,,Google Ads,Teeth Whitening,Clinic C,Contacted - No Appointment,3,No,
L01355,2025-04-04,P01355,Google Ads,Dental Crown,Clinic C,Appointment Booked,31,Yes,
L01356,2025-03-18,,Google Ads,Dental Crown,Clinic C,Contacted - No Appointment,10,No,
L01357,2025-07-30,P01357,Google Ads,Root Canal,Clinic B,Appointment Booked,16,Yes,2025-12-08
L01358,2025-07-18,P01358,Google Ads,Dental Crown,Clinic D,Appointment Booked,25,Yes,
L01359,2025-08-16,,Facebook,Dental Implant,Clinic B,Contacted - No Appointment,34,No,
L01360,2025-12-02,P01360,Google Ads,General Dentistry,Clinic C,Appointment Booked,8,Yes,2025-05-12
L01361,2025-05-22,,Google Ads,Dental Implant,Clinic C,Contacted - No Appointment,10,No,
L01362,2025-07-26,P01362,Instagram,Dental Implant,Clinic B,Appointment Booked,47,Yes,
L01363,2025-03-02,,Google Ads,Dental Crown,Clinic B,Contacted - No Appointment,32,No,
L01364,2025-10-20,,Google Ads,Teeth Whitening,Clinic B,Contacted - No Appointment,39,No,
L01365,2025-01-14,,Facebook,Dental Implant,Clinic D,Contacted - No Appointment,27,No,
L01366,2025-12-12,,Facebook,General Dentistry,Clinic D,Contacted - No Appointment,18,No,
L01367,2025-11-05,P01367,Facebook,General Dentistry,Clinic C,Appointment Booked,34,Yes,
L01368,2025-01-25,P01368,Facebook,Dental Crown,Clinic C,Appointment Booked,6,Yes,2025-08-02
L01369,2025-11-10,P01369,Instagram,Root Canal,Clinic D,Appointment Booked,21,Yes,
L01370,2025-05-13,P01370,Instagram,Teeth Whitening,Clinic A,Appointment Booked,34,Yes,
L01371,2025-08-28,,Referral,Invisalign,Clinic A,Contacted - No Appointment,20,No,
L01372,2025-01-11,,Facebook,Root Canal,Clinic C,Contacted - No Appointment,10,No,
L01373,2025-11-30,,Facebook,General Dentistry,Clinic D,Contacted - No Appointment,11,No,
L01374,2025-04-14,,Google Ads,General Dentistry,Clinic D,Contacted - No Appointment,20,No,
L01375,2025-03-07,,Google Organic,General Dentistry,Clinic B,Contacted - No Appointment,21,No,
L01376,2025-02-26,P01376,Google Ads,Invisalign,Clinic A,Appointment Booked,2,Yes,2025-05-03
L01377,2025-02-17,,Facebook,Invisalign,Clinic B,Contacted - No Appointment,36,No,
L01378,2025-03-22,,Facebook,Invisalign,Clinic A,Contacted - No Appointment,12,No,
L01379,2025-12-28,P01379,Instagram,Root Canal,Clinic B,Appointment Booked,7,Yes,2026-01-01
L01380,2025-07-03,,Referral,Invisalign,Clinic D,Contacted - No Appointment,21,No,
L01381,2025-04-20,,Referral,Root Canal,Clinic A,Contacted - No Appointment,10,No,
L01382,2025-04-28,,Google Ads,Dental Crown,Clinic D,Contacted - No Appointment,15,No,
L01383,2025-04-01,P01383,Google Ads,Teeth Whitening,Clinic B,Appointment Booked,28,Yes,2025-05-04
L01384,2025-06-13,,Google Organic,Teeth Whitening,Clinic C,Contacted - No Appointment,23,No,
L01385,2025-07-23,P01385,Facebook,Teeth Whitening,Clinic A,Appointment Booked,16,Yes,
L01386,2025-11-26,P01386,Facebook,Dental Implant,Clinic B,Appointment Booked,13,Yes,
L01387,2025-03-23,P01387,Google Organic,Dental Implant,Clinic A,Appointment Booked,18,Yes,2025-04-04
L01388,2025-05-22,P01388,Instagram,Teeth Whitening,Clinic D,Appointment Booked,15,Yes,2025-04-06
L01389,2025-04-07,,Referral,Root Canal,Clinic D,Contacted - No Appointment,7,No,
L01390,2025-03-03,,Instagram,Dental Crown,Clinic B,Contacted - No Appointment,20,No,
L01391,2025-03-28,,Facebook,Dental Implant,Clinic A,Not Contacted/Cold,56,No,
L01392,2025-12-10,P01392,Facebook,Invisalign,Clinic D,Appointment Booked,6,Yes,2025-11-12
L01393,2025-08-12,,Google Organic,Dental Crown,Clinic B,Contacted - No Appointment,45,No,
L01394,2025-02-05,P01394,Instagram,General Dentistry,Clinic A,Appointment Booked,13,Yes,2025-10-02
L01395,2025-09-27,P01395,Instagram,General Dentistry,Clinic C,Appointment Booked,14,Yes,2025-05-10
L01396,2025-03-03,,Referral,Root Canal,Clinic D,Contacted - No Appointment,4,No,
L01397,2025-05-16,,Instagram,Root Canal,Clinic A,Not Contacted/Cold,60,No,
L01398,2025-12-23,,Facebook,General Dentistry,Clinic A,Contacted - No Appointment,13,No,
L01399,2025-10-08,P01399,Google Organic,Root Canal,Clinic D,Appointment Booked,6,Yes,2025-12-10
L01400,2025-07-08,,Instagram,Root Canal,Clinic A,Contacted - No Appointment,9,No,
L01401,2025-02-26,P01401,Google Ads,General Dentistry,Clinic A,Appointment Booked,12,Yes,2025-10-03
L01402,2025-02-12,,Facebook,Teeth Whitening,Clinic C,Contacted - No Appointment,17,No,
L01403,2025-02-23,,Google Organic,General Dentistry,Clinic D,Contacted - No Appointment,18,No,
L01404,2025-01-31,,Facebook,Invisalign,Clinic B,Contacted - No Appointment,22,No,
L01405,2025-08-12,P01405,Google Organic,Root Canal,Clinic D,Appointment Booked,18,Yes,
L01406,2025-07-24,,Facebook,General Dentistry,Clinic C,Contacted - No Appointment,25,No,
L01407,2025-01-12,P01407,Referral,Dental Implant,Clinic A,Appointment Booked,14,Yes,
L01408,2025-05-03,,Google Ads,Teeth Whitening,Clinic D,Contacted - No Appointment,38,No,
L01409,2025-12-17,,Google Ads,Invisalign,Clinic B,Contacted - No Appointment,33,No,
L01410,2025-07-08,P01410,Facebook,Teeth Whitening,Clinic B,Appointment Booked,20,Yes,
L01411,2025-04-02,,Facebook,Dental Crown,Clinic C,Contacted - No Appointment,11,No,
L01412,2025-04-26,P01412,Facebook,Invisalign,Clinic B,Appointment Booked,4,Yes,2025-08-05
L01413,2025-08-22,,Google Ads,Root Canal,Clinic A,Contacted - No Appointment,23,No,
L01414,2025-05-15,,Google Organic,Dental Crown,Clinic A,Not Contacted/Cold,53,No,
L01415,2025-07-18,P01415,Facebook,Dental Crown,Clinic B,Appointment Booked,17,Yes,
L01416,2025-12-04,P01416,Instagram,Root Canal,Clinic D,Appointment Booked,20,Yes,2025-08-12
L01417,2025-11-06,,Google Organic,General Dentistry,Clinic C,Not Contacted/Cold,49,No,
L01418,2025-11-18,,Google Organic,Root Canal,Clinic D,Contacted - No Appointment,18,No,
L01419,2025-05-13,P01419,Facebook,Root Canal,Clinic B,Appointment Booked,19,Yes,
L01420,2025-09-04,P01420,Instagram,Dental Implant,Clinic B,Appointment Booked,25,Yes,
L01421,2025-06-30,,Facebook,General Dentistry,Clinic A,Contacted - No Appointment,25,No,
L01422,2025-05-24,,Referral,Dental Implant,Clinic A,Contacted - No Appointment,17,No,
L01423,2025-06-10,,Referral,Root Canal,Clinic B,Contacted - No Appointment,14,No,
L01424,2025-04-20,,Facebook,Teeth Whitening,Clinic D,Contacted - No Appointment,19,No,
L01425,2025-12-19,,Google Ads,Invisalign,Clinic D,Contacted - No Appointment,8,No,
L01426,2025-06-12,,Google Ads,Root Canal,Clinic D,Contacted - No Appointment,32,No,
L01427,2025-05-22,P01427,Facebook,Invisalign,Clinic A,Appointment Booked,37,Yes,2025-02-06
L01428,2025-10-01,,Instagram,Teeth Whitening,Clinic D,Contacted - No Appointment,35,No,
L01429,2025-06-10,,Instagram,Dental Crown,Clinic B,Contacted - No Appointment,18,No,
L01430,2025-04-30,,Facebook,General Dentistry,Clinic A,Not Contacted/Cold,56,No,
L01431,2025-12-16,P01431,Instagram,General Dentistry,Clinic D,Appointment Booked,27,Yes,
L01432,2025-07-11,,Referral,Dental Crown,Clinic C,Contacted - No Appointment,15,No,
L01433,2025-11-10,P01433,Instagram,Teeth Whitening,Clinic A,Appointment Booked,10,Yes,
L01434,2025-09-13,,Google Ads,Root Canal,Clinic B,Contacted - No Appointment,17,No,
L01435,2025-03-29,P01435,Instagram,Root Canal,Clinic B,Appointment Booked,24,Yes,2025-05-04
L01436,2025-05-05,,Facebook,Dental Crown,Clinic C,Contacted - No Appointment,25,No,
L01437,2025-04-24,P01437,Referral,General Dentistry,Clinic B,Appointment Booked,29,Yes,2025-05-05
L01438,2025-03-12,,Facebook,Root Canal,Clinic D,Not Contacted/Cold,55,No,
L01439,2025-06-05,,Facebook,Invisalign,Clinic A,Contacted - No Appointment,31,No,
L01440,2025-08-19,P01440,Instagram,Root Canal,Clinic B,Appointment Booked,10,Yes,
L01441,2025-03-31,,Facebook,Root Canal,Clinic B,Contacted - No Appointment,31,No,
L01442,2025-03-29,,Google Organic,Dental Implant,Clinic B,Contacted - No Appointment,19,No,
L01443,2025-08-19,P01443,Google Ads,Root Canal,Clinic B,Appointment Booked,11,Yes,
L01444,2025-11-02,,Instagram,Root Canal,Clinic C,Contacted - No Appointment,1,No,
L01445,2025-03-09,,Google Ads,Dental Crown,Clinic D,Contacted - No Appointment,43,No,
L01446,2025-02-16,P01446,Facebook,Root Canal,Clinic D,Appointment Booked,24,Yes,
L01447,2025-09-18,,Instagram,Dental Crown,Clinic D,Contacted - No Appointment,33,No,
L01448,2025-03-04,,Google Ads,General Dentistry,Clinic D,Contacted - No Appointment,20,No,
L01449,2025-07-09,P01449,Facebook,General Dentistry,Clinic C,Appointment Booked,41,Yes,
L01450,2025-05-15,,Google Organic,Dental Crown,Clinic D,Contacted - No Appointment,45,No,
L01451,2025-07-12,,Instagram,Dental Implant,Clinic B,Contacted - No Appointment,16,No,
L01452,2025-05-04,,Google Ads,General Dentistry,Clinic B,Contacted - No Appointment,22,No,
L01453,2025-04-30,P01453,Instagram,Teeth Whitening,Clinic B,Appointment Booked,48,Yes,2025-07-05
L01454,2025-11-28,,Google Ads,Invisalign,Clinic B,Contacted - No Appointment,10,No,
L01455,2025-04-24,,Google Ads,Dental Implant,Clinic B,Contacted - No Appointment,8,No,
L01456,2025-01-21,P01456,Facebook,Dental Implant,Clinic D,Appointment Booked,7,Yes,
L01457,2025-02-09,P01457,Google Ads,Dental Implant,Clinic B,Appointment Booked,2,Yes,2025-12-02
L01458,2025-03-15,P01458,Referral,Dental Implant,Clinic A,Appointment Booked,17,Yes,
L01459,2025-04-09,P01459,Google Ads,General Dentistry,Clinic C,Appointment Booked,8,Yes,
L01460,2025-05-14,,Google Organic,Root Canal,Clinic A,Contacted - No Appointment,9,No,
L01461,2025-05-15,P01461,Google Organic,Dental Crown,Clinic A,Appointment Booked,23,Yes,
L01462,2025-06-24,P01462,Referral,General Dentistry,Clinic A,Appointment Booked,20,Yes,2025-06-07
L01463,2025-11-08,P01463,Facebook,Teeth Whitening,Clinic B,Appointment Booked,14,Yes,
L01464,2025-03-05,P01464,Referral,General Dentistry,Clinic B,Appointment Booked,25,Yes,2025-08-03
L01465,2025-08-07,,Referral,General Dentistry,Clinic D,Contacted - No Appointment,19,No,
L01466,2025-01-26,,Google Ads,Root Canal,Clinic C,Contacted - No Appointment,13,No,
L01467,2025-08-22,P01467,Facebook,General Dentistry,Clinic B,Appointment Booked,27,Yes,
L01468,2025-11-17,,Google Ads,Teeth Whitening,Clinic B,Contacted - No Appointment,32,No,
L01469,2025-05-30,P01469,Instagram,Dental Implant,Clinic B,Appointment Booked,19,Yes,
L01470,2025-07-02,P01470,Instagram,Dental Crown,Clinic D,Appointment Booked,28,Yes,
L01471,2025-09-18,,Google Ads,Dental Crown,Clinic A,Contacted - No Appointment,2,No,
L01472,2025-03-31,,Google Organic,General Dentistry,Clinic A,Contacted - No Appointment,6,No,
L01473,2025-09-20,P01473,Google Ads,Root Canal,Clinic D,Appointment Booked,25,Yes,
L01474,2025-04-07,,Google Organic,Dental Crown,Clinic B,Contacted - No Appointment,13,No,
L01475,2025-11-19,P01475,Google Ads,Dental Implant,Clinic A,Appointment Booked,10,Yes,
L01476,2025-04-05,,Instagram,Invisalign,Clinic A,Not Contacted/Cold,60,No,
L01477,2025-10-23,P01477,Google Ads,Dental Implant,Clinic D,Appointment Booked,14,Yes,
L01478,2025-04-20,,Google Ads,Root Canal,Clinic D,Contacted - No Appointment,12,No,
L01479,2025-11-24,P01479,Google Organic,Teeth Whitening,Clinic C,Appointment Booked,12,Yes,
L01480,2025-09-19,,Google Ads,Invisalign,Clinic B,Not Contacted/Cold,59,No,
L01481,2025-02-09,,Facebook,Root Canal,Clinic C,Not Contacted/Cold,58,No,
L01482,2025-04-30,P01482,Referral,Invisalign,Clinic D,Appointment Booked,20,Yes,2025-02-05
L01483,2025-03-27,P01483,Google Ads,Dental Implant,Clinic D,Appointment Booked,44,Yes,2025-06-04
L01484,2025-02-23,,Google Organic,Root Canal,Clinic A,Contacted - No Appointment,14,No,
L01485,2025-11-29,P01485,Google Ads,Dental Implant,Clinic D,Appointment Booked,5,Yes,2025-04-12
L01486,2025-04-08,,Google Ads,Dental Crown,Clinic A,Contacted - No Appointment,14,No,
L01487,2025-10-05,,Google Ads,Dental Implant,Clinic A,Contacted - No Appointment,7,No,
L01488,2025-09-02,P01488,Referral,Dental Implant,Clinic C,Appointment Booked,22,Yes,2025-07-09
L01489,2025-10-06,,Google Ads,Root Canal,Clinic B,Contacted - No Appointment,13,No,
L01490,2025-01-15,P01490,Referral,Dental Crown,Clinic D,Appointment Booked,9,Yes,
L01491,2025-11-10,,Referral,Dental Implant,Clinic A,Not Contacted/Cold,50,No,
L01492,2025-10-20,,Facebook,Dental Crown,Clinic C,Contacted - No Appointment,18,No,
L01493,2025-12-17,,Instagram,General Dentistry,Clinic D,Contacted - No Appointment,27,No,
L01494,2025-04-14,P01494,Google Organic,Teeth Whitening,Clinic D,Appointment Booked,25,Yes,
L01495,2025-10-27,,Facebook,Dental Implant,Clinic A,Contacted - No Appointment,26,No,
L01496,2025-05-04,P01496,Google Ads,Dental Crown,Clinic B,Appointment Booked,44,Yes,2025-10-05
L01497,2025-09-03,P01497,Facebook,Dental Crown,Clinic C,Appointment Booked,23,Yes,
L01498,2025-12-16,P01498,Google Organic,Dental Implant,Clinic A,Appointment Booked,79,Yes,
L01499,2025-05-01,P01499,Google Organic,General Dentistry,Clinic D,Appointment Booked,3,Yes,2025-11-05
L01500,2025-02-02,P01500,Google Ads,General Dentistry,Clinic D,Appointment Booked,4,Yes,2025-09-02
L01501,2025-05-11,P01501,Google Ads,General Dentistry,Clinic A,Appointment Booked,19,Yes,
L01502,2025-08-22,,Referral,General Dentistry,Clinic A,Contacted - No Appointment,13,No,
L01503,2025-03-08,P01503,Google Ads,Teeth Whitening,Clinic A,Appointment Booked,30,Yes,
L01504,2025-02-20,,Google Organic,Dental Crown,Clinic D,Contacted - No Appointment,40,No,
L01505,2025-02-01,,Google Ads,Dental Crown,Clinic A,Contacted - No Appointment,13,No,
L01506,2025-07-24,P01506,Google Organic,Teeth Whitening,Clinic B,Appointment Booked,30,Yes,
L01507,2025-05-26,P01507,Referral,Dental Crown,Clinic B,Appointment Booked,71,Yes,2025-07-06
L01508,2025-07-23,,Google Ads,Invisalign,Clinic C,Contacted - No Appointment,7,No,
L01509,2025-10-07,,Google Ads,Root Canal,Clinic A,Contacted - No Appointment,42,No,
L01510,2025-10-25,,Facebook,General Dentistry,Clinic A,Not Contacted/Cold,71,No,
L01511,2025-12-27,,Google Ads,Dental Implant,Clinic D,Contacted - No Appointment,13,No,
L01512,2025-09-14,P01512,Facebook,Dental Crown,Clinic D,Appointment Booked,17,Yes,
L01513,2025-11-16,P01513,Instagram,General Dentistry,Clinic D,Appointment Booked,2,Yes,
L01514,2025-04-23,,Google Ads,Teeth Whitening,Clinic A,Not Contacted/Cold,47,No,
L01515,2025-12-15,P01515,Facebook,General Dentistry,Clinic B,Appointment Booked,2,Yes,
L01516,2025-04-13,P01516,Google Organic,Dental Crown,Clinic C,Appointment Booked,14,Yes,
L01517,2025-05-14,,Instagram,Dental Implant,Clinic B,Contacted - No Appointment,9,No,
L01518,2025-08-21,,Facebook,General Dentistry,Clinic D,Contacted - No Appointment,13,No,
L01519,2025-08-12,,Instagram,Invisalign,Clinic C,Contacted - No Appointment,7,No,
L01520,2025-07-03,P01520,Google Organic,Root Canal,Clinic A,Appointment Booked,24,Yes,2025-10-07
L01521,2025-08-09,,Instagram,Invisalign,Clinic D,Contacted - No Appointment,36,No,
L01522,2025-10-02,P01522,Google Ads,Invisalign,Clinic D,Appointment Booked,22,Yes,2025-11-10
L01523,2025-10-07,,Google Ads,Root Canal,Clinic A,Contacted - No Appointment,4,No,
L01524,2025-07-12,,Google Organic,Root Canal,Clinic C,Not Contacted/Cold,47,No,
L01525,2025-03-18,,Google Organic,Dental Crown,Clinic B,Contacted - No Appointment,21,No,
L01526,2025-01-24,,Google Organic,Teeth Whitening,Clinic B,Contacted - No Appointment,23,No,
L01527,2025-03-14,P01527,Google Ads,Invisalign,Clinic A,Appointment Booked,25,Yes,
L01528,2025-05-28,P01528,Instagram,Invisalign,Clinic C,Appointment Booked,20,Yes,2025-05-06
L01529,2025-11-26,,Google Organic,Dental Crown,Clinic D,Contacted - No Appointment,19,No,
L01530,2025-03-19,,Facebook,Dental Crown,Clinic B,Contacted - No Appointment,5,No,
L01531,2025-12-04,P01531,Google Ads,General Dentistry,Clinic A,Appointment Booked,5,Yes,
L01532,2025-07-19,P01532,Instagram,Dental Implant,Clinic C,Appointment Booked,25,Yes,
L01533,2025-05-15,,Google Organic,General Dentistry,Clinic B,Contacted - No Appointment,11,No,
L01534,2025-12-02,,Google Ads,Root Canal,Clinic D,Contacted - No Appointment,25,No,
L01535,2025-06-09,P01535,Instagram,Dental Crown,Clinic B,Appointment Booked,44,Yes,
L01536,2025-02-11,,Instagram,Dental Implant,Clinic A,Not Contacted/Cold,68,No,
L01537,2025-09-23,,Instagram,Root Canal,Clinic A,Contacted - No Appointment,20,No,
L01538,2025-11-11,,Instagram,Invisalign,Clinic D,Contacted - No Appointment,39,No,
L01539,2025-01-29,,Instagram,Invisalign,Clinic B,Not Contacted/Cold,50,No,
L01540,2025-08-03,,Google Ads,Root Canal,Clinic D,Contacted - No Appointment,42,No,
L01541,2025-01-04,P01541,Google Ads,Teeth Whitening,Clinic A,Appointment Booked,8,Yes,2025-06-01
L01542,2025-04-13,,Instagram,Teeth Whitening,Clinic B,Contacted - No Appointment,17,No,
L01543,2025-12-18,,Google Ads,Dental Crown,Clinic B,Not Contacted/Cold,62,No,
L01544,2025-05-03,P01544,Instagram,Root Canal,Clinic D,Appointment Booked,13,Yes,
L01545,2025-10-25,P01545,Instagram,Root Canal,Clinic D,Appointment Booked,8,Yes,2025-05-11
L01546,2025-11-22,P01546,Google Ads,General Dentistry,Clinic A,Appointment Booked,12,Yes,
L01547,2025-08-19,P01547,Instagram,Dental Crown,Clinic B,Appointment Booked,60,Yes,
L01548,2025-04-18,,Facebook,Invisalign,Clinic A,Contacted - No Appointment,12,No,
L01549,2025-09-25,,Google Ads,Invisalign,Clinic B,Contacted - No Appointment,9,No,
L01550,2025-09-01,,Facebook,Dental Crown,Clinic B,Contacted - No Appointment,27,No,
L01551,2025-01-22,P01551,Referral,Root Canal,Clinic D,Appointment Booked,20,Yes,
L01552,2025-11-02,P01552,Facebook,Dental Implant,Clinic D,Appointment Booked,10,Yes,
L01553,2025-07-25,P01553,Instagram,General Dentistry,Clinic B,Appointment Booked,9,Yes,2025-04-08
L01554,2025-10-15,P01554,Google Ads,Teeth Whitening,Clinic B,Appointment Booked,8,Yes,
L01555,2025-02-23,P01555,Google Ads,Dental Crown,Clinic D,Appointment Booked,20,Yes,2025-06-03
L01556,2025-05-10,P01556,Google Ads,Dental Implant,Clinic D,Appointment Booked,3,Yes,
L01557,2025-08-25,,Google Organic,Root Canal,Clinic A,Contacted - No Appointment,23,No,
L01558,2025-06-09,,Facebook,General Dentistry,Clinic B,Contacted - No Appointment,7,No,
L01559,2025-08-01,,Google Ads,General Dentistry,Clinic B,Contacted - No Appointment,40,No,
L01560,2025-06-05,,Google Organic,Invisalign,Clinic A,Contacted - No Appointment,17,No,
L01561,2025-08-07,P01561,Google Ads,Dental Implant,Clinic A,Appointment Booked,40,Yes,
L01562,2025-12-10,,Google Ads,Root Canal,Clinic A,Contacted - No Appointment,40,No,
L01563,2025-02-26,,Facebook,Root Canal,Clinic C,Contacted - No Appointment,3,No,
L01564,2025-10-19,P01564,Facebook,Dental Crown,Clinic B,Appointment Booked,14,Yes,
L01565,2025-03-21,,Instagram,General Dentistry,Clinic A,Contacted - No Appointment,36,No,
L01566,2025-12-21,,Facebook,Root Canal,Clinic A,Contacted - No Appointment,14,No,
L01567,2025-11-20,P01567,Facebook,Dental Implant,Clinic D,Appointment Booked,7,Yes,
L01568,2025-01-12,P01568,Referral,General Dentistry,Clinic D,Appointment Booked,19,Yes,
L01569,2025-10-28,P01569,Referral,Dental Implant,Clinic B,Appointment Booked,20,Yes,2025-10-11
L01570,2025-08-13,,Google Organic,General Dentistry,Clinic B,Contacted - No Appointment,9,No,
L01571,2025-12-30,P01571,Referral,Dental Crown,Clinic D,Appointment Booked,5,Yes,2026-01-01
L01572,2025-11-04,,Instagram,General Dentistry,Clinic A,Contacted - No Appointment,25,No,
L01573,2025-03-14,P01573,Instagram,Invisalign,Clinic A,Appointment Booked,16,Yes,
L01574,2025-08-30,P01574,Instagram,Dental Implant,Clinic B,Appointment Booked,34,Yes,2025-04-09
L01575,2025-05-11,P01575,Google Organic,Root Canal,Clinic A,Appointment Booked,33,Yes,
L01576,2025-02-08,,Instagram,Root Canal,Clinic B,Contacted - No Appointment,11,No,
L01577,2025-12-04,P01577,Google Ads,Invisalign,Clinic D,Appointment Booked,43,Yes,
L01578,2025-05-31,,Google Organic,General Dentistry,Clinic C,Contacted - No Appointment,9,No,
L01579,2025-12-17,P01579,Google Organic,General Dentistry,Clinic B,Appointment Booked,16,Yes,
L01580,2025-05-03,,Google Organic,Dental Crown,Clinic D,Contacted - No Appointment,1,No,
L01581,2025-07-26,,Google Ads,Dental Implant,Clinic A,Contacted - No Appointment,11,No,
L01582,2025-12-28,P01582,Google Ads,Teeth Whitening,Clinic A,Appointment Booked,12,Yes,2026-04-01
L01583,2025-03-08,,Google Ads,Teeth Whitening,Clinic C,Contacted - No Appointment,15,No,
L01584,2025-09-20,,Facebook,Root Canal,Clinic C,Contacted - No Appointment,20,No,
L01585,2025-03-28,,Google Ads,General Dentistry,Clinic A,Contacted - No Appointment,22,No,
L01586,2025-12-29,,Facebook,Dental Implant,Clinic B,Not Contacted/Cold,51,No,
L01587,2025-11-03,P01587,Google Ads,Invisalign,Clinic C,Appointment Booked,8,Yes,
L01588,2025-12-04,,Google Ads,Dental Implant,Clinic C,Contacted - No Appointment,11,No,
L01589,2025-01-07,P01589,Google Organic,Teeth Whitening,Clinic C,Appointment Booked,17,Yes,
L01590,2025-10-19,,Referral,Dental Crown,Clinic B,Contacted - No Appointment,31,No,
L01591,2025-01-12,P01591,Google Ads,Invisalign,Clinic A,Appointment Booked,21,Yes,
L01592,2025-05-11,P01592,Instagram,Dental Implant,Clinic B,Appointment Booked,16,Yes,
L01593,2025-01-28,P01593,Google Ads,Dental Implant,Clinic A,Appointment Booked,20,Yes,2025-01-02
L01594,2025-03-04,P01594,Google Ads,Dental Implant,Clinic D,Appointment Booked,27,Yes,2025-06-03
L01595,2025-12-26,P01595,Google Organic,Root Canal,Clinic B,Appointment Booked,10,Yes,2026-02-01
L01596,2025-07-09,P01596,Google Organic,Invisalign,Clinic B,Appointment Booked,58,Yes,
L01597,2025-08-21,P01597,Google Organic,Invisalign,Clinic D,Appointment Booked,18,Yes,
L01598,2025-08-26,,Facebook,General Dentistry,Clinic B,Contacted - No Appointment,27,No,
L01599,2025-04-20,,Referral,Root Canal,Clinic B,Contacted - No Appointment,8,No,
L01600,2025-05-16,P01600,Google Ads,Teeth Whitening,Clinic D,Appointment Booked,20,Yes,
L01601,2025-03-23,P01601,Google Ads,Dental Implant,Clinic D,Appointment Booked,9,Yes,2025-03-04
L01602,2025-09-18,P01602,Google Ads,Root Canal,Clinic C,Appointment Booked,19,Yes,
L01603,2025-08-16,,Google Organic,Root Canal,Clinic A,Contacted - No Appointment,26,No,
L01604,2025-11-29,,Google Ads,Invisalign,Clinic C,Contacted - No Appointment,26,No,
L01605,2025-09-02,P01605,Google Ads,Dental Implant,Clinic D,Appointment Booked,17,Yes,
L01606,2025-12-04,,Instagram,General Dentistry,Clinic A,Contacted - No Appointment,11,No,
L01607,2025-05-25,P01607,Google Ads,General Dentistry,Clinic A,Appointment Booked,50,Yes,2025-02-06
L01608,2025-10-08,P01608,Google Ads,Dental Implant,Clinic D,Appointment Booked,52,Yes,2025-12-10
L01609,2025-04-11,P01609,Google Ads,Invisalign,Clinic A,Appointment Booked,4,Yes,
L01610,2025-12-29,P01610,Google Ads,General Dentistry,Clinic D,Appointment Booked,22,Yes,2026-11-01
L01611,2025-06-08,,Google Organic,Dental Implant,Clinic B,Contacted - No Appointment,11,No,
L01612,2025-09-21,,Instagram,Dental Crown,Clinic B,Contacted - No Appointment,13,No,
L01613,2025-05-16,,Google Ads,General Dentistry,Clinic A,Contacted - No Appointment,35,No,
L01614,2025-06-14,,Google Ads,General Dentistry,Clinic D,Contacted - No Appointment,8,No,
L01615,2025-02-01,P01615,Google Organic,Root Canal,Clinic B,Appointment Booked,2,Yes,
L01616,2025-04-27,,Facebook,Dental Implant,Clinic C,Contacted - No Appointment,11,No,
L01617,2025-03-17,,Google Organic,Invisalign,Clinic C,Contacted - No Appointment,21,No,
L01618,2025-06-09,P01618,Facebook,General Dentistry,Clinic C,Appointment Booked,15,Yes,
L01619,2025-09-05,,Google Ads,General Dentistry,Clinic D,Contacted - No Appointment,20,No,
L01620,2025-04-14,,Referral,Dental Crown,Clinic C,Contacted - No Appointment,37,No,
L01621,2025-06-05,,Instagram,Teeth Whitening,Clinic B,Contacted - No Appointment,21,No,
L01622,2025-01-09,,Google Ads,Teeth Whitening,Clinic D,Not Contacted/Cold,47,No,
L01623,2025-07-29,P01623,Facebook,Dental Crown,Clinic C,Appointment Booked,22,Yes,2025-06-08
L01624,2025-02-17,,Facebook,General Dentistry,Clinic B,Contacted - No Appointment,28,No,
L01625,2025-06-09,,Google Ads,Dental Crown,Clinic A,Contacted - No Appointment,21,No,
L01626,2025-06-12,,Referral,Root Canal,Clinic D,Contacted - No Appointment,9,No,
L01627,2025-08-13,P01627,Referral,Invisalign,Clinic B,Appointment Booked,28,Yes,
L01628,2025-04-26,,Google Ads,Teeth Whitening,Clinic C,Contacted - No Appointment,11,No,
L01629,2025-08-28,P01629,Facebook,Root Canal,Clinic B,Appointment Booked,49,Yes,2025-02-09
L01630,2025-09-04,,Google Organic,Invisalign,Clinic A,Contacted - No Appointment,16,No,
L01631,2025-12-05,,Google Ads,Teeth Whitening,Clinic C,Contacted - No Appointment,29,No,
L01632,2025-03-12,,Instagram,Dental Crown,Clinic A,Not Contacted/Cold,50,No,
L01633,2025-04-22,,Google Organic,General Dentistry,Clinic B,Contacted - No Appointment,17,No,
L01634,2025-11-07,,Instagram,Dental Implant,Clinic C,Contacted - No Appointment,45,No,
L01635,2025-04-30,,Google Organic,Dental Crown,Clinic B,Contacted - No Appointment,29,No,
L01636,2025-09-16,,Google Organic,Invisalign,Clinic C,Contacted - No Appointment,11,No,
L01637,2025-02-09,,Referral,General Dentistry,Clinic D,Contacted - No Appointment,38,No,
L01638,2025-06-11,P01638,Facebook,Dental Implant,Clinic D,Appointment Booked,68,Yes,
L01639,2025-11-01,,Referral,Dental Crown,Clinic A,Contacted - No Appointment,21,No,
L01640,2025-11-28,P01640,Google Ads,Teeth Whitening,Clinic A,Appointment Booked,70,Yes,2025-05-12
L01641,2025-09-12,,Google Ads,Root Canal,Clinic C,Contacted - No Appointment,29,No,
L01642,2025-12-05,,Google Ads,General Dentistry,Clinic D,Contacted - No Appointment,19,No,
L01643,2025-06-17,P01643,Instagram,General Dentistry,Clinic D,Appointment Booked,14,Yes,
L01644,2025-06-06,,Google Ads,Invisalign,Clinic D,Contacted - No Appointment,44,No,
L01645,2025-05-04,P01645,Google Organic,Dental Implant,Clinic B,Appointment Booked,9,Yes,
L01646,2025-07-12,P01646,Instagram,Invisalign,Clinic B,Appointment Booked,12,Yes,
L01647,2025-04-07,,Google Ads,Invisalign,Clinic B,Contacted - No Appointment,30,No,
L01648,2025-04-28,P01648,Google Organic,General Dentistry,Clinic A,Appointment Booked,21,Yes,2025-06-05
L01649,2025-07-11,P01649,Referral,General Dentistry,Clinic A,Appointment Booked,11,Yes,
L01650,2025-09-08,,Instagram,Dental Implant,Clinic D,Contacted - No Appointment,13,No,
L01651,2025-05-13,P01651,Google Ads,Root Canal,Clinic A,Appointment Booked,26,Yes,
L01652,2025-03-28,,Referral,Root Canal,Clinic A,Not Contacted/Cold,82,No,
L01653,2025-07-01,P01653,Google Organic,Dental Implant,Clinic A,Appointment Booked,13,Yes,2025-05-07
L01654,2025-08-29,,Facebook,Root Canal,Clinic D,Contacted - No Appointment,24,No,
L01655,2025-06-10,,Facebook,Invisalign,Clinic C,Contacted - No Appointment,39,No,
L01656,2025-07-13,,Facebook,Root Canal,Clinic C,Contacted - No Appointment,25,No,
L01657,2025-08-13,P01657,Referral,Dental Crown,Clinic D,Appointment Booked,16,Yes,
L01658,2025-02-09,P01658,Google Ads,Teeth Whitening,Clinic B,Appointment Booked,16,Yes,
L01659,2025-01-01,,Google Ads,Dental Implant,Clinic C,Contacted - No Appointment,41,No,
L01660,2025-10-01,P01660,Referral,Teeth Whitening,Clinic A,Appointment Booked,3,Yes,2025-06-10
L01661,2025-07-23,P01661,Google Ads,Dental Crown,Clinic A,Appointment Booked,21,Yes,2025-04-08
L01662,2025-03-06,,Referral,General Dentistry,Clinic D,Contacted - No Appointment,14,No,
L01663,2025-05-07,P01663,Facebook,Root Canal,Clinic D,Appointment Booked,5,Yes,
L01664,2025-06-15,,Facebook,General Dentistry,Clinic B,Contacted - No Appointment,19,No,
L01665,2025-06-01,P01665,Google Ads,General Dentistry,Clinic B,Appointment Booked,12,Yes,2025-03-06
L01666,2025-12-12,P01666,Referral,Root Canal,Clinic C,Appointment Booked,8,Yes,
L01667,2025-11-28,P01667,Google Organic,Root Canal,Clinic A,Appointment Booked,44,Yes,2025-02-12
L01668,2025-08-20,P01668,Referral,General Dentistry,Clinic A,Appointment Booked,9,Yes,2025-03-09
L01669,2025-08-03,P01669,Google Organic,Teeth Whitening,Clinic A,Appointment Booked,7,Yes,2025-06-08
L01670,2025-04-12,,Google Ads,General Dentistry,Clinic A,Contacted - No Appointment,5,No,
L01671,2025-07-09,,Facebook,Teeth Whitening,Clinic D,Contacted - No Appointment,23,No,
L01672,2025-04-13,,Facebook,Dental Crown,Clinic B,Contacted - No Appointment,25,No,
L01673,2025-10-10,,Instagram,Dental Implant,Clinic A,Not Contacted/Cold,67,No,
L01674,2025-02-01,,Referral,Invisalign,Clinic B,Contacted - No Appointment,15,No,
L01675,2025-02-18,,Facebook,General Dentistry,Clinic D,Contacted - No Appointment,13,No,
L01676,2025-08-05,P01676,Google Organic,Invisalign,Clinic A,Appointment Booked,7,Yes,
L01677,2025-06-24,P01677,Referral,Dental Implant,Clinic A,Appointment Booked,26,Yes,2025-05-07
L01678,2025-03-23,,Google Ads,Teeth Whitening,Clinic B,Contacted - No Appointment,5,No,
L01679,2025-07-25,,Referral,Teeth Whitening,Clinic C,Contacted - No Appointment,11,No,
L01680,2025-04-18,,Facebook,Invisalign,Clinic C,Contacted - No Appointment,22,No,
L01681,2025-04-15,,Google Organic,Invisalign,Clinic D,Contacted - No Appointment,12,No,
L01682,2025-03-27,,Google Ads,Root Canal,Clinic D,Contacted - No Appointment,12,No,
L01683,2025-11-23,,Facebook,Dental Implant,Clinic D,Contacted - No Appointment,10,No,
L01684,2025-12-10,,Google Ads,Teeth Whitening,Clinic C,Not Contacted/Cold,46,No,
L01685,2025-07-19,P01685,Referral,Invisalign,Clinic B,Appointment Booked,11,Yes,2025-01-08
L01686,2025-01-23,,Google Organic,General Dentistry,Clinic A,Contacted - No Appointment,26,No,
L01687,2025-04-03,,Google Ads,Teeth Whitening,Clinic D,Contacted - No Appointment,10,No,
L01688,2025-01-08,,Referral,Dental Crown,Clinic B,Contacted - No Appointment,13,No,
L01689,2025-07-23,,Instagram,Invisalign,Clinic A,Contacted - No Appointment,19,No,
L01690,2025-07-02,,Referral,Root Canal,Clinic C,Contacted - No Appointment,43,No,
L01691,2025-10-11,P01691,Google Ads,Root Canal,Clinic B,Appointment Booked,2,Yes,
L01692,2025-02-19,,Facebook,Invisalign,Clinic C,Contacted - No Appointment,40,No,
L01693,2025-09-15,,Instagram,General Dentistry,Clinic C,Contacted - No Appointment,9,No,
L01694,2025-01-22,,Google Ads,Root Canal,Clinic B,Contacted - No Appointment,21,No,
L01695,2025-03-18,,Facebook,General Dentistry,Clinic D,Contacted - No Appointment,17,No,
L01696,2025-08-25,,Facebook,Dental Implant,Clinic B,Contacted - No Appointment,6,No,
L01697,2025-08-06,,Google Ads,Dental Implant,Clinic B,Contacted - No Appointment,12,No,
L01698,2025-06-03,,Facebook,General Dentistry,Clinic C,Contacted - No Appointment,17,No,
L01699,2025-10-05,,Referral,Dental Crown,Clinic C,Contacted - No Appointment,6,No,
L01700,2025-03-28,,Google Ads,Root Canal,Clinic D,Contacted - No Appointment,34,No,
L01701,2025-03-13,,Google Ads,Root Canal,Clinic B,Contacted - No Appointment,19,No,
L01702,2025-09-02,,Facebook,Invisalign,Clinic C,Contacted - No Appointment,12,No,
L01703,2025-04-25,,Google Organic,Teeth Whitening,Clinic A,Contacted - No Appointment,14,No,
L01704,2025-02-10,,Google Organic,Dental Implant,Clinic D,Contacted - No Appointment,34,No,
L01705,2025-04-12,,Google Organic,Dental Crown,Clinic B,Contacted - No Appointment,39,No,
L01706,2025-08-06,P01706,Google Ads,Dental Crown,Clinic C,Appointment Booked,9,Yes,2025-12-08
L01707,2025-09-03,P01707,Facebook,General Dentistry,Clinic A,Appointment Booked,7,Yes,2025-09-09
L01708,2025-10-20,P01708,Google Organic,Root Canal,Clinic A,Appointment Booked,28,Yes,
L01709,2025-03-22,,Referral,Dental Implant,Clinic B,Contacted - No Appointment,8,No,
L01710,2025-08-27,,Instagram,Dental Crown,Clinic D,Contacted - No Appointment,25,No,
L01711,2025-08-22,P01711,Google Ads,Dental Implant,Clinic C,Appointment Booked,9,Yes,
L01712,2025-07-03,P01712,Facebook,Invisalign,Clinic D,Appointment Booked,9,Yes,2025-05-07
L01713,2025-08-05,,Google Ads,Dental Implant,Clinic B,Contacted - No Appointment,5,No,
L01714,2025-05-29,P01714,Google Organic,Root Canal,Clinic B,Appointment Booked,56,Yes,2025-02-06
L01715,2025-05-02,,Google Ads,Dental Implant,Clinic A,Contacted - No Appointment,40,No,
L01716,2025-05-06,,Google Ads,Root Canal,Clinic D,Contacted - No Appointment,15,No,
L01717,2025-12-13,,Facebook,General Dentistry,Clinic A,Contacted - No Appointment,21,No,
L01718,2025-03-13,,Facebook,Teeth Whitening,Clinic D,Contacted - No Appointment,21,No,
L01719,2025-06-07,,Facebook,Dental Implant,Clinic D,Not Contacted/Cold,57,No,
L01720,2025-01-20,P01720,Facebook,Invisalign,Clinic D,Appointment Booked,24,Yes,
L01721,2025-09-15,,Google Organic,Dental Crown,Clinic C,Contacted - No Appointment,32,No,
L01722,2025-06-18,,Facebook,General Dentistry,Clinic C,Contacted - No Appointment,44,No,
L01723,2025-11-17,,Facebook,Dental Implant,Clinic D,Contacted - No Appointment,9,No,
L01724,2025-03-26,P01724,Facebook,Teeth Whitening,Clinic A,Appointment Booked,10,Yes,
L01725,2025-09-26,,Facebook,Dental Crown,Clinic C,Contacted - No Appointment,39,No,
L01726,2025-02-07,P01726,Instagram,Root Canal,Clinic A,Appointment Booked,14,Yes,
L01727,2025-06-06,P01727,Facebook,General Dentistry,Clinic B,Appointment Booked,8,Yes,
L01728,2025-10-16,P01728,Google Organic,Teeth Whitening,Clinic A,Appointment Booked,20,Yes,
L01729,2025-10-15,,Instagram,General Dentistry,Clinic A,Contacted - No Appointment,39,No,
L01730,2025-11-11,,Google Organic,Root Canal,Clinic B,Not Contacted/Cold,61,No,
L01731,2025-12-29,P01731,Facebook,Dental Crown,Clinic B,Appointment Booked,50,Yes,2026-02-01
L01732,2025-08-30,,Facebook,Dental Crown,Clinic C,Contacted - No Appointment,2,No,
L01733,2025-03-05,P01733,Instagram,Invisalign,Clinic A,Appointment Booked,15,Yes,2025-10-03
L01734,2025-06-12,P01734,Google Ads,Dental Crown,Clinic B,Appointment Booked,7,Yes,
L01735,2025-06-01,P01735,Facebook,Invisalign,Clinic A,Appointment Booked,10,Yes,2025-03-06
L01736,2025-02-19,,Instagram,Dental Implant,Clinic C,Contacted - No Appointment,20,No,
L01737,2025-07-15,P01737,Google Ads,Root Canal,Clinic C,Appointment Booked,20,Yes,
L01738,2025-04-26,,Facebook,Teeth Whitening,Clinic C,Contacted - No Appointment,2,No,
L01739,2025-05-29,P01739,Instagram,General Dentistry,Clinic C,Appointment Booked,10,Yes,2025-12-06
L01740,2025-05-01,,Referral,Root Canal,Clinic B,Not Contacted/Cold,52,No,
L01741,2025-06-15,P01741,Referral,Dental Crown,Clinic D,Appointment Booked,5,Yes,
L01742,2025-01-21,,Google Ads,Dental Implant,Clinic B,Contacted - No Appointment,39,No,
L01743,2025-12-07,,Facebook,General Dentistry,Clinic B,Contacted - No Appointment,12,No,
L01744,2025-08-19,,Google Ads,Dental Crown,Clinic C,Contacted - No Appointment,18,No,
L01745,2025-06-01,P01745,Google Ads,Teeth Whitening,Clinic A,Appointment Booked,42,Yes,2025-02-06
L01746,2025-12-30,P01746,Google Organic,Teeth Whitening,Clinic C,Appointment Booked,15,Yes,2026-08-01
L01747,2025-05-08,,Google Ads,Invisalign,Clinic C,Not Contacted/Cold,54,No,
L01748,2025-06-25,P01748,Google Ads,Root Canal,Clinic B,Appointment Booked,5,Yes,2025-01-07
L01749,2025-02-03,,Referral,General Dentistry,Clinic A,Contacted - No Appointment,34,No,
L01750,2025-07-24,P01750,Google Organic,Dental Implant,Clinic A,Appointment Booked,31,Yes,
L01751,2025-01-04,,Google Organic,Dental Crown,Clinic D,Not Contacted/Cold,50,No,
L01752,2025-12-19,,Referral,General Dentistry,Clinic C,Contacted - No Appointment,27,No,
L01753,2025-11-22,P01753,Google Organic,Invisalign,Clinic A,Appointment Booked,16,Yes,2025-03-12
L01754,2025-08-09,,Google Ads,General Dentistry,Clinic B,Contacted - No Appointment,9,No,
L01755,2025-12-05,,Facebook,General Dentistry,Clinic C,Contacted - No Appointment,14,No,
L01756,2025-01-02,,Facebook,Teeth Whitening,Clinic D,Contacted - No Appointment,5,No,
L01757,2025-12-28,,Facebook,Invisalign,Clinic A,Contacted - No Appointment,32,No,
L01758,2025-04-22,,Google Organic,Invisalign,Clinic A,Contacted - No Appointment,18,No,
L01759,2025-04-17,,Facebook,Dental Implant,Clinic D,Contacted - No Appointment,16,No,
L01760,2025-07-05,P01760,Google Ads,General Dentistry,Clinic A,Appointment Booked,13,Yes,2025-07-07
L01761,2025-11-29,,Google Ads,General Dentistry,Clinic A,Contacted - No Appointment,30,No,
L01762,2025-06-23,P01762,Google Ads,Dental Crown,Clinic D,Appointment Booked,16,Yes,2025-05-07
L01763,2025-05-18,P01763,Referral,Root Canal,Clinic C,Appointment Booked,19,Yes,
L01764,2025-04-23,,Instagram,Dental Implant,Clinic B,Contacted - No Appointment,19,No,
L01765,2025-01-12,,Instagram,Teeth Whitening,Clinic A,Contacted - No Appointment,27,No,
L01766,2025-11-06,,Facebook,Teeth Whitening,Clinic A,Contacted - No Appointment,26,No,
L01767,2025-01-29,,Instagram,General Dentistry,Clinic A,Contacted - No Appointment,42,No,
L01768,2025-05-07,,Google Organic,Teeth Whitening,Clinic D,Contacted - No Appointment,39,No,
L01769,2025-11-05,,Instagram,General Dentistry,Clinic B,Contacted - No Appointment,13,No,
L01770,2025-10-21,,Referral,Teeth Whitening,Clinic C,Not Contacted/Cold,59,No,
L01771,2025-01-31,P01771,Referral,Dental Crown,Clinic D,Appointment Booked,25,Yes,2025-02-02
L01772,2025-08-21,,Referral,Root Canal,Clinic B,Not Contacted/Cold,68,No,
L01773,2025-12-30,P01773,Instagram,General Dentistry,Clinic A,Appointment Booked,23,Yes,2026-12-01
L01774,2025-12-05,,Referral,Dental Crown,Clinic C,Contacted - No Appointment,14,No,
L01775,2025-05-29,,Facebook,Root Canal,Clinic D,Contacted - No Appointment,12,No,
L01776,2025-09-20,P01776,Referral,Dental Implant,Clinic D,Appointment Booked,4,Yes,
L01777,2025-03-22,P01777,Referral,Invisalign,Clinic A,Appointment Booked,22,Yes,
L01778,2025-03-14,P01778,Referral,Root Canal,Clinic C,Appointment Booked,23,Yes,
L01779,2025-06-13,P01779,Google Organic,Invisalign,Clinic C,Appointment Booked,18,Yes,
L01780,2025-09-07,,Facebook,Invisalign,Clinic D,Contacted - No Appointment,24,No,
L01781,2025-06-08,P01781,Google Ads,Root Canal,Clinic A,Appointment Booked,6,Yes,
L01782,2025-12-25,P01782,Facebook,Dental Implant,Clinic C,Appointment Booked,17,Yes,
L01783,2025-07-22,,Google Organic,Teeth Whitening,Clinic D,Contacted - No Appointment,7,No,
L01784,2025-10-19,P01784,Google Ads,Root Canal,Clinic B,Appointment Booked,25,Yes,
L01785,2025-03-20,,Facebook,Dental Crown,Clinic B,Contacted - No Appointment,21,No,
L01786,2025-02-13,,Instagram,Dental Implant,Clinic A,Contacted - No Appointment,38,No,
L01787,2025-11-30,P01787,Instagram,Invisalign,Clinic B,Appointment Booked,15,Yes,2025-09-12
L01788,2025-10-07,,Referral,Root Canal,Clinic B,Contacted - No Appointment,38,No,
L01789,2025-07-02,P01789,Instagram,Teeth Whitening,Clinic D,Appointment Booked,17,Yes,
L01790,2025-02-06,,Google Organic,Teeth Whitening,Clinic B,Contacted - No Appointment,29,No,
L01791,2025-12-03,P01791,Instagram,Invisalign,Clinic B,Appointment Booked,10,Yes,2025-10-12
L01792,2025-01-15,P01792,Google Organic,Dental Crown,Clinic C,Appointment Booked,19,Yes,
L01793,2025-02-18,P01793,Google Ads,Invisalign,Clinic A,Appointment Booked,18,Yes,
L01794,2025-04-14,P01794,Google Ads,General Dentistry,Clinic B,Appointment Booked,40,Yes,
L01795,2025-06-23,,Referral,General Dentistry,Clinic C,Contacted - No Appointment,18,No,
L01796,2025-05-29,P01796,Google Organic,Dental Crown,Clinic D,Appointment Booked,18,Yes,
L01797,2025-01-18,,Google Organic,Dental Crown,Clinic C,Not Contacted/Cold,64,No,
L01798,2025-04-18,,Facebook,Teeth Whitening,Clinic C,Contacted - No Appointment,33,No,
L01799,2025-08-23,P01799,Facebook,Teeth Whitening,Clinic A,Appointment Booked,15,Yes,
L01800,2025-10-23,P01800,Instagram,Dental Crown,Clinic D,Appointment Booked,27,Yes,
L01801,2025-01-17,,Google Ads,General Dentistry,Clinic A,Contacted - No Appointment,35,No,
L01802,2025-09-20,,Facebook,Dental Crown,Clinic D,Contacted - No Appointment,20,No,
L01803,2025-06-13,,Facebook,Dental Crown,Clinic B,Contacted - No Appointment,32,No,
L01804,2025-01-09,P01804,Facebook,General Dentistry,Clinic D,Appointment Booked,19,Yes,2025-11-01
L01805,2025-01-05,,Instagram,Dental Crown,Clinic C,Contacted - No Appointment,40,No,
L01806,2025-04-25,P01806,Referral,Teeth Whitening,Clinic D,Appointment Booked,4,Yes,2025-05-05
L01807,2025-04-21,P01807,Instagram,Invisalign,Clinic A,Appointment Booked,9,Yes,
L01808,2025-10-01,,Referral,Root Canal,Clinic B,Contacted - No Appointment,14,No,
L01809,2025-07-01,,Instagram,Dental Implant,Clinic C,Contacted - No Appointment,32,No,
L01810,2025-08-21,P01810,Instagram,Root Canal,Clinic D,Appointment Booked,24,Yes,
L01811,2025-08-21,P01811,Google Ads,Root Canal,Clinic A,Appointment Booked,10,Yes,
L01812,2025-08-07,,Google Ads,General Dentistry,Clinic D,Contacted - No Appointment,21,No,
L01813,2025-03-21,,Instagram,Dental Crown,Clinic D,Contacted - No Appointment,4,No,
L01814,2025-09-24,,Facebook,Teeth Whitening,Clinic B,Contacted - No Appointment,5,No,
L01815,2025-06-07,,Google Organic,Invisalign,Clinic D,Contacted - No Appointment,5,No,
L01816,2025-10-13,P01816,Facebook,General Dentistry,Clinic C,Appointment Booked,8,Yes,
L01817,2025-11-19,P01817,Referral,Dental Crown,Clinic B,Appointment Booked,31,Yes,
L01818,2025-02-26,P01818,Referral,Dental Crown,Clinic B,Appointment Booked,25,Yes,
L01819,2025-07-24,,Google Ads,Invisalign,Clinic C,Contacted - No Appointment,15,No,
L01820,2025-03-14,,Facebook,Root Canal,Clinic C,Contacted - No Appointment,32,No,
L01821,2025-01-15,,Instagram,Dental Crown,Clinic B,Contacted - No Appointment,42,No,
L01822,2025-05-19,,Facebook,Dental Crown,Clinic C,Contacted - No Appointment,8,No,
L01823,2025-01-13,,Google Ads,General Dentistry,Clinic C,Contacted - No Appointment,39,No,
L01824,2025-02-21,,Google Organic,General Dentistry,Clinic C,Contacted - No Appointment,10,No,
L01825,2025-07-14,,Referral,General Dentistry,Clinic A,Contacted - No Appointment,12,No,
L01826,2025-07-18,P01826,Google Organic,Dental Crown,Clinic D,Appointment Booked,56,Yes,
L01827,2025-12-29,,Facebook,General Dentistry,Clinic B,Contacted - No Appointment,21,No,
L01828,2025-10-27,,Facebook,General Dentistry,Clinic B,Contacted - No Appointment,13,No,
L01829,2025-02-17,P01829,Facebook,Invisalign,Clinic A,Appointment Booked,28,Yes,
L01830,2025-12-22,P01830,Facebook,Root Canal,Clinic B,Appointment Booked,34,Yes,2026-03-01
L01831,2025-04-19,,Facebook,Invisalign,Clinic D,Contacted - No Appointment,21,No,
L01832,2025-10-26,P01832,Google Ads,Dental Implant,Clinic B,Appointment Booked,13,Yes,2025-05-11
L01833,2025-12-24,P01833,Referral,Invisalign,Clinic C,Appointment Booked,24,Yes,2026-05-01
L01834,2025-07-18,P01834,Google Organic,Dental Implant,Clinic A,Appointment Booked,29,Yes,
L01835,2025-08-02,,Google Organic,Teeth Whitening,Clinic B,Contacted - No Appointment,17,No,
L01836,2025-02-08,,Referral,Root Canal,Clinic D,Not Contacted/Cold,54,No,
L01837,2025-08-10,,Google Ads,Invisalign,Clinic D,Contacted - No Appointment,23,No,
L01838,2025-10-14,,Google Ads,Teeth Whitening,Clinic A,Contacted - No Appointment,33,No,
L01839,2025-03-08,,Google Organic,General Dentistry,Clinic B,Contacted - No Appointment,34,No,
L01840,2025-10-05,,Referral,General Dentistry,Clinic A,Contacted - No Appointment,6,No,
L01841,2025-08-15,,Instagram,Dental Crown,Clinic B,Contacted - No Appointment,28,No,
L01842,2025-05-13,P01842,Google Ads,Root Canal,Clinic D,Appointment Booked,30,Yes,
L01843,2025-07-27,P01843,Google Organic,Invisalign,Clinic D,Appointment Booked,13,Yes,2025-07-08
L01844,2025-04-15,,Google Ads,Invisalign,Clinic A,Contacted - No Appointment,11,No,
L01845,2025-06-03,P01845,Facebook,Invisalign,Clinic D,Appointment Booked,5,Yes,2025-11-06
L01846,2025-11-06,,Google Ads,Root Canal,Clinic C,Contacted - No Appointment,44,No,
L01847,2025-11-01,P01847,Referral,General Dentistry,Clinic B,Appointment Booked,10,Yes,2025-11-11
L01848,2025-11-02,P01848,Facebook,Dental Implant,Clinic B,Appointment Booked,6,Yes,2025-08-11
L01849,2025-09-20,,Referral,Invisalign,Clinic C,Contacted - No Appointment,15,No,
L01850,2025-09-30,,Google Ads,Invisalign,Clinic C,Contacted - No Appointment,9,No,
L01851,2025-09-08,,Facebook,Teeth Whitening,Clinic B,Contacted - No Appointment,6,No,
L01852,2025-02-01,,Referral,Root Canal,Clinic B,Not Contacted/Cold,71,No,
L01853,2025-08-28,P01853,Google Ads,Root Canal,Clinic A,Appointment Booked,8,Yes,2025-05-09
L01854,2025-03-22,P01854,Instagram,Dental Implant,Clinic D,Appointment Booked,10,Yes,
L01855,2025-11-22,,Facebook,Root Canal,Clinic C,Contacted - No Appointment,21,No,
L01856,2025-06-14,,Google Organic,Dental Implant,Clinic A,Contacted - No Appointment,5,No,
L01857,2025-03-31,P01857,Google Ads,Root Canal,Clinic D,Appointment Booked,18,Yes,2025-03-04
L01858,2025-02-14,P01858,Facebook,Dental Implant,Clinic D,Appointment Booked,29,Yes,
L01859,2025-08-14,,Google Organic,Teeth Whitening,Clinic D,Contacted - No Appointment,22,No,
L01860,2025-09-13,P01860,Facebook,Dental Crown,Clinic B,Appointment Booked,26,Yes,
L01861,2025-11-22,,Google Ads,Teeth Whitening,Clinic A,Contacted - No Appointment,17,No,
L01862,2025-07-29,,Google Organic,Root Canal,Clinic C,Contacted - No Appointment,13,No,
L01863,2025-10-07,P01863,Facebook,Root Canal,Clinic A,Appointment Booked,26,Yes,
L01864,2025-11-25,,Google Ads,Dental Implant,Clinic D,Contacted - No Appointment,25,No,
L01865,2025-05-07,,Instagram,Root Canal,Clinic A,Contacted - No Appointment,8,No,
L01866,2025-04-27,,Referral,Root Canal,Clinic A,Contacted - No Appointment,20,No,
L01867,2025-12-24,P01867,Google Ads,Root Canal,Clinic B,Appointment Booked,18,Yes,
L01868,2025-12-03,P01868,Instagram,Teeth Whitening,Clinic B,Appointment Booked,29,Yes,
L01869,2025-11-21,P01869,Google Organic,General Dentistry,Clinic D,Appointment Booked,24,Yes,
L01870,2025-09-19,,Google Ads,Teeth Whitening,Clinic B,Contacted - No Appointment,41,No,
L01871,2025-08-02,,Google Ads,Dental Implant,Clinic A,Contacted - No Appointment,34,No,
L01872,2025-03-18,,Facebook,Dental Crown,Clinic B,Contacted - No Appointment,37,No,
L01873,2025-03-21,,Google Organic,Dental Implant,Clinic B,Contacted - No Appointment,30,No,
L01874,2025-04-15,,Google Ads,Dental Crown,Clinic A,Contacted - No Appointment,36,No,
L01875,2025-10-08,P01875,Google Organic,Root Canal,Clinic C,Appointment Booked,14,Yes,
L01876,2025-05-17,P01876,Instagram,Dental Implant,Clinic C,Appointment Booked,34,Yes,
L01877,2025-06-11,,Facebook,General Dentistry,Clinic C,Contacted - No Appointment,18,No,
L01878,2025-02-27,P01878,Facebook,Dental Crown,Clinic D,Appointment Booked,6,Yes,
L01879,2025-07-19,,Referral,Root Canal,Clinic D,Contacted - No Appointment,33,No,
L01880,2025-02-17,P01880,Google Ads,Dental Implant,Clinic D,Appointment Booked,22,Yes,2025-03-03
L01881,2025-09-02,,Facebook,Root Canal,Clinic A,Not Contacted/Cold,46,No,
L01882,2025-06-02,,Instagram,General Dentistry,Clinic A,Contacted - No Appointment,20,No,
L01883,2025-02-04,P01883,Google Ads,Dental Crown,Clinic B,Appointment Booked,10,Yes,
L01884,2025-10-10,,Google Ads,General Dentistry,Clinic D,Contacted - No Appointment,12,No,
L01885,2025-09-28,,Google Ads,Dental Implant,Clinic D,Contacted - No Appointment,16,No,
L01886,2025-02-08,P01886,Facebook,Dental Crown,Clinic D,Appointment Booked,23,Yes,
L01887,2025-05-22,P01887,Google Ads,Teeth Whitening,Clinic A,Appointment Booked,36,Yes,2025-02-06
L01888,2025-09-08,,Google Organic,Root Canal,Clinic D,Contacted - No Appointment,22,No,
L01889,2025-10-14,,Referral,Dental Implant,Clinic B,Contacted - No Appointment,8,No,
L01890,2025-01-29,P01890,Google Ads,Dental Crown,Clinic A,Appointment Booked,23,Yes,2025-01-02
L01891,2025-10-09,P01891,Facebook,Dental Crown,Clinic B,Appointment Booked,40,Yes,
L01892,2025-11-02,P01892,Google Ads,Teeth Whitening,Clinic A,Appointment Booked,21,Yes,
L01893,2025-04-04,P01893,Google Ads,Teeth Whitening,Clinic C,Appointment Booked,25,Yes,2025-09-04
L01894,2025-03-02,P01894,Facebook,Teeth Whitening,Clinic B,Appointment Booked,18,Yes,
L01895,2025-05-06,,Facebook,Dental Crown,Clinic B,Contacted - No Appointment,18,No,
L01896,2025-09-24,,Referral,Invisalign,Clinic C,Contacted - No Appointment,37,No,
L01897,2025-08-26,,Facebook,Root Canal,Clinic D,Contacted - No Appointment,31,No,
L01898,2025-08-08,,Facebook,Teeth Whitening,Clinic C,Not Contacted/Cold,75,No,
L01899,2025-09-28,P01899,Google Ads,General Dentistry,Clinic B,Appointment Booked,13,Yes,2025-01-10
L01900,2025-07-19,,Google Ads,Dental Implant,Clinic D,Contacted - No Appointment,11,No,
L01901,2025-09-02,,Referral,Root Canal,Clinic D,Contacted - No Appointment,6,No,
L01902,2025-09-09,,Google Ads,Invisalign,Clinic A,Contacted - No Appointment,16,No,
L01903,2025-10-28,,Referral,Invisalign,Clinic C,Contacted - No Appointment,18,No,
L01904,2025-05-03,P01904,Google Ads,Root Canal,Clinic B,Appointment Booked,11,Yes,2025-04-05
L01905,2025-10-10,,Instagram,Dental Crown,Clinic A,Contacted - No Appointment,26,No,
L01906,2025-06-13,P01906,Referral,Dental Implant,Clinic C,Appointment Booked,32,Yes,
L01907,2025-08-23,,Google Ads,Teeth Whitening,Clinic D,Contacted - No Appointment,25,No,
L01908,2025-11-23,,Facebook,Teeth Whitening,Clinic A,Contacted - No Appointment,8,No,
L01909,2025-10-19,,Google Organic,General Dentistry,Clinic D,Contacted - No Appointment,12,No,
L01910,2025-01-19,,Google Ads,Invisalign,Clinic D,Contacted - No Appointment,20,No,
L01911,2025-09-11,P01911,Google Organic,Dental Crown,Clinic D,Appointment Booked,39,Yes,
L01912,2025-05-02,,Google Ads,Root Canal,Clinic B,Contacted - No Appointment,17,No,
L01913,2025-04-26,,Google Ads,Invisalign,Clinic D,Contacted - No Appointment,3,No,
L01914,2025-06-17,P01914,Google Ads,Dental Crown,Clinic B,Appointment Booked,16,Yes,
L01915,2025-12-23,,Referral,Teeth Whitening,Clinic C,Contacted - No Appointment,19,No,
L01916,2025-02-14,,Google Ads,Dental Implant,Clinic A,Not Contacted/Cold,49,No,
L01917,2025-02-25,P01917,Google Ads,General Dentistry,Clinic A,Appointment Booked,3,Yes,2025-03-03
L01918,2025-09-28,,Instagram,Teeth Whitening,Clinic C,Contacted - No Appointment,32,No,
L01919,2025-08-10,,Facebook,Teeth Whitening,Clinic B,Contacted - No Appointment,6,No,
L01920,2025-03-12,P01920,Facebook,Teeth Whitening,Clinic A,Appointment Booked,14,Yes,
L01921,2025-01-18,P01921,Google Ads,Root Canal,Clinic A,Appointment Booked,25,Yes,
L01922,2025-05-15,,Google Organic,Teeth Whitening,Clinic C,Contacted - No Appointment,35,No,
L01923,2025-06-15,,Instagram,Root Canal,Clinic A,Contacted - No Appointment,12,No,
L01924,2025-04-15,,Facebook,General Dentistry,Clinic D,Contacted - No Appointment,14,No,
L01925,2025-08-10,P01925,Google Ads,Dental Implant,Clinic A,Appointment Booked,17,Yes,
L01926,2025-01-24,,Instagram,Invisalign,Clinic A,Contacted - No Appointment,11,No,
L01927,2025-09-11,,Google Organic,Dental Crown,Clinic B,Not Contacted/Cold,46,No,
L01928,2025-05-06,,Facebook,Invisalign,Clinic B,Contacted - No Appointment,22,No,
L01929,2025-10-21,P01929,Google Ads,Root Canal,Clinic B,Appointment Booked,30,Yes,
L01930,2025-04-25,,Google Ads,Root Canal,Clinic B,Contacted - No Appointment,17,No,
L01931,2025-12-03,,Google Organic,General Dentistry,Clinic D,Contacted - No Appointment,17,No,
L01932,2025-11-09,,Referral,Root Canal,Clinic C,Contacted - No Appointment,37,No,
L01933,2025-09-29,P01933,Google Ads,Root Canal,Clinic A,Appointment Booked,19,Yes,2025-09-10
L01934,2025-05-24,,Facebook,Invisalign,Clinic B,Contacted - No Appointment,27,No,
L01935,2025-05-13,,Google Ads,Root Canal,Clinic D,Contacted - No Appointment,15,No,
L01936,2025-01-10,P01936,Facebook,Root Canal,Clinic B,Appointment Booked,12,Yes,
L01937,2025-02-09,,Facebook,Teeth Whitening,Clinic A,Contacted - No Appointment,22,No,
L01938,2025-04-11,,Referral,Dental Implant,Clinic D,Contacted - No Appointment,10,No,
L01939,2025-11-25,P01939,Google Ads,Invisalign,Clinic C,Appointment Booked,5,Yes,
L01940,2025-12-05,,Google Organic,Root Canal,Clinic C,Contacted - No Appointment,15,No,
L01941,2025-02-09,P01941,Facebook,Root Canal,Clinic A,Appointment Booked,53,Yes,
L01942,2025-07-14,,Google Organic,Root Canal,Clinic A,Contacted - No Appointment,27,No,
L01943,2025-10-14,P01943,Facebook,Teeth Whitening,Clinic C,Appointment Booked,13,Yes,
L01944,2025-03-27,P01944,Google Ads,Invisalign,Clinic A,Appointment Booked,27,Yes,2025-04-04
L01945,2025-05-06,,Referral,Root Canal,Clinic B,Contacted - No Appointment,40,No,
L01946,2025-09-22,,Google Ads,Dental Crown,Clinic C,Contacted - No Appointment,11,No,
L01947,2025-06-21,,Instagram,Invisalign,Clinic B,Contacted - No Appointment,27,No,
L01948,2025-10-25,P01948,Referral,Teeth Whitening,Clinic D,Appointment Booked,15,Yes,2025-05-11
L01949,2025-06-17,,Google Ads,Root Canal,Clinic D,Contacted - No Appointment,43,No,
L01950,2025-08-12,,Instagram,Root Canal,Clinic C,Contacted - No Appointment,13,No,
L01951,2025-11-27,,Google Organic,Teeth Whitening,Clinic A,Contacted - No Appointment,14,No,
L01952,2025-04-19,,Referral,Invisalign,Clinic A,Contacted - No Appointment,25,No,
L01953,2025-02-18,P01953,Google Organic,General Dentistry,Clinic B,Appointment Booked,10,Yes,
L01954,2025-12-06,,Google Ads,Dental Crown,Clinic A,Contacted - No Appointment,9,No,
L01955,2025-07-15,,Google Organic,Dental Crown,Clinic D,Contacted - No Appointment,42,No,
L01956,2025-06-25,P01956,Google Organic,General Dentistry,Clinic A,Appointment Booked,37,Yes,
L01957,2025-10-27,,Google Organic,Teeth Whitening,Clinic B,Contacted - No Appointment,31,No,
L01958,2025-10-28,,Referral,Dental Crown,Clinic B,Contacted - No Appointment,12,No,
L01959,2025-05-22,,Google Ads,Teeth Whitening,Clinic C,Contacted - No Appointment,19,No,
L01960,2025-04-16,,Google Ads,Root Canal,Clinic A,Contacted - No Appointment,21,No,
L01961,2025-05-19,,Instagram,Root Canal,Clinic B,Not Contacted/Cold,51,No,
L01962,2025-12-20,,Referral,Dental Implant,Clinic B,Contacted - No Appointment,18,No,
L01963,2025-01-22,P01963,Facebook,Dental Implant,Clinic D,Appointment Booked,11,Yes,
L01964,2025-12-22,,Referral,General Dentistry,Clinic A,Contacted - No Appointment,29,No,
L01965,2025-03-24,P01965,Referral,Dental Implant,Clinic D,Appointment Booked,22,Yes,
L01966,2025-09-26,,Referral,Dental Implant,Clinic D,Contacted - No Appointment,32,No,
L01967,2025-11-07,P01967,Referral,Teeth Whitening,Clinic B,Appointment Booked,45,Yes,
L01968,2025-06-23,P01968,Referral,Dental Implant,Clinic D,Appointment Booked,47,Yes,
L01969,2025-02-14,P01969,Google Organic,Invisalign,Clinic A,Appointment Booked,13,Yes,
L01970,2025-08-14,,Google Organic,Dental Crown,Clinic D,Contacted - No Appointment,15,No,
L01971,2025-06-07,,Google Ads,Dental Crown,Clinic C,Contacted - No Appointment,2,No,
L01972,2025-09-03,,Google Ads,Teeth Whitening,Clinic B,Contacted - No Appointment,11,No,
L01973,2025-11-19,,Google Ads,Root Canal,Clinic B,Contacted - No Appointment,18,No,
L01974,2025-03-24,,Google Ads,Root Canal,Clinic A,Contacted - No Appointment,43,No,
L01975,2025-11-14,P01975,Google Ads,Teeth Whitening,Clinic D,Appointment Booked,18,Yes,
L01976,2025-06-21,,Referral,Root Canal,Clinic A,Contacted - No Appointment,35,No,
L01977,2025-02-17,P01977,Instagram,Dental Crown,Clinic C,Appointment Booked,12,Yes,
L01978,2025-02-19,P01978,Facebook,General Dentistry,Clinic B,Appointment Booked,8,Yes,
L01979,2025-05-25,P01979,Google Organic,Root Canal,Clinic D,Appointment Booked,19,Yes,2025-03-06
L01980,2025-10-24,,Facebook,Root Canal,Clinic A,Contacted - No Appointment,23,No,
L01981,2025-10-08,,Google Ads,Dental Implant,Clinic C,Contacted - No Appointment,11,No,
L01982,2025-01-12,,Referral,Dental Crown,Clinic B,Contacted - No Appointment,7,No,
L01983,2025-10-15,P01983,Facebook,Dental Implant,Clinic C,Appointment Booked,13,Yes,
L01984,2025-10-01,,Google Organic,Root Canal,Clinic A,Contacted - No Appointment,29,No,
L01985,2025-02-27,,Google Ads,Teeth Whitening,Clinic A,Contacted - No Appointment,19,No,
L01986,2025-03-19,P01986,Facebook,Root Canal,Clinic A,Appointment Booked,9,Yes,
L01987,2025-05-25,P01987,Google Organic,Invisalign,Clinic C,Appointment Booked,10,Yes,
L01988,2025-04-05,P01988,Google Ads,Teeth Whitening,Clinic A,Appointment Booked,31,Yes,
L01989,2025-10-13,,Referral,Invisalign,Clinic C,Contacted - No Appointment,17,No,
L01990,2025-03-25,P01990,Google Ads,Teeth Whitening,Clinic A,Appointment Booked,6,Yes,2025-05-04
L01991,2025-12-13,,Facebook,Dental Crown,Clinic D,Contacted - No Appointment,40,No,
L01992,2025-10-16,P01992,Referral,Dental Implant,Clinic D,Appointment Booked,6,Yes,
L01993,2025-03-19,,Referral,General Dentistry,Clinic C,Contacted - No Appointment,36,No,
L01994,2025-05-10,P01994,Google Ads,Invisalign,Clinic B,Appointment Booked,12,Yes,
L01995,2025-06-23,,Google Ads,General Dentistry,Clinic A,Contacted - No Appointment,9,No,
L01996,2025-11-12,P01996,Google Organic,Dental Implant,Clinic A,Appointment Booked,21,Yes,
L01997,2025-06-14,P01997,Google Ads,Invisalign,Clinic B,Appointment Booked,16,Yes,
L01998,2025-06-10,,Facebook,Invisalign,Clinic C,Contacted - No Appointment,13,No,
L01999,2025-05-05,,Google Organic,Dental Implant,Clinic C,Contacted - No Appointment,22,No,
L02000,2025-05-11,,Instagram,Teeth Whitening,Clinic D,Contacted - No Appointment,7,No,
L02001,2025-11-19,P02001,Google Ads,Dental Crown,Clinic B,Appointment Booked,20,Yes,2025-02-12
L02002,2025-10-29,P02002,Facebook,Teeth Whitening,Clinic C,Appointment Booked,21,Yes,2025-12-11
L02003,2025-05-12,,Referral,Invisalign,Clinic B,Contacted - No Appointment,12,No,
L02004,2025-10-14,P02004,Instagram,Root Canal,Clinic C,Appointment Booked,1,Yes,
L02005,2025-07-04,,Google Organic,Dental Crown,Clinic B,Contacted - No Appointment,16,No,
L02006,2025-01-22,,Facebook,Root Canal,Clinic B,Contacted - No Appointment,16,No,
L02007,2025-12-29,,Google Ads,Dental Crown,Clinic B,Contacted - No Appointment,15,No,
L02008,2025-12-09,,Google Ads,Dental Crown,Clinic C,Contacted - No Appointment,4,No,
L02009,2025-06-09,P02009,Facebook,Dental Implant,Clinic D,Appointment Booked,20,Yes,
L02010,2025-10-11,,Google Ads,Teeth Whitening,Clinic B,Contacted - No Appointment,33,No,
L02011,2025-08-07,,Facebook,Teeth Whitening,Clinic A,Contacted - No Appointment,15,No,
L02012,2025-06-16,P02012,Google Organic,Dental Crown,Clinic B,Appointment Booked,7,Yes,
L02013,2025-02-24,,Google Organic,Dental Implant,Clinic C,Contacted - No Appointment,25,No,
L02014,2025-11-13,,Google Ads,Invisalign,Clinic A,Not Contacted/Cold,46,No,
L02015,2025-06-02,,Google Organic,Root Canal,Clinic D,Contacted - No Appointment,9,No,
L02016,2025-01-07,,Google Organic,Invisalign,Clinic D,Contacted - No Appointment,9,No,
L02017,2025-10-25,,Google Ads,Invisalign,Clinic D,Contacted - No Appointment,40,No,
L02018,2025-03-04,,Google Ads,Teeth Whitening,Clinic A,Contacted - No Appointment,16,No,
L02019,2025-12-27,,Instagram,Dental Crown,Clinic D,Contacted - No Appointment,4,No,
L02020,2025-08-18,,Facebook,Dental Crown,Clinic C,Not Contacted/Cold,55,No,
L02021,2025-12-17,,Google Ads,Invisalign,Clinic B,Contacted - No Appointment,2,No,
L02022,2025-06-07,,Google Ads,General Dentistry,Clinic C,Contacted - No Appointment,3,No,
L02023,2025-05-31,,Google Ads,Invisalign,Clinic D,Contacted - No Appointment,7,No,
L02024,2025-07-10,P02024,Referral,Teeth Whitening,Clinic B,Appointment Booked,30,Yes,
L02025,2025-04-22,,Google Organic,General Dentistry,Clinic B,Contacted - No Appointment,31,No,
L02026,2025-07-23,,Facebook,Teeth Whitening,Clinic B,Contacted - No Appointment,6,No,
L02027,2025-06-16,P02027,Referral,General Dentistry,Clinic C,Appointment Booked,10,Yes,
L02028,2025-10-28,,Instagram,Dental Crown,Clinic A,Contacted - No Appointment,23,No,
L02029,2025-10-21,,Google Organic,Invisalign,Clinic D,Not Contacted/Cold,46,No,
L02030,2025-01-05,,Google Ads,Invisalign,Clinic C,Contacted - No Appointment,1,No,
L02031,2025-03-17,P02031,Instagram,Invisalign,Clinic C,Appointment Booked,3,Yes,
L02032,2025-02-19,P02032,Google Ads,Dental Implant,Clinic A,Appointment Booked,12,Yes,
L02033,2025-12-27,P02033,Facebook,Dental Crown,Clinic C,Appointment Booked,5,Yes,
L02034,2025-12-30,,Google Ads,Invisalign,Clinic A,Contacted - No Appointment,39,No,
L02035,2025-06-13,,Google Ads,Teeth Whitening,Clinic A,Contacted - No Appointment,17,No,
L02036,2025-08-20,,Google Ads,Root Canal,Clinic C,Contacted - No Appointment,37,No,
L02037,2025-02-25,P02037,Facebook,Root Canal,Clinic B,Appointment Booked,23,Yes,2025-08-03
L02038,2025-09-11,,Google Organic,General Dentistry,Clinic C,Contacted - No Appointment,29,No,
L02039,2025-02-28,,Facebook,Invisalign,Clinic A,Contacted - No Appointment,11,No,
L02040,2025-06-22,,Google Organic,Teeth Whitening,Clinic B,Contacted - No Appointment,3,No,
L02041,2025-05-11,P02041,Instagram,Teeth Whitening,Clinic A,Appointment Booked,16,Yes,
L02042,2025-06-24,,Facebook,Invisalign,Clinic D,Contacted - No Appointment,34,No,
L02043,2025-10-14,P02043,Google Ads,Root Canal,Clinic C,Appointment Booked,54,Yes,
L02044,2025-07-24,,Referral,Root Canal,Clinic C,Contacted - No Appointment,15,No,
L02045,2025-03-10,,Google Ads,Teeth Whitening,Clinic B,Contacted - No Appointment,30,No,
L02046,2025-12-26,,Google Organic,Dental Crown,Clinic A,Contacted - No Appointment,11,No,
L02047,2025-12-17,,Instagram,Root Canal,Clinic D,Contacted - No Appointment,13,No,
L02048,2025-11-18,,Facebook,Teeth Whitening,Clinic B,Contacted - No Appointment,17,No,
L02049,2025-09-20,,Google Ads,Invisalign,Clinic B,Not Contacted/Cold,48,No,
L02050,2025-07-20,P02050,Facebook,Teeth Whitening,Clinic C,Appointment Booked,29,Yes,
L02051,2025-08-28,,Referral,General Dentistry,Clinic A,Contacted - No Appointment,26,No,
L02052,2025-05-28,,Google Organic,General Dentistry,Clinic D,Not Contacted/Cold,46,No,
L02053,2025-02-27,,Referral,Teeth Whitening,Clinic C,Contacted - No Appointment,10,No,
L02054,2025-12-04,,Facebook,Root Canal,Clinic B,Contacted - No Appointment,15,No,
L02055,2025-05-04,,Facebook,General Dentistry,Clinic A,Contacted - No Appointment,26,No,
L02056,2025-09-11,,Google Ads,Root Canal,Clinic A,Contacted - No Appointment,12,No,
L02057,2025-06-06,,Referral,Dental Crown,Clinic D,Contacted - No Appointment,14,No,
L02058,2025-09-18,,Facebook,Dental Implant,Clinic C,Contacted - No Appointment,22,No,
L02059,2025-04-04,,Facebook,General Dentistry,Clinic A,Contacted - No Appointment,18,No,
L02060,2025-03-02,P02060,Referral,Teeth Whitening,Clinic A,Appointment Booked,7,Yes,2025-04-03
L02061,2025-07-19,,Facebook,Teeth Whitening,Clinic C,Contacted - No Appointment,10,No,
L02062,2025-11-03,,Instagram,Dental Implant,Clinic C,Contacted - No Appointment,7,No,
L02063,2025-05-06,,Google Ads,Teeth Whitening,Clinic B,Contacted - No Appointment,30,No,
L02064,2025-08-31,,Facebook,Teeth Whitening,Clinic B,Contacted - No Appointment,10,No,
L02065,2025-06-06,,Referral,Dental Crown,Clinic A,Contacted - No Appointment,27,No,
L02066,2025-07-24,,Instagram,Invisalign,Clinic C,Contacted - No Appointment,20,No,
L02067,2025-01-04,,Google Ads,Root Canal,Clinic D,Contacted - No Appointment,18,No,
L02068,2025-08-20,P02068,Google Ads,Dental Implant,Clinic A,Appointment Booked,6,Yes,
L02069,2025-03-05,,Facebook,Root Canal,Clinic C,Contacted - No Appointment,20,No,
L02070,2025-03-28,P02070,Instagram,Invisalign,Clinic B,Appointment Booked,25,Yes,2025-05-04
L02071,2025-09-30,P02071,Google Ads,Invisalign,Clinic B,Appointment Booked,30,Yes,2025-11-10
L02072,2025-12-02,P02072,Instagram,Dental Implant,Clinic A,Appointment Booked,7,Yes,2025-04-12
L02073,2025-07-26,P02073,Facebook,Invisalign,Clinic D,Appointment Booked,15,Yes,2025-05-08
L02074,2025-11-02,,Google Organic,Dental Implant,Clinic B,Contacted - No Appointment,35,No,
L02075,2025-10-20,,Google Ads,General Dentistry,Clinic C,Contacted - No Appointment,33,No,
L02076,2025-11-13,,Google Organic,Root Canal,Clinic B,Contacted - No Appointment,17,No,
L02077,2025-07-13,P02077,Facebook,Root Canal,Clinic A,Appointment Booked,6,Yes,
L02078,2025-06-06,,Facebook,Root Canal,Clinic A,Contacted - No Appointment,31,No,
L02079,2025-08-26,,Referral,Dental Crown,Clinic C,Contacted - No Appointment,18,No,
L02080,2025-01-18,P02080,Google Ads,General Dentistry,Clinic A,Appointment Booked,9,Yes,
L02081,2025-09-25,P02081,Facebook,Dental Implant,Clinic C,Appointment Booked,16,Yes,
L02082,2025-02-18,P02082,Facebook,Invisalign,Clinic B,Appointment Booked,6,Yes,
L02083,2025-05-12,,Facebook,General Dentistry,Clinic B,Contacted - No Appointment,31,No,
L02084,2025-10-20,P02084,Instagram,Root Canal,Clinic B,Appointment Booked,4,Yes,
L02085,2025-06-25,P02085,Google Ads,Dental Implant,Clinic B,Appointment Booked,37,Yes,2025-04-07
L02086,2025-05-16,,Instagram,Dental Implant,Clinic A,Contacted - No Appointment,22,No,
L02087,2025-03-21,,Instagram,Dental Implant,Clinic B,Contacted - No Appointment,6,No,
L02088,2025-04-11,P02088,Google Organic,General Dentistry,Clinic C,Appointment Booked,15,Yes,
L02089,2025-05-01,P02089,Google Ads,Invisalign,Clinic C,Appointment Booked,13,Yes,2025-02-05
L02090,2025-10-07,,Google Ads,General Dentistry,Clinic B,Contacted - No Appointment,9,No,
L02091,2025-01-22,P02091,Instagram,General Dentistry,Clinic B,Appointment Booked,21,Yes,2025-04-02
L02092,2025-12-05,,Google Ads,Dental Crown,Clinic A,Not Contacted/Cold,47,No,
L02093,2025-02-05,P02093,Google Organic,Dental Implant,Clinic A,Appointment Booked,10,Yes,2025-12-02
L02094,2025-07-26,P02094,Google Ads,Dental Implant,Clinic A,Appointment Booked,19,Yes,2025-07-08
L02095,2025-09-29,P02095,Facebook,Root Canal,Clinic D,Appointment Booked,18,Yes,
L02096,2025-12-05,P02096,Google Organic,Root Canal,Clinic A,Appointment Booked,20,Yes,
L02097,2025-06-15,,Google Organic,Dental Crown,Clinic A,Contacted - No Appointment,2,No,
L02098,2025-05-02,,Instagram,Root Canal,Clinic B,Contacted - No Appointment,38,No,
L02099,2025-10-10,,Referral,General Dentistry,Clinic A,Not Contacted/Cold,73,No,
L02100,2025-10-13,,Google Organic,Root Canal,Clinic C,Contacted - No Appointment,18,No,
L02101,2025-09-09,,Facebook,Dental Crown,Clinic A,Contacted - No Appointment,29,No,
L02102,2025-10-10,P02102,Referral,General Dentistry,Clinic A,Appointment Booked,24,Yes,
L02103,2025-10-12,,Google Organic,Dental Implant,Clinic C,Contacted - No Appointment,7,No,
L02104,2025-06-29,,Instagram,Invisalign,Clinic B,Contacted - No Appointment,17,No,
L02105,2025-12-15,P02105,Facebook,Dental Implant,Clinic C,Appointment Booked,11,Yes,
L02106,2025-08-02,,Referral,Dental Implant,Clinic C,Contacted - No Appointment,16,No,
L02107,2025-04-08,P02107,Google Ads,Root Canal,Clinic A,Appointment Booked,19,Yes,
L02108,2025-02-07,,Google Ads,Invisalign,Clinic C,Contacted - No Appointment,20,No,
L02109,2025-10-03,,Google Ads,Root Canal,Clinic A,Contacted - No Appointment,10,No,
L02110,2025-08-03,,Google Ads,General Dentistry,Clinic C,Contacted - No Appointment,20,No,
L02111,2025-05-03,P02111,Facebook,Dental Implant,Clinic B,Appointment Booked,16,Yes,
L02112,2025-01-28,,Google Organic,Root Canal,Clinic B,Contacted - No Appointment,36,No,
L02113,2025-08-13,P02113,Instagram,Dental Implant,Clinic C,Appointment Booked,28,Yes,
L02114,2025-01-06,P02114,Google Ads,Invisalign,Clinic D,Appointment Booked,32,Yes,
L02115,2025-10-23,P02115,Google Organic,Root Canal,Clinic D,Appointment Booked,34,Yes,
L02116,2025-09-22,P02116,Facebook,General Dentistry,Clinic C,Appointment Booked,8,Yes,2025-06-10
L02117,2025-05-06,P02117,Facebook,Root Canal,Clinic B,Appointment Booked,28,Yes,
L02118,2025-02-01,P02118,Facebook,Dental Implant,Clinic A,Appointment Booked,8,Yes,2025-10-02
L02119,2025-05-17,,Referral,Root Canal,Clinic A,Contacted - No Appointment,43,No,
L02120,2025-07-27,,Facebook,Dental Implant,Clinic B,Contacted - No Appointment,27,No,
L02121,2025-08-29,,Google Ads,Invisalign,Clinic B,Contacted - No Appointment,8,No,
L02122,2025-02-16,P02122,Facebook,Dental Crown,Clinic D,Appointment Booked,20,Yes,
L02123,2025-12-05,P02123,Google Organic,Dental Implant,Clinic B,Appointment Booked,9,Yes,
L02124,2025-04-05,,Instagram,Root Canal,Clinic B,Contacted - No Appointment,13,No,
L02125,2025-07-17,,Google Ads,Dental Crown,Clinic B,Contacted - No Appointment,23,No,
L02126,2025-02-11,,Google Ads,Root Canal,Clinic D,Contacted - No Appointment,11,No,
L02127,2025-02-22,,Instagram,Dental Implant,Clinic C,Contacted - No Appointment,15,No,
L02128,2025-01-08,P02128,Google Organic,General Dentistry,Clinic C,Appointment Booked,34,Yes,
L02129,2025-04-20,,Facebook,Root Canal,Clinic B,Contacted - No Appointment,16,No,
L02130,2025-05-12,,Google Organic,Teeth Whitening,Clinic D,Contacted - No Appointment,9,No,
L02131,2025-10-01,,Referral,Invisalign,Clinic A,Contacted - No Appointment,3,No,
L02132,2025-09-10,P02132,Google Ads,Root Canal,Clinic D,Appointment Booked,29,Yes,
L02133,2025-04-07,P02133,Instagram,Root Canal,Clinic C,Appointment Booked,28,Yes,
L02134,2025-01-20,,Google Ads,Invisalign,Clinic B,Contacted - No Appointment,20,No,
L02135,2025-08-21,,Google Organic,Dental Implant,Clinic B,Not Contacted/Cold,67,No,
L02136,2025-04-05,,Facebook,Root Canal,Clinic C,Contacted - No Appointment,14,No,
L02137,2025-07-03,,Google Ads,General Dentistry,Clinic A,Contacted - No Appointment,37,No,
L02138,2025-03-09,,Google Organic,Dental Crown,Clinic D,Contacted - No Appointment,11,No,
L02139,2025-05-26,P02139,Google Organic,Dental Implant,Clinic B,Appointment Booked,30,Yes,2025-09-06
L02140,2025-02-28,P02140,Google Ads,Dental Crown,Clinic B,Appointment Booked,7,Yes,2025-08-03
L02141,2025-03-13,,Google Ads,General Dentistry,Clinic A,Contacted - No Appointment,29,No,
L02142,2025-01-05,,Facebook,Teeth Whitening,Clinic B,Contacted - No Appointment,15,No,
L02143,2025-06-27,P02143,Instagram,Dental Implant,Clinic B,Appointment Booked,25,Yes,2025-01-07
L02144,2025-07-11,P02144,Google Organic,General Dentistry,Clinic B,Appointment Booked,21,Yes,
L02145,2025-10-17,,Facebook,Invisalign,Clinic C,Contacted - No Appointment,28,No,
L02146,2025-12-19,P02146,Instagram,Root Canal,Clinic B,Appointment Booked,3,Yes,
L02147,2025-12-06,P02147,Google Organic,Root Canal,Clinic D,Appointment Booked,16,Yes,2025-12-12
L02148,2025-05-28,,Facebook,General Dentistry,Clinic C,Contacted - No Appointment,35,No,
L02149,2025-01-05,,Instagram,General Dentistry,Clinic D,Contacted - No Appointment,39,No,
L02150,2025-07-20,,Facebook,General Dentistry,Clinic A,Contacted - No Appointment,25,No,
L02151,2025-01-23,,Referral,Dental Implant,Clinic B,Contacted - No Appointment,36,No,
L02152,2025-11-18,P02152,Google Ads,General Dentistry,Clinic B,Appointment Booked,16,Yes,
L02153,2025-01-14,,Google Ads,Dental Implant,Clinic C,Contacted - No Appointment,1,No,
L02154,2025-08-06,P02154,Google Ads,Invisalign,Clinic D,Appointment Booked,11,Yes,2025-07-08
L02155,2025-02-20,,Google Organic,Root Canal,Clinic A,Contacted - No Appointment,19,No,
L02156,2025-07-21,P02156,Facebook,Root Canal,Clinic A,Appointment Booked,21,Yes,
L02157,2025-10-19,,Facebook,Dental Crown,Clinic D,Contacted - No Appointment,24,No,
L02158,2025-11-02,,Referral,Root Canal,Clinic A,Contacted - No Appointment,18,No,
L02159,2025-08-23,,Referral,General Dentistry,Clinic C,Contacted - No Appointment,18,No,
L02160,2025-06-10,,Referral,Invisalign,Clinic C,Contacted - No Appointment,30,No,
L02161,2025-09-12,,Google Ads,Invisalign,Clinic D,Contacted - No Appointment,9,No,
L02162,2025-03-11,P02162,Referral,General Dentistry,Clinic A,Appointment Booked,21,Yes,
L02163,2025-06-30,P02163,Facebook,Dental Implant,Clinic A,Appointment Booked,25,Yes,
L02164,2025-10-08,,Google Ads,Dental Crown,Clinic C,Contacted - No Appointment,12,No,
L02165,2025-01-28,,Facebook,Dental Crown,Clinic D,Contacted - No Appointment,15,No,
L02166,2025-02-18,,Facebook,Root Canal,Clinic B,Not Contacted/Cold,48,No,
L02167,2025-04-20,,Google Ads,Dental Crown,Clinic B,Contacted - No Appointment,20,No,
L02168,2025-06-04,,Facebook,Dental Implant,Clinic C,Not Contacted/Cold,80,No,
L02169,2025-12-06,P02169,Google Organic,General Dentistry,Clinic D,Appointment Booked,19,Yes,
L02170,2025-02-24,P02170,Facebook,Dental Implant,Clinic D,Appointment Booked,31,Yes,2025-06-03
L02171,2025-01-06,P02171,Facebook,Root Canal,Clinic D,Appointment Booked,5,Yes,2025-09-01
L02172,2025-07-26,P02172,Facebook,Dental Implant,Clinic A,Appointment Booked,3,Yes,2025-07-08
L02173,2025-09-18,P02173,Referral,Root Canal,Clinic A,Appointment Booked,8,Yes,
L02174,2025-10-20,,Google Ads,Dental Crown,Clinic C,Contacted - No Appointment,34,No,
L02175,2025-02-23,P02175,Facebook,General Dentistry,Clinic D,Appointment Booked,15,Yes,2025-09-03
L02176,2025-08-03,P02176,Google Ads,Teeth Whitening,Clinic B,Appointment Booked,5,Yes,2025-10-08
L02177,2025-04-18,P02177,Referral,Root Canal,Clinic A,Appointment Booked,19,Yes,
L02178,2025-01-21,,Google Ads,General Dentistry,Clinic D,Contacted - No Appointment,32,No,
L02179,2025-01-23,P02179,Facebook,Root Canal,Clinic A,Appointment Booked,9,Yes,
L02180,2025-08-01,,Facebook,Dental Crown,Clinic B,Contacted - No Appointment,33,No,
L02181,2025-03-12,P02181,Referral,Dental Crown,Clinic B,Appointment Booked,6,Yes,
L02182,2025-07-02,P02182,Google Ads,Root Canal,Clinic C,Appointment Booked,31,Yes,
L02183,2025-05-16,,Instagram,General Dentistry,Clinic C,Contacted - No Appointment,37,No,
L02184,2025-03-27,P02184,Google Ads,Invisalign,Clinic B,Appointment Booked,11,Yes,2025-01-04
L02185,2025-04-28,,Referral,Dental Crown,Clinic C,Contacted - No Appointment,41,No,
L02186,2025-11-26,,Instagram,Teeth Whitening,Clinic C,Not Contacted/Cold,46,No,
L02187,2025-10-19,,Instagram,General Dentistry,Clinic C,Contacted - No Appointment,24,No,
L02188,2025-01-19,,Facebook,General Dentistry,Clinic C,Contacted - No Appointment,12,No,
L02189,2025-08-20,,Facebook,Root Canal,Clinic A,Not Contacted/Cold,82,No,
L02190,2025-08-14,,Google Ads,Dental Crown,Clinic A,Contacted - No Appointment,10,No,
L02191,2025-10-16,,Instagram,Root Canal,Clinic A,Not Contacted/Cold,50,No,
L02192,2025-07-22,P02192,Referral,Root Canal,Clinic A,Appointment Booked,62,Yes,
L02193,2025-10-01,P02193,Facebook,General Dentistry,Clinic B,Appointment Booked,24,Yes,2025-04-10
L02194,2025-09-13,P02194,Referral,General Dentistry,Clinic D,Appointment Booked,7,Yes,
L02195,2025-07-12,P02195,Google Ads,General Dentistry,Clinic C,Appointment Booked,23,Yes,
L02196,2025-12-14,P02196,Referral,Dental Implant,Clinic D,Appointment Booked,68,Yes,
L02197,2025-04-13,,Facebook,General Dentistry,Clinic B,Contacted - No Appointment,12,No,
L02198,2025-03-07,,Facebook,General Dentistry,Clinic B,Contacted - No Appointment,17,No,
L02199,2025-05-02,,Facebook,Root Canal,Clinic B,Contacted - No Appointment,2,No,
L02200,2025-08-13,P02200,Google Organic,Root Canal,Clinic A,Appointment Booked,17,Yes,
L02201,2025-02-25,P02201,Google Organic,Teeth Whitening,Clinic A,Appointment Booked,29,Yes,
L02202,2025-09-29,,Facebook,Dental Crown,Clinic C,Contacted - No Appointment,8,No,
L02203,2025-03-16,,Facebook,General Dentistry,Clinic D,Not Contacted/Cold,49,No,
L02204,2025-07-19,,Google Ads,Root Canal,Clinic A,Contacted - No Appointment,6,No,
L02205,2025-11-26,P02205,Facebook,Teeth Whitening,Clinic A,Appointment Booked,12,Yes,2025-10-12
L02206,2025-02-13,,Facebook,Teeth Whitening,Clinic D,Contacted - No Appointment,43,No,
L02207,2025-11-14,,Instagram,Root Canal,Clinic A,Contacted - No Appointment,16,No,
L02208,2025-10-08,,Instagram,General Dentistry,Clinic D,Not Contacted/Cold,56,No,
L02209,2025-10-15,P02209,Google Organic,Root Canal,Clinic C,Appointment Booked,3,Yes,
L02210,2025-10-24,,Google Organic,Root Canal,Clinic D,Contacted - No Appointment,14,No,
L02211,2025-11-01,P02211,Google Ads,Dental Implant,Clinic B,Appointment Booked,23,Yes,2025-09-11
L02212,2025-08-18,P02212,Google Organic,Root Canal,Clinic C,Appointment Booked,66,Yes,
L02213,2025-09-14,,Google Ads,Teeth Whitening,Clinic B,Contacted - No Appointment,20,No,
L02214,2025-12-05,,Google Organic,General Dentistry,Clinic C,Contacted - No Appointment,27,No,
L02215,2025-11-18,P02215,Google Ads,Invisalign,Clinic B,Appointment Booked,18,Yes,2025-02-12
L02216,2025-04-09,,Google Organic,Root Canal,Clinic A,Contacted - No Appointment,17,No,
L02217,2025-03-26,P02217,Facebook,Dental Implant,Clinic B,Appointment Booked,12,Yes,2025-07-04
L02218,2025-03-01,,Facebook,Dental Crown,Clinic C,Contacted - No Appointment,25,No,
L02219,2025-03-04,,Google Organic,General Dentistry,Clinic D,Contacted - No Appointment,15,No,
L02220,2025-02-15,P02220,Google Ads,Dental Crown,Clinic C,Appointment Booked,28,Yes,
L02221,2025-11-04,,Google Ads,Dental Crown,Clinic C,Contacted - No Appointment,20,No,
L02222,2025-11-15,P02222,Instagram,Dental Crown,Clinic A,Appointment Booked,14,Yes,
L02223,2025-06-21,,Google Organic,Dental Implant,Clinic C,Not Contacted/Cold,49,No,
L02224,2025-09-27,P02224,Facebook,Teeth Whitening,Clinic B,Appointment Booked,11,Yes,2025-11-10
L02225,2025-04-15,,Google Ads,Dental Crown,Clinic D,Contacted - No Appointment,12,No,
L02226,2025-06-09,,Facebook,Dental Crown,Clinic D,Contacted - No Appointment,2,No,
L02227,2025-05-20,,Instagram,General Dentistry,Clinic A,Contacted - No Appointment,16,No,
L02228,2025-04-20,,Facebook,Teeth Whitening,Clinic D,Not Contacted/Cold,47,No,
L02229,2025-05-07,P02229,Referral,Teeth Whitening,Clinic A,Appointment Booked,48,Yes,2025-11-05
L02230,2025-04-13,P02230,Facebook,General Dentistry,Clinic B,Appointment Booked,13,Yes,
L02231,2025-07-27,P02231,Google Ads,General Dentistry,Clinic C,Appointment Booked,27,Yes,2025-02-08
L02232,2025-10-23,,Google Ads,Dental Crown,Clinic A,Contacted - No Appointment,31,No,
L02233,2025-03-17,,Facebook,Dental Implant,Clinic C,Contacted - No Appointment,5,No,
L02234,2025-04-27,P02234,Google Organic,Root Canal,Clinic A,Appointment Booked,40,Yes,2025-01-05
L02235,2025-07-03,P02235,Google Ads,Teeth Whitening,Clinic A,Appointment Booked,6,Yes,2025-05-07
L02236,2025-02-17,,Referral,Dental Implant,Clinic C,Contacted - No Appointment,14,No,
L02237,2025-04-04,P02237,Facebook,Dental Implant,Clinic C,Appointment Booked,8,Yes,
L02238,2025-01-20,P02238,Facebook,Dental Implant,Clinic D,Appointment Booked,23,Yes,
L02239,2025-09-17,,Google Ads,Teeth Whitening,Clinic C,Contacted - No Appointment,10,No,
L02240,2025-09-23,P02240,Referral,Root Canal,Clinic C,Appointment Booked,12,Yes,
L02241,2025-04-09,,Google Organic,Root Canal,Clinic B,Contacted - No Appointment,35,No,
L02242,2025-07-23,P02242,Google Ads,Dental Implant,Clinic A,Appointment Booked,13,Yes,
L02243,2025-04-26,,Referral,Teeth Whitening,Clinic A,Contacted - No Appointment,18,No,
L02244,2025-09-08,P02244,Facebook,Invisalign,Clinic C,Appointment Booked,6,Yes,
L02245,2025-09-24,P02245,Google Organic,Invisalign,Clinic C,Appointment Booked,4,Yes,
L02246,2025-08-30,P02246,Google Organic,Dental Crown,Clinic B,Appointment Booked,21,Yes,2025-04-09
L02247,2025-09-28,P02247,Google Organic,Dental Crown,Clinic C,Appointment Booked,12,Yes,
L02248,2025-07-21,,Referral,Root Canal,Clinic C,Not Contacted/Cold,55,No,
L02249,2025-08-28,,Referral,Dental Crown,Clinic A,Not Contacted/Cold,71,No,
L02250,2025-04-17,,Referral,Invisalign,Clinic A,Contacted - No Appointment,7,No,
L02251,2025-06-10,,Google Ads,Teeth Whitening,Clinic D,Contacted - No Appointment,5,No,
L02252,2025-07-05,P02252,Facebook,Invisalign,Clinic C,Appointment Booked,55,Yes,
L02253,2025-08-06,,Instagram,Dental Implant,Clinic D,Contacted - No Appointment,25,No,
L02254,2025-11-29,,Google Organic,Teeth Whitening,Clinic A,Contacted - No Appointment,21,No,
L02255,2025-02-12,,Facebook,Teeth Whitening,Clinic D,Contacted - No Appointment,5,No,
L02256,2025-08-05,,Google Ads,Invisalign,Clinic A,Not Contacted/Cold,67,No,
L02257,2025-10-14,P02257,Google Organic,Dental Implant,Clinic A,Appointment Booked,9,Yes,
L02258,2025-08-24,,Referral,General Dentistry,Clinic D,Contacted - No Appointment,32,No,
L02259,2025-07-27,P02259,Facebook,Teeth Whitening,Clinic B,Appointment Booked,31,Yes,2025-06-08
L02260,2025-01-07,,Google Ads,Invisalign,Clinic C,Contacted - No Appointment,4,No,
L02261,2025-02-02,P02261,Google Ads,Dental Crown,Clinic A,Appointment Booked,11,Yes,2025-11-02
L02262,2025-12-12,,Google Ads,Dental Implant,Clinic C,Contacted - No Appointment,6,No,
L02263,2025-09-10,P02263,Google Organic,Root Canal,Clinic D,Appointment Booked,3,Yes,
L02264,2025-02-02,,Referral,Dental Implant,Clinic B,Contacted - No Appointment,16,No,
L02265,2025-01-23,,Google Ads,Root Canal,Clinic C,Contacted - No Appointment,6,No,
L02266,2025-02-09,,Instagram,Dental Implant,Clinic A,Contacted - No Appointment,9,No,
L02267,2025-02-27,P02267,Google Organic,Root Canal,Clinic C,Appointment Booked,5,Yes,2025-07-03
L02268,2025-06-05,P02268,Google Ads,Root Canal,Clinic B,Appointment Booked,14,Yes,2025-12-06
L02269,2025-11-20,,Instagram,Root Canal,Clinic A,Not Contacted/Cold,54,No,
L02270,2025-03-01,,Google Organic,Dental Implant,Clinic B,Contacted - No Appointment,23,No,
L02271,2025-06-13,P02271,Google Organic,Root Canal,Clinic A,Appointment Booked,12,Yes,
L02272,2025-08-19,,Facebook,Teeth Whitening,Clinic D,Contacted - No Appointment,17,No,
L02273,2025-08-01,P02273,Google Organic,Root Canal,Clinic B,Appointment Booked,22,Yes,2025-10-08
L02274,2025-11-09,,Facebook,Teeth Whitening,Clinic A,Contacted - No Appointment,22,No,
L02275,2025-08-26,,Google Ads,Root Canal,Clinic B,Contacted - No Appointment,15,No,
L02276,2025-05-05,,Google Ads,Root Canal,Clinic B,Contacted - No Appointment,10,No,
L02277,2025-06-29,,Facebook,Dental Crown,Clinic C,Contacted - No Appointment,32,No,
L02278,2025-02-21,P02278,Google Ads,General Dentistry,Clinic D,Appointment Booked,7,Yes,
L02279,2025-01-30,,Google Ads,Dental Implant,Clinic B,Contacted - No Appointment,32,No,
L02280,2025-05-14,,Instagram,Dental Implant,Clinic D,Contacted - No Appointment,13,No,
L02281,2025-01-10,,Instagram,Dental Crown,Clinic C,Contacted - No Appointment,40,No,
L02282,2025-09-03,P02282,Google Ads,General Dentistry,Clinic A,Appointment Booked,8,Yes,2025-04-09
L02283,2025-12-05,P02283,Google Ads,General Dentistry,Clinic C,Appointment Booked,8,Yes,2025-12-12
L02284,2025-08-03,P02284,Instagram,Root Canal,Clinic C,Appointment Booked,19,Yes,2025-10-08
L02285,2025-02-01,,Facebook,Root Canal,Clinic C,Contacted - No Appointment,9,No,
L02286,2025-10-29,,Facebook,Dental Crown,Clinic D,Not Contacted/Cold,56,No,
L02287,2025-05-12,,Google Organic,Dental Crown,Clinic B,Contacted - No Appointment,11,No,
L02288,2025-06-28,P02288,Google Ads,Dental Crown,Clinic D,Appointment Booked,9,Yes,2025-08-07
L02289,2025-10-13,P02289,Google Ads,General Dentistry,Clinic D,Appointment Booked,25,Yes,
L02290,2025-10-06,,Google Ads,Teeth Whitening,Clinic B,Contacted - No Appointment,2,No,
L02291,2025-11-04,,Google Ads,Root Canal,Clinic C,Not Contacted/Cold,58,No,
L02292,2025-03-16,,Referral,Root Canal,Clinic B,Contacted - No Appointment,28,No,
L02293,2025-04-11,,Facebook,Dental Crown,Clinic D,Contacted - No Appointment,22,No,
L02294,2025-07-19,,Facebook,Root Canal,Clinic C,Contacted - No Appointment,10,No,
L02295,2025-07-31,P02295,Google Organic,Root Canal,Clinic A,Appointment Booked,16,Yes,2025-05-08
L02296,2025-12-24,,Google Ads,Dental Implant,Clinic B,Contacted - No Appointment,11,No,
L02297,2025-02-10,P02297,Google Ads,Dental Implant,Clinic C,Appointment Booked,13,Yes,
L02298,2025-06-23,,Google Organic,Root Canal,Clinic A,Contacted - No Appointment,34,No,
L02299,2025-10-29,,Referral,General Dentistry,Clinic A,Contacted - No Appointment,24,No,
L02300,2025-11-11,,Facebook,Invisalign,Clinic B,Contacted - No Appointment,14,No,
L02301,2025-02-13,,Facebook,Root Canal,Clinic B,Contacted - No Appointment,4,No,
L02302,2025-10-03,P02302,Google Organic,Invisalign,Clinic B,Appointment Booked,73,Yes,2025-12-10
L02303,2025-04-25,P02303,Google Ads,Dental Implant,Clinic B,Appointment Booked,7,Yes,2025-08-05
L02304,2025-05-11,,Google Ads,General Dentistry,Clinic A,Contacted - No Appointment,34,No,
L02305,2025-01-03,,Google Ads,General Dentistry,Clinic C,Contacted - No Appointment,11,No,
L02306,2025-05-12,P02306,Facebook,Dental Implant,Clinic C,Appointment Booked,21,Yes,
L02307,2025-08-23,P02307,Google Ads,Teeth Whitening,Clinic A,Appointment Booked,9,Yes,
L02308,2025-11-01,P02308,Facebook,Invisalign,Clinic B,Appointment Booked,10,Yes,2025-10-11
L02309,2025-06-12,,Google Organic,General Dentistry,Clinic C,Contacted - No Appointment,10,No,
L02310,2025-10-09,,Facebook,Invisalign,Clinic A,Contacted - No Appointment,20,No,
L02311,2025-10-16,P02311,Google Ads,Invisalign,Clinic A,Appointment Booked,10,Yes,
L02312,2025-10-12,P02312,Facebook,Dental Crown,Clinic A,Appointment Booked,19,Yes,
L02313,2025-06-28,,Google Organic,General Dentistry,Clinic D,Contacted - No Appointment,43,No,
L02314,2025-12-13,P02314,Google Ads,Invisalign,Clinic D,Appointment Booked,7,Yes,
L02315,2025-04-24,,Google Ads,Teeth Whitening,Clinic D,Contacted - No Appointment,7,No,
L02316,2025-02-08,,Facebook,Dental Implant,Clinic C,Not Contacted/Cold,50,No,
L02317,2025-08-27,,Google Ads,General Dentistry,Clinic C,Contacted - No Appointment,29,No,
L02318,2025-12-28,P02318,Referral,Dental Implant,Clinic B,Appointment Booked,18,Yes,2026-11-01
L02319,2025-06-03,P02319,Instagram,General Dentistry,Clinic C,Appointment Booked,5,Yes,
L02320,2025-01-22,,Google Ads,Root Canal,Clinic A,Contacted - No Appointment,4,No,
L02321,2025-06-22,,Google Organic,Root Canal,Clinic C,Contacted - No Appointment,8,No,
L02322,2025-10-09,P02322,Facebook,General Dentistry,Clinic D,Appointment Booked,20,Yes,
L02323,2025-06-18,,Google Ads,General Dentistry,Clinic B,Contacted - No Appointment,36,No,
L02324,2025-07-01,P02324,Google Ads,Dental Crown,Clinic B,Appointment Booked,20,Yes,2025-11-07
L02325,2025-04-18,,Instagram,Dental Implant,Clinic B,Contacted - No Appointment,20,No,
L02326,2025-09-08,,Google Ads,Root Canal,Clinic C,Contacted - No Appointment,39,No,
L02327,2025-02-16,P02327,Google Ads,Root Canal,Clinic C,Appointment Booked,25,Yes,
L02328,2025-06-10,,Google Ads,Root Canal,Clinic D,Contacted - No Appointment,12,No,
L02329,2025-07-18,,Google Ads,Dental Crown,Clinic B,Contacted - No Appointment,17,No,
L02330,2025-03-08,,Google Organic,Dental Implant,Clinic D,Contacted - No Appointment,36,No,
L02331,2025-01-13,,Google Organic,Teeth Whitening,Clinic C,Contacted - No Appointment,22,No,
L02332,2025-09-05,,Google Organic,Teeth Whitening,Clinic D,Not Contacted/Cold,53,No,
L02333,2025-05-19,,Instagram,Dental Implant,Clinic C,Contacted - No Appointment,10,No,
L02334,2025-08-10,P02334,Referral,Dental Crown,Clinic C,Appointment Booked,7,Yes,2025-11-08
L02335,2025-07-27,,Google Ads,Dental Crown,Clinic C,Contacted - No Appointment,23,No,
L02336,2025-12-27,P02336,Google Ads,Dental Crown,Clinic C,Appointment Booked,19,Yes,2026-04-01
L02337,2025-05-29,,Facebook,Dental Implant,Clinic D,Contacted - No Appointment,7,No,
L02338,2025-10-18,,Facebook,Dental Crown,Clinic A,Contacted - No Appointment,11,No,
L02339,2025-01-29,,Facebook,Invisalign,Clinic A,Contacted - No Appointment,44,No,
L02340,2025-03-13,P02340,Google Ads,Root Canal,Clinic D,Appointment Booked,25,Yes,
L02341,2025-09-17,P02341,Google Ads,Teeth Whitening,Clinic C,Appointment Booked,12,Yes,
L02342,2025-06-07,,Facebook,Teeth Whitening,Clinic C,Contacted - No Appointment,8,No,
L02343,2025-09-17,,Referral,Dental Implant,Clinic B,Contacted - No Appointment,14,No,
L02344,2025-09-21,,Facebook,Dental Crown,Clinic A,Contacted - No Appointment,35,No,
L02345,2025-01-29,,Google Ads,General Dentistry,Clinic D,Contacted - No Appointment,19,No,
L02346,2025-02-21,,Google Organic,Dental Implant,Clinic C,Contacted - No Appointment,17,No,
L02347,2025-12-10,,Google Ads,General Dentistry,Clinic B,Contacted - No Appointment,36,No,
L02348,2025-06-09,P02348,Google Ads,Teeth Whitening,Clinic B,Appointment Booked,7,Yes,
L02349,2025-04-22,P02349,Facebook,Teeth Whitening,Clinic D,Appointment Booked,10,Yes,2025-02-05
L02350,2025-03-02,,Google Organic,Invisalign,Clinic A,Contacted - No Appointment,20,No,
L02351,2025-11-07,,Google Organic,Invisalign,Clinic D,Contacted - No Appointment,17,No,
L02352,2025-09-11,,Instagram,General Dentistry,Clinic A,Contacted - No Appointment,14,No,
L02353,2025-03-05,,Facebook,Root Canal,Clinic C,Contacted - No Appointment,38,No,
L02354,2025-10-05,,Facebook,Dental Implant,Clinic D,Contacted - No Appointment,3,No,
L02355,2025-12-04,,Google Ads,Dental Crown,Clinic C,Contacted - No Appointment,8,No,
L02356,2025-11-23,,Referral,Dental Implant,Clinic B,Contacted - No Appointment,8,No,
L02357,2025-12-28,,Instagram,Teeth Whitening,Clinic C,Contacted - No Appointment,27,No,
L02358,2025-10-14,,Google Ads,Dental Crown,Clinic B,Contacted - No Appointment,13,No,
L02359,2025-02-27,,Instagram,General Dentistry,Clinic B,Not Contacted/Cold,68,No,
L02360,2025-09-04,,Facebook,Teeth Whitening,Clinic D,Contacted - No Appointment,39,No,
L02361,2025-03-03,P02361,Referral,Dental Implant,Clinic D,Appointment Booked,13,Yes,
L02362,2025-01-06,,Google Organic,Root Canal,Clinic C,Contacted - No Appointment,27,No,
L02363,2025-08-16,,Google Ads,Teeth Whitening,Clinic B,Contacted - No Appointment,26,No,
L02364,2025-01-10,,Google Organic,Root Canal,Clinic A,Not Contacted/Cold,46,No,
L02365,2025-10-13,,Facebook,General Dentistry,Clinic A,Contacted - No Appointment,15,No,
L02366,2025-10-20,,Google Ads,Teeth Whitening,Clinic C,Contacted - No Appointment,11,No,
L02367,2025-09-24,P02367,Google Organic,Dental Implant,Clinic D,Appointment Booked,24,Yes,2025-07-10
L02368,2025-01-31,,Facebook,General Dentistry,Clinic C,Contacted - No Appointment,15,No,
L02369,2025-07-05,,Google Ads,Dental Implant,Clinic D,Contacted - No Appointment,29,No,
L02370,2025-09-17,,Instagram,Dental Implant,Clinic A,Contacted - No Appointment,43,No,
L02371,2025-12-04,,Instagram,Teeth Whitening,Clinic B,Contacted - No Appointment,8,No,
L02372,2025-12-25,,Google Ads,General Dentistry,Clinic A,Contacted - No Appointment,11,No,
L02373,2025-08-16,,Facebook,Root Canal,Clinic B,Contacted - No Appointment,40,No,
L02374,2025-03-26,P02374,Instagram,Invisalign,Clinic A,Appointment Booked,18,Yes,2025-03-04
L02375,2025-06-03,P02375,Google Ads,Root Canal,Clinic D,Appointment Booked,19,Yes,2025-09-06
L02376,2025-07-11,,Referral,Invisalign,Clinic A,Contacted - No Appointment,36,No,
L02377,2025-10-07,P02377,Google Ads,Invisalign,Clinic D,Appointment Booked,17,Yes,
L02378,2025-06-17,,Google Ads,Invisalign,Clinic B,Contacted - No Appointment,32,No,
L02379,2025-08-04,,Google Ads,Dental Crown,Clinic D,Contacted - No Appointment,9,No,
L02380,2025-02-04,,Facebook,General Dentistry,Clinic C,Contacted - No Appointment,13,No,
L02381,2025-06-26,P02381,Instagram,Invisalign,Clinic D,Appointment Booked,48,Yes,2025-06-07
L02382,2025-10-10,,Facebook,Invisalign,Clinic A,Contacted - No Appointment,18,No,
L02383,2025-04-15,,Google Ads,General Dentistry,Clinic C,Contacted - No Appointment,9,No,
L02384,2025-02-26,,Google Organic,Teeth Whitening,Clinic D,Contacted - No Appointment,8,No,
L02385,2025-07-09,,Google Ads,General Dentistry,Clinic A,Contacted - No Appointment,17,No,
L02386,2025-07-01,,Google Ads,Dental Implant,Clinic A,Contacted - No Appointment,32,No,
L02387,2025-04-17,P02387,Google Ads,Dental Implant,Clinic B,Appointment Booked,1,Yes,
L02388,2025-02-08,,Google Ads,Root Canal,Clinic D,Contacted - No Appointment,12,No,
L02389,2025-04-03,,Facebook,Dental Crown,Clinic C,Contacted - No Appointment,26,No,
L02390,2025-09-02,,Google Ads,Root Canal,Clinic C,Contacted - No Appointment,21,No,
L02391,2025-06-17,,Google Ads,Dental Crown,Clinic A,Contacted - No Appointment,24,No,
L02392,2025-10-23,P02392,Google Organic,Invisalign,Clinic A,Appointment Booked,10,Yes,2025-03-11
L02393,2025-11-08,,Google Ads,Root Canal,Clinic D,Contacted - No Appointment,20,No,
L02394,2025-06-05,,Google Organic,Dental Crown,Clinic A,Contacted - No Appointment,37,No,
L02395,2025-05-10,,Google Organic,Root Canal,Clinic C,Contacted - No Appointment,13,No,
L02396,2025-02-06,P02396,Facebook,Dental Crown,Clinic D,Appointment Booked,19,Yes,
L02397,2025-12-17,P02397,Facebook,Root Canal,Clinic A,Appointment Booked,4,Yes,
L02398,2025-02-07,,Facebook,Invisalign,Clinic C,Contacted - No Appointment,25,No,
L02399,2025-11-15,P02399,Google Ads,Invisalign,Clinic A,Appointment Booked,10,Yes,
L02400,2025-03-19,P02400,Referral,Root Canal,Clinic C,Appointment Booked,6,Yes,2025-02-04
L02401,2025-01-28,,Instagram,Dental Implant,Clinic A,Contacted - No Appointment,12,No,
L02402,2025-10-03,,Referral,Dental Crown,Clinic C,Contacted - No Appointment,26,No,
L02403,2025-07-16,P02403,Google Organic,General Dentistry,Clinic B,Appointment Booked,10,Yes,
L02404,2025-12-13,P02404,Google Ads,Root Canal,Clinic B,Appointment Booked,7,Yes,
L02405,2025-06-17,,Google Ads,Dental Implant,Clinic C,Contacted - No Appointment,29,No,
L02406,2025-09-21,P02406,Google Ads,General Dentistry,Clinic A,Appointment Booked,8,Yes,
L02407,2025-03-03,P02407,Google Organic,Invisalign,Clinic C,Appointment Booked,66,Yes,
L02408,2025-04-24,P02408,Referral,Dental Implant,Clinic B,Appointment Booked,36,Yes,2025-03-05
L02409,2025-01-30,,Facebook,Root Canal,Clinic C,Not Contacted/Cold,48,No,
L02410,2025-04-03,P02410,Google Ads,Teeth Whitening,Clinic A,Appointment Booked,20,Yes,2025-11-04
L02411,2025-05-17,,Google Ads,Invisalign,Clinic C,Contacted - No Appointment,10,No,
L02412,2025-11-30,,Google Organic,Dental Crown,Clinic A,Contacted - No Appointment,38,No,
L02413,2025-10-16,P02413,Referral,Root Canal,Clinic B,Appointment Booked,7,Yes,
L02414,2025-02-18,P02414,Google Ads,Dental Implant,Clinic A,Appointment Booked,3,Yes,2025-03-03
L02415,2025-12-26,P02415,Google Ads,Invisalign,Clinic C,Appointment Booked,24,Yes,
L02416,2025-12-22,,Facebook,Teeth Whitening,Clinic B,Contacted - No Appointment,5,No,
L02417,2025-04-23,,Google Ads,Dental Crown,Clinic D,Contacted - No Appointment,17,No,
L02418,2025-09-04,P02418,Google Organic,Dental Implant,Clinic D,Appointment Booked,16,Yes,
L02419,2025-04-28,,Facebook,Dental Implant,Clinic A,Contacted - No Appointment,32,No,
L02420,2025-04-08,,Instagram,Dental Crown,Clinic C,Contacted - No Appointment,6,No,
L02421,2025-07-05,,Facebook,Teeth Whitening,Clinic A,Contacted - No Appointment,5,No,
L02422,2025-11-02,P02422,Facebook,Invisalign,Clinic B,Appointment Booked,15,Yes,2025-04-11
L02423,2025-04-15,P02423,Google Ads,Dental Crown,Clinic C,Appointment Booked,1,Yes,
L02424,2025-04-14,,Google Organic,Dental Implant,Clinic C,Contacted - No Appointment,23,No,
L02425,2025-05-29,,Google Organic,Invisalign,Clinic C,Contacted - No Appointment,21,No,
L02426,2025-04-06,P02426,Facebook,Dental Implant,Clinic B,Appointment Booked,22,Yes,
L02427,2025-12-08,,Facebook,Teeth Whitening,Clinic B,Contacted - No Appointment,15,No,
L02428,2025-08-06,,Google Ads,Root Canal,Clinic A,Not Contacted/Cold,57,No,
L02429,2025-04-08,P02429,Google Ads,Teeth Whitening,Clinic C,Appointment Booked,25,Yes,
L02430,2025-07-28,,Instagram,Teeth Whitening,Clinic B,Contacted - No Appointment,29,No,
L02431,2025-01-23,,Facebook,General Dentistry,Clinic C,Contacted - No Appointment,11,No,
L02432,2025-11-07,P02432,Facebook,Invisalign,Clinic A,Appointment Booked,15,Yes,
L02433,2025-11-10,P02433,Google Organic,Invisalign,Clinic B,Appointment Booked,9,Yes,
L02434,2025-03-30,P02434,Facebook,General Dentistry,Clinic B,Appointment Booked,20,Yes,2025-07-04
L02435,2025-02-14,P02435,Facebook,Teeth Whitening,Clinic A,Appointment Booked,9,Yes,
L02436,2025-09-08,P02436,Google Ads,General Dentistry,Clinic B,Appointment Booked,30,Yes,2025-12-09
L02437,2025-10-03,,Google Organic,Dental Implant,Clinic D,Contacted - No Appointment,18,No,
L02438,2025-04-08,P02438,Instagram,Root Canal,Clinic D,Appointment Booked,1,Yes,2025-12-04
L02439,2025-10-11,P02439,Google Ads,Teeth Whitening,Clinic C,Appointment Booked,8,Yes,
L02440,2025-07-04,,Instagram,Dental Implant,Clinic B,Contacted - No Appointment,45,No,
L02441,2025-02-26,,Facebook,Dental Crown,Clinic A,Not Contacted/Cold,47,No,
L02442,2025-08-29,,Google Organic,Root Canal,Clinic D,Contacted - No Appointment,27,No,
L02443,2025-04-16,P02443,Referral,Dental Implant,Clinic A,Appointment Booked,15,Yes,
L02444,2025-06-20,,Instagram,Invisalign,Clinic D,Contacted - No Appointment,41,No,
L02445,2025-11-11,P02445,Google Organic,Invisalign,Clinic B,Appointment Booked,16,Yes,
L02446,2025-05-30,,Google Ads,Dental Implant,Clinic B,Contacted - No Appointment,40,No,
L02447,2025-11-07,,Instagram,Dental Crown,Clinic D,Contacted - No Appointment,20,No,
L02448,2025-06-29,P02448,Google Organic,Invisalign,Clinic A,Appointment Booked,14,Yes,2025-10-07
L02449,2025-12-16,,Facebook,Invisalign,Clinic C,Contacted - No Appointment,30,No,
L02450,2025-06-16,P02450,Instagram,General Dentistry,Clinic C,Appointment Booked,7,Yes,
L02451,2025-10-06,,Referral,Root Canal,Clinic A,Contacted - No Appointment,9,No,
L02452,2025-01-17,,Google Ads,Root Canal,Clinic B,Contacted - No Appointment,5,No,
L02453,2025-02-21,P02453,Google Ads,Teeth Whitening,Clinic C,Appointment Booked,25,Yes,
L02454,2025-11-21,,Google Organic,General Dentistry,Clinic C,Contacted - No Appointment,17,No,
L02455,2025-12-26,,Google Organic,Dental Implant,Clinic A,Not Contacted/Cold,93,No,
L02456,2025-09-11,P02456,Referral,Root Canal,Clinic D,Appointment Booked,25,Yes,
L02457,2025-06-27,,Instagram,Dental Crown,Clinic A,Contacted - No Appointment,14,No,
L02458,2025-04-22,,Google Organic,Invisalign,Clinic A,Contacted - No Appointment,16,No,
L02459,2025-04-08,P02459,Google Organic,Teeth Whitening,Clinic B,Appointment Booked,21,Yes,2025-12-04
L02460,2025-10-23,P02460,Google Ads,General Dentistry,Clinic A,Appointment Booked,11,Yes,
L02461,2025-10-02,P02461,Google Organic,General Dentistry,Clinic A,Appointment Booked,1,Yes,
L02462,2025-07-07,P02462,Google Ads,Invisalign,Clinic D,Appointment Booked,5,Yes,
L02463,2025-04-12,,Google Ads,Invisalign,Clinic B,Contacted - No Appointment,12,No,
L02464,2025-06-06,P02464,Facebook,General Dentistry,Clinic A,Appointment Booked,4,Yes,
L02465,2025-01-16,P02465,Facebook,Root Canal,Clinic A,Appointment Booked,18,Yes,
L02466,2025-08-30,,Facebook,Invisalign,Clinic C,Contacted - No Appointment,36,No,
L02467,2025-04-19,,Google Ads,Teeth Whitening,Clinic D,Contacted - No Appointment,9,No,
L02468,2025-06-24,P02468,Google Ads,Invisalign,Clinic A,Appointment Booked,13,Yes,
L02469,2025-05-24,P02469,Google Ads,Invisalign,Clinic A,Appointment Booked,16,Yes,2025-07-06
L02470,2025-04-26,P02470,Facebook,General Dentistry,Clinic A,Appointment Booked,14,Yes,2025-04-05
L02471,2025-01-02,P02471,Google Organic,Dental Implant,Clinic A,Appointment Booked,18,Yes,2025-11-01
L02472,2025-04-09,,Referral,Dental Implant,Clinic A,Contacted - No Appointment,2,No,
L02473,2025-08-16,,Google Organic,Invisalign,Clinic B,Contacted - No Appointment,38,No,
L02474,2025-07-28,P02474,Facebook,Dental Crown,Clinic A,Appointment Booked,15,Yes,2025-10-08
L02475,2025-11-01,,Google Organic,Dental Implant,Clinic C,Contacted - No Appointment,8,No,
L02476,2025-02-05,P02476,Google Ads,Root Canal,Clinic A,Appointment Booked,22,Yes,2025-07-02
L02477,2025-07-05,,Google Ads,Dental Crown,Clinic D,Contacted - No Appointment,34,No,
L02478,2025-08-27,,Google Organic,General Dentistry,Clinic D,Contacted - No Appointment,7,No,
L02479,2025-05-09,,Instagram,Invisalign,Clinic C,Contacted - No Appointment,23,No,
L02480,2025-12-15,,Google Organic,Teeth Whitening,Clinic B,Contacted - No Appointment,42,No,
L02481,2025-08-04,,Instagram,Invisalign,Clinic B,Contacted - No Appointment,43,No,
L02482,2025-05-27,,Google Ads,Dental Crown,Clinic B,Contacted - No Appointment,30,No,
L02483,2025-03-26,,Referral,Root Canal,Clinic C,Contacted - No Appointment,11,No,
L02484,2025-05-28,P02484,Instagram,Dental Implant,Clinic B,Appointment Booked,7,Yes,2025-07-06
L02485,2025-09-07,P02485,Google Organic,Teeth Whitening,Clinic D,Appointment Booked,9,Yes,
L02486,2025-02-25,,Google Organic,Invisalign,Clinic D,Contacted - No Appointment,42,No,
L02487,2025-06-24,P02487,Google Ads,Dental Implant,Clinic B,Appointment Booked,27,Yes,
L02488,2025-10-30,P02488,Google Ads,Root Canal,Clinic C,Appointment Booked,31,Yes,2025-05-11
L02489,2025-10-09,,Google Ads,Dental Crown,Clinic A,Contacted - No Appointment,17,No,
L02490,2025-09-02,P02490,Google Ads,Invisalign,Clinic A,Appointment Booked,3,Yes,2025-09-09
L02491,2025-04-03,P02491,Google Ads,Invisalign,Clinic B,Appointment Booked,23,Yes,
L02492,2025-06-13,P02492,Facebook,Dental Implant,Clinic A,Appointment Booked,8,Yes,
L02493,2025-05-16,P02493,Referral,Root Canal,Clinic D,Appointment Booked,36,Yes,
L02494,2025-08-17,P02494,Referral,Root Canal,Clinic A,Appointment Booked,9,Yes,
L02495,2025-11-13,,Google Organic,Invisalign,Clinic B,Contacted - No Appointment,21,No,
L02496,2025-01-24,P02496,Google Ads,Dental Implant,Clinic C,Appointment Booked,27,Yes,2025-06-02
L02497,2025-02-14,,Facebook,Root Canal,Clinic C,Not Contacted/Cold,94,No,
L02498,2025-12-20,P02498,Google Organic,Teeth Whitening,Clinic B,Appointment Booked,17,Yes,
L02499,2025-03-13,P02499,Google Ads,Teeth Whitening,Clinic D,Appointment Booked,17,Yes,
L02500,2025-02-17,,Google Organic,General Dentistry,Clinic C,Contacted - No Appointment,37,No,
L02501,2025-04-14,P02501,Referral,Dental Implant,Clinic B,Appointment Booked,15,Yes,
L02502,2025-05-01,P02502,Facebook,General Dentistry,Clinic A,Appointment Booked,13,Yes,2025-03-05
L02503,2025-08-19,,Google Organic,Invisalign,Clinic B,Contacted - No Appointment,10,No,
L02504,2025-02-01,P02504,Google Ads,General Dentistry,Clinic D,Appointment Booked,19,Yes,2025-06-02
L02505,2025-07-17,,Google Organic,Invisalign,Clinic C,Contacted - No Appointment,12,No,
L02506,2025-05-03,P02506,Google Ads,Root Canal,Clinic D,Appointment Booked,44,Yes,2025-05-05
L02507,2025-08-17,,Google Ads,Root Canal,Clinic B,Contacted - No Appointment,30,No,
L02508,2025-10-26,P02508,Google Organic,Root Canal,Clinic A,Appointment Booked,20,Yes,2025-06-11
L02509,2025-09-27,,Google Organic,General Dentistry,Clinic A,Contacted - No Appointment,19,No,
L02510,2025-02-03,,Instagram,Teeth Whitening,Clinic B,Contacted - No Appointment,10,No,
L02511,2025-09-18,P02511,Facebook,General Dentistry,Clinic C,Appointment Booked,17,Yes,
L02512,2025-01-23,,Google Organic,Dental Crown,Clinic D,Contacted - No Appointment,16,No,
L02513,2025-08-28,,Google Organic,Root Canal,Clinic B,Not Contacted/Cold,58,No,
L02514,2025-04-05,,Referral,Dental Implant,Clinic B,Contacted - No Appointment,15,No,
L02515,2025-07-28,,Referral,General Dentistry,Clinic B,Contacted - No Appointment,25,No,
L02516,2025-07-26,,Google Organic,Dental Crown,Clinic B,Contacted - No Appointment,26,No,
L02517,2025-06-19,P02517,Google Organic,Teeth Whitening,Clinic A,Appointment Booked,8,Yes,
L02518,2025-10-28,,Instagram,Root Canal,Clinic A,Contacted - No Appointment,15,No,
L02519,2025-02-24,,Google Ads,Root Canal,Clinic A,Contacted - No Appointment,30,No,
L02520,2025-04-04,P02520,Google Ads,General Dentistry,Clinic A,Appointment Booked,7,Yes,2025-07-04
L02521,2025-06-19,P02521,Google Organic,Dental Implant,Clinic A,Appointment Booked,67,Yes,2025-02-07
L02522,2025-07-30,,Google Organic,Invisalign,Clinic A,Contacted - No Appointment,20,No,
L02523,2025-08-28,,Instagram,Dental Implant,Clinic C,Contacted - No Appointment,12,No,
L02524,2025-01-27,,Facebook,Teeth Whitening,Clinic B,Contacted - No Appointment,6,No,
L02525,2025-04-01,P02525,Google Ads,Dental Implant,Clinic D,Appointment Booked,50,Yes,2025-12-04
L02526,2025-04-04,P02526,Facebook,Dental Implant,Clinic A,Appointment Booked,15,Yes,2025-07-04
L02527,2025-08-04,,Facebook,Invisalign,Clinic B,Contacted - No Appointment,25,No,
L02528,2025-12-25,P02528,Facebook,Root Canal,Clinic B,Appointment Booked,7,Yes,
L02529,2025-01-23,P02529,Referral,Root Canal,Clinic A,Appointment Booked,10,Yes,2025-06-02
L02530,2025-08-13,,Google Ads,Dental Implant,Clinic D,Contacted - No Appointment,35,No,
L02531,2025-03-25,,Facebook,General Dentistry,Clinic A,Not Contacted/Cold,49,No,
L02532,2025-04-26,P02532,Facebook,General Dentistry,Clinic D,Appointment Booked,9,Yes,2025-01-05
L02533,2025-02-23,P02533,Referral,Invisalign,Clinic D,Appointment Booked,25,Yes,2025-07-03
L02534,2025-01-31,,Referral,Teeth Whitening,Clinic C,Contacted - No Appointment,24,No,
L02535,2025-04-02,,Facebook,Dental Crown,Clinic C,Contacted - No Appointment,35,No,
L02536,2025-01-26,,Referral,Invisalign,Clinic C,Contacted - No Appointment,26,No,
L02537,2025-05-05,,Facebook,Invisalign,Clinic B,Contacted - No Appointment,29,No,
L02538,2025-06-29,P02538,Google Ads,Root Canal,Clinic C,Appointment Booked,2,Yes,2025-01-07
L02539,2025-07-07,,Instagram,Root Canal,Clinic A,Contacted - No Appointment,24,No,
L02540,2025-04-19,,Google Ads,Invisalign,Clinic A,Contacted - No Appointment,6,No,
L02541,2025-02-18,,Instagram,Teeth Whitening,Clinic B,Contacted - No Appointment,22,No,
L02542,2025-07-11,,Referral,Root Canal,Clinic C,Contacted - No Appointment,38,No,
L02543,2025-04-15,,Google Organic,Dental Crown,Clinic D,Contacted - No Appointment,21,No,
L02544,2025-06-12,,Google Ads,Invisalign,Clinic A,Contacted - No Appointment,30,No,
L02545,2025-08-29,,Google Ads,Root Canal,Clinic D,Contacted - No Appointment,34,No,
L02546,2025-02-22,P02546,Google Ads,Invisalign,Clinic A,Appointment Booked,32,Yes,
L02547,2025-07-30,P02547,Google Ads,Root Canal,Clinic B,Appointment Booked,22,Yes,2025-05-08
L02548,2025-11-04,,Google Ads,Teeth Whitening,Clinic B,Contacted - No Appointment,23,No,
L02549,2025-01-28,,Facebook,Teeth Whitening,Clinic B,Contacted - No Appointment,37,No,
L02550,2025-04-16,,Google Organic,Root Canal,Clinic A,Not Contacted/Cold,74,No,
L02551,2025-02-25,,Google Organic,Dental Crown,Clinic B,Contacted - No Appointment,10,No,
L02552,2025-10-24,,Google Ads,General Dentistry,Clinic D,Contacted - No Appointment,13,No,
L02553,2025-11-20,,Facebook,Dental Crown,Clinic B,Contacted - No Appointment,32,No,
L02554,2025-09-01,,Google Ads,Dental Implant,Clinic B,Not Contacted/Cold,59,No,
L02555,2025-04-25,P02555,Google Ads,Dental Crown,Clinic D,Appointment Booked,5,Yes,2025-02-05
L02556,2025-08-18,,Facebook,Dental Implant,Clinic C,Contacted - No Appointment,6,No,
L02557,2025-11-06,,Google Ads,General Dentistry,Clinic B,Contacted - No Appointment,19,No,
L02558,2025-07-17,,Instagram,Root Canal,Clinic A,Contacted - No Appointment,34,No,
L02559,2025-04-23,,Referral,Root Canal,Clinic D,Contacted - No Appointment,19,No,
L02560,2025-07-13,P02560,Facebook,Dental Implant,Clinic C,Appointment Booked,21,Yes,
L02561,2025-11-23,P02561,Google Organic,Root Canal,Clinic A,Appointment Booked,9,Yes,
L02562,2025-06-18,P02562,Google Ads,General Dentistry,Clinic B,Appointment Booked,18,Yes,
L02563,2025-11-15,P02563,Referral,Dental Implant,Clinic D,Appointment Booked,11,Yes,
L02564,2025-05-10,,Google Ads,Root Canal,Clinic A,Contacted - No Appointment,23,No,
L02565,2025-10-31,,Google Ads,General Dentistry,Clinic D,Contacted - No Appointment,16,No,
L02566,2025-02-21,P02566,Google Ads,Root Canal,Clinic A,Appointment Booked,9,Yes,2025-02-03
L02567,2025-10-15,,Facebook,Root Canal,Clinic D,Not Contacted/Cold,50,No,
L02568,2025-08-31,,Instagram,Dental Crown,Clinic B,Contacted - No Appointment,30,No,
L02569,2025-11-23,P02569,Referral,Root Canal,Clinic B,Appointment Booked,23,Yes,
L02570,2025-01-04,P02570,Google Organic,Dental Implant,Clinic D,Appointment Booked,10,Yes,2025-07-01
L02571,2025-11-22,P02571,Facebook,Dental Implant,Clinic B,Appointment Booked,29,Yes,2025-01-12
L02572,2025-03-12,,Instagram,Dental Crown,Clinic C,Contacted - No Appointment,8,No,
L02573,2025-11-23,,Instagram,General Dentistry,Clinic A,Contacted - No Appointment,10,No,
L02574,2025-05-08,,Google Organic,Dental Implant,Clinic A,Contacted - No Appointment,18,No,
L02575,2025-08-31,,Google Organic,Invisalign,Clinic A,Contacted - No Appointment,20,No,
L02576,2025-12-08,,Instagram,Root Canal,Clinic C,Contacted - No Appointment,13,No,
L02577,2025-05-19,,Instagram,Teeth Whitening,Clinic A,Contacted - No Appointment,5,No,
L02578,2025-01-15,P02578,Google Organic,Invisalign,Clinic A,Appointment Booked,15,Yes,
L02579,2025-06-07,,Google Ads,General Dentistry,Clinic B,Not Contacted/Cold,47,No,
L02580,2025-10-09,P02580,Google Ads,Dental Implant,Clinic C,Appointment Booked,3,Yes,
L02581,2025-05-12,P02581,Google Organic,General Dentistry,Clinic C,Appointment Booked,26,Yes,
L02582,2025-08-27,P02582,Referral,Dental Crown,Clinic A,Appointment Booked,16,Yes,
L02583,2025-03-06,,Facebook,Dental Crown,Clinic A,Contacted - No Appointment,6,No,
L02584,2025-12-04,P02584,Referral,Root Canal,Clinic D,Appointment Booked,43,Yes,2025-05-12
L02585,2025-05-21,P02585,Google Ads,Teeth Whitening,Clinic B,Appointment Booked,11,Yes,
L02586,2025-11-26,,Facebook,Dental Implant,Clinic D,Not Contacted/Cold,53,No,
L02587,2025-01-05,,Facebook,Dental Implant,Clinic D,Contacted - No Appointment,21,No,
L02588,2025-09-08,P02588,Referral,Root Canal,Clinic D,Appointment Booked,23,Yes,
L02589,2025-07-01,,Google Ads,General Dentistry,Clinic A,Contacted - No Appointment,15,No,
L02590,2025-06-27,,Facebook,Teeth Whitening,Clinic D,Contacted - No Appointment,37,No,
L02591,2025-11-24,P02591,Google Ads,Root Canal,Clinic D,Appointment Booked,17,Yes,
L02592,2025-12-14,,Facebook,Dental Crown,Clinic C,Contacted - No Appointment,38,No,
L02593,2025-12-15,P02593,Referral,Dental Implant,Clinic B,Appointment Booked,23,Yes,
L02594,2025-03-06,,Facebook,General Dentistry,Clinic B,Contacted - No Appointment,15,No,
L02595,2025-11-13,P02595,Google Organic,Teeth Whitening,Clinic A,Appointment Booked,4,Yes,
L02596,2025-12-15,,Referral,Dental Crown,Clinic B,Contacted - No Appointment,45,No,
L02597,2025-03-17,P02597,Google Ads,Root Canal,Clinic C,Appointment Booked,20,Yes,
L02598,2025-12-28,,Google Organic,General Dentistry,Clinic B,Contacted - No Appointment,12,No,
L02599,2025-07-03,,Google Ads,General Dentistry,Clinic B,Contacted - No Appointment,30,No,
L02600,2025-01-23,,Google Ads,Dental Crown,Clinic B,Contacted - No Appointment,23,No,
L02601,2025-02-02,,Instagram,Root Canal,Clinic C,Contacted - No Appointment,23,No,
L02602,2025-01-31,,Google Organic,Dental Crown,Clinic D,Not Contacted/Cold,87,No,
L02603,2025-01-16,P02603,Facebook,Dental Crown,Clinic A,Appointment Booked,10,Yes,
L02604,2025-11-16,,Google Ads,Root Canal,Clinic B,Contacted - No Appointment,31,No,
L02605,2025-01-25,,Referral,Invisalign,Clinic A,Contacted - No Appointment,44,No,
L02606,2025-03-02,,Google Organic,Root Canal,Clinic C,Contacted - No Appointment,16,No,
L02607,2025-08-31,P02607,Google Ads,Dental Crown,Clinic C,Appointment Booked,10,Yes,2025-08-09
L02608,2025-05-04,,Facebook,Root Canal,Clinic D,Contacted - No Appointment,15,No,
L02609,2025-01-02,P02609,Google Ads,Invisalign,Clinic B,Appointment Booked,23,Yes,2025-10-01
L02610,2025-09-04,,Facebook,Teeth Whitening,Clinic D,Contacted - No Appointment,40,No,
L02611,2025-10-19,,Facebook,Root Canal,Clinic A,Contacted - No Appointment,11,No,
L02612,2025-10-27,,Facebook,Dental Implant,Clinic C,Contacted - No Appointment,15,No,
L02613,2025-02-23,,Google Ads,Root Canal,Clinic A,Contacted - No Appointment,31,No,
L02614,2025-05-12,,Google Organic,General Dentistry,Clinic D,Contacted - No Appointment,34,No,
L02615,2025-02-03,,Google Ads,Teeth Whitening,Clinic C,Contacted - No Appointment,37,No,
L02616,2025-01-15,,Instagram,Invisalign,Clinic C,Contacted - No Appointment,5,No,
L02617,2025-03-25,,Google Ads,General Dentistry,Clinic D,Not Contacted/Cold,66,No,
L02618,2025-02-14,,Facebook,Dental Implant,Clinic A,Contacted - No Appointment,13,No,
L02619,2025-06-08,,Google Ads,General Dentistry,Clinic A,Not Contacted/Cold,65,No,
L02620,2025-08-13,,Instagram,Invisalign,Clinic D,Not Contacted/Cold,72,No,
L02621,2025-10-11,,Facebook,Dental Implant,Clinic B,Contacted - No Appointment,4,No,
L02622,2025-05-18,,Google Ads,Root Canal,Clinic A,Contacted - No Appointment,30,No,
L02623,2025-07-26,,Google Ads,Root Canal,Clinic B,Contacted - No Appointment,14,No,
L02624,2025-06-22,,Facebook,Root Canal,Clinic C,Contacted - No Appointment,19,No,
L02625,2025-02-22,,Google Ads,Teeth Whitening,Clinic A,Contacted - No Appointment,35,No,
L02626,2025-09-22,P02626,Instagram,General Dentistry,Clinic B,Appointment Booked,8,Yes,2025-05-10
L02627,2025-02-07,,Facebook,Root Canal,Clinic A,Contacted - No Appointment,14,No,
L02628,2025-09-13,,Instagram,Root Canal,Clinic B,Contacted - No Appointment,29,No,
L02629,2025-03-01,,Referral,Dental Implant,Clinic D,Contacted - No Appointment,24,No,
L02630,2025-07-24,,Facebook,Dental Implant,Clinic D,Contacted - No Appointment,34,No,
L02631,2025-11-21,,Google Organic,Dental Crown,Clinic C,Contacted - No Appointment,13,No,
L02632,2025-04-07,P02632,Google Organic,Dental Implant,Clinic A,Appointment Booked,7,Yes,
L02633,2025-06-12,,Referral,Teeth Whitening,Clinic D,Not Contacted/Cold,70,No,
L02634,2025-07-01,P02634,Google Ads,Root Canal,Clinic C,Appointment Booked,10,Yes,
L02635,2025-05-06,,Google Organic,Invisalign,Clinic A,Contacted - No Appointment,9,No,
L02636,2025-05-29,,Referral,Root Canal,Clinic D,Contacted - No Appointment,11,No,
L02637,2025-06-26,P02637,Facebook,Invisalign,Clinic D,Appointment Booked,22,Yes,
L02638,2025-08-05,,Facebook,Root Canal,Clinic C,Contacted - No Appointment,23,No,
L02639,2025-09-27,P02639,Referral,Teeth Whitening,Clinic C,Appointment Booked,5,Yes,2025-11-10
L02640,2025-07-17,P02640,Instagram,Root Canal,Clinic A,Appointment Booked,9,Yes,
L02641,2025-04-11,,Facebook,Dental Implant,Clinic A,Contacted - No Appointment,37,No,
L02642,2025-09-14,,Google Organic,Teeth Whitening,Clinic C,Contacted - No Appointment,15,No,
L02643,2025-04-23,,Facebook,Invisalign,Clinic A,Contacted - No Appointment,24,No,
L02644,2025-10-20,,Google Ads,Teeth Whitening,Clinic B,Contacted - No Appointment,10,No,
L02645,2025-01-27,P02645,Facebook,Root Canal,Clinic D,Appointment Booked,27,Yes,2025-09-02
L02646,2025-01-21,P02646,Instagram,Root Canal,Clinic D,Appointment Booked,9,Yes,2025-04-02
L02647,2025-04-23,,Google Organic,General Dentistry,Clinic B,Contacted - No Appointment,7,No,
L02648,2025-02-18,P02648,Facebook,Teeth Whitening,Clinic D,Appointment Booked,3,Yes,
L02649,2025-02-22,,Google Organic,Dental Implant,Clinic D,Contacted - No Appointment,18,No,
L02650,2025-12-26,,Facebook,Invisalign,Clinic C,Contacted - No Appointment,28,No,
L02651,2025-08-29,P02651,Instagram,General Dentistry,Clinic A,Appointment Booked,29,Yes,
L02652,2025-02-23,P02652,Google Ads,Dental Implant,Clinic B,Appointment Booked,21,Yes,2025-03-03
L02653,2025-06-21,,Facebook,Root Canal,Clinic B,Contacted - No Appointment,37,No,
L02654,2025-05-16,P02654,Referral,Teeth Whitening,Clinic A,Appointment Booked,6,Yes,
L02655,2025-02-11,,Google Ads,Dental Crown,Clinic B,Contacted - No Appointment,6,No,
L02656,2025-05-07,,Google Organic,Teeth Whitening,Clinic A,Contacted - No Appointment,9,No,
L02657,2025-05-27,,Google Ads,Teeth Whitening,Clinic B,Contacted - No Appointment,14,No,
L02658,2025-07-25,P02658,Google Ads,Dental Crown,Clinic D,Appointment Booked,18,Yes,
L02659,2025-04-26,P02659,Google Ads,General Dentistry,Clinic A,Appointment Booked,39,Yes,2025-01-05
L02660,2025-04-30,,Google Organic,Dental Crown,Clinic C,Contacted - No Appointment,15,No,
L02661,2025-10-15,,Google Ads,Root Canal,Clinic C,Contacted - No Appointment,30,No,
L02662,2025-08-16,,Instagram,Root Canal,Clinic A,Contacted - No Appointment,26,No,
L02663,2025-12-10,,Google Organic,Teeth Whitening,Clinic D,Contacted - No Appointment,39,No,
L02664,2025-08-28,P02664,Facebook,General Dentistry,Clinic C,Appointment Booked,25,Yes,
L02665,2025-01-14,,Facebook,Invisalign,Clinic B,Contacted - No Appointment,41,No,
L02666,2025-12-24,P02666,Facebook,Invisalign,Clinic D,Appointment Booked,3,Yes,
L02667,2025-09-02,,Referral,General Dentistry,Clinic A,Contacted - No Appointment,15,No,
L02668,2025-10-23,,Facebook,Dental Crown,Clinic C,Contacted - No Appointment,4,No,
L02669,2025-12-09,,Google Ads,Dental Implant,Clinic A,Contacted - No Appointment,8,No,
L02670,2025-01-17,,Facebook,Dental Crown,Clinic D,Contacted - No Appointment,8,No,
L02671,2025-07-28,,Instagram,General Dentistry,Clinic B,Contacted - No Appointment,41,No,
L02672,2025-05-11,,Google Organic,General Dentistry,Clinic C,Contacted - No Appointment,16,No,
L02673,2025-07-01,,Referral,Teeth Whitening,Clinic A,Not Contacted/Cold,66,No,
L02674,2025-03-28,P02674,Referral,Invisalign,Clinic C,Appointment Booked,15,Yes,2025-04-04
L02675,2025-12-26,,Google Ads,General Dentistry,Clinic D,Contacted - No Appointment,4,No,
L02676,2025-11-22,,Facebook,Root Canal,Clinic B,Contacted - No Appointment,14,No,
L02677,2025-05-05,,Google Organic,General Dentistry,Clinic C,Contacted - No Appointment,25,No,
L02678,2025-02-05,,Referral,Invisalign,Clinic B,Contacted - No Appointment,22,No,
L02679,2025-12-02,P02679,Facebook,Dental Implant,Clinic D,Appointment Booked,19,Yes,2025-05-12
L02680,2025-04-23,,Facebook,Root Canal,Clinic B,Contacted - No Appointment,23,No,
L02681,2025-06-15,P02681,Referral,Invisalign,Clinic D,Appointment Booked,34,Yes,
L02682,2025-07-27,,Facebook,Teeth Whitening,Clinic D,Contacted - No Appointment,2,No,
L02683,2025-11-09,,Facebook,General Dentistry,Clinic B,Contacted - No Appointment,20,No,
L02684,2025-09-03,,Referral,Dental Crown,Clinic A,Contacted - No Appointment,8,No,
L02685,2025-03-29,,Google Organic,General Dentistry,Clinic B,Contacted - No Appointment,28,No,
L02686,2025-11-20,P02686,Google Ads,Root Canal,Clinic D,Appointment Booked,9,Yes,
L02687,2025-05-21,,Facebook,Teeth Whitening,Clinic A,Contacted - No Appointment,9,No,
L02688,2025-11-10,P02688,Facebook,General Dentistry,Clinic C,Appointment Booked,6,Yes,
L02689,2025-08-05,,Referral,Teeth Whitening,Clinic D,Contacted - No Appointment,19,No,
L02690,2025-02-06,,Referral,Root Canal,Clinic B,Contacted - No Appointment,4,No,
L02691,2025-04-09,,Google Organic,Dental Crown,Clinic C,Contacted - No Appointment,6,No,
L02692,2025-03-22,,Facebook,Teeth Whitening,Clinic A,Contacted - No Appointment,20,No,
L02693,2025-07-30,,Google Ads,Invisalign,Clinic A,Contacted - No Appointment,15,No,
L02694,2025-10-31,,Google Organic,Teeth Whitening,Clinic D,Contacted - No Appointment,15,No,
L02695,2025-08-11,P02695,Facebook,General Dentistry,Clinic A,Appointment Booked,3,Yes,
L02696,2025-11-30,,Instagram,Root Canal,Clinic B,Contacted - No Appointment,20,No,
L02697,2025-05-20,,Instagram,Teeth Whitening,Clinic D,Contacted - No Appointment,21,No,
L02698,2025-02-19,,Facebook,Teeth Whitening,Clinic B,Contacted - No Appointment,36,No,
L02699,2025-12-06,,Referral,Dental Crown,Clinic D,Contacted - No Appointment,26,No,
L02700,2025-02-06,,Google Ads,Root Canal,Clinic D,Contacted - No Appointment,8,No,
L02701,2025-11-21,,Google Organic,General Dentistry,Clinic B,Contacted - No Appointment,8,No,
L02702,2025-06-11,P02702,Facebook,Root Canal,Clinic A,Appointment Booked,38,Yes,
L02703,2025-05-26,,Google Organic,Dental Implant,Clinic C,Contacted - No Appointment,34,No,
L02704,2025-03-19,,Google Organic,General Dentistry,Clinic B,Contacted - No Appointment,17,No,
L02705,2025-04-26,P02705,Google Ads,Dental Crown,Clinic A,Appointment Booked,29,Yes,2025-09-05
L02706,2025-11-22,,Google Ads,General Dentistry,Clinic C,Contacted - No Appointment,32,No,
L02707,2025-11-11,P02707,Google Ads,Dental Implant,Clinic A,Appointment Booked,5,Yes,
L02708,2025-03-19,P02708,Google Ads,Dental Implant,Clinic D,Appointment Booked,7,Yes,
L02709,2025-11-01,P02709,Google Organic,General Dentistry,Clinic A,Appointment Booked,13,Yes,
L02710,2025-02-27,P02710,Google Ads,Dental Implant,Clinic A,Appointment Booked,39,Yes,2025-10-03
L02711,2025-02-12,,Facebook,Teeth Whitening,Clinic A,Not Contacted/Cold,53,No,
L02712,2025-01-08,P02712,Google Ads,General Dentistry,Clinic D,Appointment Booked,21,Yes,
L02713,2025-08-01,P02713,Instagram,Teeth Whitening,Clinic C,Appointment Booked,7,Yes,
L02714,2025-02-06,P02714,Google Organic,Dental Implant,Clinic D,Appointment Booked,8,Yes,
L02715,2025-11-07,P02715,Facebook,Dental Crown,Clinic B,Appointment Booked,14,Yes,
L02716,2025-01-10,,Instagram,General Dentistry,Clinic B,Contacted - No Appointment,14,No,
L02717,2025-02-17,,Google Organic,Root Canal,Clinic A,Contacted - No Appointment,8,No,
L02718,2025-04-30,P02718,Google Ads,Root Canal,Clinic B,Appointment Booked,15,Yes,
L02719,2025-09-20,,Google Organic,Root Canal,Clinic C,Contacted - No Appointment,3,No,
L02720,2025-09-21,P02720,Facebook,Dental Implant,Clinic C,Appointment Booked,16,Yes,2025-01-10
L02721,2025-09-12,P02721,Google Ads,General Dentistry,Clinic A,Appointment Booked,10,Yes,
L02722,2025-09-25,P02722,Facebook,General Dentistry,Clinic D,Appointment Booked,9,Yes,2025-03-10
L02723,2025-04-19,,Google Ads,General Dentistry,Clinic A,Contacted - No Appointment,25,No,
L02724,2025-04-13,P02724,Google Organic,Dental Crown,Clinic D,Appointment Booked,26,Yes,
L02725,2025-12-20,,Google Ads,Teeth Whitening,Clinic A,Contacted - No Appointment,13,No,
L02726,2025-12-20,P02726,Google Ads,Invisalign,Clinic B,Appointment Booked,6,Yes,
L02727,2025-06-26,P02727,Facebook,Dental Crown,Clinic B,Appointment Booked,19,Yes,2025-07-07
L02728,2025-04-05,,Instagram,Dental Crown,Clinic B,Contacted - No Appointment,13,No,
L02729,2025-09-05,,Google Organic,General Dentistry,Clinic C,Contacted - No Appointment,30,No,
L02730,2025-04-08,,Google Ads,General Dentistry,Clinic B,Contacted - No Appointment,24,No,
L02731,2025-02-02,P02731,Google Organic,General Dentistry,Clinic B,Appointment Booked,27,Yes,2025-06-02
L02732,2025-05-17,,Referral,General Dentistry,Clinic C,Contacted - No Appointment,2,No,
L02733,2025-03-27,,Facebook,General Dentistry,Clinic C,Not Contacted/Cold,48,No,
L02734,2025-09-18,P02734,Google Organic,Dental Implant,Clinic D,Appointment Booked,20,Yes,
L02735,2025-01-15,P02735,Facebook,General Dentistry,Clinic A,Appointment Booked,3,Yes,
L02736,2025-05-24,,Google Ads,Dental Crown,Clinic C,Contacted - No Appointment,14,No,
L02737,2025-12-12,P02737,Facebook,Root Canal,Clinic C,Appointment Booked,17,Yes,
L02738,2025-07-05,,Google Ads,Dental Implant,Clinic B,Contacted - No Appointment,41,No,
L02739,2025-03-04,,Referral,Dental Crown,Clinic B,Contacted - No Appointment,26,No,
L02740,2025-11-17,,Google Ads,Invisalign,Clinic B,Contacted - No Appointment,22,No,
L02741,2025-04-11,,Instagram,Root Canal,Clinic A,Contacted - No Appointment,18,No,
L02742,2025-08-18,,Google Ads,Dental Crown,Clinic A,Contacted - No Appointment,15,No,
L02743,2025-08-19,,Instagram,General Dentistry,Clinic A,Contacted - No Appointment,4,No,
L02744,2025-12-07,P02744,Google Ads,General Dentistry,Clinic C,Appointment Booked,21,Yes,
L02745,2025-08-24,,Google Organic,Root Canal,Clinic C,Contacted - No Appointment,8,No,
L02746,2025-06-17,P02746,Google Ads,Root Canal,Clinic D,Appointment Booked,10,Yes,2025-01-07
L02747,2025-05-12,,Referral,Invisalign,Clinic C,Contacted - No Appointment,27,No,
L02748,2025-11-21,,Google Organic,Root Canal,Clinic A,Contacted - No Appointment,10,No,
L02749,2025-06-11,,Google Organic,Dental Implant,Clinic D,Contacted - No Appointment,3,No,
L02750,2025-05-25,,Google Ads,General Dentistry,Clinic D,Contacted - No Appointment,14,No,
L02751,2025-05-19,P02751,Google Ads,Dental Crown,Clinic B,Appointment Booked,3,Yes,
L02752,2025-12-08,,Referral,Dental Implant,Clinic C,Contacted - No Appointment,18,No,
L02753,2025-09-08,,Google Ads,Root Canal,Clinic D,Contacted - No Appointment,28,No,
L02754,2025-08-28,,Google Ads,Root Canal,Clinic C,Contacted - No Appointment,15,No,
L02755,2025-03-21,,Facebook,Root Canal,Clinic D,Contacted - No Appointment,4,No,
L02756,2025-05-31,,Google Ads,Dental Implant,Clinic A,Contacted - No Appointment,31,No,
L02757,2025-12-26,,Google Ads,General Dentistry,Clinic A,Contacted - No Appointment,42,No,
L02758,2025-06-18,P02758,Instagram,Invisalign,Clinic B,Appointment Booked,14,Yes,2025-01-07
L02759,2025-03-08,P02759,Facebook,Dental Implant,Clinic C,Appointment Booked,10,Yes,
L02760,2025-10-06,,Google Ads,Dental Implant,Clinic D,Contacted - No Appointment,4,No,
L02761,2025-01-31,,Facebook,Dental Crown,Clinic D,Contacted - No Appointment,19,No,
L02762,2025-12-18,,Facebook,Dental Implant,Clinic B,Contacted - No Appointment,38,No,
L02763,2025-02-02,,Google Organic,Dental Implant,Clinic A,Contacted - No Appointment,5,No,
L02764,2025-02-27,P02764,Google Ads,Root Canal,Clinic D,Appointment Booked,2,Yes,
L02765,2025-06-27,,Instagram,Dental Crown,Clinic C,Contacted - No Appointment,15,No,
L02766,2025-05-01,,Facebook,Dental Implant,Clinic A,Contacted - No Appointment,5,No,
L02767,2025-02-26,,Facebook,Invisalign,Clinic B,Contacted - No Appointment,17,No,
L02768,2025-08-14,,Google Ads,Root Canal,Clinic C,Contacted - No Appointment,21,No,
L02769,2025-08-13,P02769,Google Ads,Dental Implant,Clinic D,Appointment Booked,22,Yes,
L02770,2025-07-22,P02770,Google Organic,Root Canal,Clinic B,Appointment Booked,26,Yes,
L02771,2025-06-24,,Facebook,Dental Implant,Clinic B,Not Contacted/Cold,48,No,
L02772,2025-04-14,,Google Organic,Dental Implant,Clinic D,Contacted - No Appointment,31,No,
L02773,2025-10-11,,Referral,Root Canal,Clinic C,Contacted - No Appointment,32,No,
L02774,2025-12-01,,Instagram,Invisalign,Clinic B,Contacted - No Appointment,6,No,
L02775,2025-07-08,P02775,Facebook,Dental Implant,Clinic B,Appointment Booked,18,Yes,
L02776,2025-06-25,,Google Ads,Root Canal,Clinic C,Contacted - No Appointment,39,No,
L02777,2025-02-03,P02777,Referral,General Dentistry,Clinic A,Appointment Booked,11,Yes,
L02778,2025-06-07,,Google Organic,Teeth Whitening,Clinic A,Contacted - No Appointment,30,No,
L02779,2025-05-27,,Instagram,Teeth Whitening,Clinic C,Not Contacted/Cold,56,No,
L02780,2025-08-11,,Facebook,General Dentistry,Clinic B,Contacted - No Appointment,8,No,
L02781,2025-05-24,,Google Organic,General Dentistry,Clinic C,Contacted - No Appointment,5,No,
L02782,2025-02-16,P02782,Google Organic,Teeth Whitening,Clinic A,Appointment Booked,22,Yes,
L02783,2025-08-22,,Google Ads,Dental Crown,Clinic C,Contacted - No Appointment,16,No,
L02784,2025-10-21,,Instagram,Root Canal,Clinic B,Contacted - No Appointment,45,No,
L02785,2025-03-27,,Facebook,Invisalign,Clinic A,Contacted - No Appointment,7,No,
L02786,2025-09-23,P02786,Google Ads,Dental Crown,Clinic A,Appointment Booked,38,Yes,
L02787,2025-02-03,,Google Organic,General Dentistry,Clinic D,Contacted - No Appointment,16,No,
L02788,2025-05-31,P02788,Google Ads,Root Canal,Clinic D,Appointment Booked,10,Yes,2025-11-06
L02789,2025-09-27,,Facebook,Teeth Whitening,Clinic A,Contacted - No Appointment,18,No,
L02790,2025-02-01,,Facebook,Root Canal,Clinic D,Contacted - No Appointment,13,No,
L02791,2025-10-14,P02791,Facebook,Root Canal,Clinic C,Appointment Booked,17,Yes,
L02792,2025-01-13,,Facebook,Root Canal,Clinic D,Contacted - No Appointment,37,No,
L02793,2025-08-01,P02793,Referral,Root Canal,Clinic B,Appointment Booked,59,Yes,2025-06-08
L02794,2025-09-16,,Facebook,Root Canal,Clinic C,Contacted - No Appointment,17,No,
L02795,2025-12-19,P02795,Google Ads,Teeth Whitening,Clinic A,Appointment Booked,24,Yes,
L02796,2025-01-23,,Instagram,General Dentistry,Clinic B,Contacted - No Appointment,33,No,
L02797,2025-10-03,P02797,Google Ads,General Dentistry,Clinic D,Appointment Booked,23,Yes,2025-12-10
L02798,2025-02-16,,Google Ads,Invisalign,Clinic C,Contacted - No Appointment,10,No,
L02799,2025-01-08,P02799,Google Ads,General Dentistry,Clinic B,Appointment Booked,21,Yes,
L02800,2025-09-27,P02800,Google Ads,Invisalign,Clinic A,Appointment Booked,16,Yes,2025-09-10
L02801,2025-10-13,P02801,Facebook,Invisalign,Clinic C,Appointment Booked,3,Yes,
L02802,2025-03-22,,Facebook,Teeth Whitening,Clinic C,Contacted - No Appointment,1,No,
L02803,2025-06-18,P02803,Google Ads,Invisalign,Clinic B,Appointment Booked,21,Yes,
L02804,2025-05-16,P02804,Google Organic,Dental Implant,Clinic D,Appointment Booked,9,Yes,
L02805,2025-06-07,,Google Ads,Root Canal,Clinic A,Contacted - No Appointment,34,No,
L02806,2025-11-26,,Referral,Teeth Whitening,Clinic B,Contacted - No Appointment,10,No,
L02807,2025-10-29,,Instagram,Invisalign,Clinic D,Contacted - No Appointment,12,No,
L02808,2025-12-10,P02808,Google Ads,Dental Crown,Clinic B,Appointment Booked,29,Yes,
L02809,2025-02-05,,Referral,Dental Crown,Clinic A,Contacted - No Appointment,14,No,
L02810,2025-12-07,,Facebook,Teeth Whitening,Clinic C,Contacted - No Appointment,8,No,
L02811,2025-05-24,,Facebook,General Dentistry,Clinic D,Contacted - No Appointment,25,No,
L02812,2025-02-25,,Google Ads,Root Canal,Clinic A,Not Contacted/Cold,74,No,
L02813,2025-04-04,,Google Organic,Dental Implant,Clinic D,Contacted - No Appointment,10,No,
L02814,2025-08-06,P02814,Facebook,Invisalign,Clinic D,Appointment Booked,31,Yes,2025-07-08
L02815,2025-07-26,P02815,Google Ads,Root Canal,Clinic A,Appointment Booked,28,Yes,2025-01-08
L02816,2025-04-07,,Google Ads,Teeth Whitening,Clinic C,Not Contacted/Cold,65,No,
L02817,2025-04-25,,Google Organic,Dental Implant,Clinic B,Contacted - No Appointment,39,No,
L02818,2025-03-18,,Google Ads,Invisalign,Clinic B,Contacted - No Appointment,17,No,
L02819,2025-05-08,,Google Ads,Teeth Whitening,Clinic D,Contacted - No Appointment,25,No,
L02820,2025-01-23,P02820,Facebook,Dental Crown,Clinic D,Appointment Booked,4,Yes,2025-01-02
L02821,2025-08-26,,Google Organic,Teeth Whitening,Clinic A,Contacted - No Appointment,45,No,
L02822,2025-06-14,P02822,Google Ads,Teeth Whitening,Clinic B,Appointment Booked,6,Yes,
L02823,2025-07-16,,Google Ads,Teeth Whitening,Clinic B,Contacted - No Appointment,24,No,
L02824,2025-11-03,,Google Organic,Dental Crown,Clinic B,Contacted - No Appointment,24,No,
L02825,2025-06-21,,Google Ads,Root Canal,Clinic B,Contacted - No Appointment,27,No,
L02826,2025-06-19,P02826,Instagram,General Dentistry,Clinic A,Appointment Booked,8,Yes,2025-01-07
L02827,2025-05-11,,Referral,Dental Crown,Clinic C,Contacted - No Appointment,17,No,
L02828,2025-01-09,,Google Organic,Invisalign,Clinic B,Contacted - No Appointment,29,No,
L02829,2025-04-20,,Google Ads,Invisalign,Clinic A,Contacted - No Appointment,28,No,
L02830,2025-03-04,,Facebook,Dental Crown,Clinic D,Not Contacted/Cold,62,No,
L02831,2025-09-21,,Google Ads,General Dentistry,Clinic D,Contacted - No Appointment,43,No,
L02832,2025-09-16,,Referral,Dental Implant,Clinic B,Contacted - No Appointment,16,No,
L02833,2025-01-28,,Referral,Dental Implant,Clinic B,Contacted - No Appointment,16,No,
L02834,2025-01-20,P02834,Google Ads,General Dentistry,Clinic C,Appointment Booked,9,Yes,2025-03-02
L02835,2025-06-08,P02835,Instagram,General Dentistry,Clinic B,Appointment Booked,28,Yes,2025-09-06
L02836,2025-04-12,,Google Organic,Invisalign,Clinic A,Contacted - No Appointment,4,No,
L02837,2025-07-12,P02837,Google Ads,Root Canal,Clinic C,Appointment Booked,4,Yes,
L02838,2025-04-27,P02838,Google Ads,Dental Crown,Clinic A,Appointment Booked,26,Yes,2025-01-05
L02839,2025-01-07,P02839,Google Ads,Invisalign,Clinic A,Appointment Booked,36,Yes,
L02840,2025-11-12,,Facebook,General Dentistry,Clinic A,Contacted - No Appointment,11,No,
L02841,2025-07-05,P02841,Referral,Dental Implant,Clinic A,Appointment Booked,30,Yes,
L02842,2025-12-18,,Referral,Dental Implant,Clinic A,Not Contacted/Cold,48,No,
L02843,2025-05-07,,Google Ads,Invisalign,Clinic D,Contacted - No Appointment,34,No,
L02844,2025-01-25,,Google Ads,Invisalign,Clinic B,Contacted - No Appointment,23,No,
L02845,2025-08-22,,Facebook,Dental Implant,Clinic A,Contacted - No Appointment,26,No,
L02846,2025-12-24,P02846,Google Organic,Dental Implant,Clinic A,Appointment Booked,29,Yes,
L02847,2025-08-15,P02847,Instagram,Teeth Whitening,Clinic D,Appointment Booked,20,Yes,
L02848,2025-04-30,P02848,Facebook,Dental Implant,Clinic C,Appointment Booked,13,Yes,2025-06-05
L02849,2025-10-06,,Instagram,General Dentistry,Clinic B,Contacted - No Appointment,21,No,
L02850,2025-05-10,,Google Ads,Root Canal,Clinic D,Contacted - No Appointment,13,No,
L02851,2025-04-14,P02851,Facebook,Dental Crown,Clinic B,Appointment Booked,35,Yes,
L02852,2025-01-24,,Referral,Invisalign,Clinic B,Contacted - No Appointment,20,No,
L02853,2025-02-28,P02853,Google Ads,Invisalign,Clinic A,Appointment Booked,10,Yes,2025-02-03
L02854,2025-10-30,,Facebook,Dental Crown,Clinic B,Contacted - No Appointment,16,No,
L02855,2025-12-07,P02855,Google Ads,Dental Crown,Clinic B,Appointment Booked,10,Yes,
L02856,2025-02-18,P02856,Facebook,Teeth Whitening,Clinic C,Appointment Booked,49,Yes,
L02857,2025-03-18,,Instagram,Teeth Whitening,Clinic B,Contacted - No Appointment,34,No,
L02858,2025-03-06,P02858,Instagram,Dental Crown,Clinic C,Appointment Booked,14,Yes,2025-10-03
L02859,2025-11-07,,Referral,Root Canal,Clinic A,Contacted - No Appointment,12,No,
L02860,2025-09-14,,Facebook,General Dentistry,Clinic A,Contacted - No Appointment,14,No,
L02861,2025-09-10,P02861,Facebook,Dental Crown,Clinic B,Appointment Booked,6,Yes,2025-12-09
L02862,2025-10-05,,Google Ads,General Dentistry,Clinic D,Contacted - No Appointment,21,No,
L02863,2025-04-02,P02863,Google Organic,Teeth Whitening,Clinic B,Appointment Booked,7,Yes,2025-09-04
L02864,2025-08-25,,Google Ads,Dental Implant,Clinic C,Contacted - No Appointment,18,No,
L02865,2025-05-11,P02865,Google Organic,Invisalign,Clinic A,Appointment Booked,33,Yes,
L02866,2025-01-03,,Google Ads,Dental Crown,Clinic A,Not Contacted/Cold,47,No,
L02867,2025-12-17,P02867,Google Ads,Teeth Whitening,Clinic A,Appointment Booked,13,Yes,
L02868,2025-04-23,,Google Ads,Dental Crown,Clinic B,Contacted - No Appointment,12,No,
L02869,2025-03-16,,Referral,Teeth Whitening,Clinic A,Contacted - No Appointment,5,No,
L02870,2025-01-09,P02870,Facebook,Invisalign,Clinic A,Appointment Booked,29,Yes,2025-11-01
L02871,2025-12-03,P02871,Google Ads,Invisalign,Clinic D,Appointment Booked,19,Yes,2025-08-12
L02872,2025-06-30,P02872,Google Ads,Dental Implant,Clinic A,Appointment Booked,10,Yes,2025-07-07
L02873,2025-10-27,,Facebook,Dental Crown,Clinic C,Contacted - No Appointment,11,No,
L02874,2025-05-10,P02874,Google Ads,Dental Crown,Clinic B,Appointment Booked,38,Yes,
L02875,2025-11-02,P02875,Facebook,Invisalign,Clinic B,Appointment Booked,2,Yes,
L02876,2025-02-20,,Google Ads,Dental Crown,Clinic C,Contacted - No Appointment,43,No,
L02877,2025-01-05,P02877,Facebook,Dental Implant,Clinic B,Appointment Booked,9,Yes,2025-10-01
L02878,2025-05-20,,Google Ads,Dental Implant,Clinic B,Contacted - No Appointment,31,No,
L02879,2025-11-26,P02879,Facebook,Teeth Whitening,Clinic C,Appointment Booked,7,Yes,
L02880,2025-07-03,P02880,Instagram,Root Canal,Clinic D,Appointment Booked,24,Yes,2025-04-07
L02881,2025-02-17,,Google Ads,Dental Crown,Clinic A,Contacted - No Appointment,16,No,
L02882,2025-11-29,,Facebook,General Dentistry,Clinic A,Contacted - No Appointment,42,No,
L02883,2025-09-17,P02883,Facebook,General Dentistry,Clinic D,Appointment Booked,16,Yes,
L02884,2025-03-14,P02884,Google Ads,Dental Implant,Clinic B,Appointment Booked,45,Yes,
L02885,2025-12-14,,Instagram,Root Canal,Clinic C,Contacted - No Appointment,14,No,
L02886,2025-01-09,P02886,Instagram,Teeth Whitening,Clinic B,Appointment Booked,30,Yes,2025-11-01
L02887,2025-12-29,,Instagram,Teeth Whitening,Clinic A,Contacted - No Appointment,34,No,
L02888,2025-05-23,,Google Ads,Teeth Whitening,Clinic C,Contacted - No Appointment,15,No,
L02889,2025-08-22,,Google Ads,Invisalign,Clinic C,Contacted - No Appointment,19,No,
L02890,2025-12-07,P02890,Google Ads,Invisalign,Clinic A,Appointment Booked,6,Yes,2025-09-12
L02891,2025-03-14,,Facebook,Dental Crown,Clinic B,Contacted - No Appointment,23,No,
L02892,2025-10-28,P02892,Facebook,Teeth Whitening,Clinic D,Appointment Booked,31,Yes,2025-06-11
L02893,2025-03-13,,Facebook,Invisalign,Clinic C,Not Contacted/Cold,48,No,
L02894,2025-01-03,P02894,Google Organic,Dental Implant,Clinic A,Appointment Booked,33,Yes,
L02895,2025-03-29,,Google Ads,Teeth Whitening,Clinic C,Contacted - No Appointment,21,No,
L02896,2025-05-25,,Referral,Invisalign,Clinic C,Contacted - No Appointment,15,No,
L02897,2025-03-27,,Google Ads,Dental Implant,Clinic D,Contacted - No Appointment,18,No,
L02898,2025-09-01,,Google Organic,Dental Implant,Clinic C,Contacted - No Appointment,16,No,
L02899,2025-10-22,,Facebook,Invisalign,Clinic A,Contacted - No Appointment,36,No,
L02900,2025-11-05,,Referral,Dental Crown,Clinic C,Contacted - No Appointment,43,No,
L02901,2025-09-22,,Google Ads,Root Canal,Clinic C,Contacted - No Appointment,15,No,
L02902,2025-08-04,P02902,Facebook,Dental Implant,Clinic A,Appointment Booked,27,Yes,2025-09-08
L02903,2025-08-28,P02903,Facebook,Dental Implant,Clinic B,Appointment Booked,17,Yes,2025-07-09
L02904,2025-10-03,P02904,Referral,Invisalign,Clinic B,Appointment Booked,4,Yes,2025-08-10
L02905,2025-11-23,,Referral,Dental Crown,Clinic C,Contacted - No Appointment,7,No,
L02906,2025-07-03,,Google Ads,Dental Implant,Clinic A,Contacted - No Appointment,10,No,
L02907,2025-04-09,P02907,Instagram,Dental Crown,Clinic C,Appointment Booked,17,Yes,
L02908,2025-05-12,,Facebook,Dental Implant,Clinic D,Contacted - No Appointment,22,No,
L02909,2025-12-14,,Google Ads,Invisalign,Clinic D,Not Contacted/Cold,48,No,
L02910,2025-02-24,P02910,Google Ads,Dental Implant,Clinic D,Appointment Booked,19,Yes,2025-02-03
L02911,2025-03-06,,Referral,Dental Implant,Clinic D,Contacted - No Appointment,20,No,
L02912,2025-06-11,,Facebook,Dental Crown,Clinic A,Contacted - No Appointment,31,No,
L02913,2025-06-16,,Google Ads,Root Canal,Clinic C,Contacted - No Appointment,7,No,
L02914,2025-11-11,P02914,Google Ads,General Dentistry,Clinic B,Appointment Booked,22,Yes,
L02915,2025-08-05,,Google Ads,Dental Implant,Clinic D,Contacted - No Appointment,29,No,
L02916,2025-06-02,P02916,Facebook,Dental Implant,Clinic A,Appointment Booked,14,Yes,2025-10-06
L02917,2025-01-17,P02917,Facebook,Invisalign,Clinic D,Appointment Booked,18,Yes,
L02918,2025-05-26,,Facebook,Teeth Whitening,Clinic C,Contacted - No Appointment,15,No,
L02919,2025-10-30,P02919,Google Ads,Invisalign,Clinic D,Appointment Booked,14,Yes,
L02920,2025-05-09,,Facebook,Root Canal,Clinic A,Contacted - No Appointment,21,No,
L02921,2025-01-03,P02921,Google Ads,Invisalign,Clinic A,Appointment Booked,36,Yes,
L02922,2025-09-15,,Referral,Dental Implant,Clinic D,Contacted - No Appointment,26,No,
L02923,2025-11-29,,Google Ads,General Dentistry,Clinic A,Contacted - No Appointment,41,No,
L02924,2025-03-11,,Google Organic,Root Canal,Clinic D,Contacted - No Appointment,14,No,
L02925,2025-03-17,,Facebook,Teeth Whitening,Clinic A,Contacted - No Appointment,27,No,
L02926,2025-08-21,,Facebook,Dental Crown,Clinic C,Contacted - No Appointment,23,No,
L02927,2025-02-25,,Google Ads,Root Canal,Clinic B,Contacted - No Appointment,36,No,
L02928,2025-10-25,P02928,Google Organic,Dental Implant,Clinic C,Appointment Booked,28,Yes,2025-04-11
L02929,2025-03-21,,Google Organic,Dental Crown,Clinic C,Contacted - No Appointment,40,No,
L02930,2025-05-25,P02930,Google Ads,Dental Implant,Clinic B,Appointment Booked,12,Yes,2025-08-06
L02931,2025-08-26,P02931,Google Ads,Root Canal,Clinic A,Appointment Booked,49,Yes,2025-06-09
L02932,2025-03-11,P02932,Google Organic,Dental Crown,Clinic A,Appointment Booked,14,Yes,
L02933,2025-07-15,P02933,Google Ads,Teeth Whitening,Clinic C,Appointment Booked,13,Yes,
L02934,2025-03-20,P02934,Instagram,Dental Crown,Clinic C,Appointment Booked,26,Yes,
L02935,2025-08-03,P02935,Google Ads,Dental Crown,Clinic C,Appointment Booked,3,Yes,
L02936,2025-04-03,P02936,Instagram,Dental Implant,Clinic B,Appointment Booked,18,Yes,2025-10-04
L02937,2025-04-07,P02937,Facebook,Invisalign,Clinic B,Appointment Booked,11,Yes,
L02938,2025-05-05,P02938,Google Ads,Dental Implant,Clinic B,Appointment Booked,8,Yes,2025-07-05
L02939,2025-10-08,P02939,Instagram,Teeth Whitening,Clinic A,Appointment Booked,10,Yes,
L02940,2025-12-19,P02940,Facebook,General Dentistry,Clinic B,Appointment Booked,13,Yes,2026-01-01
L02941,2025-09-15,P02941,Google Ads,Invisalign,Clinic D,Appointment Booked,10,Yes,
L02942,2025-03-10,P02942,Facebook,Dental Implant,Clinic D,Appointment Booked,8,Yes,
L02943,2025-09-26,,Facebook,Root Canal,Clinic B,Contacted - No Appointment,14,No,
L02944,2025-04-25,,Google Ads,General Dentistry,Clinic C,Contacted - No Appointment,6,No,
L02945,2025-04-03,P02945,Referral,Dental Crown,Clinic D,Appointment Booked,27,Yes,
L02946,2025-06-23,,Instagram,Dental Implant,Clinic B,Contacted - No Appointment,13,No,
L02947,2025-08-29,P02947,Google Ads,General Dentistry,Clinic A,Appointment Booked,8,Yes,2025-02-09
L02948,2025-03-30,P02948,Google Organic,General Dentistry,Clinic A,Appointment Booked,30,Yes,2025-01-04
L02949,2025-02-21,,Facebook,Dental Implant,Clinic C,Contacted - No Appointment,27,No,
L02950,2025-11-28,P02950,Instagram,General Dentistry,Clinic D,Appointment Booked,10,Yes,2025-10-12
L02951,2025-03-04,,Google Ads,Root Canal,Clinic C,Not Contacted/Cold,58,No,
L02952,2025-11-17,,Google Organic,Root Canal,Clinic A,Not Contacted/Cold,53,No,
L02953,2025-04-13,,Google Organic,Root Canal,Clinic A,Contacted - No Appointment,31,No,
L02954,2025-02-03,P02954,Instagram,General Dentistry,Clinic D,Appointment Booked,40,Yes,
L02955,2025-08-14,P02955,Google Ads,Dental Crown,Clinic D,Appointment Booked,8,Yes,
L02956,2025-07-16,,Google Ads,Dental Implant,Clinic C,Contacted - No Appointment,25,No,
L02957,2025-02-12,P02957,Facebook,General Dentistry,Clinic C,Appointment Booked,17,Yes,
L02958,2025-05-05,,Google Ads,Dental Implant,Clinic A,Contacted - No Appointment,25,No,
L02959,2025-04-14,,Facebook,Teeth Whitening,Clinic D,Contacted - No Appointment,28,No,
L02960,2025-06-20,P02960,Google Organic,Dental Crown,Clinic D,Appointment Booked,29,Yes,
L02961,2025-07-25,,Google Organic,Invisalign,Clinic A,Contacted - No Appointment,10,No,
L02962,2025-10-16,,Facebook,Dental Implant,Clinic C,Not Contacted/Cold,75,No,
L02963,2025-07-24,,Google Ads,General Dentistry,Clinic A,Contacted - No Appointment,19,No,
L02964,2025-04-08,P02964,Google Organic,Root Canal,Clinic A,Appointment Booked,7,Yes,
L02965,2025-11-23,P02965,Referral,Dental Crown,Clinic A,Appointment Booked,34,Yes,
L02966,2025-01-10,,Facebook,Root Canal,Clinic A,Contacted - No Appointment,11,No,
L02967,2025-03-08,,Google Ads,Teeth Whitening,Clinic B,Contacted - No Appointment,19,No,
L02968,2025-07-03,,Google Organic,Root Canal,Clinic B,Contacted - No Appointment,15,No,
L02969,2025-10-02,,Google Organic,Invisalign,Clinic B,Contacted - No Appointment,26,No,
L02970,2025-06-02,,Google Ads,Root Canal,Clinic B,Contacted - No Appointment,40,No,
L02971,2025-09-13,,Instagram,General Dentistry,Clinic B,Contacted - No Appointment,22,No,
L02972,2025-09-25,P02972,Instagram,Root Canal,Clinic A,Appointment Booked,13,Yes,2025-06-10
L02973,2025-12-09,P02973,Facebook,Invisalign,Clinic C,Appointment Booked,54,Yes,
L02974,2025-01-14,,Google Organic,General Dentistry,Clinic B,Contacted - No Appointment,44,No,
L02975,2025-12-15,,Facebook,Teeth Whitening,Clinic B,Not Contacted/Cold,76,No,
L02976,2025-02-06,,Google Organic,Dental Implant,Clinic D,Contacted - No Appointment,12,No,
L02977,2025-07-07,P02977,Facebook,General Dentistry,Clinic C,Appointment Booked,8,Yes,
L02978,2025-08-16,P02978,Google Ads,Dental Crown,Clinic D,Appointment Booked,5,Yes,
L02979,2025-02-27,P02979,Instagram,Dental Implant,Clinic B,Appointment Booked,6,Yes,2025-08-03
L02980,2025-06-19,,Google Organic,Invisalign,Clinic A,Contacted - No Appointment,15,No,
L02981,2025-02-24,,Referral,Dental Crown,Clinic C,Contacted - No Appointment,23,No,
L02982,2025-06-30,P02982,Facebook,Teeth Whitening,Clinic A,Appointment Booked,10,Yes,2025-11-07
L02983,2025-06-13,,Google Ads,Invisalign,Clinic B,Contacted - No Appointment,8,No,
L02984,2025-07-17,P02984,Referral,Invisalign,Clinic A,Appointment Booked,26,Yes,
L02985,2025-10-20,P02985,Instagram,Invisalign,Clinic D,Appointment Booked,39,Yes,
L02986,2025-09-17,,Referral,Dental Crown,Clinic A,Contacted - No Appointment,2,No,
L02987,2025-11-11,P02987,Google Ads,Dental Implant,Clinic D,Appointment Booked,2,Yes,
L02988,2025-01-24,,Facebook,Dental Implant,Clinic D,Contacted - No Appointment,19,No,
L02989,2025-11-28,P02989,Google Ads,Dental Crown,Clinic B,Appointment Booked,29,Yes,2025-06-12
L02990,2025-10-14,,Google Organic,Teeth Whitening,Clinic C,Contacted - No Appointment,9,No,
L02991,2025-09-03,P02991,Referral,Root Canal,Clinic C,Appointment Booked,5,Yes,2025-11-09
L02992,2025-01-10,P02992,Facebook,Root Canal,Clinic D,Appointment Booked,36,Yes,
L02993,2025-12-09,,Google Ads,Root Canal,Clinic B,Contacted - No Appointment,19,No,
L02994,2025-09-14,,Google Ads,Root Canal,Clinic D,Contacted - No Appointment,9,No,
L02995,2025-06-18,,Instagram,General Dentistry,Clinic B,Not Contacted/Cold,56,No,
L02996,2025-11-05,P02996,Facebook,Teeth Whitening,Clinic D,Appointment Booked,30,Yes,2025-12-11
L02997,2025-05-07,P02997,Google Organic,Invisalign,Clinic B,Appointment Booked,17,Yes,
L02998,2025-03-24,,Facebook,Root Canal,Clinic B,Contacted - No Appointment,35,No,
L02999,2025-10-05,,Facebook,Root Canal,Clinic D,Contacted - No Appointment,5,No,
L03000,2025-03-06,P03000,Google Ads,Dental Crown,Clinic D,Appointment Booked,14,Yes,
L03001,2025-01-14,,Instagram,Root Canal,Clinic C,Contacted - No Appointment,11,No,
L03002,2025-12-19,,Facebook,Teeth Whitening,Clinic A,Contacted - No Appointment,15,No,
L03003,2025-02-05,,Referral,Teeth Whitening,Clinic B,Contacted - No Appointment,45,No,
L03004,2025-12-14,P03004,Instagram,Root Canal,Clinic D,Appointment Booked,50,Yes,
L03005,2025-03-06,P03005,Facebook,General Dentistry,Clinic D,Appointment Booked,22,Yes,
L03006,2025-12-19,,Google Ads,Teeth Whitening,Clinic D,Contacted - No Appointment,12,No,
L03007,2025-08-20,,Referral,Teeth Whitening,Clinic A,Contacted - No Appointment,7,No,
L03008,2025-06-27,P03008,Google Ads,General Dentistry,Clinic B,Appointment Booked,46,Yes,
L03009,2025-04-10,,Facebook,Invisalign,Clinic C,Contacted - No Appointment,27,No,
L03010,2025-08-06,,Referral,Invisalign,Clinic D,Contacted - No Appointment,11,No,
L03011,2025-05-17,,Instagram,General Dentistry,Clinic A,Contacted - No Appointment,11,No,
L03012,2025-06-02,,Facebook,Teeth Whitening,Clinic D,Contacted - No Appointment,21,No,
L03013,2025-01-05,P03013,Google Ads,General Dentistry,Clinic C,Appointment Booked,5,Yes,2025-11-01
L03014,2025-06-20,,Google Organic,Dental Implant,Clinic A,Contacted - No Appointment,16,No,
L03015,2025-12-11,,Google Ads,Dental Crown,Clinic B,Contacted - No Appointment,10,No,
L03016,2025-09-02,P03016,Google Ads,Dental Implant,Clinic B,Appointment Booked,35,Yes,2025-05-09
L03017,2025-06-20,,Google Ads,Root Canal,Clinic C,Contacted - No Appointment,21,No,
L03018,2025-07-05,P03018,Google Ads,Dental Implant,Clinic A,Appointment Booked,12,Yes,
L03019,2025-09-12,,Referral,Dental Implant,Clinic A,Contacted - No Appointment,9,No,
L03020,2025-10-03,,Instagram,Dental Implant,Clinic D,Not Contacted/Cold,54,No,
L03021,2025-06-23,,Instagram,Dental Crown,Clinic A,Not Contacted/Cold,48,No,
L03022,2025-12-22,P03022,Referral,Root Canal,Clinic A,Appointment Booked,1,Yes,
L03023,2025-02-17,,Google Ads,Dental Implant,Clinic B,Not Contacted/Cold,51,No,
L03024,2025-10-02,P03024,Google Ads,Invisalign,Clinic C,Appointment Booked,8,Yes,2025-05-10
L03025,2025-09-10,P03025,Instagram,Dental Implant,Clinic D,Appointment Booked,24,Yes,
L03026,2025-12-08,P03026,Facebook,General Dentistry,Clinic B,Appointment Booked,22,Yes,
L03027,2025-05-02,P03027,Facebook,Invisalign,Clinic D,Appointment Booked,7,Yes,2025-08-05
L03028,2025-01-23,,Google Ads,Invisalign,Clinic C,Contacted - No Appointment,32,No,
L03029,2025-03-26,P03029,Facebook,General Dentistry,Clinic A,Appointment Booked,9,Yes,
L03030,2025-08-01,,Google Ads,Dental Crown,Clinic A,Contacted - No Appointment,21,No,
L03031,2025-07-19,,Google Ads,Teeth Whitening,Clinic B,Not Contacted/Cold,65,No,
L03032,2025-07-05,,Google Ads,Dental Crown,Clinic B,Contacted - No Appointment,16,No,
L03033,2025-08-31,,Facebook,General Dentistry,Clinic C,Contacted - No Appointment,18,No,
L03034,2025-05-21,P03034,Facebook,Invisalign,Clinic C,Appointment Booked,17,Yes,
L03035,2025-09-27,P03035,Facebook,General Dentistry,Clinic B,Appointment Booked,11,Yes,2025-08-10
L03036,2025-09-29,,Referral,General Dentistry,Clinic A,Contacted - No Appointment,3,No,
L03037,2025-04-08,P03037,Referral,Dental Crown,Clinic A,Appointment Booked,16,Yes,
L03038,2025-06-22,P03038,Instagram,Dental Crown,Clinic C,Appointment Booked,5,Yes,
L03039,2025-10-05,,Referral,Dental Crown,Clinic B,Contacted - No Appointment,29,No,
L03040,2025-06-27,,Referral,Dental Implant,Clinic C,Contacted - No Appointment,16,No,
L03041,2025-06-03,P03041,Facebook,Invisalign,Clinic A,Appointment Booked,4,Yes,2025-04-06
L03042,2025-06-13,P03042,Facebook,General Dentistry,Clinic C,Appointment Booked,48,Yes,
L03043,2025-07-23,P03043,Referral,Root Canal,Clinic D,Appointment Booked,13,Yes,
L03044,2025-02-21,,Instagram,Root Canal,Clinic A,Contacted - No Appointment,18,No,
L03045,2025-08-01,,Google Ads,Teeth Whitening,Clinic B,Contacted - No Appointment,19,No,
L03046,2025-09-28,P03046,Google Organic,Root Canal,Clinic D,Appointment Booked,38,Yes,
L03047,2025-09-29,,Google Ads,Dental Implant,Clinic B,Contacted - No Appointment,18,No,
L03048,2025-04-27,,Facebook,Teeth Whitening,Clinic C,Contacted - No Appointment,14,No,
L03049,2025-05-21,,Google Ads,Teeth Whitening,Clinic A,Contacted - No Appointment,12,No,
L03050,2025-08-12,P03050,Google Ads,Dental Implant,Clinic C,Appointment Booked,11,Yes,
L03051,2025-02-06,P03051,Google Ads,General Dentistry,Clinic A,Appointment Booked,6,Yes,
L03052,2025-06-20,,Referral,Invisalign,Clinic D,Contacted - No Appointment,13,No,
L03053,2025-04-17,,Google Ads,Root Canal,Clinic C,Contacted - No Appointment,15,No,
L03054,2025-05-05,,Google Ads,Dental Implant,Clinic D,Contacted - No Appointment,38,No,
L03055,2025-08-29,,Google Ads,Dental Crown,Clinic C,Contacted - No Appointment,37,No,
L03056,2025-10-07,P03056,Instagram,Root Canal,Clinic C,Appointment Booked,13,Yes,
L03057,2025-11-15,,Referral,Root Canal,Clinic B,Contacted - No Appointment,6,No,
L03058,2025-08-16,,Google Ads,General Dentistry,Clinic D,Contacted - No Appointment,9,No,
L03059,2025-06-10,P03059,Google Ads,Dental Implant,Clinic D,Appointment Booked,22,Yes,
L03060,2025-05-26,,Facebook,Teeth Whitening,Clinic B,Contacted - No Appointment,10,No,
L03061,2025-02-10,P03061,Instagram,Dental Crown,Clinic D,Appointment Booked,19,Yes,
L03062,2025-09-09,P03062,Google Ads,General Dentistry,Clinic C,Appointment Booked,3,Yes,
L03063,2025-03-16,,Facebook,Dental Crown,Clinic C,Contacted - No Appointment,41,No,
L03064,2025-11-03,,Facebook,Dental Implant,Clinic B,Contacted - No Appointment,17,No,
L03065,2025-03-03,,Facebook,Dental Implant,Clinic A,Contacted - No Appointment,15,No,
L03066,2025-07-09,,Referral,General Dentistry,Clinic A,Contacted - No Appointment,29,No,
L03067,2025-07-17,P03067,Google Ads,General Dentistry,Clinic A,Appointment Booked,14,Yes,
L03068,2025-02-12,P03068,Google Ads,Invisalign,Clinic B,Appointment Booked,4,Yes,
L03069,2025-08-21,,Google Organic,Dental Crown,Clinic B,Contacted - No Appointment,16,No,
L03070,2025-11-14,P03070,Google Organic,Root Canal,Clinic B,Appointment Booked,17,Yes,
L03071,2025-11-02,,Google Ads,General Dentistry,Clinic D,Contacted - No Appointment,21,No,
L03072,2025-09-21,,Referral,General Dentistry,Clinic B,Not Contacted/Cold,57,No,
L03073,2025-01-14,,Google Organic,General Dentistry,Clinic B,Contacted - No Appointment,26,No,
L03074,2025-05-12,P03074,Google Ads,General Dentistry,Clinic A,Appointment Booked,19,Yes,
L03075,2025-02-13,,Facebook,General Dentistry,Clinic A,Contacted - No Appointment,31,No,
L03076,2025-09-27,,Google Ads,Invisalign,Clinic D,Contacted - No Appointment,4,No,
L03077,2025-07-17,P03077,Google Ads,General Dentistry,Clinic C,Appointment Booked,39,Yes,
L03078,2025-08-07,,Google Ads,Teeth Whitening,Clinic D,Contacted - No Appointment,29,No,
L03079,2025-01-15,P03079,Instagram,General Dentistry,Clinic A,Appointment Booked,41,Yes,
L03080,2025-05-20,,Google Organic,Dental Crown,Clinic C,Contacted - No Appointment,14,No,
L03081,2025-09-12,,Facebook,Dental Implant,Clinic A,Contacted - No Appointment,24,No,
L03082,2025-05-28,,Facebook,Dental Crown,Clinic A,Contacted - No Appointment,14,No,
L03083,2025-02-14,P03083,Facebook,Dental Crown,Clinic A,Appointment Booked,55,Yes,
L03084,2025-03-15,,Instagram,Invisalign,Clinic A,Contacted - No Appointment,15,No,
L03085,2025-10-31,,Google Organic,Root Canal,Clinic B,Contacted - No Appointment,8,No,
L03086,2025-09-23,,Facebook,Dental Crown,Clinic A,Contacted - No Appointment,9,No,
L03087,2025-12-14,P03087,Instagram,Root Canal,Clinic D,Appointment Booked,21,Yes,
L03088,2025-11-15,P03088,Facebook,Root Canal,Clinic B,Appointment Booked,28,Yes,
L03089,2025-12-17,P03089,Google Organic,Dental Implant,Clinic A,Appointment Booked,9,Yes,
L03090,2025-06-08,P03090,Google Ads,General Dentistry,Clinic A,Appointment Booked,27,Yes,2025-09-06
L03091,2025-11-27,,Google Ads,Teeth Whitening,Clinic C,Contacted - No Appointment,39,No,
L03092,2025-09-19,P03092,Facebook,Dental Implant,Clinic A,Appointment Booked,36,Yes,
L03093,2025-09-22,,Referral,Teeth Whitening,Clinic D,Contacted - No Appointment,27,No,
L03094,2025-05-15,,Instagram,Teeth Whitening,Clinic D,Contacted - No Appointment,29,No,
L03095,2025-12-11,P03095,Referral,Dental Implant,Clinic A,Appointment Booked,25,Yes,2025-12-12
L03096,2025-10-14,P03096,Google Ads,Root Canal,Clinic B,Appointment Booked,4,Yes,
L03097,2025-12-06,P03097,Facebook,Dental Crown,Clinic A,Appointment Booked,32,Yes,
L03098,2025-02-08,,Facebook,Root Canal,Clinic C,Contacted - No Appointment,13,No,
L03099,2025-06-01,,Instagram,Teeth Whitening,Clinic B,Contacted - No Appointment,38,No,
L03100,2025-10-07,,Google Organic,Root Canal,Clinic B,Contacted - No Appointment,11,No,
L03101,2025-01-31,,Google Organic,Dental Implant,Clinic A,Contacted - No Appointment,15,No,
L03102,2025-09-02,P03102,Google Organic,General Dentistry,Clinic C,Appointment Booked,22,Yes,
L03103,2025-01-23,,Instagram,Invisalign,Clinic B,Not Contacted/Cold,67,No,
L03104,2025-11-07,,Referral,Teeth Whitening,Clinic A,Contacted - No Appointment,23,No,
L03105,2025-02-09,P03105,Facebook,Dental Implant,Clinic C,Appointment Booked,23,Yes,
L03106,2025-09-21,,Google Organic,Invisalign,Clinic C,Contacted - No Appointment,8,No,
L03107,2025-10-13,,Referral,Root Canal,Clinic D,Contacted - No Appointment,7,No,
L03108,2025-02-07,P03108,Facebook,Invisalign,Clinic A,Appointment Booked,13,Yes,
L03109,2025-10-21,,Google Organic,Root Canal,Clinic D,Contacted - No Appointment,28,No,
L03110,2025-03-26,,Facebook,Dental Implant,Clinic C,Contacted - No Appointment,23,No,
L03111,2025-05-08,,Google Ads,Dental Crown,Clinic A,Contacted - No Appointment,18,No,
L03112,2025-12-28,,Instagram,Dental Crown,Clinic C,Contacted - No Appointment,14,No,
L03113,2025-08-21,P03113,Google Ads,Dental Implant,Clinic B,Appointment Booked,32,Yes,2025-04-09
L03114,2025-12-11,P03114,Facebook,General Dentistry,Clinic D,Appointment Booked,48,Yes,
L03115,2025-04-06,P03115,Referral,Invisalign,Clinic A,Appointment Booked,31,Yes,
L03116,2025-02-11,,Google Ads,Invisalign,Clinic C,Contacted - No Appointment,42,No,
L03117,2025-09-05,,Google Ads,Dental Crown,Clinic B,Contacted - No Appointment,17,No,
L03118,2025-11-12,,Instagram,Root Canal,Clinic D,Contacted - No Appointment,28,No,
L03119,2025-11-08,,Facebook,Root Canal,Clinic B,Not Contacted/Cold,58,No,
L03120,2025-04-04,,Facebook,Dental Implant,Clinic D,Contacted - No Appointment,41,No,
L03121,2025-08-31,P03121,Facebook,Teeth Whitening,Clinic D,Appointment Booked,52,Yes,2025-03-09
L03122,2025-12-07,,Google Ads,Dental Crown,Clinic B,Contacted - No Appointment,42,No,
L03123,2025-11-02,,Google Ads,Dental Implant,Clinic D,Not Contacted/Cold,49,No,
L03124,2025-01-03,,Referral,Root Canal,Clinic D,Contacted - No Appointment,13,No,
L03125,2025-10-02,,Google Ads,Teeth Whitening,Clinic A,Contacted - No Appointment,11,No,
L03126,2025-09-22,,Facebook,Dental Crown,Clinic B,Contacted - No Appointment,17,No,
L03127,2025-09-07,,Referral,Dental Implant,Clinic C,Contacted - No Appointment,15,No,
L03128,2025-08-26,P03128,Google Organic,Root Canal,Clinic B,Appointment Booked,12,Yes,2025-04-09
L03129,2025-08-01,P03129,Google Ads,Invisalign,Clinic A,Appointment Booked,49,Yes,
L03130,2025-07-22,P03130,Facebook,Root Canal,Clinic A,Appointment Booked,7,Yes,
L03131,2025-01-21,,Google Organic,General Dentistry,Clinic B,Contacted - No Appointment,42,No,
L03132,2025-09-25,,Google Organic,Root Canal,Clinic B,Contacted - No Appointment,30,No,
L03133,2025-02-27,P03133,Google Organic,Root Canal,Clinic A,Appointment Booked,1,Yes,2025-03-03
L03134,2025-02-15,,Facebook,General Dentistry,Clinic D,Contacted - No Appointment,14,No,
L03135,2025-11-22,,Google Ads,Dental Crown,Clinic C,Contacted - No Appointment,13,No,
L03136,2025-12-14,P03136,Facebook,Dental Crown,Clinic A,Appointment Booked,10,Yes,
L03137,2025-02-03,P03137,Instagram,Invisalign,Clinic C,Appointment Booked,10,Yes,2025-11-02
L03138,2025-09-04,,Instagram,Dental Crown,Clinic C,Contacted - No Appointment,11,No,
L03139,2025-05-27,P03139,Google Ads,Dental Crown,Clinic D,Appointment Booked,10,Yes,
L03140,2025-10-07,,Google Ads,Root Canal,Clinic A,Contacted - No Appointment,14,No,
L03141,2025-05-01,P03141,Referral,General Dentistry,Clinic A,Appointment Booked,11,Yes,2025-10-05
L03142,2025-05-28,P03142,Google Ads,General Dentistry,Clinic D,Appointment Booked,12,Yes,
L03143,2025-03-03,,Google Ads,Teeth Whitening,Clinic D,Not Contacted/Cold,64,No,
L03144,2025-02-13,,Google Organic,Root Canal,Clinic C,Contacted - No Appointment,28,No,
L03145,2025-05-13,,Facebook,Root Canal,Clinic D,Contacted - No Appointment,45,No,
L03146,2025-03-03,,Google Ads,Invisalign,Clinic A,Contacted - No Appointment,7,No,
L03147,2025-02-02,P03147,Facebook,Invisalign,Clinic C,Appointment Booked,12,Yes,
L03148,2025-02-18,,Instagram,Teeth Whitening,Clinic A,Contacted - No Appointment,10,No,
L03149,2025-02-21,,Facebook,Root Canal,Clinic A,Not Contacted/Cold,68,No,
L03150,2025-11-06,,Referral,General Dentistry,Clinic D,Contacted - No Appointment,35,No,
L03151,2025-05-19,,Google Ads,Dental Implant,Clinic A,Contacted - No Appointment,17,No,
L03152,2025-04-21,P03152,Instagram,Root Canal,Clinic B,Appointment Booked,39,Yes,
L03153,2025-08-14,,Google Ads,Dental Crown,Clinic D,Contacted - No Appointment,17,No,
L03154,2025-12-28,P03154,Facebook,Root Canal,Clinic A,Appointment Booked,17,Yes,2026-02-01
L03155,2025-03-23,,Google Organic,General Dentistry,Clinic D,Contacted - No Appointment,11,No,
L03156,2025-09-24,,Google Ads,General Dentistry,Clinic D,Contacted - No Appointment,16,No,
L03157,2025-08-30,,Instagram,Dental Implant,Clinic C,Contacted - No Appointment,18,No,
L03158,2025-04-27,P03158,Google Ads,Dental Implant,Clinic A,Appointment Booked,9,Yes,2025-04-05
L03159,2025-07-28,P03159,Google Ads,Dental Implant,Clinic B,Appointment Booked,42,Yes,
L03160,2025-12-08,,Facebook,Dental Crown,Clinic B,Contacted - No Appointment,40,No,
L03161,2025-05-16,P03161,Google Organic,Root Canal,Clinic B,Appointment Booked,12,Yes,
L03162,2025-01-18,P03162,Google Ads,Teeth Whitening,Clinic B,Appointment Booked,3,Yes,
L03163,2025-06-01,P03163,Referral,Root Canal,Clinic D,Appointment Booked,17,Yes,2025-05-06
L03164,2025-04-18,,Google Ads,Dental Crown,Clinic A,Contacted - No Appointment,17,No,
L03165,2025-08-30,,Google Ads,Teeth Whitening,Clinic C,Contacted - No Appointment,35,No,
L03166,2025-05-19,P03166,Google Ads,Root Canal,Clinic A,Appointment Booked,21,Yes,
L03167,2025-05-12,P03167,Google Ads,Root Canal,Clinic C,Appointment Booked,4,Yes,
L03168,2025-03-03,,Google Ads,Dental Implant,Clinic D,Contacted - No Appointment,16,No,
L03169,2025-02-13,,Google Organic,Root Canal,Clinic B,Contacted - No Appointment,21,No,
L03170,2025-08-28,P03170,Facebook,Root Canal,Clinic A,Appointment Booked,12,Yes,
L03171,2025-05-14,,Facebook,Root Canal,Clinic C,Contacted - No Appointment,37,No,
L03172,2025-11-14,,Referral,General Dentistry,Clinic C,Contacted - No Appointment,37,No,
L03173,2025-08-22,,Facebook,General Dentistry,Clinic C,Contacted - No Appointment,20,No,
L03174,2025-12-14,,Google Ads,General Dentistry,Clinic B,Contacted - No Appointment,42,No,
L03175,2025-03-02,P03175,Google Ads,Root Canal,Clinic A,Appointment Booked,2,Yes,2025-06-03
L03176,2025-05-28,,Google Ads,Teeth Whitening,Clinic D,Contacted - No Appointment,25,No,
L03177,2025-09-08,,Facebook,Root Canal,Clinic D,Contacted - No Appointment,26,No,
L03178,2025-05-08,,Google Ads,Invisalign,Clinic B,Contacted - No Appointment,15,No,
L03179,2025-01-12,P03179,Facebook,Invisalign,Clinic D,Appointment Booked,3,Yes,
L03180,2025-08-31,P03180,Instagram,Dental Implant,Clinic B,Appointment Booked,16,Yes,2025-03-09
L03181,2025-10-13,,Google Organic,Invisalign,Clinic B,Contacted - No Appointment,13,No,
L03182,2025-04-22,,Google Organic,Root Canal,Clinic A,Not Contacted/Cold,47,No,
L03183,2025-01-18,,Google Ads,General Dentistry,Clinic B,Contacted - No Appointment,31,No,
L03184,2025-08-16,P03184,Google Ads,Invisalign,Clinic C,Appointment Booked,19,Yes,
L03185,2025-10-09,,Facebook,General Dentistry,Clinic A,Contacted - No Appointment,17,No,
L03186,2025-03-25,,Google Ads,Invisalign,Clinic B,Not Contacted/Cold,49,No,
L03187,2025-04-29,,Google Ads,Invisalign,Clinic D,Contacted - No Appointment,3,No,
L03188,2025-10-31,P03188,Facebook,Root Canal,Clinic C,Appointment Booked,3,Yes,2025-11-11
L03189,2025-04-28,,Facebook,Dental Crown,Clinic C,Not Contacted/Cold,64,No,
L03190,2025-10-25,P03190,Google Organic,Dental Implant,Clinic D,Appointment Booked,15,Yes,2025-05-11
L03191,2025-04-19,P03191,Facebook,Invisalign,Clinic A,Appointment Booked,7,Yes,
L03192,2025-04-02,,Referral,Root Canal,Clinic C,Contacted - No Appointment,3,No,
L03193,2025-05-12,,Google Organic,Invisalign,Clinic D,Not Contacted/Cold,50,No,
L03194,2025-06-13,P03194,Google Ads,Teeth Whitening,Clinic C,Appointment Booked,9,Yes,
L03195,2025-08-31,,Facebook,Root Canal,Clinic B,Contacted - No Appointment,8,No,
L03196,2025-08-29,,Instagram,Dental Implant,Clinic A,Contacted - No Appointment,24,No,
L03197,2025-05-20,,Google Organic,General Dentistry,Clinic D,Contacted - No Appointment,32,No,
L03198,2025-01-27,P03198,Facebook,Invisalign,Clinic B,Appointment Booked,23,Yes,2025-06-02
L03199,2025-12-21,P03199,Facebook,Teeth Whitening,Clinic D,Appointment Booked,23,Yes,
L03200,2025-12-03,P03200,Facebook,Teeth Whitening,Clinic C,Appointment Booked,10,Yes,
L03201,2025-11-02,,Google Ads,General Dentistry,Clinic C,Contacted - No Appointment,24,No,
L03202,2025-02-24,,Referral,Root Canal,Clinic D,Contacted - No Appointment,44,No,
L03203,2025-04-11,,Facebook,Dental Crown,Clinic C,Contacted - No Appointment,25,No,
L03204,2025-08-03,,Google Ads,Invisalign,Clinic B,Contacted - No Appointment,11,No,
L03205,2025-07-23,P03205,Google Ads,Dental Crown,Clinic C,Appointment Booked,33,Yes,2025-04-08
L03206,2025-01-11,,Referral,Root Canal,Clinic D,Contacted - No Appointment,11,No,
L03207,2025-01-17,,Instagram,Root Canal,Clinic B,Contacted - No Appointment,20,No,
L03208,2025-09-11,P03208,Google Organic,General Dentistry,Clinic B,Appointment Booked,21,Yes,
L03209,2025-04-13,P03209,Google Organic,Dental Implant,Clinic A,Appointment Booked,65,Yes,
L03210,2025-04-30,,Google Organic,General Dentistry,Clinic D,Contacted - No Appointment,26,No,
L03211,2025-02-19,P03211,Instagram,General Dentistry,Clinic A,Appointment Booked,9,Yes,
L03212,2025-03-29,,Google Ads,Root Canal,Clinic C,Contacted - No Appointment,8,No,
L03213,2025-09-27,P03213,Google Ads,Root Canal,Clinic B,Appointment Booked,20,Yes,
L03214,2025-06-28,,Instagram,Root Canal,Clinic B,Not Contacted/Cold,48,No,
L03215,2025-07-01,,Facebook,General Dentistry,Clinic C,Contacted - No Appointment,3,No,
L03216,2025-11-28,,Instagram,Dental Implant,Clinic A,Contacted - No Appointment,21,No,
L03217,2025-04-07,,Facebook,Dental Crown,Clinic C,Contacted - No Appointment,44,No,
L03218,2025-08-01,,Instagram,Dental Crown,Clinic D,Contacted - No Appointment,30,No,
L03219,2025-11-28,,Google Ads,General Dentistry,Clinic D,Not Contacted/Cold,56,No,
L03220,2025-02-10,,Google Ads,Teeth Whitening,Clinic A,Contacted - No Appointment,16,No,
L03221,2025-06-22,,Google Organic,Dental Crown,Clinic D,Contacted - No Appointment,8,No,
L03222,2025-01-12,,Google Ads,Dental Implant,Clinic C,Contacted - No Appointment,16,No,
L03223,2025-05-14,,Instagram,Root Canal,Clinic D,Contacted - No Appointment,9,No,
L03224,2025-07-31,,Facebook,Dental Implant,Clinic B,Not Contacted/Cold,62,No,
L03225,2025-06-03,,Referral,General Dentistry,Clinic C,Contacted - No Appointment,22,No,
L03226,2025-04-25,,Google Organic,Teeth Whitening,Clinic D,Contacted - No Appointment,25,No,
L03227,2025-01-24,,Facebook,Teeth Whitening,Clinic D,Contacted - No Appointment,8,No,
L03228,2025-12-20,P03228,Instagram,Dental Crown,Clinic B,Appointment Booked,12,Yes,2026-03-01
L03229,2025-02-02,,Google Ads,Root Canal,Clinic B,Contacted - No Appointment,36,No,
L03230,2025-08-27,P03230,Facebook,Dental Implant,Clinic B,Appointment Booked,19,Yes,2025-03-09
L03231,2025-11-25,,Google Organic,Invisalign,Clinic B,Contacted - No Appointment,14,No,
L03232,2025-03-22,,Instagram,Dental Implant,Clinic B,Contacted - No Appointment,21,No,
L03233,2025-08-03,,Facebook,Teeth Whitening,Clinic B,Contacted - No Appointment,14,No,
L03234,2025-07-28,P03234,Google Ads,Dental Implant,Clinic D,Appointment Booked,2,Yes,2025-04-08
L03235,2025-03-13,P03235,Google Organic,Teeth Whitening,Clinic A,Appointment Booked,6,Yes,
L03236,2025-11-15,,Google Ads,Dental Crown,Clinic C,Contacted - No Appointment,20,No,
L03237,2025-12-29,,Google Organic,Root Canal,Clinic A,Contacted - No Appointment,36,No,
L03238,2025-10-20,P03238,Instagram,Dental Implant,Clinic B,Appointment Booked,13,Yes,2025-02-11
L03239,2025-08-20,,Facebook,Invisalign,Clinic A,Not Contacted/Cold,49,No,
L03240,2025-07-24,P03240,Google Ads,Invisalign,Clinic B,Appointment Booked,36,Yes,
L03241,2025-02-12,,Google Ads,Teeth Whitening,Clinic D,Contacted - No Appointment,39,No,
L03242,2025-03-22,,Referral,Dental Implant,Clinic D,Contacted - No Appointment,5,No,
L03243,2025-01-19,,Google Organic,General Dentistry,Clinic A,Contacted - No Appointment,35,No,
L03244,2025-08-13,,Instagram,Teeth Whitening,Clinic B,Contacted - No Appointment,12,No,
L03245,2025-04-26,,Facebook,Invisalign,Clinic B,Not Contacted/Cold,51,No,
L03246,2025-03-15,P03246,Instagram,Teeth Whitening,Clinic D,Appointment Booked,16,Yes,
L03247,2025-10-30,,Facebook,Dental Crown,Clinic D,Contacted - No Appointment,12,No,
L03248,2025-10-18,,Instagram,Teeth Whitening,Clinic C,Contacted - No Appointment,12,No,
L03249,2025-04-13,,Facebook,Invisalign,Clinic C,Contacted - No Appointment,31,No,
L03250,2025-03-19,,Google Organic,Dental Implant,Clinic D,Contacted - No Appointment,5,No,
L03251,2025-04-04,,Google Organic,Invisalign,Clinic A,Contacted - No Appointment,22,No,
L03252,2025-11-30,P03252,Facebook,Root Canal,Clinic B,Appointment Booked,18,Yes,2025-01-12
L03253,2025-12-29,P03253,Google Organic,Teeth Whitening,Clinic D,Appointment Booked,10,Yes,2026-05-01
L03254,2025-06-29,,Facebook,Teeth Whitening,Clinic C,Contacted - No Appointment,39,No,
L03255,2025-08-01,P03255,Google Ads,General Dentistry,Clinic C,Appointment Booked,29,Yes,2025-12-08
L03256,2025-07-29,P03256,Google Ads,Dental Implant,Clinic C,Appointment Booked,10,Yes,2025-11-08
L03257,2025-10-04,P03257,Google Organic,Dental Implant,Clinic B,Appointment Booked,7,Yes,
L03258,2025-10-11,,Referral,Dental Crown,Clinic C,Contacted - No Appointment,17,No,
L03259,2025-05-31,P03259,Google Organic,Invisalign,Clinic C,Appointment Booked,30,Yes,2025-10-06
L03260,2025-07-08,P03260,Instagram,Invisalign,Clinic B,Appointment Booked,26,Yes,
L03261,2025-11-13,,Google Ads,Root Canal,Clinic C,Contacted - No Appointment,30,No,
L03262,2025-08-11,,Google Ads,Dental Implant,Clinic D,Contacted - No Appointment,3,No,
L03263,2025-10-08,P03263,Facebook,Dental Crown,Clinic A,Appointment Booked,9,Yes,
L03264,2025-12-21,,Referral,Invisalign,Clinic B,Contacted - No Appointment,24,No,
L03265,2025-05-13,P03265,Referral,Dental Crown,Clinic B,Appointment Booked,10,Yes,
L03266,2025-01-29,,Google Ads,General Dentistry,Clinic C,Contacted - No Appointment,39,No,
L03267,2025-04-13,,Google Organic,Dental Implant,Clinic A,Contacted - No Appointment,16,No,
L03268,2025-01-04,P03268,Instagram,General Dentistry,Clinic C,Appointment Booked,7,Yes,2025-06-01
L03269,2025-09-10,,Google Ads,Root Canal,Clinic D,Contacted - No Appointment,7,No,
L03270,2025-12-26,,Facebook,General Dentistry,Clinic B,Contacted - No Appointment,21,No,
L03271,2025-09-07,,Google Organic,Invisalign,Clinic D,Contacted - No Appointment,8,No,
L03272,2025-12-17,,Google Ads,Dental Crown,Clinic D,Contacted - No Appointment,3,No,
L03273,2025-08-01,P03273,Referral,Root Canal,Clinic A,Appointment Booked,10,Yes,
L03274,2025-07-02,,Google Ads,Teeth Whitening,Clinic A,Not Contacted/Cold,63,No,
L03275,2025-05-24,,Google Ads,Dental Crown,Clinic D,Contacted - No Appointment,2,No,
L03276,2025-06-10,,Google Ads,Root Canal,Clinic D,Contacted - No Appointment,12,No,
L03277,2025-11-14,,Google Organic,General Dentistry,Clinic A,Contacted - No Appointment,12,No,
L03278,2025-04-14,P03278,Facebook,Root Canal,Clinic A,Appointment Booked,11,Yes,
L03279,2025-02-19,P03279,Google Organic,Invisalign,Clinic A,Appointment Booked,17,Yes,
L03280,2025-08-26,,Facebook,Dental Crown,Clinic D,Contacted - No Appointment,23,No,
L03281,2025-08-13,P03281,Facebook,Dental Crown,Clinic A,Appointment Booked,34,Yes,
L03282,2025-06-27,P03282,Google Organic,Root Canal,Clinic B,Appointment Booked,79,Yes,2025-01-07
L03283,2025-03-05,,Facebook,Root Canal,Clinic D,Contacted - No Appointment,30,No,
L03284,2025-04-10,P03284,Google Organic,General Dentistry,Clinic A,Appointment Booked,39,Yes,
L03285,2025-07-19,,Google Ads,Teeth Whitening,Clinic C,Contacted - No Appointment,13,No,
L03286,2025-05-04,,Instagram,Dental Implant,Clinic B,Contacted - No Appointment,18,No,
L03287,2025-03-05,P03287,Google Organic,Invisalign,Clinic D,Appointment Booked,16,Yes,
L03288,2025-08-02,,Referral,General Dentistry,Clinic B,Contacted - No Appointment,11,No,
L03289,2025-04-20,,Google Ads,Teeth Whitening,Clinic C,Contacted - No Appointment,20,No,
L03290,2025-07-21,,Instagram,General Dentistry,Clinic C,Contacted - No Appointment,5,No,
L03291,2025-03-29,,Facebook,Invisalign,Clinic A,Contacted - No Appointment,12,No,
L03292,2025-07-31,,Facebook,Teeth Whitening,Clinic A,Contacted - No Appointment,43,No,
L03293,2025-06-08,P03293,Google Ads,Teeth Whitening,Clinic B,Appointment Booked,21,Yes,
L03294,2025-08-03,,Google Ads,Invisalign,Clinic B,Contacted - No Appointment,43,No,
L03295,2025-11-04,,Google Organic,Dental Crown,Clinic D,Contacted - No Appointment,22,No,
L03296,2025-12-06,,Google Organic,Dental Crown,Clinic D,Contacted - No Appointment,16,No,
L03297,2025-08-02,,Facebook,Root Canal,Clinic B,Contacted - No Appointment,8,No,
L03298,2025-12-21,P03298,Google Organic,General Dentistry,Clinic C,Appointment Booked,19,Yes,
L03299,2025-06-26,P03299,Google Ads,General Dentistry,Clinic C,Appointment Booked,11,Yes,2025-05-07
L03300,2025-08-20,,Instagram,General Dentistry,Clinic D,Contacted - No Appointment,6,No,
L03301,2025-04-16,,Referral,Teeth Whitening,Clinic B,Contacted - No Appointment,9,No,
L03302,2025-11-17,P03302,Google Organic,Root Canal,Clinic B,Appointment Booked,27,Yes,
L03303,2025-06-27,P03303,Facebook,Root Canal,Clinic B,Appointment Booked,42,Yes,2025-01-07
L03304,2025-06-22,,Google Organic,General Dentistry,Clinic C,Contacted - No Appointment,28,No,
L03305,2025-07-29,P03305,Facebook,Root Canal,Clinic B,Appointment Booked,9,Yes,2025-05-08
L03306,2025-01-18,,Google Organic,Invisalign,Clinic B,Contacted - No Appointment,21,No,
L03307,2025-01-12,,Facebook,Root Canal,Clinic A,Contacted - No Appointment,15,No,
L03308,2025-02-23,,Google Organic,Dental Implant,Clinic C,Contacted - No Appointment,24,No,
L03309,2025-09-29,P03309,Google Ads,Dental Crown,Clinic A,Appointment Booked,12,Yes,2025-07-10
L03310,2025-03-04,,Instagram,Invisalign,Clinic A,Contacted - No Appointment,32,No,
L03311,2025-12-22,,Instagram,Invisalign,Clinic B,Contacted - No Appointment,32,No,
L03312,2025-01-31,,Instagram,General Dentistry,Clinic A,Contacted - No Appointment,30,No,
L03313,2025-01-20,P03313,Google Organic,Teeth Whitening,Clinic C,Appointment Booked,21,Yes,
L03314,2025-08-04,,Referral,Teeth Whitening,Clinic B,Contacted - No Appointment,33,No,
L03315,2025-02-09,P03315,Google Organic,Dental Crown,Clinic B,Appointment Booked,5,Yes,
L03316,2025-07-12,,Google Ads,General Dentistry,Clinic C,Contacted - No Appointment,14,No,
L03317,2025-04-20,,Google Organic,Teeth Whitening,Clinic A,Contacted - No Appointment,40,No,
L03318,2025-03-22,P03318,Google Ads,Dental Crown,Clinic A,Appointment Booked,8,Yes,
L03319,2025-09-20,,Instagram,General Dentistry,Clinic D,Contacted - No Appointment,34,No,
L03320,2025-08-05,P03320,Referral,Invisalign,Clinic B,Appointment Booked,22,Yes,2025-11-08
L03321,2025-03-06,,Google Ads,General Dentistry,Clinic B,Contacted - No Appointment,17,No,
L03322,2025-05-29,P03322,Google Organic,Root Canal,Clinic A,Appointment Booked,14,Yes,2025-02-06
L03323,2025-06-12,,Google Organic,Root Canal,Clinic B,Contacted - No Appointment,9,No,
L03324,2025-12-28,,Facebook,Dental Implant,Clinic C,Contacted - No Appointment,34,No,
L03325,2025-10-26,,Facebook,Root Canal,Clinic C,Contacted - No Appointment,21,No,
L03326,2025-02-14,,Facebook,Dental Crown,Clinic C,Contacted - No Appointment,40,No,
L03327,2025-08-22,P03327,Referral,General Dentistry,Clinic A,Appointment Booked,29,Yes,
L03328,2025-07-11,,Google Ads,General Dentistry,Clinic A,Contacted - No Appointment,19,No,
L03329,2025-01-10,P03329,Instagram,General Dentistry,Clinic D,Appointment Booked,13,Yes,
L03330,2025-11-11,P03330,Google Ads,Invisalign,Clinic D,Appointment Booked,8,Yes,
L03331,2025-03-29,P03331,Google Ads,General Dentistry,Clinic A,Appointment Booked,6,Yes,2025-06-04
L03332,2025-07-07,,Google Organic,Root Canal,Clinic B,Contacted - No Appointment,39,No,
L03333,2025-06-03,,Facebook,General Dentistry,Clinic A,Contacted - No Appointment,16,No,
L03334,2025-03-14,,Referral,Invisalign,Clinic A,Contacted - No Appointment,27,No,
L03335,2025-01-17,P03335,Facebook,Root Canal,Clinic B,Appointment Booked,8,Yes,
L03336,2025-04-20,,Facebook,General Dentistry,Clinic A,Contacted - No Appointment,11,No,
L03337,2025-01-30,,Google Ads,General Dentistry,Clinic C,Contacted - No Appointment,15,No,
L03338,2025-10-09,,Referral,Dental Crown,Clinic C,Contacted - No Appointment,18,No,
L03339,2025-05-02,,Google Ads,Teeth Whitening,Clinic A,Contacted - No Appointment,4,No,
L03340,2025-05-25,P03340,Facebook,Dental Implant,Clinic A,Appointment Booked,5,Yes,2025-05-06
L03341,2025-09-23,P03341,Facebook,Teeth Whitening,Clinic D,Appointment Booked,10,Yes,2025-03-10
L03342,2025-02-01,P03342,Facebook,Dental Crown,Clinic A,Appointment Booked,21,Yes,
L03343,2025-07-28,,Instagram,Dental Implant,Clinic C,Contacted - No Appointment,26,No,
L03344,2025-01-06,P03344,Instagram,Dental Implant,Clinic B,Appointment Booked,26,Yes,2025-09-01
L03345,2025-10-31,,Google Ads,Dental Implant,Clinic C,Contacted - No Appointment,35,No,
L03346,2025-08-21,,Facebook,Teeth Whitening,Clinic B,Contacted - No Appointment,5,No,
L03347,2025-10-22,,Google Organic,Dental Implant,Clinic A,Contacted - No Appointment,19,No,
L03348,2025-09-03,,Facebook,Root Canal,Clinic A,Contacted - No Appointment,23,No,
L03349,2025-02-01,,Google Ads,Root Canal,Clinic A,Not Contacted/Cold,56,No,
L03350,2025-12-23,,Facebook,Dental Crown,Clinic B,Contacted - No Appointment,37,No,
L03351,2025-06-02,P03351,Google Ads,Teeth Whitening,Clinic C,Appointment Booked,16,Yes,
L03352,2025-06-15,,Google Ads,Dental Crown,Clinic B,Contacted - No Appointment,15,No,
L03353,2025-01-27,,Facebook,Root Canal,Clinic A,Contacted - No Appointment,8,No,
L03354,2025-08-28,,Facebook,Root Canal,Clinic C,Contacted - No Appointment,12,No,
L03355,2025-08-07,,Google Ads,Root Canal,Clinic C,Contacted - No Appointment,25,No,
L03356,2025-06-12,,Instagram,General Dentistry,Clinic D,Contacted - No Appointment,22,No,
L03357,2025-06-04,,Referral,Invisalign,Clinic C,Contacted - No Appointment,10,No,
L03358,2025-06-25,P03358,Referral,Invisalign,Clinic B,Appointment Booked,8,Yes,2025-04-07
L03359,2025-08-12,,Google Organic,Teeth Whitening,Clinic C,Contacted - No Appointment,29,No,
L03360,2025-08-28,P03360,Google Ads,Root Canal,Clinic D,Appointment Booked,24,Yes,
L03361,2025-07-11,P03361,Google Ads,General Dentistry,Clinic D,Appointment Booked,11,Yes,2025-12-07
L03362,2025-01-20,P03362,Google Organic,Invisalign,Clinic B,Appointment Booked,29,Yes,
L03363,2025-08-15,,Google Ads,Teeth Whitening,Clinic A,Contacted - No Appointment,18,No,
L03364,2025-11-24,,Google Ads,Dental Implant,Clinic B,Contacted - No Appointment,16,No,
L03365,2025-07-26,,Facebook,Root Canal,Clinic B,Contacted - No Appointment,4,No,
L03366,2025-09-21,P03366,Google Ads,Invisalign,Clinic C,Appointment Booked,20,Yes,2025-02-10
L03367,2025-05-19,P03367,Google Organic,Teeth Whitening,Clinic B,Appointment Booked,11,Yes,
L03368,2025-03-28,,Google Organic,General Dentistry,Clinic A,Contacted - No Appointment,17,No,
L03369,2025-07-25,P03369,Google Organic,Root Canal,Clinic C,Appointment Booked,24,Yes,
L03370,2025-06-02,P03370,Google Organic,General Dentistry,Clinic D,Appointment Booked,11,Yes,
L03371,2025-07-13,,Google Ads,Dental Crown,Clinic B,Contacted - No Appointment,8,No,
L03372,2025-08-08,P03372,Google Organic,General Dentistry,Clinic C,Appointment Booked,7,Yes,
L03373,2025-10-14,,Facebook,Teeth Whitening,Clinic B,Not Contacted/Cold,47,No,
L03374,2025-01-27,,Instagram,Dental Implant,Clinic D,Contacted - No Appointment,12,No,
L03375,2025-02-17,,Google Ads,Teeth Whitening,Clinic D,Contacted - No Appointment,14,No,
L03376,2025-05-10,,Google Organic,Root Canal,Clinic C,Contacted - No Appointment,22,No,
L03377,2025-12-03,P03377,Referral,Dental Implant,Clinic C,Appointment Booked,32,Yes,2025-09-12
L03378,2025-11-28,P03378,Google Ads,Invisalign,Clinic D,Appointment Booked,24,Yes,2025-05-12
L03379,2025-07-19,P03379,Google Ads,General Dentistry,Clinic B,Appointment Booked,10,Yes,
L03380,2025-09-25,P03380,Google Ads,General Dentistry,Clinic B,Appointment Booked,9,Yes,
L03381,2025-05-19,P03381,Facebook,Teeth Whitening,Clinic D,Appointment Booked,14,Yes,
L03382,2025-03-30,P03382,Google Ads,General Dentistry,Clinic A,Appointment Booked,39,Yes,
L03383,2025-09-19,,Google Organic,Teeth Whitening,Clinic B,Contacted - No Appointment,21,No,
L03384,2025-02-16,,Facebook,Dental Implant,Clinic D,Contacted - No Appointment,18,No,
L03385,2025-07-09,P03385,Facebook,Invisalign,Clinic C,Appointment Booked,14,Yes,
L03386,2025-08-02,P03386,Google Organic,Dental Implant,Clinic B,Appointment Booked,26,Yes,
L03387,2025-08-03,,Facebook,Dental Implant,Clinic A,Contacted - No Appointment,22,No,
L03388,2025-06-17,,Facebook,Invisalign,Clinic B,Contacted - No Appointment,36,No,
L03389,2025-02-08,P03389,Google Organic,Root Canal,Clinic B,Appointment Booked,3,Yes,
L03390,2025-06-05,,Google Organic,General Dentistry,Clinic A,Contacted - No Appointment,44,No,
L03391,2025-08-26,,Google Ads,General Dentistry,Clinic C,Contacted - No Appointment,24,No,
L03392,2025-03-25,P03392,Google Ads,Dental Crown,Clinic A,Appointment Booked,20,Yes,2025-08-04
L03393,2025-02-20,,Google Ads,General Dentistry,Clinic B,Contacted - No Appointment,15,No,
L03394,2025-12-25,,Facebook,Root Canal,Clinic B,Contacted - No Appointment,2,No,
L03395,2025-10-23,,Google Ads,General Dentistry,Clinic D,Contacted - No Appointment,20,No,
L03396,2025-04-10,P03396,Instagram,Root Canal,Clinic B,Appointment Booked,20,Yes,
L03397,2025-03-02,,Google Organic,Invisalign,Clinic A,Not Contacted/Cold,59,No,
L03398,2025-08-28,,Google Ads,General Dentistry,Clinic A,Contacted - No Appointment,8,No,
L03399,2025-09-12,P03399,Instagram,Root Canal,Clinic C,Appointment Booked,12,Yes,
L03400,2025-05-09,P03400,Facebook,Root Canal,Clinic C,Appointment Booked,23,Yes,2025-10-05
L03401,2025-10-01,,Facebook,Invisalign,Clinic B,Contacted - No Appointment,42,No,
L03402,2025-06-12,,Instagram,Dental Crown,Clinic B,Contacted - No Appointment,22,No,
L03403,2025-04-22,,Referral,General Dentistry,Clinic A,Contacted - No Appointment,16,No,
L03404,2025-10-20,,Google Ads,Dental Implant,Clinic C,Contacted - No Appointment,6,No,
L03405,2025-08-19,P03405,Google Ads,General Dentistry,Clinic B,Appointment Booked,20,Yes,
L03406,2025-05-17,P03406,Instagram,Dental Implant,Clinic A,Appointment Booked,9,Yes,
L03407,2025-07-21,P03407,Facebook,Root Canal,Clinic A,Appointment Booked,11,Yes,
L03408,2025-04-30,P03408,Google Ads,Dental Implant,Clinic A,Appointment Booked,21,Yes,2025-08-05
L03409,2025-11-23,P03409,Google Ads,Teeth Whitening,Clinic A,Appointment Booked,16,Yes,2025-07-12
L03410,2025-11-05,,Instagram,Dental Implant,Clinic C,Contacted - No Appointment,22,No,
L03411,2025-12-26,,Facebook,Dental Crown,Clinic A,Contacted - No Appointment,13,No,
L03412,2025-05-01,P03412,Referral,Invisalign,Clinic A,Appointment Booked,20,Yes,
L03413,2025-09-22,,Facebook,Dental Implant,Clinic A,Contacted - No Appointment,9,No,
L03414,2025-08-12,P03414,Google Ads,Teeth Whitening,Clinic D,Appointment Booked,10,Yes,
L03415,2025-07-21,P03415,Instagram,Invisalign,Clinic D,Appointment Booked,36,Yes,2025-04-08
L03416,2025-12-07,P03416,Google Ads,Invisalign,Clinic A,Appointment Booked,58,Yes,2025-11-12
L03417,2025-12-11,P03417,Facebook,Invisalign,Clinic B,Appointment Booked,54,Yes,
L03418,2025-01-24,,Facebook,Dental Crown,Clinic A,Contacted - No Appointment,11,No,
L03419,2025-11-14,,Facebook,Dental Crown,Clinic B,Contacted - No Appointment,25,No,
L03420,2025-03-03,,Google Organic,Dental Implant,Clinic A,Contacted - No Appointment,13,No,
L03421,2025-06-28,P03421,Google Ads,Invisalign,Clinic C,Appointment Booked,20,Yes,2025-06-07
L03422,2025-03-05,,Referral,Root Canal,Clinic C,Contacted - No Appointment,20,No,
L03423,2025-12-26,P03423,Google Organic,Invisalign,Clinic D,Appointment Booked,16,Yes,
L03424,2025-12-11,,Facebook,General Dentistry,Clinic A,Contacted - No Appointment,16,No,
L03425,2025-06-13,P03425,Google Ads,Teeth Whitening,Clinic D,Appointment Booked,3,Yes,
L03426,2025-05-08,,Google Ads,Dental Crown,Clinic D,Contacted - No Appointment,12,No,
L03427,2025-05-11,,Facebook,Invisalign,Clinic A,Contacted - No Appointment,26,No,
L03428,2025-07-28,,Instagram,Teeth Whitening,Clinic B,Contacted - No Appointment,32,No,
L03429,2025-09-27,,Google Ads,General Dentistry,Clinic A,Contacted - No Appointment,16,No,
L03430,2025-10-08,,Referral,Dental Crown,Clinic A,Not Contacted/Cold,46,No,
L03431,2025-05-25,P03431,Google Ads,Teeth Whitening,Clinic B,Appointment Booked,20,Yes,
L03432,2025-03-01,,Google Ads,Teeth Whitening,Clinic C,Contacted - No Appointment,41,No,
L03433,2025-12-02,P03433,Google Ads,Dental Crown,Clinic B,Appointment Booked,21,Yes,2025-05-12
L03434,2025-06-13,P03434,Google Ads,Invisalign,Clinic D,Appointment Booked,1,Yes,
L03435,2025-11-30,,Google Organic,Teeth Whitening,Clinic A,Contacted - No Appointment,42,No,
L03436,2025-12-08,P03436,Instagram,Invisalign,Clinic D,Appointment Booked,15,Yes,2025-10-12
L03437,2025-03-26,P03437,Google Ads,Teeth Whitening,Clinic A,Appointment Booked,15,Yes,2025-08-04
L03438,2025-05-24,,Referral,Teeth Whitening,Clinic D,Contacted - No Appointment,6,No,
L03439,2025-09-15,,Google Organic,General Dentistry,Clinic B,Contacted - No Appointment,33,No,
L03440,2025-04-05,,Google Organic,Root Canal,Clinic A,Not Contacted/Cold,120,No,
L03441,2025-04-02,,Google Organic,Invisalign,Clinic D,Contacted - No Appointment,7,No,
L03442,2025-01-12,,Instagram,Dental Implant,Clinic B,Contacted - No Appointment,42,No,
L03443,2025-07-06,,Facebook,Teeth Whitening,Clinic C,Contacted - No Appointment,15,No,
L03444,2025-10-05,,Facebook,General Dentistry,Clinic C,Contacted - No Appointment,32,No,
L03445,2025-06-19,,Google Ads,Dental Crown,Clinic B,Contacted - No Appointment,9,No,
L03446,2025-08-16,P03446,Instagram,Dental Implant,Clinic B,Appointment Booked,44,Yes,
L03447,2025-01-16,,Referral,General Dentistry,Clinic C,Contacted - No Appointment,28,No,
L03448,2025-03-23,,Instagram,General Dentistry,Clinic A,Contacted - No Appointment,15,No,
L03449,2025-08-02,P03449,Referral,Root Canal,Clinic C,Appointment Booked,38,Yes,
L03450,2025-11-06,,Facebook,Dental Crown,Clinic D,Contacted - No Appointment,20,No,
L03451,2025-10-20,,Google Organic,Teeth Whitening,Clinic A,Not Contacted/Cold,54,No,
L03452,2025-09-13,P03452,Instagram,Teeth Whitening,Clinic A,Appointment Booked,11,Yes,
L03453,2025-12-19,,Google Organic,General Dentistry,Clinic C,Contacted - No Appointment,36,No,
L03454,2025-12-21,P03454,Instagram,Dental Implant,Clinic B,Appointment Booked,30,Yes,
L03455,2025-01-12,P03455,Google Ads,Dental Crown,Clinic B,Appointment Booked,5,Yes,
L03456,2025-01-20,,Google Ads,Dental Crown,Clinic A,Contacted - No Appointment,6,No,
L03457,2025-06-03,,Referral,General Dentistry,Clinic B,Contacted - No Appointment,14,No,
L03458,2025-08-21,,Google Ads,General Dentistry,Clinic A,Contacted - No Appointment,24,No,
L03459,2025-04-26,,Facebook,General Dentistry,Clinic B,Contacted - No Appointment,32,No,
L03460,2025-03-13,P03460,Facebook,Root Canal,Clinic D,Appointment Booked,24,Yes,
L03461,2025-11-05,P03461,Facebook,General Dentistry,Clinic A,Appointment Booked,35,Yes,
L03462,2025-08-26,,Google Organic,Root Canal,Clinic B,Contacted - No Appointment,16,No,
L03463,2025-10-19,P03463,Google Organic,Root Canal,Clinic D,Appointment Booked,32,Yes,
L03464,2025-03-04,,Referral,Invisalign,Clinic C,Contacted - No Appointment,20,No,
L03465,2025-09-05,P03465,Facebook,Teeth Whitening,Clinic D,Appointment Booked,14,Yes,2025-12-09
L03466,2025-02-19,,Instagram,General Dentistry,Clinic B,Contacted - No Appointment,6,No,
L03467,2025-04-29,,Referral,Invisalign,Clinic D,Contacted - No Appointment,3,No,
L03468,2025-06-09,P03468,Referral,Dental Implant,Clinic A,Appointment Booked,16,Yes,
L03469,2025-04-05,,Referral,Teeth Whitening,Clinic A,Contacted - No Appointment,21,No,
L03470,2025-10-18,,Google Organic,Dental Crown,Clinic A,Contacted - No Appointment,11,No,
L03471,2025-06-27,,Google Ads,General Dentistry,Clinic B,Contacted - No Appointment,13,No,
L03472,2025-10-05,P03472,Google Ads,Invisalign,Clinic D,Appointment Booked,1,Yes,2025-11-10
L03473,2025-01-18,P03473,Google Organic,Dental Implant,Clinic B,Appointment Booked,14,Yes,
L03474,2025-11-11,P03474,Google Organic,Root Canal,Clinic C,Appointment Booked,8,Yes,
L03475,2025-11-17,,Google Organic,Dental Implant,Clinic C,Contacted - No Appointment,10,No,
L03476,2025-08-03,,Google Ads,Invisalign,Clinic C,Contacted - No Appointment,29,No,
L03477,2025-07-24,,Instagram,Dental Implant,Clinic B,Contacted - No Appointment,17,No,
L03478,2025-04-18,P03478,Facebook,Invisalign,Clinic C,Appointment Booked,24,Yes,
L03479,2025-07-11,P03479,Facebook,Dental Implant,Clinic B,Appointment Booked,4,Yes,
L03480,2025-07-24,,Facebook,General Dentistry,Clinic A,Contacted - No Appointment,40,No,
L03481,2025-09-01,,Referral,Invisalign,Clinic D,Contacted - No Appointment,19,No,
L03482,2025-09-15,,Google Ads,Root Canal,Clinic A,Contacted - No Appointment,31,No,
L03483,2025-01-12,,Instagram,General Dentistry,Clinic A,Contacted - No Appointment,7,No,
L03484,2025-08-20,,Facebook,Dental Crown,Clinic D,Contacted - No Appointment,26,No,
L03485,2025-06-21,P03485,Instagram,Dental Crown,Clinic B,Appointment Booked,14,Yes,
L03486,2025-08-08,,Instagram,Teeth Whitening,Clinic C,Not Contacted/Cold,62,No,
L03487,2025-04-10,,Referral,General Dentistry,Clinic B,Contacted - No Appointment,11,No,
L03488,2025-08-01,,Google Ads,General Dentistry,Clinic B,Contacted - No Appointment,20,No,
L03489,2025-05-18,P03489,Google Ads,Dental Crown,Clinic B,Appointment Booked,7,Yes,
L03490,2025-01-31,P03490,Google Organic,General Dentistry,Clinic B,Appointment Booked,20,Yes,2025-04-02
L03491,2025-08-30,P03491,Facebook,Root Canal,Clinic B,Appointment Booked,18,Yes,2025-02-09
L03492,2025-09-04,,Google Ads,Invisalign,Clinic C,Contacted - No Appointment,37,No,
L03493,2025-04-22,P03493,Facebook,General Dentistry,Clinic C,Appointment Booked,21,Yes,
L03494,2025-06-11,,Instagram,Root Canal,Clinic D,Contacted - No Appointment,15,No,
L03495,2025-09-08,P03495,Google Ads,General Dentistry,Clinic A,Appointment Booked,18,Yes,
L03496,2025-04-25,P03496,Google Ads,Dental Implant,Clinic B,Appointment Booked,4,Yes,2025-01-05
L03497,2025-04-02,,Google Organic,Root Canal,Clinic C,Contacted - No Appointment,22,No,
L03498,2025-10-29,,Facebook,General Dentistry,Clinic D,Contacted - No Appointment,34,No,
L03499,2025-10-26,P03499,Google Ads,Invisalign,Clinic A,Appointment Booked,20,Yes,2025-04-11
L03500,2025-04-06,P03500,Google Ads,General Dentistry,Clinic C,Appointment Booked,5,Yes,
L03501,2025-06-05,,Instagram,General Dentistry,Clinic D,Contacted - No Appointment,24,No,
L03502,2025-05-30,P03502,Google Ads,General Dentistry,Clinic A,Appointment Booked,24,Yes,2025-05-06
L03503,2025-02-15,,Google Organic,Dental Crown,Clinic D,Contacted - No Appointment,26,No,
L03504,2025-12-14,P03504,Google Organic,Dental Crown,Clinic A,Appointment Booked,18,Yes,
L03505,2025-10-04,,Facebook,General Dentistry,Clinic C,Contacted - No Appointment,21,No,
L03506,2025-10-24,P03506,Referral,Teeth Whitening,Clinic D,Appointment Booked,24,Yes,2025-07-11
L03507,2025-06-08,P03507,Facebook,Dental Crown,Clinic C,Appointment Booked,9,Yes,
L03508,2025-01-15,P03508,Google Ads,General Dentistry,Clinic B,Appointment Booked,10,Yes,
L03509,2025-07-04,P03509,Instagram,Dental Crown,Clinic A,Appointment Booked,26,Yes,2025-08-07
L03510,2025-01-25,,Instagram,General Dentistry,Clinic D,Contacted - No Appointment,10,No,
L03511,2025-07-24,,Facebook,Dental Implant,Clinic B,Contacted - No Appointment,17,No,
L03512,2025-03-10,P03512,Facebook,Dental Implant,Clinic A,Appointment Booked,26,Yes,
L03513,2025-02-07,,Facebook,Root Canal,Clinic C,Contacted - No Appointment,35,No,
L03514,2025-11-14,,Google Ads,Root Canal,Clinic B,Contacted - No Appointment,12,No,
L03515,2025-12-01,P03515,Google Organic,Teeth Whitening,Clinic A,Appointment Booked,10,Yes,2025-05-12
L03516,2025-10-06,,Instagram,Dental Implant,Clinic A,Contacted - No Appointment,26,No,
L03517,2025-12-26,P03517,Facebook,General Dentistry,Clinic A,Appointment Booked,36,Yes,2026-05-01
L03518,2025-10-22,P03518,Facebook,Invisalign,Clinic C,Appointment Booked,5,Yes,2025-04-11
L03519,2025-09-20,P03519,Facebook,Root Canal,Clinic C,Appointment Booked,19,Yes,
L03520,2025-07-28,,Google Ads,Invisalign,Clinic B,Not Contacted/Cold,47,No,
L03521,2025-05-08,P03521,Google Ads,Dental Crown,Clinic D,Appointment Booked,9,Yes,
L03522,2025-07-19,P03522,Google Ads,Dental Implant,Clinic D,Appointment Booked,26,Yes,
L03523,2025-10-18,,Facebook,Dental Implant,Clinic C,Contacted - No Appointment,17,No,
L03524,2025-04-22,,Facebook,Teeth Whitening,Clinic A,Contacted - No Appointment,18,No,
L03525,2025-08-25,,Google Organic,Invisalign,Clinic C,Contacted - No Appointment,16,No,
L03526,2025-11-17,,Facebook,Invisalign,Clinic B,Contacted - No Appointment,22,No,
L03527,2025-11-07,,Referral,Teeth Whitening,Clinic C,Contacted - No Appointment,37,No,
L03528,2025-12-23,P03528,Google Organic,Dental Implant,Clinic C,Appointment Booked,10,Yes,
L03529,2025-06-07,,Referral,Root Canal,Clinic B,Contacted - No Appointment,10,No,
L03530,2025-01-19,P03530,Referral,Dental Implant,Clinic D,Appointment Booked,22,Yes,2025-02-02
L03531,2025-08-08,,Instagram,Invisalign,Clinic A,Contacted - No Appointment,23,No,
L03532,2025-03-03,P03532,Instagram,Dental Crown,Clinic C,Appointment Booked,16,Yes,2025-09-03
L03533,2025-01-28,,Google Ads,Dental Implant,Clinic A,Contacted - No Appointment,34,No,
L03534,2025-05-08,P03534,Google Organic,General Dentistry,Clinic D,Appointment Booked,11,Yes,
L03535,2025-02-03,,Instagram,General Dentistry,Clinic A,Contacted - No Appointment,10,No,
L03536,2025-08-06,,Facebook,Dental Implant,Clinic A,Contacted - No Appointment,20,No,
L03537,2025-05-06,P03537,Google Organic,General Dentistry,Clinic B,Appointment Booked,9,Yes,
L03538,2025-06-05,P03538,Facebook,Invisalign,Clinic B,Appointment Booked,73,Yes,
L03539,2025-03-10,P03539,Facebook,Dental Implant,Clinic A,Appointment Booked,6,Yes,
L03540,2025-01-01,,Facebook,Dental Implant,Clinic C,Contacted - No Appointment,44,No,
L03541,2025-11-01,,Google Organic,Root Canal,Clinic B,Contacted - No Appointment,11,No,
L03542,2025-12-08,P03542,Referral,Dental Crown,Clinic A,Appointment Booked,6,Yes,
L03543,2025-06-22,P03543,Google Organic,Invisalign,Clinic B,Appointment Booked,22,Yes,2025-05-07
L03544,2025-04-17,,Google Organic,General Dentistry,Clinic D,Contacted - No Appointment,16,No,
L03545,2025-06-14,,Google Ads,Teeth Whitening,Clinic C,Not Contacted/Cold,60,No,
L03546,2025-07-24,P03546,Referral,Root Canal,Clinic C,Appointment Booked,24,Yes,2025-01-08
L03547,2025-07-09,,Google Ads,Teeth Whitening,Clinic C,Contacted - No Appointment,15,No,
L03548,2025-08-17,,Referral,General Dentistry,Clinic B,Contacted - No Appointment,17,No,
L03549,2025-01-31,P03549,Google Ads,Dental Implant,Clinic A,Appointment Booked,3,Yes,2025-01-02
L03550,2025-06-16,,Facebook,Invisalign,Clinic B,Contacted - No Appointment,2,No,
L03551,2025-03-17,P03551,Google Organic,Root Canal,Clinic D,Appointment Booked,4,Yes,
L03552,2025-12-18,,Instagram,Root Canal,Clinic D,Contacted - No Appointment,16,No,
L03553,2025-08-12,,Facebook,Root Canal,Clinic B,Contacted - No Appointment,18,No,
L03554,2025-11-17,,Google Organic,Invisalign,Clinic A,Contacted - No Appointment,24,No,
L03555,2025-08-10,,Facebook,Dental Crown,Clinic A,Contacted - No Appointment,29,No,
L03556,2025-09-27,,Google Ads,Dental Crown,Clinic B,Contacted - No Appointment,3,No,
L03557,2025-11-17,,Instagram,Dental Crown,Clinic C,Contacted - No Appointment,22,No,
L03558,2025-06-01,P03558,Google Ads,Dental Implant,Clinic A,Appointment Booked,39,Yes,
L03559,2025-08-28,P03559,Google Organic,Root Canal,Clinic D,Appointment Booked,13,Yes,2025-06-09
L03560,2025-06-08,,Google Ads,Root Canal,Clinic B,Not Contacted/Cold,70,No,
L03561,2025-03-07,P03561,Facebook,Root Canal,Clinic D,Appointment Booked,18,Yes,
L03562,2025-02-15,P03562,Facebook,General Dentistry,Clinic D,Appointment Booked,11,Yes,
L03563,2025-11-07,,Facebook,Root Canal,Clinic D,Contacted - No Appointment,32,No,
L03564,2025-01-20,P03564,Facebook,Dental Implant,Clinic C,Appointment Booked,24,Yes,
L03565,2025-01-08,,Instagram,Root Canal,Clinic C,Contacted - No Appointment,41,No,
L03566,2025-11-20,P03566,Referral,General Dentistry,Clinic C,Appointment Booked,29,Yes,2025-04-12
L03567,2025-05-11,,Google Organic,Teeth Whitening,Clinic C,Contacted - No Appointment,19,No,
L03568,2025-11-25,,Google Organic,Root Canal,Clinic C,Contacted - No Appointment,30,No,
L03569,2025-10-06,,Facebook,Invisalign,Clinic D,Contacted - No Appointment,4,No,
L03570,2025-01-27,P03570,Facebook,Root Canal,Clinic C,Appointment Booked,26,Yes,2025-10-02
L03571,2025-01-20,,Google Ads,Dental Crown,Clinic D,Contacted - No Appointment,17,No,
L03572,2025-07-09,,Facebook,General Dentistry,Clinic D,Contacted - No Appointment,6,No,
L03573,2025-01-13,,Google Organic,Dental Crown,Clinic A,Contacted - No Appointment,28,No,
L03574,2025-05-07,,Facebook,Dental Crown,Clinic A,Contacted - No Appointment,37,No,
L03575,2025-02-05,P03575,Facebook,Root Canal,Clinic B,Appointment Booked,14,Yes,
L03576,2025-09-17,P03576,Google Ads,Root Canal,Clinic C,Appointment Booked,9,Yes,
L03577,2025-08-02,,Google Ads,Teeth Whitening,Clinic D,Contacted - No Appointment,34,No,
L03578,2025-06-07,,Google Ads,Root Canal,Clinic B,Contacted - No Appointment,9,No,
L03579,2025-07-20,,Instagram,General Dentistry,Clinic C,Contacted - No Appointment,19,No,
L03580,2025-07-21,P03580,Facebook,Root Canal,Clinic C,Appointment Booked,18,Yes,
L03581,2025-08-15,,Instagram,Dental Implant,Clinic A,Contacted - No Appointment,9,No,
L03582,2025-06-26,,Facebook,Dental Crown,Clinic C,Contacted - No Appointment,6,No,
L03583,2025-06-10,,Google Organic,Dental Implant,Clinic D,Contacted - No Appointment,31,No,
L03584,2025-12-23,,Google Organic,Invisalign,Clinic A,Contacted - No Appointment,23,No,
L03585,2025-09-03,,Google Organic,Root Canal,Clinic C,Contacted - No Appointment,13,No,
L03586,2025-02-12,P03586,Facebook,Teeth Whitening,Clinic C,Appointment Booked,13,Yes,
L03587,2025-02-07,,Facebook,Root Canal,Clinic A,Contacted - No Appointment,24,No,
L03588,2025-11-20,P03588,Referral,Dental Implant,Clinic A,Appointment Booked,12,Yes,
L03589,2025-11-26,,Google Ads,Dental Crown,Clinic D,Contacted - No Appointment,16,No,
L03590,2025-11-08,,Google Ads,Root Canal,Clinic B,Contacted - No Appointment,11,No,
L03591,2025-01-23,,Facebook,General Dentistry,Clinic A,Contacted - No Appointment,14,No,
L03592,2025-10-27,P03592,Instagram,Root Canal,Clinic A,Appointment Booked,15,Yes,2025-09-11
L03593,2025-02-15,,Google Ads,Teeth Whitening,Clinic C,Contacted - No Appointment,25,No,
L03594,2025-03-19,P03594,Google Organic,Invisalign,Clinic C,Appointment Booked,11,Yes,2025-01-04
L03595,2025-03-24,,Instagram,Teeth Whitening,Clinic C,Contacted - No Appointment,35,No,
L03596,2025-04-12,,Facebook,Teeth Whitening,Clinic A,Contacted - No Appointment,24,No,
L03597,2025-07-26,P03597,Facebook,General Dentistry,Clinic D,Appointment Booked,17,Yes,
L03598,2025-02-25,,Facebook,Dental Implant,Clinic B,Contacted - No Appointment,15,No,
L03599,2025-05-08,,Google Ads,Root Canal,Clinic B,Contacted - No Appointment,13,No,
L03600,2025-06-13,,Google Ads,Dental Crown,Clinic B,Contacted - No Appointment,31,No,
L03601,2025-05-17,,Google Ads,Dental Implant,Clinic B,Contacted - No Appointment,12,No,
L03602,2025-06-15,,Google Organic,Root Canal,Clinic D,Contacted - No Appointment,3,No,
L03603,2025-12-13,,Instagram,General Dentistry,Clinic D,Contacted - No Appointment,12,No,
L03604,2025-06-18,,Facebook,Root Canal,Clinic B,Contacted - No Appointment,41,No,
L03605,2025-11-08,,Instagram,General Dentistry,Clinic D,Contacted - No Appointment,7,No,
L03606,2025-12-20,P03606,Instagram,Dental Implant,Clinic D,Appointment Booked,48,Yes,2026-01-01
L03607,2025-09-07,P03607,Facebook,Teeth Whitening,Clinic D,Appointment Booked,13,Yes,
L03608,2025-02-14,P03608,Google Ads,Dental Crown,Clinic A,Appointment Booked,12,Yes,
L03609,2025-12-04,P03609,Referral,Root Canal,Clinic C,Appointment Booked,54,Yes,2025-12-12
L03610,2025-11-13,,Instagram,General Dentistry,Clinic B,Contacted - No Appointment,20,No,
L03611,2025-04-04,P03611,Google Organic,Dental Implant,Clinic D,Appointment Booked,30,Yes,
L03612,2025-01-16,P03612,Facebook,General Dentistry,Clinic A,Appointment Booked,9,Yes,
L03613,2025-11-19,,Google Organic,Dental Crown,Clinic C,Contacted - No Appointment,14,No,
L03614,2025-06-09,,Instagram,Invisalign,Clinic B,Contacted - No Appointment,2,No,
L03615,2025-10-08,P03615,Google Ads,General Dentistry,Clinic B,Appointment Booked,11,Yes,
L03616,2025-04-30,,Referral,Root Canal,Clinic C,Contacted - No Appointment,14,No,
L03617,2025-05-21,,Facebook,Teeth Whitening,Clinic D,Contacted - No Appointment,13,No,
L03618,2025-07-15,P03618,Google Ads,Root Canal,Clinic C,Appointment Booked,16,Yes,
L03619,2025-03-23,P03619,Google Ads,General Dentistry,Clinic D,Appointment Booked,14,Yes,2025-03-04
L03620,2025-09-13,P03620,Google Organic,Dental Crown,Clinic B,Appointment Booked,3,Yes,
L03621,2025-08-30,P03621,Google Organic,Dental Implant,Clinic C,Appointment Booked,11,Yes,2025-01-09
L03622,2025-12-17,,Google Organic,Dental Crown,Clinic B,Contacted - No Appointment,19,No,
L03623,2025-07-13,,Referral,Invisalign,Clinic A,Contacted - No Appointment,22,No,
L03624,2025-04-23,,Facebook,Root Canal,Clinic C,Contacted - No Appointment,40,No,
L03625,2025-12-18,P03625,Instagram,Dental Implant,Clinic C,Appointment Booked,2,Yes,
L03626,2025-08-08,,Instagram,Dental Implant,Clinic C,Contacted - No Appointment,11,No,
L03627,2025-04-25,P03627,Referral,Invisalign,Clinic C,Appointment Booked,31,Yes,2025-02-05
L03628,2025-03-26,,Facebook,Root Canal,Clinic C,Contacted - No Appointment,18,No,
L03629,2025-08-20,P03629,Referral,Root Canal,Clinic A,Appointment Booked,12,Yes,
L03630,2025-04-27,,Google Ads,Root Canal,Clinic A,Contacted - No Appointment,33,No,
L03631,2025-05-08,,Google Organic,Invisalign,Clinic C,Contacted - No Appointment,18,No,
L03632,2025-04-03,,Instagram,Dental Crown,Clinic B,Contacted - No Appointment,28,No,
L03633,2025-11-29,P03633,Google Organic,Teeth Whitening,Clinic A,Appointment Booked,16,Yes,2025-01-12
L03634,2025-12-04,,Google Ads,Root Canal,Clinic B,Contacted - No Appointment,2,No,
L03635,2025-10-24,,Google Ads,General Dentistry,Clinic C,Contacted - No Appointment,40,No,
L03636,2025-10-22,,Google Ads,Dental Crown,Clinic B,Contacted - No Appointment,15,No,
L03637,2025-04-06,P03637,Instagram,Teeth Whitening,Clinic C,Appointment Booked,4,Yes,2025-09-04
L03638,2025-04-21,P03638,Instagram,Invisalign,Clinic C,Appointment Booked,11,Yes,
L03639,2025-08-17,,Referral,Dental Implant,Clinic B,Contacted - No Appointment,8,No,
L03640,2025-10-07,P03640,Facebook,General Dentistry,Clinic D,Appointment Booked,1,Yes,
L03641,2025-01-15,,Google Ads,General Dentistry,Clinic C,Contacted - No Appointment,13,No,
L03642,2025-01-29,P03642,Google Ads,Dental Implant,Clinic C,Appointment Booked,2,Yes,2025-01-02
L03643,2025-07-28,P03643,Google Ads,Root Canal,Clinic C,Appointment Booked,13,Yes,2025-05-08
L03644,2025-12-30,P03644,Google Organic,Dental Crown,Clinic A,Appointment Booked,20,Yes,
L03645,2025-08-24,,Google Organic,Dental Crown,Clinic C,Contacted - No Appointment,20,No,
L03646,2025-03-31,,Referral,General Dentistry,Clinic B,Contacted - No Appointment,10,No,
L03647,2025-10-29,,Facebook,Dental Implant,Clinic D,Contacted - No Appointment,6,No,
L03648,2025-07-02,P03648,Google Ads,Root Canal,Clinic D,Appointment Booked,30,Yes,2025-06-07
L03649,2025-12-02,,Google Ads,Dental Implant,Clinic C,Contacted - No Appointment,23,No,
L03650,2025-01-28,,Instagram,Root Canal,Clinic A,Contacted - No Appointment,11,No,
L03651,2025-07-12,P03651,Referral,Dental Implant,Clinic A,Appointment Booked,4,Yes,
L03652,2025-01-06,P03652,Google Ads,General Dentistry,Clinic B,Appointment Booked,7,Yes,
L03653,2025-10-31,,Google Ads,Root Canal,Clinic B,Not Contacted/Cold,49,No,
L03654,2025-07-05,,Google Organic,General Dentistry,Clinic B,Contacted - No Appointment,28,No,
L03655,2025-07-01,,Instagram,Dental Implant,Clinic C,Contacted - No Appointment,20,No,
L03656,2025-09-26,P03656,Google Ads,Invisalign,Clinic A,Appointment Booked,8,Yes,2025-07-10
L03657,2025-08-15,P03657,Google Organic,Invisalign,Clinic D,Appointment Booked,8,Yes,
L03658,2025-11-30,P03658,Google Ads,Root Canal,Clinic A,Appointment Booked,30,Yes,2025-04-12
L03659,2025-08-28,,Referral,Teeth Whitening,Clinic D,Contacted - No Appointment,43,No,
L03660,2025-03-23,,Google Ads,Root Canal,Clinic D,Contacted - No Appointment,31,No,
L03661,2025-08-21,,Google Ads,Invisalign,Clinic C,Contacted - No Appointment,13,No,
L03662,2025-05-15,,Facebook,Dental Implant,Clinic C,Contacted - No Appointment,9,No,
L03663,2025-11-08,,Google Ads,Dental Implant,Clinic B,Contacted - No Appointment,7,No,
L03664,2025-12-06,P03664,Facebook,Teeth Whitening,Clinic C,Appointment Booked,12,Yes,2025-12-12
L03665,2025-09-15,,Google Organic,Root Canal,Clinic B,Contacted - No Appointment,8,No,
L03666,2025-01-04,,Facebook,Teeth Whitening,Clinic B,Contacted - No Appointment,18,No,
L03667,2025-02-26,P03667,Instagram,Dental Crown,Clinic C,Appointment Booked,4,Yes,2025-12-03
L03668,2025-08-04,P03668,Facebook,Dental Implant,Clinic B,Appointment Booked,16,Yes,
L03669,2025-03-15,P03669,Google Ads,Dental Implant,Clinic C,Appointment Booked,58,Yes,
L03670,2025-05-13,,Referral,Teeth Whitening,Clinic B,Contacted - No Appointment,31,No,
L03671,2025-07-30,,Google Organic,Teeth Whitening,Clinic B,Contacted - No Appointment,18,No,
L03672,2025-04-03,,Google Ads,Root Canal,Clinic A,Not Contacted/Cold,58,No,
L03673,2025-01-03,,Facebook,Dental Implant,Clinic A,Contacted - No Appointment,23,No,
L03674,2025-08-11,,Instagram,Dental Implant,Clinic A,Contacted - No Appointment,8,No,
L03675,2025-08-12,,Google Ads,Invisalign,Clinic A,Contacted - No Appointment,29,No,
L03676,2025-03-06,,Instagram,Dental Implant,Clinic A,Contacted - No Appointment,6,No,
L03677,2025-02-17,,Facebook,Invisalign,Clinic D,Contacted - No Appointment,3,No,
L03678,2025-11-03,P03678,Google Ads,Root Canal,Clinic A,Appointment Booked,22,Yes,2025-05-11
L03679,2025-12-17,P03679,Google Ads,Dental Implant,Clinic C,Appointment Booked,25,Yes,
L03680,2025-06-20,,Google Organic,Dental Implant,Clinic B,Contacted - No Appointment,29,No,
L03681,2025-05-08,P03681,Facebook,General Dentistry,Clinic D,Appointment Booked,25,Yes,
L03682,2025-04-07,,Google Ads,Dental Crown,Clinic B,Contacted - No Appointment,21,No,
L03683,2025-03-21,P03683,Google Organic,General Dentistry,Clinic B,Appointment Booked,10,Yes,
L03684,2025-12-24,,Google Organic,Invisalign,Clinic C,Contacted - No Appointment,19,No,
L03685,2025-08-24,,Google Ads,Dental Crown,Clinic B,Contacted - No Appointment,29,No,
L03686,2025-06-17,,Referral,Invisalign,Clinic C,Contacted - No Appointment,21,No,
L03687,2025-07-17,,Google Organic,Dental Crown,Clinic A,Contacted - No Appointment,26,No,
L03688,2025-08-07,P03688,Facebook,Dental Implant,Clinic D,Appointment Booked,48,Yes,
L03689,2025-11-14,,Facebook,Dental Implant,Clinic B,Contacted - No Appointment,26,No,
L03690,2025-02-27,P03690,Google Organic,General Dentistry,Clinic B,Appointment Booked,32,Yes,2025-03-03
L03691,2025-11-06,,Google Ads,Dental Crown,Clinic C,Contacted - No Appointment,4,No,
L03692,2025-07-01,,Facebook,General Dentistry,Clinic B,Contacted - No Appointment,22,No,
L03693,2025-12-02,P03693,Instagram,Invisalign,Clinic D,Appointment Booked,56,Yes,2025-06-12
L03694,2025-07-12,,Facebook,Invisalign,Clinic B,Contacted - No Appointment,19,No,
L03695,2025-09-08,P03695,Instagram,Root Canal,Clinic C,Appointment Booked,19,Yes,
L03696,2025-02-20,,Facebook,Teeth Whitening,Clinic A,Contacted - No Appointment,14,No,
L03697,2025-10-06,,Google Ads,Dental Crown,Clinic D,Contacted - No Appointment,13,No,
L03698,2025-03-19,,Facebook,General Dentistry,Clinic C,Not Contacted/Cold,47,No,
L03699,2025-09-06,,Facebook,Dental Implant,Clinic A,Contacted - No Appointment,2,No,
L03700,2025-04-02,,Google Organic,Teeth Whitening,Clinic A,Contacted - No Appointment,21,No,
L03701,2025-08-27,P03701,Instagram,Invisalign,Clinic B,Appointment Booked,14,Yes,2025-10-09
L03702,2025-06-01,P03702,Facebook,Invisalign,Clinic D,Appointment Booked,3,Yes,2025-10-06
L03703,2025-05-23,P03703,Referral,Root Canal,Clinic A,Appointment Booked,29,Yes,
L03704,2025-06-03,P03704,Google Ads,Root Canal,Clinic B,Appointment Booked,16,Yes,
L03705,2025-11-14,,Google Ads,Dental Implant,Clinic A,Contacted - No Appointment,20,No,
L03706,2025-03-03,,Facebook,Invisalign,Clinic B,Contacted - No Appointment,12,No,
L03707,2025-05-18,,Google Ads,Root Canal,Clinic C,Contacted - No Appointment,23,No,
L03708,2025-09-03,P03708,Instagram,Root Canal,Clinic D,Appointment Booked,25,Yes,2025-05-09
L03709,2025-02-07,P03709,Google Ads,Invisalign,Clinic C,Appointment Booked,7,Yes,
L03710,2025-06-27,P03710,Google Ads,Dental Implant,Clinic D,Appointment Booked,7,Yes,2025-09-07
L03711,2025-01-27,,Google Ads,Dental Implant,Clinic C,Contacted - No Appointment,12,No,
L03712,2025-04-28,,Google Organic,General Dentistry,Clinic A,Contacted - No Appointment,43,No,
L03713,2025-05-02,,Referral,General Dentistry,Clinic B,Contacted - No Appointment,13,No,
L03714,2025-04-02,P03714,Google Organic,Root Canal,Clinic C,Appointment Booked,12,Yes,2025-07-04
L03715,2025-03-08,,Google Ads,General Dentistry,Clinic D,Contacted - No Appointment,10,No,
L03716,2025-06-08,,Instagram,Dental Crown,Clinic D,Not Contacted/Cold,49,No,
L03717,2025-03-14,P03717,Google Ads,Dental Implant,Clinic A,Appointment Booked,19,Yes,
L03718,2025-03-15,,Facebook,Dental Implant,Clinic A,Contacted - No Appointment,34,No,
L03719,2025-02-27,,Google Organic,General Dentistry,Clinic A,Contacted - No Appointment,36,No,
L03720,2025-12-04,P03720,Facebook,Dental Crown,Clinic D,Appointment Booked,8,Yes,
L03721,2025-10-03,P03721,Google Ads,General Dentistry,Clinic D,Appointment Booked,9,Yes,2025-11-10
L03722,2025-04-06,P03722,Facebook,General Dentistry,Clinic D,Appointment Booked,20,Yes,
L03723,2025-10-26,P03723,Google Ads,Root Canal,Clinic B,Appointment Booked,7,Yes,2025-04-11
L03724,2025-02-09,P03724,Facebook,Dental Implant,Clinic B,Appointment Booked,9,Yes,
L03725,2025-11-15,P03725,Facebook,Invisalign,Clinic B,Appointment Booked,13,Yes,
L03726,2025-08-04,P03726,Facebook,Dental Implant,Clinic A,Appointment Booked,9,Yes,2025-11-08
L03727,2025-10-14,,Referral,Invisalign,Clinic B,Contacted - No Appointment,6,No,
L03728,2025-10-01,P03728,Instagram,Root Canal,Clinic A,Appointment Booked,11,Yes,2025-04-10
L03729,2025-09-09,P03729,Google Organic,Dental Implant,Clinic A,Appointment Booked,18,Yes,
L03730,2025-11-15,P03730,Google Organic,Dental Implant,Clinic D,Appointment Booked,8,Yes,
L03731,2025-05-24,,Instagram,Root Canal,Clinic D,Contacted - No Appointment,11,No,
L03732,2025-02-03,,Facebook,Invisalign,Clinic B,Contacted - No Appointment,14,No,
L03733,2025-11-03,,Google Ads,Root Canal,Clinic C,Not Contacted/Cold,50,No,
L03734,2025-05-04,,Instagram,Root Canal,Clinic B,Contacted - No Appointment,9,No,
L03735,2025-05-28,,Facebook,Dental Crown,Clinic C,Contacted - No Appointment,40,No,
L03736,2025-03-10,,Google Ads,General Dentistry,Clinic D,Contacted - No Appointment,2,No,
L03737,2025-09-30,P03737,Facebook,Dental Implant,Clinic D,Appointment Booked,29,Yes,2025-04-10
L03738,2025-08-01,,Google Organic,Dental Implant,Clinic C,Contacted - No Appointment,25,No,
L03739,2025-06-06,P03739,Referral,General Dentistry,Clinic A,Appointment Booked,28,Yes,2025-09-06
L03740,2025-12-23,,Facebook,Root Canal,Clinic B,Contacted - No Appointment,26,No,
L03741,2025-12-03,P03741,Facebook,Teeth Whitening,Clinic B,Appointment Booked,32,Yes,
L03742,2025-05-27,,Referral,Invisalign,Clinic B,Contacted - No Appointment,13,No,
L03743,2025-12-16,P03743,Facebook,General Dentistry,Clinic D,Appointment Booked,40,Yes,
L03744,2025-05-09,P03744,Google Ads,General Dentistry,Clinic B,Appointment Booked,9,Yes,
L03745,2025-05-13,P03745,Google Ads,Dental Crown,Clinic A,Appointment Booked,3,Yes,
L03746,2025-11-18,,Referral,Dental Implant,Clinic B,Contacted - No Appointment,3,No,
L03747,2025-02-12,P03747,Google Ads,General Dentistry,Clinic D,Appointment Booked,19,Yes,
L03748,2025-11-12,,Facebook,Teeth Whitening,Clinic A,Contacted - No Appointment,23,No,
L03749,2025-05-07,,Facebook,Teeth Whitening,Clinic C,Contacted - No Appointment,30,No,
L03750,2025-01-20,,Google Organic,Dental Implant,Clinic B,Contacted - No Appointment,18,No,
L03751,2025-03-10,,Referral,Teeth Whitening,Clinic A,Contacted - No Appointment,10,No,
L03752,2025-02-07,,Facebook,Dental Implant,Clinic B,Contacted - No Appointment,29,No,
L03753,2025-02-05,P03753,Referral,Invisalign,Clinic C,Appointment Booked,17,Yes,2025-06-02
L03754,2025-06-14,P03754,Google Ads,Dental Crown,Clinic C,Appointment Booked,10,Yes,
L03755,2025-06-23,P03755,Google Ads,Invisalign,Clinic D,Appointment Booked,22,Yes,2025-03-07
L03756,2025-10-05,,Referral,Dental Crown,Clinic B,Contacted - No Appointment,17,No,
L03757,2025-11-18,,Facebook,Dental Crown,Clinic A,Not Contacted/Cold,88,No,
L03758,2025-03-16,,Google Ads,Dental Implant,Clinic D,Not Contacted/Cold,70,No,
L03759,2025-04-28,P03759,Facebook,Dental Crown,Clinic B,Appointment Booked,9,Yes,
L03760,2025-10-03,P03760,Google Organic,General Dentistry,Clinic C,Appointment Booked,3,Yes,2025-07-10
L03761,2025-02-16,,Google Organic,Dental Implant,Clinic D,Contacted - No Appointment,7,No,
L03762,2025-09-08,,Referral,Dental Crown,Clinic B,Contacted - No Appointment,4,No,
L03763,2025-07-13,,Instagram,Invisalign,Clinic C,Contacted - No Appointment,25,No,
L03764,2025-04-24,P03764,Referral,Root Canal,Clinic A,Appointment Booked,37,Yes,2025-03-05
L03765,2025-08-27,,Facebook,Invisalign,Clinic B,Contacted - No Appointment,7,No,
L03766,2025-04-19,,Instagram,Root Canal,Clinic A,Contacted - No Appointment,35,No,
L03767,2025-01-01,,Google Organic,Dental Implant,Clinic D,Contacted - No Appointment,5,No,
L03768,2025-10-20,P03768,Facebook,General Dentistry,Clinic A,Appointment Booked,35,Yes,2025-01-11
L03769,2025-10-30,,Google Ads,Dental Crown,Clinic C,Contacted - No Appointment,9,No,
L03770,2025-11-11,P03770,Facebook,Root Canal,Clinic D,Appointment Booked,18,Yes,
L03771,2025-07-19,,Instagram,Root Canal,Clinic C,Contacted - No Appointment,30,No,
L03772,2025-03-20,,Google Ads,Root Canal,Clinic C,Contacted - No Appointment,13,No,
L03773,2025-12-15,,Google Ads,Root Canal,Clinic B,Contacted - No Appointment,5,No,
L03774,2025-08-09,,Google Ads,Root Canal,Clinic B,Not Contacted/Cold,61,No,
L03775,2025-02-21,P03775,Google Ads,Root Canal,Clinic B,Appointment Booked,5,Yes,
L03776,2025-06-12,,Google Organic,Invisalign,Clinic C,Not Contacted/Cold,50,No,
L03777,2025-05-05,,Google Ads,Invisalign,Clinic D,Contacted - No Appointment,24,No,
L03778,2025-05-23,,Google Ads,Dental Crown,Clinic D,Contacted - No Appointment,38,No,
L03779,2025-01-07,P03779,Google Organic,General Dentistry,Clinic D,Appointment Booked,26,Yes,
L03780,2025-06-08,,Google Organic,Dental Implant,Clinic D,Contacted - No Appointment,5,No,
L03781,2025-03-17,,Google Ads,Dental Implant,Clinic B,Contacted - No Appointment,4,No,
L03782,2025-04-28,P03782,Google Ads,Invisalign,Clinic C,Appointment Booked,10,Yes,2025-04-05
L03783,2025-01-08,,Referral,General Dentistry,Clinic D,Contacted - No Appointment,2,No,
L03784,2025-05-05,,Facebook,General Dentistry,Clinic B,Contacted - No Appointment,18,No,
L03785,2025-01-10,,Referral,Dental Crown,Clinic D,Contacted - No Appointment,19,No,
L03786,2025-12-30,P03786,Google Ads,General Dentistry,Clinic B,Appointment Booked,14,Yes,2026-12-01
L03787,2025-11-16,,Google Ads,Root Canal,Clinic C,Contacted - No Appointment,7,No,
L03788,2025-04-18,P03788,Google Ads,General Dentistry,Clinic C,Appointment Booked,21,Yes,
L03789,2025-02-28,,Google Ads,Invisalign,Clinic D,Contacted - No Appointment,9,No,
L03790,2025-05-14,,Referral,Invisalign,Clinic A,Contacted - No Appointment,17,No,
L03791,2025-08-29,P03791,Referral,Dental Crown,Clinic C,Appointment Booked,8,Yes,2025-03-09
L03792,2025-11-06,P03792,Referral,Root Canal,Clinic C,Appointment Booked,12,Yes,
L03793,2025-06-28,P03793,Referral,Dental Crown,Clinic B,Appointment Booked,82,Yes,2025-02-07
L03794,2025-01-25,,Google Organic,Invisalign,Clinic D,Contacted - No Appointment,32,No,
L03795,2025-03-11,P03795,Instagram,Dental Crown,Clinic C,Appointment Booked,6,Yes,
L03796,2025-04-30,,Google Organic,Invisalign,Clinic C,Not Contacted/Cold,51,No,
L03797,2025-11-05,,Google Ads,Dental Implant,Clinic B,Contacted - No Appointment,26,No,
L03798,2025-10-20,,Facebook,General Dentistry,Clinic B,Contacted - No Appointment,14,No,
L03799,2025-03-13,,Instagram,General Dentistry,Clinic C,Contacted - No Appointment,15,No,
L03800,2025-05-03,P03800,Referral,General Dentistry,Clinic B,Appointment Booked,21,Yes,2025-07-05
L03801,2025-05-29,P03801,Instagram,Teeth Whitening,Clinic A,Appointment Booked,50,Yes,2025-03-06
L03802,2025-09-30,,Google Organic,Dental Crown,Clinic D,Contacted - No Appointment,24,No,
L03803,2025-12-21,,Facebook,Dental Crown,Clinic C,Contacted - No Appointment,10,No,
L03804,2025-12-21,,Google Organic,Dental Implant,Clinic C,Contacted - No Appointment,13,No,
L03805,2025-05-21,P03805,Referral,Invisalign,Clinic B,Appointment Booked,10,Yes,
L03806,2025-09-25,P03806,Google Ads,Invisalign,Clinic B,Appointment Booked,22,Yes,
L03807,2025-08-24,,Referral,General Dentistry,Clinic B,Contacted - No Appointment,26,No,
L03808,2025-11-18,P03808,Facebook,Dental Implant,Clinic B,Appointment Booked,26,Yes,
L03809,2025-04-27,P03809,Instagram,General Dentistry,Clinic C,Appointment Booked,41,Yes,2025-09-05
L03810,2025-12-26,P03810,Referral,Root Canal,Clinic C,Appointment Booked,25,Yes,2026-05-01
L03811,2025-07-31,,Facebook,Teeth Whitening,Clinic B,Contacted - No Appointment,7,No,
L03812,2025-04-25,,Facebook,Dental Implant,Clinic A,Contacted - No Appointment,42,No,
L03813,2025-08-24,P03813,Facebook,Invisalign,Clinic B,Appointment Booked,15,Yes,
L03814,2025-05-29,,Google Ads,General Dentistry,Clinic A,Contacted - No Appointment,17,No,
L03815,2025-11-21,,Facebook,Invisalign,Clinic A,Contacted - No Appointment,13,No,
L03816,2025-08-04,,Google Ads,Invisalign,Clinic D,Contacted - No Appointment,9,No,
L03817,2025-10-13,,Referral,Invisalign,Clinic C,Contacted - No Appointment,10,No,
L03818,2025-11-15,,Google Ads,Dental Implant,Clinic C,Contacted - No Appointment,33,No,
L03819,2025-05-19,,Facebook,Invisalign,Clinic B,Contacted - No Appointment,18,No,
L03820,2025-07-03,,Referral,Dental Crown,Clinic D,Contacted - No Appointment,13,No,
L03821,2025-05-21,,Referral,Root Canal,Clinic C,Contacted - No Appointment,41,No,
L03822,2025-04-26,,Google Organic,Dental Crown,Clinic D,Contacted - No Appointment,25,No,
L03823,2025-05-29,,Instagram,Dental Implant,Clinic B,Contacted - No Appointment,14,No,
L03824,2025-07-19,,Google Ads,Teeth Whitening,Clinic D,Contacted - No Appointment,45,No,
L03825,2025-06-11,,Facebook,Teeth Whitening,Clinic D,Contacted - No Appointment,38,No,
L03826,2025-03-27,,Google Ads,Dental Implant,Clinic D,Contacted - No Appointment,13,No,
L03827,2025-12-13,,Google Organic,Root Canal,Clinic A,Contacted - No Appointment,11,No,
L03828,2025-11-16,,Facebook,Dental Implant,Clinic B,Contacted - No Appointment,27,No,
L03829,2025-10-14,,Instagram,Teeth Whitening,Clinic B,Contacted - No Appointment,13,No,
L03830,2025-06-15,P03830,Facebook,Teeth Whitening,Clinic B,Appointment Booked,19,Yes,
L03831,2025-08-23,,Facebook,General Dentistry,Clinic D,Contacted - No Appointment,16,No,
L03832,2025-11-15,P03832,Instagram,Invisalign,Clinic A,Appointment Booked,19,Yes,
L03833,2025-05-20,P03833,Google Organic,Root Canal,Clinic A,Appointment Booked,47,Yes,2025-01-06
L03834,2025-03-04,,Google Ads,Invisalign,Clinic B,Contacted - No Appointment,19,No,
L03835,2025-11-23,P03835,Facebook,Root Canal,Clinic A,Appointment Booked,30,Yes,
L03836,2025-07-15,,Google Ads,Root Canal,Clinic A,Contacted - No Appointment,20,No,
L03837,2025-02-18,,Google Ads,Dental Implant,Clinic D,Contacted - No Appointment,18,No,
L03838,2025-05-25,P03838,Instagram,Teeth Whitening,Clinic C,Appointment Booked,7,Yes,2025-03-06
L03839,2025-12-08,P03839,Google Ads,Root Canal,Clinic A,Appointment Booked,4,Yes,
L03840,2025-07-22,,Google Ads,General Dentistry,Clinic B,Contacted - No Appointment,10,No,
L03841,2025-11-21,P03841,Referral,Invisalign,Clinic B,Appointment Booked,3,Yes,2025-03-12
L03842,2025-10-28,,Facebook,General Dentistry,Clinic A,Contacted - No Appointment,10,No,
L03843,2025-07-16,P03843,Google Ads,General Dentistry,Clinic C,Appointment Booked,19,Yes,
L03844,2025-09-26,,Google Ads,General Dentistry,Clinic C,Contacted - No Appointment,12,No,
L03845,2025-02-12,P03845,Google Ads,Teeth Whitening,Clinic C,Appointment Booked,3,Yes,
L03846,2025-02-08,,Facebook,Teeth Whitening,Clinic C,Not Contacted/Cold,95,No,
L03847,2025-10-03,,Instagram,Dental Crown,Clinic A,Contacted - No Appointment,17,No,
L03848,2025-07-22,,Instagram,Invisalign,Clinic D,Contacted - No Appointment,16,No,
L03849,2025-06-23,,Google Ads,Dental Crown,Clinic D,Contacted - No Appointment,39,No,
L03850,2025-09-14,P03850,Instagram,Teeth Whitening,Clinic D,Appointment Booked,35,Yes,
L03851,2025-05-12,P03851,Facebook,General Dentistry,Clinic A,Appointment Booked,16,Yes,
L03852,2025-08-23,P03852,Facebook,Root Canal,Clinic D,Appointment Booked,18,Yes,2025-01-09
L03853,2025-04-08,,Google Organic,Invisalign,Clinic D,Not Contacted/Cold,56,No,
L03854,2025-08-11,,Facebook,Dental Crown,Clinic D,Contacted - No Appointment,16,No,
L03855,2025-06-25,,Google Ads,General Dentistry,Clinic A,Contacted - No Appointment,34,No,
L03856,2025-06-28,,Referral,Dental Implant,Clinic C,Contacted - No Appointment,11,No,
L03857,2025-09-15,,Google Ads,Invisalign,Clinic D,Contacted - No Appointment,8,No,
L03858,2025-06-07,,Google Ads,Root Canal,Clinic C,Contacted - No Appointment,25,No,
L03859,2025-01-16,,Google Organic,Dental Implant,Clinic C,Contacted - No Appointment,33,No,
L03860,2025-12-02,,Google Organic,Dental Implant,Clinic D,Contacted - No Appointment,6,No,
L03861,2025-03-27,P03861,Google Organic,Invisalign,Clinic B,Appointment Booked,24,Yes,2025-08-04
L03862,2025-01-17,P03862,Google Ads,General Dentistry,Clinic C,Appointment Booked,11,Yes,
L03863,2025-01-20,,Facebook,Dental Implant,Clinic B,Contacted - No Appointment,2,No,
L03864,2025-01-07,,Google Ads,Root Canal,Clinic D,Contacted - No Appointment,6,No,
L03865,2025-11-06,P03865,Facebook,Teeth Whitening,Clinic A,Appointment Booked,13,Yes,2025-07-11
L03866,2025-09-14,,Google Ads,General Dentistry,Clinic B,Contacted - No Appointment,33,No,
L03867,2025-09-04,,Google Organic,General Dentistry,Clinic C,Contacted - No Appointment,27,No,
L03868,2025-07-09,P03868,Google Ads,Root Canal,Clinic D,Appointment Booked,6,Yes,2025-12-07
L03869,2025-03-09,,Google Ads,General Dentistry,Clinic C,Contacted - No Appointment,25,No,
L03870,2025-05-10,,Facebook,Dental Implant,Clinic D,Contacted - No Appointment,9,No,
L03871,2025-10-02,P03871,Referral,Teeth Whitening,Clinic D,Appointment Booked,24,Yes,2025-08-10
L03872,2025-12-16,,Referral,Dental Crown,Clinic A,Contacted - No Appointment,9,No,
L03873,2025-05-07,,Referral,Invisalign,Clinic B,Not Contacted/Cold,53,No,
L03874,2025-12-19,,Facebook,Root Canal,Clinic A,Contacted - No Appointment,10,No,
L03875,2025-11-13,,Google Ads,Dental Implant,Clinic B,Contacted - No Appointment,14,No,
L03876,2025-03-17,P03876,Facebook,General Dentistry,Clinic C,Appointment Booked,9,Yes,
L03877,2025-10-12,,Google Organic,Root Canal,Clinic D,Contacted - No Appointment,26,No,
L03878,2025-08-22,P03878,Google Ads,Dental Crown,Clinic D,Appointment Booked,8,Yes,
L03879,2025-05-08,P03879,Google Ads,Dental Implant,Clinic A,Appointment Booked,3,Yes,2025-11-05
L03880,2025-03-27,,Google Ads,Invisalign,Clinic A,Contacted - No Appointment,23,No,
L03881,2025-08-08,,Facebook,General Dentistry,Clinic C,Contacted - No Appointment,22,No,
L03882,2025-10-31,,Google Ads,Teeth Whitening,Clinic C,Contacted - No Appointment,7,No,
L03883,2025-03-16,,Google Ads,General Dentistry,Clinic B,Contacted - No Appointment,9,No,
L03884,2025-09-10,,Facebook,Invisalign,Clinic D,Contacted - No Appointment,15,No,
L03885,2025-09-02,P03885,Facebook,Dental Implant,Clinic D,Appointment Booked,27,Yes,2025-04-09
L03886,2025-09-07,,Facebook,Root Canal,Clinic B,Not Contacted/Cold,62,No,
L03887,2025-09-09,P03887,Google Organic,Root Canal,Clinic D,Appointment Booked,27,Yes,
L03888,2025-10-28,,Google Ads,Dental Implant,Clinic B,Contacted - No Appointment,29,No,
L03889,2025-07-10,P03889,Google Organic,Teeth Whitening,Clinic C,Appointment Booked,47,Yes,
L03890,2025-02-10,,Google Ads,Root Canal,Clinic B,Contacted - No Appointment,30,No,
L03891,2025-09-03,,Facebook,Invisalign,Clinic A,Not Contacted/Cold,51,No,
L03892,2025-02-02,,Instagram,Invisalign,Clinic D,Contacted - No Appointment,19,No,
L03893,2025-10-15,,Referral,Dental Crown,Clinic B,Contacted - No Appointment,22,No,
L03894,2025-04-14,P03894,Instagram,Teeth Whitening,Clinic C,Appointment Booked,9,Yes,
L03895,2025-01-31,P03895,Google Ads,Root Canal,Clinic B,Appointment Booked,7,Yes,2025-07-02
L03896,2025-12-02,P03896,Facebook,Root Canal,Clinic A,Appointment Booked,12,Yes,2025-10-12
L03897,2025-07-24,,Facebook,Dental Implant,Clinic A,Contacted - No Appointment,31,No,
L03898,2025-07-06,,Facebook,General Dentistry,Clinic B,Contacted - No Appointment,32,No,
L03899,2025-04-26,,Google Ads,General Dentistry,Clinic C,Contacted - No Appointment,18,No,
L03900,2025-03-29,,Facebook,Dental Crown,Clinic B,Contacted - No Appointment,37,No,
L03901,2025-03-04,P03901,Google Ads,Dental Implant,Clinic C,Appointment Booked,13,Yes,2025-05-03
L03902,2025-05-21,P03902,Google Organic,Root Canal,Clinic C,Appointment Booked,7,Yes,
L03903,2025-06-17,,Instagram,Dental Crown,Clinic C,Contacted - No Appointment,27,No,
L03904,2025-08-16,,Google Ads,General Dentistry,Clinic B,Contacted - No Appointment,21,No,
L03905,2025-09-24,,Referral,General Dentistry,Clinic D,Contacted - No Appointment,22,No,
L03906,2025-06-18,,Instagram,General Dentistry,Clinic B,Not Contacted/Cold,53,No,
L03907,2025-10-01,,Facebook,Dental Implant,Clinic B,Contacted - No Appointment,22,No,
L03908,2025-08-08,,Google Ads,General Dentistry,Clinic A,Contacted - No Appointment,34,No,
L03909,2025-03-07,,Instagram,Dental Crown,Clinic B,Contacted - No Appointment,1,No,
L03910,2025-10-22,P03910,Facebook,Teeth Whitening,Clinic A,Appointment Booked,21,Yes,
L03911,2025-10-01,P03911,Referral,Root Canal,Clinic C,Appointment Booked,5,Yes,2025-02-10
L03912,2025-01-31,,Google Ads,Invisalign,Clinic A,Contacted - No Appointment,15,No,
L03913,2025-02-06,,Google Ads,Root Canal,Clinic B,Contacted - No Appointment,12,No,
L03914,2025-11-14,,Referral,Dental Implant,Clinic D,Not Contacted/Cold,46,No,
L03915,2025-06-13,P03915,Referral,Root Canal,Clinic B,Appointment Booked,48,Yes,
L03916,2025-07-05,,Google Ads,General Dentistry,Clinic A,Not Contacted/Cold,51,No,
L03917,2025-10-08,P03917,Google Organic,Dental Implant,Clinic A,Appointment Booked,20,Yes,
L03918,2025-05-15,,Google Ads,Dental Implant,Clinic D,Contacted - No Appointment,2,No,
L03919,2025-01-20,P03919,Google Organic,Dental Implant,Clinic A,Appointment Booked,24,Yes,2025-01-02
L03920,2025-05-29,P03920,Referral,Root Canal,Clinic B,Appointment Booked,13,Yes,2025-05-06
L03921,2025-05-28,,Google Ads,General Dentistry,Clinic B,Contacted - No Appointment,20,No,
L03922,2025-02-28,,Google Ads,Dental Implant,Clinic C,Contacted - No Appointment,8,No,
L03923,2025-01-06,,Google Ads,Dental Implant,Clinic C,Contacted - No Appointment,45,No,
L03924,2025-10-07,,Google Ads,General Dentistry,Clinic D,Contacted - No Appointment,30,No,
L03925,2025-03-15,,Google Ads,General Dentistry,Clinic A,Contacted - No Appointment,15,No,
L03926,2025-07-14,,Google Organic,Dental Implant,Clinic B,Contacted - No Appointment,10,No,
L03927,2025-08-24,,Google Ads,Teeth Whitening,Clinic B,Contacted - No Appointment,33,No,
L03928,2025-01-27,,Facebook,Dental Crown,Clinic A,Contacted - No Appointment,37,No,
L03929,2025-11-14,,Google Organic,Teeth Whitening,Clinic B,Contacted - No Appointment,13,No,
L03930,2025-03-31,P03930,Facebook,Root Canal,Clinic B,Appointment Booked,10,Yes,2025-05-04
L03931,2025-12-02,,Facebook,General Dentistry,Clinic C,Contacted - No Appointment,20,No,
L03932,2025-09-27,,Google Ads,Dental Implant,Clinic C,Contacted - No Appointment,24,No,
L03933,2025-04-19,,Instagram,Invisalign,Clinic B,Contacted - No Appointment,7,No,
L03934,2025-06-27,,Google Ads,Root Canal,Clinic C,Contacted - No Appointment,35,No,
L03935,2025-06-25,P03935,Google Organic,Root Canal,Clinic B,Appointment Booked,16,Yes,2025-06-07
L03936,2025-01-15,P03936,Google Ads,General Dentistry,Clinic B,Appointment Booked,41,Yes,
L03937,2025-02-01,,Google Organic,Dental Crown,Clinic C,Contacted - No Appointment,41,No,
L03938,2025-12-16,,Instagram,Dental Implant,Clinic A,Contacted - No Appointment,39,No,
L03939,2025-01-15,P03939,Instagram,Root Canal,Clinic A,Appointment Booked,5,Yes,
L03940,2025-10-20,,Google Ads,Root Canal,Clinic B,Contacted - No Appointment,6,No,
L03941,2025-09-11,P03941,Google Ads,General Dentistry,Clinic D,Appointment Booked,32,Yes,
L03942,2025-07-08,P03942,Referral,Dental Crown,Clinic C,Appointment Booked,32,Yes,2025-09-07
L03943,2025-12-28,,Google Ads,Dental Crown,Clinic A,Contacted - No Appointment,7,No,
L03944,2025-05-30,,Google Ads,Teeth Whitening,Clinic D,Contacted - No Appointment,17,No,
L03945,2025-03-29,,Instagram,Teeth Whitening,Clinic C,Contacted - No Appointment,36,No,
L03946,2025-02-21,,Google Organic,Dental Crown,Clinic C,Contacted - No Appointment,2,No,
L03947,2025-04-12,,Facebook,Invisalign,Clinic D,Contacted - No Appointment,26,No,
L03948,2025-09-23,,Instagram,General Dentistry,Clinic B,Contacted - No Appointment,31,No,
L03949,2025-01-27,P03949,Instagram,Teeth Whitening,Clinic A,Appointment Booked,24,Yes,2025-04-02
L03950,2025-02-21,,Google Ads,Teeth Whitening,Clinic C,Contacted - No Appointment,27,No,
L03951,2025-11-11,,Instagram,General Dentistry,Clinic C,Contacted - No Appointment,18,No,
L03952,2025-03-30,,Google Organic,Teeth Whitening,Clinic C,Contacted - No Appointment,15,No,
L03953,2025-08-15,P03953,Referral,General Dentistry,Clinic C,Appointment Booked,20,Yes,
L03954,2025-03-26,,Google Ads,General Dentistry,Clinic D,Contacted - No Appointment,35,No,
L03955,2025-04-24,P03955,Instagram,Dental Implant,Clinic D,Appointment Booked,12,Yes,2025-02-05
L03956,2025-01-30,,Facebook,Root Canal,Clinic D,Contacted - No Appointment,14,No,
L03957,2025-06-05,P03957,Google Ads,Dental Crown,Clinic D,Appointment Booked,7,Yes,2025-08-06
L03958,2025-07-28,,Instagram,Invisalign,Clinic D,Contacted - No Appointment,16,No,
L03959,2025-04-09,P03959,Google Ads,General Dentistry,Clinic A,Appointment Booked,7,Yes,
L03960,2025-07-31,,Facebook,Teeth Whitening,Clinic B,Contacted - No Appointment,39,No,
L03961,2025-07-23,,Google Ads,Teeth Whitening,Clinic B,Contacted - No Appointment,17,No,
L03962,2025-10-07,P03962,Facebook,General Dentistry,Clinic D,Appointment Booked,8,Yes,2025-09-10
L03963,2025-07-05,,Facebook,Invisalign,Clinic B,Contacted - No Appointment,35,No,
L03964,2025-11-23,,Facebook,Teeth Whitening,Clinic C,Contacted - No Appointment,8,No,
L03965,2025-06-22,,Instagram,Dental Crown,Clinic A,Contacted - No Appointment,6,No,
L03966,2025-08-27,P03966,Google Ads,Invisalign,Clinic A,Appointment Booked,3,Yes,
L03967,2025-12-12,P03967,Instagram,Dental Implant,Clinic C,Appointment Booked,4,Yes,
L03968,2025-12-17,P03968,Referral,General Dentistry,Clinic A,Appointment Booked,17,Yes,
L03969,2025-01-05,,Google Ads,Dental Crown,Clinic B,Contacted - No Appointment,18,No,
L03970,2025-08-05,P03970,Facebook,General Dentistry,Clinic B,Appointment Booked,27,Yes,
L03971,2025-11-30,,Instagram,Root Canal,Clinic B,Contacted - No Appointment,20,No,
L03972,2025-04-17,,Instagram,Invisalign,Clinic C,Contacted - No Appointment,19,No,
L03973,2025-08-14,,Facebook,Invisalign,Clinic B,Contacted - No Appointment,8,No,
L03974,2025-08-03,,Instagram,Root Canal,Clinic C,Contacted - No Appointment,36,No,
L03975,2025-06-17,P03975,Google Ads,General Dentistry,Clinic A,Appointment Booked,23,Yes,
L03976,2025-10-29,P03976,Facebook,Dental Implant,Clinic D,Appointment Booked,16,Yes,2025-04-11
L03977,2025-10-19,,Facebook,General Dentistry,Clinic B,Contacted - No Appointment,21,No,
L03978,2025-01-04,,Google Ads,General Dentistry,Clinic C,Contacted - No Appointment,29,No,
L03979,2025-07-02,P03979,Facebook,General Dentistry,Clinic C,Appointment Booked,7,Yes,2025-07-07
L03980,2025-02-02,,Instagram,Root Canal,Clinic A,Contacted - No Appointment,10,No,
L03981,2025-05-21,P03981,Google Organic,General Dentistry,Clinic D,Appointment Booked,2,Yes,
L03982,2025-03-27,,Google Ads,Root Canal,Clinic C,Contacted - No Appointment,17,No,
L03983,2025-10-22,P03983,Referral,Dental Implant,Clinic B,Appointment Booked,25,Yes,
L03984,2025-12-05,,Instagram,Invisalign,Clinic A,Contacted - No Appointment,23,No,
L03985,2025-09-23,,Facebook,General Dentistry,Clinic D,Contacted - No Appointment,30,No,
L03986,2025-09-22,P03986,Google Ads,Dental Implant,Clinic D,Appointment Booked,28,Yes,
L03987,2025-01-23,P03987,Instagram,Root Canal,Clinic A,Appointment Booked,18,Yes,2025-01-02
L03988,2025-12-01,,Referral,Dental Implant,Clinic B,Contacted - No Appointment,27,No,
L03989,2025-09-24,P03989,Facebook,Invisalign,Clinic D,Appointment Booked,48,Yes,2025-01-10
L03990,2025-09-16,P03990,Instagram,Dental Implant,Clinic C,Appointment Booked,34,Yes,
L03991,2025-12-23,,Facebook,General Dentistry,Clinic D,Contacted - No Appointment,33,No,
L03992,2025-11-04,P03992,Facebook,Dental Crown,Clinic B,Appointment Booked,13,Yes,2025-12-11
L03993,2025-07-20,,Google Ads,General Dentistry,Clinic C,Contacted - No Appointment,14,No,
L03994,2025-07-03,P03994,Google Organic,Dental Crown,Clinic B,Appointment Booked,37,Yes,
L03995,2025-02-18,P03995,Facebook,General Dentistry,Clinic A,Appointment Booked,7,Yes,
L03996,2025-09-18,,Google Ads,Root Canal,Clinic C,Contacted - No Appointment,19,No,
L03997,2025-07-11,,Facebook,Dental Crown,Clinic D,Contacted - No Appointment,34,No,
L03998,2025-11-16,,Referral,Dental Crown,Clinic B,Contacted - No Appointment,20,No,
L03999,2025-04-03,,Google Organic,Root Canal,Clinic B,Contacted - No Appointment,17,No,
L04000,2025-05-15,,Facebook,General Dentistry,Clinic C,Contacted - No Appointment,29,No,
L04001,2025-04-05,,Referral,Dental Crown,Clinic C,Contacted - No Appointment,25,No,
L04002,2025-09-01,,Google Ads,Teeth Whitening,Clinic D,Contacted - No Appointment,32,No,
L04003,2025-12-11,,Google Ads,Teeth Whitening,Clinic D,Not Contacted/Cold,62,No,
L04004,2025-06-10,,Google Ads,Invisalign,Clinic A,Contacted - No Appointment,15,No,
L04005,2025-10-07,,Google Ads,Dental Crown,Clinic D,Contacted - No Appointment,28,No,
L04006,2025-10-25,,Google Ads,Invisalign,Clinic D,Contacted - No Appointment,15,No,
L04007,2025-08-28,P04007,Instagram,Dental Crown,Clinic D,Appointment Booked,7,Yes,2025-09-09
L04008,2025-08-27,P04008,Instagram,Dental Crown,Clinic C,Appointment Booked,17,Yes,
L04009,2025-12-23,,Instagram,General Dentistry,Clinic D,Contacted - No Appointment,5,No,
L04010,2025-09-09,P04010,Google Organic,Dental Implant,Clinic A,Appointment Booked,8,Yes,
L04011,2025-12-19,,Google Organic,Dental Implant,Clinic B,Contacted - No Appointment,27,No,
L04012,2025-07-16,,Google Ads,Dental Implant,Clinic D,Contacted - No Appointment,25,No,
L04013,2025-10-22,,Instagram,Root Canal,Clinic A,Contacted - No Appointment,42,No,
L04014,2025-01-31,P04014,Instagram,General Dentistry,Clinic A,Appointment Booked,37,Yes,2025-09-02
L04015,2025-05-12,,Referral,General Dentistry,Clinic D,Contacted - No Appointment,10,No,
L04016,2025-11-26,P04016,Google Ads,Teeth Whitening,Clinic D,Appointment Booked,30,Yes,
L04017,2025-03-05,,Google Ads,General Dentistry,Clinic A,Contacted - No Appointment,25,No,
L04018,2025-07-20,P04018,Instagram,Invisalign,Clinic D,Appointment Booked,13,Yes,
L04019,2025-09-03,,Google Organic,Dental Implant,Clinic C,Contacted - No Appointment,21,No,
L04020,2025-08-23,,Google Ads,Dental Implant,Clinic C,Contacted - No Appointment,10,No,
L04021,2025-02-14,,Instagram,General Dentistry,Clinic D,Contacted - No Appointment,40,No,
L04022,2025-11-25,,Google Ads,Teeth Whitening,Clinic B,Contacted - No Appointment,26,No,
L04023,2025-11-23,,Referral,Dental Crown,Clinic A,Contacted - No Appointment,43,No,
L04024,2025-07-26,,Google Ads,Invisalign,Clinic B,Contacted - No Appointment,19,No,
L04025,2025-03-28,,Google Ads,Root Canal,Clinic B,Contacted - No Appointment,10,No,
L04026,2025-03-10,,Google Ads,General Dentistry,Clinic C,Contacted - No Appointment,3,No,
L04027,2025-12-20,,Facebook,Dental Implant,Clinic D,Contacted - No Appointment,11,No,
L04028,2025-03-29,,Google Ads,Teeth Whitening,Clinic D,Contacted - No Appointment,11,No,
L04029,2025-04-02,,Google Organic,Invisalign,Clinic C,Contacted - No Appointment,30,No,
L04030,2025-07-03,,Referral,Dental Implant,Clinic D,Contacted - No Appointment,22,No,
L04031,2025-05-01,,Google Ads,Teeth Whitening,Clinic A,Contacted - No Appointment,34,No,
L04032,2025-05-23,,Instagram,Invisalign,Clinic A,Contacted - No Appointment,12,No,
L04033,2025-03-07,P04033,Google Ads,Teeth Whitening,Clinic D,Appointment Booked,36,Yes,
L04034,2025-06-10,P04034,Facebook,Teeth Whitening,Clinic A,Appointment Booked,16,Yes,2025-11-06
L04035,2025-11-02,,Google Ads,Root Canal,Clinic A,Contacted - No Appointment,10,No,
L04036,2025-03-19,,Google Ads,Teeth Whitening,Clinic C,Contacted - No Appointment,4,No,
L04037,2025-11-06,P04037,Instagram,Dental Crown,Clinic B,Appointment Booked,6,Yes,
L04038,2025-08-03,,Google Ads,Invisalign,Clinic D,Contacted - No Appointment,11,No,
L04039,2025-04-11,,Referral,Teeth Whitening,Clinic B,Contacted - No Appointment,21,No,
L04040,2025-12-02,P04040,Instagram,Dental Crown,Clinic A,Appointment Booked,10,Yes,
L04041,2025-01-07,P04041,Google Organic,Dental Implant,Clinic B,Appointment Booked,64,Yes,2025-10-01
L04042,2025-08-28,,Referral,General Dentistry,Clinic C,Contacted - No Appointment,29,No,
L04043,2025-12-19,,Referral,Root Canal,Clinic B,Contacted - No Appointment,8,No,
L04044,2025-04-10,P04044,Instagram,General Dentistry,Clinic C,Appointment Booked,13,Yes,
L04045,2025-04-04,,Facebook,General Dentistry,Clinic D,Contacted - No Appointment,14,No,
L04046,2025-04-17,,Facebook,Root Canal,Clinic D,Contacted - No Appointment,23,No,
L04047,2025-02-23,P04047,Google Organic,Root Canal,Clinic B,Appointment Booked,4,Yes,2025-02-03
L04048,2025-06-27,,Facebook,Root Canal,Clinic B,Not Contacted/Cold,51,No,
L04049,2025-10-09,,Referral,Root Canal,Clinic C,Not Contacted/Cold,62,No,
L04050,2025-03-03,P04050,Google Ads,General Dentistry,Clinic D,Appointment Booked,25,Yes,2025-12-03
L04051,2025-12-09,,Facebook,Teeth Whitening,Clinic D,Contacted - No Appointment,42,No,
L04052,2025-01-17,P04052,Facebook,Dental Implant,Clinic A,Appointment Booked,22,Yes,
L04053,2025-10-01,,Google Organic,Dental Crown,Clinic C,Contacted - No Appointment,15,No,
L04054,2025-10-29,P04054,Google Ads,General Dentistry,Clinic B,Appointment Booked,8,Yes,2025-05-11
L04055,2025-03-08,,Facebook,Dental Crown,Clinic A,Contacted - No Appointment,25,No,
L04056,2025-12-11,,Facebook,Teeth Whitening,Clinic A,Contacted - No Appointment,19,No,
L04057,2025-07-28,,Google Ads,Teeth Whitening,Clinic B,Not Contacted/Cold,53,No,
L04058,2025-09-21,,Facebook,Root Canal,Clinic B,Contacted - No Appointment,30,No,
L04059,2025-09-08,P04059,Facebook,Root Canal,Clinic A,Appointment Booked,9,Yes,2025-10-09
L04060,2025-07-06,P04060,Google Ads,Teeth Whitening,Clinic C,Appointment Booked,28,Yes,2025-12-07
L04061,2025-11-27,,Facebook,Root Canal,Clinic B,Contacted - No Appointment,12,No,
L04062,2025-08-07,P04062,Referral,Dental Crown,Clinic C,Appointment Booked,9,Yes,
L04063,2025-05-15,,Referral,Teeth Whitening,Clinic B,Contacted - No Appointment,12,No,
L04064,2025-10-17,,Facebook,Teeth Whitening,Clinic A,Contacted - No Appointment,10,No,
L04065,2025-07-05,P04065,Facebook,Invisalign,Clinic B,Appointment Booked,23,Yes,2025-11-07
L04066,2025-12-11,P04066,Google Ads,Dental Implant,Clinic A,Appointment Booked,30,Yes,
L04067,2025-02-10,,Referral,Invisalign,Clinic C,Contacted - No Appointment,5,No,
L04068,2025-07-03,,Google Ads,Root Canal,Clinic A,Contacted - No Appointment,11,No,
L04069,2025-10-01,P04069,Facebook,Invisalign,Clinic B,Appointment Booked,28,Yes,2025-06-10
L04070,2025-03-16,,Google Ads,Dental Crown,Clinic A,Contacted - No Appointment,31,No,
L04071,2025-05-07,,Facebook,Dental Implant,Clinic C,Contacted - No Appointment,22,No,
L04072,2025-05-07,P04072,Google Ads,Root Canal,Clinic D,Appointment Booked,17,Yes,2025-12-05
L04073,2025-07-17,P04073,Google Organic,Root Canal,Clinic A,Appointment Booked,9,Yes,
L04074,2025-03-08,P04074,Instagram,Root Canal,Clinic B,Appointment Booked,6,Yes,
L04075,2025-03-04,,Instagram,Root Canal,Clinic A,Contacted - No Appointment,14,No,
L04076,2025-09-02,,Google Ads,Invisalign,Clinic C,Contacted - No Appointment,15,No,
L04077,2025-08-02,,Google Organic,General Dentistry,Clinic B,Contacted - No Appointment,17,No,
L04078,2025-08-26,P04078,Google Ads,Invisalign,Clinic C,Appointment Booked,24,Yes,2025-02-09
L04079,2025-08-27,,Facebook,Dental Crown,Clinic C,Contacted - No Appointment,23,No,
L04080,2025-05-01,,Instagram,General Dentistry,Clinic D,Contacted - No Appointment,27,No,
L04081,2025-11-27,,Referral,Root Canal,Clinic C,Contacted - No Appointment,18,No,
L04082,2025-07-09,,Google Ads,General Dentistry,Clinic C,Contacted - No Appointment,9,No,
L04083,2025-12-21,,Facebook,Dental Implant,Clinic B,Not Contacted/Cold,54,No,
L04084,2025-04-09,,Facebook,Root Canal,Clinic D,Contacted - No Appointment,7,No,
L04085,2025-05-30,,Referral,Root Canal,Clinic D,Contacted - No Appointment,9,No,
L04086,2025-06-02,P04086,Google Ads,Dental Implant,Clinic B,Appointment Booked,23,Yes,2025-05-06
L04087,2025-07-27,,Facebook,Root Canal,Clinic D,Contacted - No Appointment,12,No,
L04088,2025-12-07,,Google Ads,Root Canal,Clinic B,Contacted - No Appointment,42,No,
L04089,2025-01-31,P04089,Google Ads,Dental Crown,Clinic D,Appointment Booked,18,Yes,2025-04-02
L04090,2025-02-24,P04090,Google Ads,General Dentistry,Clinic D,Appointment Booked,27,Yes,2025-02-03
L04091,2025-04-28,,Referral,Dental Implant,Clinic A,Contacted - No Appointment,16,No,
L04092,2025-10-18,P04092,Google Ads,Invisalign,Clinic C,Appointment Booked,5,Yes,
L04093,2025-12-03,,Referral,Root Canal,Clinic B,Not Contacted/Cold,70,No,
L04094,2025-04-23,P04094,Google Ads,Root Canal,Clinic B,Appointment Booked,22,Yes,2025-02-05
L04095,2025-08-09,P04095,Referral,Teeth Whitening,Clinic B,Appointment Booked,9,Yes,
L04096,2025-11-27,,Instagram,Root Canal,Clinic C,Contacted - No Appointment,17,No,
L04097,2025-12-15,,Google Ads,Dental Implant,Clinic A,Contacted - No Appointment,30,No,
L04098,2025-08-29,P04098,Instagram,Teeth Whitening,Clinic A,Appointment Booked,4,Yes,2025-04-09
L04099,2025-08-17,P04099,Facebook,General Dentistry,Clinic C,Appointment Booked,18,Yes,
L04100,2025-01-31,P04100,Facebook,Root Canal,Clinic A,Appointment Booked,14,Yes,2025-11-02
L04101,2025-02-19,P04101,Facebook,Dental Crown,Clinic A,Appointment Booked,7,Yes,2025-04-03
L04102,2025-03-26,P04102,Facebook,Dental Implant,Clinic A,Appointment Booked,31,Yes,
L04103,2025-10-26,,Instagram,Invisalign,Clinic B,Contacted - No Appointment,10,No,
L04104,2025-04-07,,Google Organic,Invisalign,Clinic B,Contacted - No Appointment,40,No,
L04105,2025-09-23,,Facebook,Root Canal,Clinic A,Contacted - No Appointment,12,No,
L04106,2025-12-18,,Referral,General Dentistry,Clinic D,Contacted - No Appointment,28,No,
L04107,2025-04-13,,Referral,Root Canal,Clinic C,Contacted - No Appointment,22,No,
L04108,2025-08-23,,Google Ads,Invisalign,Clinic B,Contacted - No Appointment,21,No,
L04109,2025-03-13,,Google Ads,Invisalign,Clinic B,Contacted - No Appointment,18,No,
L04110,2025-02-10,,Facebook,Root Canal,Clinic B,Contacted - No Appointment,20,No,
L04111,2025-09-15,,Instagram,Dental Crown,Clinic C,Contacted - No Appointment,28,No,
L04112,2025-07-19,,Google Ads,Root Canal,Clinic A,Contacted - No Appointment,41,No,
L04113,2025-11-05,P04113,Google Ads,Root Canal,Clinic A,Appointment Booked,12,Yes,
L04114,2025-01-22,,Google Organic,Dental Crown,Clinic D,Not Contacted/Cold,63,No,
L04115,2025-05-15,P04115,Instagram,Invisalign,Clinic A,Appointment Booked,33,Yes,
L04116,2025-12-24,,Google Ads,Dental Implant,Clinic B,Contacted - No Appointment,25,No,
L04117,2025-08-08,P04117,Referral,Dental Implant,Clinic D,Appointment Booked,24,Yes,
L04118,2025-02-15,,Google Organic,Invisalign,Clinic C,Contacted - No Appointment,2,No,
L04119,2025-01-21,,Facebook,Dental Implant,Clinic B,Not Contacted/Cold,61,No,
L04120,2025-05-04,,Google Organic,Invisalign,Clinic C,Contacted - No Appointment,29,No,
L04121,2025-04-26,,Google Ads,Teeth Whitening,Clinic A,Contacted - No Appointment,9,No,
L04122,2025-02-16,P04122,Facebook,Teeth Whitening,Clinic C,Appointment Booked,5,Yes,
L04123,2025-12-16,P04123,Google Ads,Dental Crown,Clinic B,Appointment Booked,30,Yes,
L04124,2025-11-28,P04124,Google Ads,General Dentistry,Clinic D,Appointment Booked,13,Yes,2025-09-12
L04125,2025-01-10,P04125,Facebook,Invisalign,Clinic D,Appointment Booked,17,Yes,2025-11-01
L04126,2025-10-13,,Google Ads,General Dentistry,Clinic D,Contacted - No Appointment,17,No,
L04127,2025-09-07,,Instagram,Root Canal,Clinic D,Contacted - No Appointment,17,No,
L04128,2025-03-22,P04128,Google Organic,Root Canal,Clinic C,Appointment Booked,4,Yes,
L04129,2025-12-12,P04129,Google Ads,Root Canal,Clinic B,Appointment Booked,37,Yes,
L04130,2025-03-28,P04130,Google Ads,Dental Implant,Clinic B,Appointment Booked,12,Yes,
L04131,2025-08-12,P04131,Google Organic,General Dentistry,Clinic C,Appointment Booked,15,Yes,
L04132,2025-12-26,P04132,Google Ads,Dental Implant,Clinic D,Appointment Booked,10,Yes,2026-08-01
L04133,2025-01-09,P04133,Facebook,Invisalign,Clinic A,Appointment Booked,32,Yes,
L04134,2025-09-15,P04134,Facebook,Invisalign,Clinic D,Appointment Booked,10,Yes,
L04135,2025-11-25,,Google Organic,Dental Implant,Clinic D,Contacted - No Appointment,8,No,
L04136,2025-07-11,P04136,Google Organic,Dental Implant,Clinic D,Appointment Booked,28,Yes,2025-12-07
L04137,2025-09-26,,Google Organic,Dental Implant,Clinic D,Contacted - No Appointment,15,No,
L04138,2025-11-20,,Google Ads,Invisalign,Clinic B,Contacted - No Appointment,23,No,
L04139,2025-01-12,,Google Organic,General Dentistry,Clinic A,Contacted - No Appointment,12,No,
L04140,2025-09-30,,Google Ads,Invisalign,Clinic A,Contacted - No Appointment,8,No,
L04141,2025-03-08,P04141,Google Ads,Dental Implant,Clinic B,Appointment Booked,13,Yes,
L04142,2025-05-05,,Facebook,Dental Crown,Clinic C,Contacted - No Appointment,34,No,
L04143,2025-02-03,P04143,Google Organic,General Dentistry,Clinic D,Appointment Booked,13,Yes,2025-08-02
L04144,2025-04-29,,Google Ads,Invisalign,Clinic D,Contacted - No Appointment,36,No,
L04145,2025-05-28,P04145,Google Ads,Invisalign,Clinic C,Appointment Booked,13,Yes,2025-09-06
L04146,2025-10-02,,Google Organic,General Dentistry,Clinic A,Contacted - No Appointment,25,No,
L04147,2025-07-05,P04147,Referral,Dental Implant,Clinic A,Appointment Booked,16,Yes,
L04148,2025-07-19,,Instagram,Root Canal,Clinic A,Contacted - No Appointment,13,No,
L04149,2025-09-21,P04149,Facebook,Invisalign,Clinic B,Appointment Booked,9,Yes,2025-02-10
L04150,2025-11-25,,Google Organic,General Dentistry,Clinic B,Contacted - No Appointment,12,No,
L04151,2025-05-02,,Google Organic,General Dentistry,Clinic A,Contacted - No Appointment,19,No,
L04152,2025-12-03,P04152,Instagram,Teeth Whitening,Clinic B,Appointment Booked,4,Yes,
L04153,2025-08-15,P04153,Facebook,Invisalign,Clinic A,Appointment Booked,8,Yes,
L04154,2025-06-06,,Google Ads,Root Canal,Clinic C,Contacted - No Appointment,24,No,
L04155,2025-07-20,,Facebook,Invisalign,Clinic B,Contacted - No Appointment,6,No,
L04156,2025-08-13,,Google Ads,General Dentistry,Clinic B,Contacted - No Appointment,18,No,
L04157,2025-10-12,P04157,Facebook,General Dentistry,Clinic B,Appointment Booked,29,Yes,
L04158,2025-07-16,,Facebook,Root Canal,Clinic D,Contacted - No Appointment,41,No,
L04159,2025-07-18,P04159,Google Ads,Dental Crown,Clinic A,Appointment Booked,3,Yes,
L04160,2025-01-11,,Google Organic,Dental Implant,Clinic C,Contacted - No Appointment,19,No,
L04161,2025-06-25,,Google Ads,Root Canal,Clinic C,Not Contacted/Cold,52,No,
L04162,2025-04-29,,Facebook,Dental Crown,Clinic C,Contacted - No Appointment,43,No,
L04163,2025-09-18,P04163,Google Organic,Root Canal,Clinic D,Appointment Booked,5,Yes,
L04164,2025-04-04,P04164,Facebook,Root Canal,Clinic B,Appointment Booked,21,Yes,2025-06-04
L04165,2025-07-26,,Facebook,Dental Implant,Clinic B,Contacted - No Appointment,11,No,
L04166,2025-01-06,P04166,Facebook,Teeth Whitening,Clinic A,Appointment Booked,11,Yes,
L04167,2025-08-12,,Google Organic,General Dentistry,Clinic C,Contacted - No Appointment,12,No,
L04168,2025-01-04,P04168,Referral,General Dentistry,Clinic B,Appointment Booked,29,Yes,2025-08-01
L04169,2025-06-10,,Instagram,Teeth Whitening,Clinic A,Contacted - No Appointment,23,No,
L04170,2025-03-05,,Google Organic,Root Canal,Clinic C,Contacted - No Appointment,23,No,
L04171,2025-03-12,,Google Ads,Invisalign,Clinic C,Contacted - No Appointment,22,No,
L04172,2025-01-14,P04172,Referral,General Dentistry,Clinic A,Appointment Booked,9,Yes,
L04173,2025-04-24,P04173,Referral,Dental Crown,Clinic C,Appointment Booked,8,Yes,2025-03-05
L04174,2025-10-04,,Instagram,Dental Crown,Clinic C,Contacted - No Appointment,7,No,
L04175,2025-08-14,,Google Organic,Dental Crown,Clinic A,Contacted - No Appointment,17,No,
L04176,2025-06-09,,Facebook,General Dentistry,Clinic B,Contacted - No Appointment,3,No,
L04177,2025-01-28,P04177,Google Ads,Dental Implant,Clinic C,Appointment Booked,23,Yes,2025-01-02
L04178,2025-06-02,,Referral,Invisalign,Clinic C,Not Contacted/Cold,46,No,
L04179,2025-03-23,P04179,Instagram,Dental Crown,Clinic B,Appointment Booked,24,Yes,
L04180,2025-10-18,,Instagram,General Dentistry,Clinic B,Contacted - No Appointment,26,No,
L04181,2025-05-19,P04181,Instagram,Dental Crown,Clinic C,Appointment Booked,10,Yes,
L04182,2025-10-01,P04182,Referral,Root Canal,Clinic D,Appointment Booked,13,Yes,
L04183,2025-12-18,,Google Organic,Root Canal,Clinic C,Contacted - No Appointment,16,No,
L04184,2025-08-17,,Google Ads,Teeth Whitening,Clinic A,Contacted - No Appointment,16,No,
L04185,2025-08-21,P04185,Facebook,Teeth Whitening,Clinic B,Appointment Booked,23,Yes,
L04186,2025-01-01,P04186,Referral,Dental Crown,Clinic D,Appointment Booked,43,Yes,2025-02-01
L04187,2025-05-09,,Instagram,Invisalign,Clinic A,Contacted - No Appointment,16,No,
L04188,2025-08-07,,Referral,General Dentistry,Clinic D,Contacted - No Appointment,37,No,
L04189,2025-07-29,,Google Organic,Dental Crown,Clinic D,Contacted - No Appointment,18,No,
L04190,2025-08-18,P04190,Instagram,Teeth Whitening,Clinic A,Appointment Booked,6,Yes,
L04191,2025-07-15,,Facebook,Invisalign,Clinic D,Contacted - No Appointment,19,No,
L04192,2025-01-19,P04192,Facebook,Invisalign,Clinic B,Appointment Booked,20,Yes,2025-02-02
L04193,2025-06-01,,Instagram,General Dentistry,Clinic D,Contacted - No Appointment,6,No,
L04194,2025-07-03,P04194,Facebook,Dental Implant,Clinic B,Appointment Booked,40,Yes,
L04195,2025-02-19,,Google Organic,Root Canal,Clinic B,Contacted - No Appointment,26,No,
L04196,2025-09-09,,Google Organic,Root Canal,Clinic C,Contacted - No Appointment,33,No,
L04197,2025-03-05,,Facebook,Teeth Whitening,Clinic D,Contacted - No Appointment,34,No,
L04198,2025-04-09,P04198,Google Organic,Invisalign,Clinic A,Appointment Booked,9,Yes,2025-11-04
L04199,2025-08-10,,Facebook,Invisalign,Clinic C,Contacted - No Appointment,34,No,
L04200,2025-04-22,,Facebook,General Dentistry,Clinic A,Contacted - No Appointment,4,No,
L04201,2025-02-04,,Facebook,Dental Crown,Clinic B,Contacted - No Appointment,18,No,
L04202,2025-04-23,,Referral,Dental Implant,Clinic B,Contacted - No Appointment,13,No,
L04203,2025-07-06,P04203,Facebook,Invisalign,Clinic B,Appointment Booked,6,Yes,2025-09-07
L04204,2025-04-24,P04204,Google Ads,General Dentistry,Clinic B,Appointment Booked,25,Yes,
L04205,2025-12-29,,Facebook,Invisalign,Clinic A,Contacted - No Appointment,28,No,
L04206,2025-08-11,,Google Ads,Dental Crown,Clinic A,Contacted - No Appointment,8,No,
L04207,2025-03-25,P04207,Facebook,Root Canal,Clinic A,Appointment Booked,18,Yes,
L04208,2025-08-20,,Google Ads,General Dentistry,Clinic B,Contacted - No Appointment,25,No,
L04209,2025-10-08,P04209,Google Organic,Teeth Whitening,Clinic D,Appointment Booked,2,Yes,
L04210,2025-02-28,,Google Ads,Dental Crown,Clinic A,Contacted - No Appointment,27,No,
L04211,2025-02-11,P04211,Instagram,Dental Implant,Clinic D,Appointment Booked,7,Yes,
L04212,2025-01-04,,Google Ads,General Dentistry,Clinic C,Contacted - No Appointment,8,No,
L04213,2025-09-13,,Referral,Root Canal,Clinic C,Contacted - No Appointment,27,No,
L04214,2025-04-21,P04214,Facebook,General Dentistry,Clinic C,Appointment Booked,7,Yes,
L04215,2025-10-02,,Google Organic,Root Canal,Clinic D,Contacted - No Appointment,34,No,
L04216,2025-07-20,,Google Organic,Dental Crown,Clinic A,Contacted - No Appointment,15,No,
L04217,2025-06-20,,Google Organic,Dental Implant,Clinic B,Contacted - No Appointment,12,No,
L04218,2025-12-30,P04218,Google Organic,Teeth Whitening,Clinic C,Appointment Booked,30,Yes,2026-12-01
L04219,2025-08-21,P04219,Google Ads,Invisalign,Clinic C,Appointment Booked,18,Yes,2025-04-09
L04220,2025-04-17,,Google Organic,Root Canal,Clinic D,Contacted - No Appointment,20,No,
L04221,2025-06-11,,Google Ads,Dental Implant,Clinic A,Contacted - No Appointment,6,No,
L04222,2025-01-05,P04222,Google Organic,Dental Implant,Clinic C,Appointment Booked,58,Yes,
L04223,2025-07-25,,Referral,Invisalign,Clinic C,Not Contacted/Cold,48,No,
L04224,2025-05-31,,Referral,Invisalign,Clinic B,Contacted - No Appointment,19,No,
L04225,2025-10-17,P04225,Google Ads,General Dentistry,Clinic B,Appointment Booked,13,Yes,
L04226,2025-05-09,P04226,Facebook,Root Canal,Clinic C,Appointment Booked,24,Yes,2025-10-05
L04227,2025-02-26,P04227,Facebook,Teeth Whitening,Clinic D,Appointment Booked,5,Yes,2025-11-03
L04228,2025-04-25,,Google Ads,Dental Implant,Clinic B,Contacted - No Appointment,22,No,
L04229,2025-06-11,P04229,Google Ads,Dental Crown,Clinic D,Appointment Booked,1,Yes,
L04230,2025-03-15,P04230,Facebook,Root Canal,Clinic B,Appointment Booked,14,Yes,
L04231,2025-09-17,P04231,Referral,General Dentistry,Clinic A,Appointment Booked,7,Yes,
L04232,2025-07-18,,Instagram,General Dentistry,Clinic A,Contacted - No Appointment,27,No,
L04233,2025-10-04,,Instagram,Root Canal,Clinic A,Contacted - No Appointment,11,No,
L04234,2025-06-08,,Facebook,Teeth Whitening,Clinic B,Contacted - No Appointment,6,No,
L04235,2025-01-06,,Instagram,Invisalign,Clinic B,Contacted - No Appointment,35,No,
L04236,2025-03-31,,Referral,Dental Crown,Clinic C,Not Contacted/Cold,111,No,
L04237,2025-06-17,,Instagram,Dental Implant,Clinic C,Contacted - No Appointment,16,No,
L04238,2025-03-11,,Google Ads,Invisalign,Clinic A,Contacted - No Appointment,23,No,
L04239,2025-09-13,P04239,Facebook,Invisalign,Clinic A,Appointment Booked,10,Yes,
L04240,2025-03-09,P04240,Referral,Teeth Whitening,Clinic B,Appointment Booked,12,Yes,
L04241,2025-02-27,,Facebook,Root Canal,Clinic C,Contacted - No Appointment,43,No,
L04242,2025-04-19,,Instagram,Teeth Whitening,Clinic A,Contacted - No Appointment,26,No,
L04243,2025-07-17,,Google Ads,Root Canal,Clinic A,Contacted - No Appointment,27,No,
L04244,2025-05-15,P04244,Google Ads,Dental Implant,Clinic D,Appointment Booked,11,Yes,
L04245,2025-03-14,,Referral,Teeth Whitening,Clinic D,Contacted - No Appointment,8,No,
L04246,2025-03-26,,Facebook,General Dentistry,Clinic A,Not Contacted/Cold,49,No,
L04247,2025-04-01,,Facebook,General Dentistry,Clinic B,Contacted - No Appointment,16,No,
L04248,2025-12-12,P04248,Facebook,Dental Crown,Clinic B,Appointment Booked,25,Yes,
L04249,2025-02-06,P04249,Referral,Teeth Whitening,Clinic D,Appointment Booked,9,Yes,2025-11-02
L04250,2025-07-22,P04250,Google Ads,Teeth Whitening,Clinic C,Appointment Booked,3,Yes,2025-02-08
L04251,2025-08-10,,Google Organic,Dental Implant,Clinic A,Contacted - No Appointment,14,No,
L04252,2025-08-09,P04252,Facebook,Dental Implant,Clinic C,Appointment Booked,50,Yes,
L04253,2025-09-02,,Google Organic,Dental Implant,Clinic B,Contacted - No Appointment,24,No,
L04254,2025-06-23,,Referral,Invisalign,Clinic B,Contacted - No Appointment,23,No,
L04255,2025-01-22,,Facebook,Root Canal,Clinic B,Contacted - No Appointment,13,No,
L04256,2025-08-23,,Google Ads,General Dentistry,Clinic B,Contacted - No Appointment,17,No,
L04257,2025-01-18,P04257,Google Ads,Root Canal,Clinic B,Appointment Booked,19,Yes,
L04258,2025-08-31,,Google Organic,Teeth Whitening,Clinic A,Contacted - No Appointment,21,No,
L04259,2025-04-05,P04259,Google Ads,Dental Crown,Clinic B,Appointment Booked,6,Yes,2025-12-04
L04260,2025-02-07,,Google Ads,Invisalign,Clinic A,Contacted - No Appointment,39,No,
L04261,2025-10-20,,Google Ads,Dental Implant,Clinic D,Contacted - No Appointment,27,No,
L04262,2025-11-21,,Facebook,Root Canal,Clinic A,Contacted - No Appointment,20,No,
L04263,2025-10-02,,Google Ads,Teeth Whitening,Clinic A,Contacted - No Appointment,31,No,
L04264,2025-05-19,,Referral,General Dentistry,Clinic C,Contacted - No Appointment,36,No,
L04265,2025-11-10,,Referral,Root Canal,Clinic D,Contacted - No Appointment,31,No,
L04266,2025-10-14,,Facebook,General Dentistry,Clinic D,Contacted - No Appointment,32,No,
L04267,2025-12-30,,Instagram,Root Canal,Clinic B,Contacted - No Appointment,12,No,
L04268,2025-12-04,,Instagram,Dental Crown,Clinic A,Contacted - No Appointment,17,No,
L04269,2025-06-02,,Google Organic,Dental Crown,Clinic C,Contacted - No Appointment,34,No,
L04270,2025-08-15,,Facebook,Dental Implant,Clinic C,Contacted - No Appointment,15,No,
L04271,2025-08-15,P04271,Facebook,Dental Implant,Clinic A,Appointment Booked,30,Yes,
L04272,2025-11-29,P04272,Instagram,Dental Implant,Clinic D,Appointment Booked,11,Yes,2025-09-12
L04273,2025-05-13,,Google Organic,Root Canal,Clinic A,Contacted - No Appointment,10,No,
L04274,2025-03-26,P04274,Facebook,Teeth Whitening,Clinic D,Appointment Booked,21,Yes,2025-04-04
L04275,2025-10-01,P04275,Facebook,Dental Implant,Clinic D,Appointment Booked,43,Yes,
L04276,2025-06-13,P04276,Google Ads,Dental Crown,Clinic C,Appointment Booked,27,Yes,
L04277,2025-04-11,P04277,Facebook,Invisalign,Clinic D,Appointment Booked,20,Yes,
L04278,2025-07-08,P04278,Facebook,Teeth Whitening,Clinic C,Appointment Booked,27,Yes,2025-12-07
L04279,2025-08-30,,Facebook,Teeth Whitening,Clinic A,Contacted - No Appointment,23,No,
L04280,2025-09-17,,Facebook,Teeth Whitening,Clinic B,Contacted - No Appointment,10,No,
L04281,2025-10-23,,Google Organic,Root Canal,Clinic A,Contacted - No Appointment,15,No,
L04282,2025-12-10,P04282,Google Ads,Invisalign,Clinic B,Appointment Booked,6,Yes,
L04283,2025-07-26,,Instagram,Teeth Whitening,Clinic C,Contacted - No Appointment,24,No,
L04284,2025-03-11,P04284,Instagram,Invisalign,Clinic B,Appointment Booked,36,Yes,
L04285,2025-12-28,,Facebook,Invisalign,Clinic B,Contacted - No Appointment,39,No,
L04286,2025-11-08,,Facebook,Invisalign,Clinic C,Contacted - No Appointment,14,No,
L04287,2025-06-15,P04287,Google Organic,Dental Crown,Clinic D,Appointment Booked,9,Yes,
L04288,2025-03-06,P04288,Google Ads,Dental Crown,Clinic A,Appointment Booked,25,Yes,2025-08-03
L04289,2025-02-05,P04289,Referral,Dental Crown,Clinic B,Appointment Booked,6,Yes,
L04290,2025-01-31,,Referral,Root Canal,Clinic A,Contacted - No Appointment,5,No,
L04291,2025-02-12,P04291,Instagram,Dental Implant,Clinic C,Appointment Booked,28,Yes,
L04292,2025-08-07,P04292,Google Organic,General Dentistry,Clinic A,Appointment Booked,20,Yes,
L04293,2025-05-26,,Instagram,Root Canal,Clinic C,Contacted - No Appointment,25,No,
L04294,2025-05-04,P04294,Facebook,Root Canal,Clinic B,Appointment Booked,5,Yes,
L04295,2025-02-04,P04295,Referral,Dental Crown,Clinic A,Appointment Booked,53,Yes,2025-09-02
L04296,2025-07-06,P04296,Google Ads,Invisalign,Clinic D,Appointment Booked,5,Yes,
L04297,2025-05-05,,Google Ads,Dental Implant,Clinic A,Contacted - No Appointment,43,No,
L04298,2025-11-24,,Google Ads,Root Canal,Clinic B,Contacted - No Appointment,43,No,
L04299,2025-02-26,,Instagram,Invisalign,Clinic A,Contacted - No Appointment,34,No,
L04300,2025-12-25,P04300,Google Ads,Invisalign,Clinic B,Appointment Booked,27,Yes,
L04301,2025-08-11,,Referral,General Dentistry,Clinic B,Contacted - No Appointment,24,No,
L04302,2025-06-17,,Facebook,Root Canal,Clinic B,Contacted - No Appointment,7,No,
L04303,2025-02-14,P04303,Google Organic,Root Canal,Clinic A,Appointment Booked,10,Yes,
L04304,2025-05-19,,Google Ads,Dental Crown,Clinic B,Contacted - No Appointment,14,No,
L04305,2025-09-14,,Facebook,General Dentistry,Clinic C,Contacted - No Appointment,19,No,
L04306,2025-06-10,,Google Ads,Dental Implant,Clinic D,Contacted - No Appointment,14,No,
L04307,2025-07-29,,Google Ads,General Dentistry,Clinic C,Contacted - No Appointment,16,No,
L04308,2025-09-30,,Facebook,Dental Crown,Clinic C,Contacted - No Appointment,7,No,
L04309,2025-09-23,,Referral,Dental Implant,Clinic A,Not Contacted/Cold,46,No,
L04310,2025-02-09,,Facebook,Invisalign,Clinic B,Contacted - No Appointment,22,No,
L04311,2025-02-19,,Instagram,Root Canal,Clinic A,Not Contacted/Cold,53,No,
L04312,2025-03-11,P04312,Facebook,Dental Crown,Clinic A,Appointment Booked,6,Yes,
L04313,2025-04-18,P04313,Google Ads,Invisalign,Clinic A,Appointment Booked,6,Yes,
L04314,2025-12-27,,Facebook,Root Canal,Clinic C,Contacted - No Appointment,35,No,
L04315,2025-10-03,,Google Ads,Dental Crown,Clinic C,Contacted - No Appointment,13,No,
L04316,2025-07-12,P04316,Referral,Root Canal,Clinic D,Appointment Booked,39,Yes,
L04317,2025-09-03,,Google Organic,General Dentistry,Clinic A,Contacted - No Appointment,32,No,
L04318,2025-02-17,,Facebook,General Dentistry,Clinic C,Contacted - No Appointment,17,No,
L04319,2025-10-14,P04319,Instagram,Root Canal,Clinic D,Appointment Booked,8,Yes,
L04320,2025-10-01,,Google Ads,General Dentistry,Clinic C,Contacted - No Appointment,9,No,
L04321,2025-05-08,,Google Organic,Dental Implant,Clinic A,Contacted - No Appointment,11,No,
L04322,2025-05-11,P04322,Google Organic,Dental Implant,Clinic B,Appointment Booked,19,Yes,
L04323,2025-01-16,P04323,Google Organic,Root Canal,Clinic A,Appointment Booked,27,Yes,
L04324,2025-09-16,,Google Ads,Dental Crown,Clinic B,Contacted - No Appointment,8,No,
L04325,2025-09-29,,Google Ads,Dental Crown,Clinic C,Contacted - No Appointment,9,No,
L04326,2025-01-09,,Facebook,Root Canal,Clinic A,Contacted - No Appointment,9,No,
L04327,2025-11-18,,Referral,Dental Implant,Clinic A,Not Contacted/Cold,72,No,
L04328,2025-07-01,P04328,Referral,Dental Implant,Clinic C,Appointment Booked,12,Yes,2025-02-07
L04329,2025-05-26,,Facebook,General Dentistry,Clinic D,Contacted - No Appointment,23,No,
L04330,2025-04-06,,Google Organic,General Dentistry,Clinic B,Contacted - No Appointment,33,No,
L04331,2025-10-11,,Referral,Dental Crown,Clinic C,Contacted - No Appointment,9,No,
L04332,2025-02-21,P04332,Google Ads,Dental Crown,Clinic B,Appointment Booked,26,Yes,
L04333,2025-03-28,,Google Organic,Dental Crown,Clinic A,Contacted - No Appointment,26,No,
L04334,2025-08-30,,Google Ads,Invisalign,Clinic B,Contacted - No Appointment,8,No,
L04335,2025-11-03,,Facebook,Root Canal,Clinic C,Contacted - No Appointment,12,No,
L04336,2025-08-09,,Google Ads,Dental Crown,Clinic D,Contacted - No Appointment,26,No,
L04337,2025-09-22,,Facebook,Root Canal,Clinic A,Contacted - No Appointment,16,No,
L04338,2025-04-13,,Google Organic,Dental Implant,Clinic B,Contacted - No Appointment,36,No,
L04339,2025-08-06,P04339,Facebook,General Dentistry,Clinic B,Appointment Booked,6,Yes,
L04340,2025-11-14,,Google Ads,General Dentistry,Clinic B,Contacted - No Appointment,39,No,
L04341,2025-07-27,,Google Ads,Invisalign,Clinic A,Contacted - No Appointment,17,No,
L04342,2025-02-27,P04342,Instagram,Dental Crown,Clinic B,Appointment Booked,14,Yes,2025-10-03
L04343,2025-06-14,,Instagram,General Dentistry,Clinic D,Contacted - No Appointment,28,No,
L04344,2025-10-11,,Instagram,Dental Implant,Clinic C,Contacted - No Appointment,15,No,
L04345,2025-08-10,,Google Ads,Root Canal,Clinic B,Contacted - No Appointment,20,No,
L04346,2025-01-18,,Google Organic,Root Canal,Clinic B,Contacted - No Appointment,32,No,
L04347,2025-03-15,P04347,Referral,Root Canal,Clinic B,Appointment Booked,23,Yes,
L04348,2025-08-30,P04348,Facebook,General Dentistry,Clinic B,Appointment Booked,34,Yes,2025-01-09
L04349,2025-08-11,,Google Organic,Root Canal,Clinic D,Contacted - No Appointment,14,No,
L04350,2025-12-16,P04350,Referral,Dental Implant,Clinic D,Appointment Booked,23,Yes,
L04351,2025-11-06,P04351,Instagram,Dental Implant,Clinic B,Appointment Booked,48,Yes,
L04352,2025-03-09,P04352,Google Organic,Dental Implant,Clinic B,Appointment Booked,5,Yes,
L04353,2025-06-26,,Google Organic,Root Canal,Clinic D,Contacted - No Appointment,24,No,
L04354,2025-12-12,,Google Ads,Teeth Whitening,Clinic B,Contacted - No Appointment,30,No,
L04355,2025-10-15,,Instagram,Invisalign,Clinic C,Contacted - No Appointment,45,No,
L04356,2025-02-01,P04356,Google Organic,Dental Crown,Clinic A,Appointment Booked,24,Yes,2025-09-02
L04357,2025-09-20,,Google Ads,Dental Crown,Clinic C,Contacted - No Appointment,26,No,
L04358,2025-11-19,,Referral,Invisalign,Clinic C,Contacted - No Appointment,11,No,
L04359,2025-03-06,P04359,Instagram,Dental Crown,Clinic D,Appointment Booked,40,Yes,2025-07-03
L04360,2025-02-26,P04360,Facebook,Dental Crown,Clinic D,Appointment Booked,28,Yes,2025-12-03
L04361,2025-07-16,P04361,Instagram,Root Canal,Clinic A,Appointment Booked,11,Yes,
L04362,2025-12-17,P04362,Facebook,Invisalign,Clinic C,Appointment Booked,10,Yes,
L04363,2025-06-13,,Google Organic,Dental Crown,Clinic D,Contacted - No Appointment,15,No,
L04364,2025-08-26,,Facebook,General Dentistry,Clinic B,Contacted - No Appointment,19,No,
L04365,2025-12-27,P04365,Referral,Root Canal,Clinic A,Appointment Booked,17,Yes,2026-01-01
L04366,2025-03-09,,Facebook,Root Canal,Clinic A,Contacted - No Appointment,18,No,
L04367,2025-12-09,,Instagram,Root Canal,Clinic B,Contacted - No Appointment,15,No,
L04368,2025-06-03,P04368,Referral,Dental Implant,Clinic B,Appointment Booked,18,Yes,2025-12-06
L04369,2025-01-18,,Google Ads,Dental Crown,Clinic C,Contacted - No Appointment,35,No,
L04370,2025-11-12,,Google Organic,Invisalign,Clinic A,Contacted - No Appointment,28,No,
L04371,2025-05-16,,Google Ads,Dental Implant,Clinic D,Contacted - No Appointment,5,No,
L04372,2025-08-21,P04372,Google Organic,Root Canal,Clinic A,Appointment Booked,37,Yes,
L04373,2025-06-22,,Instagram,Dental Implant,Clinic A,Contacted - No Appointment,23,No,
L04374,2025-04-07,,Referral,Root Canal,Clinic B,Contacted - No Appointment,8,No,
L04375,2025-02-15,,Referral,Dental Implant,Clinic B,Contacted - No Appointment,20,No,
L04376,2025-02-14,,Google Ads,Dental Implant,Clinic A,Contacted - No Appointment,11,No,
L04377,2025-05-12,,Google Ads,General Dentistry,Clinic B,Contacted - No Appointment,11,No,
L04378,2025-03-19,,Instagram,General Dentistry,Clinic A,Contacted - No Appointment,15,No,
L04379,2025-06-24,,Facebook,Invisalign,Clinic C,Contacted - No Appointment,37,No,
L04380,2025-06-28,P04380,Google Ads,Root Canal,Clinic D,Appointment Booked,2,Yes,2025-03-07
L04381,2025-04-15,,Google Ads,Invisalign,Clinic B,Contacted - No Appointment,12,No,
L04382,2025-07-31,P04382,Instagram,Root Canal,Clinic C,Appointment Booked,29,Yes,2025-05-08
L04383,2025-11-26,,Google Ads,Root Canal,Clinic C,Not Contacted/Cold,65,No,
L04384,2025-03-14,P04384,Referral,Invisalign,Clinic A,Appointment Booked,85,Yes,
L04385,2025-08-29,P04385,Google Organic,Teeth Whitening,Clinic D,Appointment Booked,15,Yes,2025-04-09
L04386,2025-03-16,P04386,Google Organic,Dental Implant,Clinic D,Appointment Booked,7,Yes,
L04387,2025-04-22,,Google Ads,Dental Implant,Clinic A,Contacted - No Appointment,25,No,
L04388,2025-08-08,,Google Ads,Teeth Whitening,Clinic A,Contacted - No Appointment,28,No,
L04389,2025-12-10,,Facebook,Dental Crown,Clinic A,Contacted - No Appointment,36,No,
L04390,2025-11-29,,Referral,Root Canal,Clinic A,Contacted - No Appointment,25,No,
L04391,2025-09-12,,Facebook,Root Canal,Clinic C,Contacted - No Appointment,6,No,
L04392,2025-03-03,P04392,Facebook,Root Canal,Clinic B,Appointment Booked,2,Yes,2025-12-03
L04393,2025-02-21,,Google Ads,Root Canal,Clinic D,Contacted - No Appointment,39,No,
L04394,2025-06-22,,Google Organic,Root Canal,Clinic C,Contacted - No Appointment,33,No,
L04395,2025-06-04,P04395,Instagram,Root Canal,Clinic C,Appointment Booked,8,Yes,
L04396,2025-11-15,P04396,Google Ads,Root Canal,Clinic C,Appointment Booked,8,Yes,
L04397,2025-04-03,,Facebook,Dental Crown,Clinic A,Not Contacted/Cold,55,No,
L04398,2025-11-12,,Instagram,Teeth Whitening,Clinic B,Contacted - No Appointment,36,No,
L04399,2025-07-10,P04399,Facebook,Root Canal,Clinic C,Appointment Booked,15,Yes,
L04400,2025-05-08,P04400,Google Organic,Root Canal,Clinic A,Appointment Booked,10,Yes,
L04401,2025-08-31,,Google Organic,Root Canal,Clinic A,Contacted - No Appointment,15,No,
L04402,2025-05-15,P04402,Google Organic,Root Canal,Clinic D,Appointment Booked,12,Yes,
L04403,2025-02-28,,Instagram,Root Canal,Clinic C,Contacted - No Appointment,28,No,
L04404,2025-04-04,P04404,Referral,General Dentistry,Clinic B,Appointment Booked,22,Yes,2025-07-04
L04405,2025-02-04,,Referral,Dental Crown,Clinic C,Contacted - No Appointment,11,No,
L04406,2025-10-16,,Facebook,General Dentistry,Clinic D,Contacted - No Appointment,29,No,
L04407,2025-04-13,P04407,Google Ads,Teeth Whitening,Clinic B,Appointment Booked,10,Yes,
L04408,2025-02-08,P04408,Google Organic,General Dentistry,Clinic A,Appointment Booked,12,Yes,
L04409,2025-06-09,P04409,Google Ads,Dental Crown,Clinic D,Appointment Booked,16,Yes,2025-11-06
L04410,2025-07-30,,Referral,General Dentistry,Clinic B,Contacted - No Appointment,36,No,
L04411,2025-11-16,P04411,Google Ads,Dental Implant,Clinic A,Appointment Booked,11,Yes,
L04412,2025-08-13,,Referral,Dental Implant,Clinic B,Contacted - No Appointment,32,No,
L04413,2025-09-29,P04413,Instagram,Dental Crown,Clinic D,Appointment Booked,55,Yes,2025-04-10
L04414,2025-12-04,P04414,Google Organic,General Dentistry,Clinic A,Appointment Booked,13,Yes,2025-07-12
L04415,2025-10-17,,Facebook,Root Canal,Clinic B,Contacted - No Appointment,34,No,
L04416,2025-05-07,P04416,Referral,Invisalign,Clinic A,Appointment Booked,39,Yes,
L04417,2025-09-17,P04417,Google Ads,Root Canal,Clinic D,Appointment Booked,90,Yes,
L04418,2025-09-03,,Google Ads,Dental Crown,Clinic A,Contacted - No Appointment,25,No,
L04419,2025-04-26,,Google Ads,Invisalign,Clinic C,Contacted - No Appointment,17,No,
L04420,2025-04-18,P04420,Referral,Teeth Whitening,Clinic D,Appointment Booked,47,Yes,
L04421,2025-06-13,P04421,Facebook,General Dentistry,Clinic A,Appointment Booked,30,Yes,
L04422,2025-10-29,,Google Organic,General Dentistry,Clinic D,Contacted - No Appointment,28,No,
L04423,2025-12-16,,Google Organic,Invisalign,Clinic D,Contacted - No Appointment,26,No,
L04424,2025-11-13,,Referral,Invisalign,Clinic D,Not Contacted/Cold,57,No,
L04425,2025-06-08,P04425,Instagram,Root Canal,Clinic A,Appointment Booked,12,Yes,
L04426,2025-10-20,,Instagram,Root Canal,Clinic C,Contacted - No Appointment,34,No,
L04427,2025-11-20,,Google Organic,Dental Implant,Clinic D,Contacted - No Appointment,26,No,
L04428,2025-09-17,,Google Organic,Teeth Whitening,Clinic D,Contacted - No Appointment,41,No,
L04429,2025-09-09,,Google Ads,Root Canal,Clinic A,Contacted - No Appointment,12,No,
L04430,2025-06-17,P04430,Google Ads,General Dentistry,Clinic D,Appointment Booked,7,Yes,
L04431,2025-11-25,,Google Ads,General Dentistry,Clinic B,Not Contacted/Cold,57,No,
L04432,2025-07-19,,Facebook,Dental Implant,Clinic A,Contacted - No Appointment,4,No,
L04433,2025-11-22,,Facebook,General Dentistry,Clinic B,Contacted - No Appointment,11,No,
L04434,2025-07-16,P04434,Instagram,Teeth Whitening,Clinic D,Appointment Booked,5,Yes,
L04435,2025-02-14,P04435,Referral,Root Canal,Clinic B,Appointment Booked,37,Yes,
L04436,2025-05-16,,Facebook,Root Canal,Clinic C,Contacted - No Appointment,9,No,
L04437,2025-12-09,,Google Organic,Root Canal,Clinic D,Contacted - No Appointment,24,No,
L04438,2025-03-17,P04438,Facebook,Invisalign,Clinic B,Appointment Booked,9,Yes,
L04439,2025-07-13,,Google Ads,Dental Crown,Clinic C,Contacted - No Appointment,7,No,
L04440,2025-01-08,P04440,Instagram,Dental Implant,Clinic B,Appointment Booked,54,Yes,
L04441,2025-03-03,,Referral,Dental Crown,Clinic B,Contacted - No Appointment,30,No,
L04442,2025-10-25,,Google Ads,Invisalign,Clinic C,Contacted - No Appointment,14,No,
L04443,2025-06-26,P04443,Facebook,Dental Implant,Clinic D,Appointment Booked,20,Yes,2025-08-07
L04444,2025-03-22,P04444,Google Ads,Dental Crown,Clinic C,Appointment Booked,7,Yes,
L04445,2025-11-08,,Facebook,Dental Crown,Clinic D,Not Contacted/Cold,64,No,
L04446,2025-12-09,,Instagram,Root Canal,Clinic A,Contacted - No Appointment,11,No,
L04447,2025-02-16,,Google Organic,Dental Implant,Clinic A,Contacted - No Appointment,32,No,
L04448,2025-08-21,,Google Organic,General Dentistry,Clinic B,Contacted - No Appointment,6,No,
L04449,2025-07-13,,Facebook,Dental Crown,Clinic A,Contacted - No Appointment,22,No,
L04450,2025-10-17,,Referral,Dental Implant,Clinic A,Contacted - No Appointment,26,No,
L04451,2025-06-15,P04451,Facebook,Root Canal,Clinic C,Appointment Booked,18,Yes,
L04452,2025-07-16,,Google Organic,Root Canal,Clinic A,Contacted - No Appointment,31,No,
L04453,2025-09-12,,Facebook,Dental Implant,Clinic B,Contacted - No Appointment,15,No,
L04454,2025-12-26,P04454,Referral,Dental Crown,Clinic C,Appointment Booked,11,Yes,
L04455,2025-10-09,P04455,Google Organic,Teeth Whitening,Clinic C,Appointment Booked,19,Yes,2025-10-10
L04456,2025-05-10,P04456,Referral,Teeth Whitening,Clinic D,Appointment Booked,7,Yes,
L04457,2025-07-29,P04457,Google Ads,Invisalign,Clinic C,Appointment Booked,7,Yes,
L04458,2025-07-11,,Instagram,General Dentistry,Clinic B,Contacted - No Appointment,11,No,
L04459,2025-08-31,P04459,Google Organic,Invisalign,Clinic D,Appointment Booked,49,Yes,2025-01-09
L04460,2025-04-03,,Google Organic,General Dentistry,Clinic D,Contacted - No Appointment,17,No,
L04461,2025-08-16,P04461,Facebook,Dental Implant,Clinic A,Appointment Booked,69,Yes,
L04462,2025-09-06,,Google Ads,Root Canal,Clinic A,Contacted - No Appointment,16,No,
L04463,2025-01-14,,Google Ads,Dental Crown,Clinic C,Contacted - No Appointment,11,No,
L04464,2025-01-13,P04464,Facebook,Invisalign,Clinic C,Appointment Booked,53,Yes,
L04465,2025-09-29,,Referral,Teeth Whitening,Clinic D,Contacted - No Appointment,11,No,
L04466,2025-02-24,,Google Organic,Dental Crown,Clinic C,Contacted - No Appointment,16,No,
L04467,2025-12-29,,Google Ads,Dental Implant,Clinic C,Contacted - No Appointment,7,No,
L04468,2025-04-07,,Referral,Dental Crown,Clinic D,Contacted - No Appointment,43,No,
L04469,2025-06-22,,Google Ads,Root Canal,Clinic C,Contacted - No Appointment,18,No,
L04470,2025-03-22,,Facebook,Invisalign,Clinic A,Contacted - No Appointment,42,No,
L04471,2025-04-28,P04471,Google Ads,General Dentistry,Clinic D,Appointment Booked,27,Yes,
L04472,2025-08-05,,Referral,General Dentistry,Clinic A,Contacted - No Appointment,18,No,
L04473,2025-02-25,P04473,Google Organic,Invisalign,Clinic D,Appointment Booked,24,Yes,2025-06-03
L04474,2025-03-16,,Facebook,Root Canal,Clinic D,Not Contacted/Cold,46,No,
L04475,2025-03-12,P04475,Google Organic,Invisalign,Clinic C,Appointment Booked,20,Yes,
L04476,2025-04-15,P04476,Google Ads,Teeth Whitening,Clinic C,Appointment Booked,16,Yes,
L04477,2025-08-28,,Facebook,General Dentistry,Clinic B,Contacted - No Appointment,3,No,
L04478,2025-10-26,P04478,Facebook,Root Canal,Clinic B,Appointment Booked,26,Yes,
L04479,2025-02-26,P04479,Google Ads,Teeth Whitening,Clinic B,Appointment Booked,18,Yes,2025-11-03
L04480,2025-05-08,,Referral,Root Canal,Clinic C,Not Contacted/Cold,51,No,
L04481,2025-03-18,,Google Organic,Root Canal,Clinic D,Contacted - No Appointment,6,No,
L04482,2025-03-06,,Google Ads,General Dentistry,Clinic C,Contacted - No Appointment,26,No,
L04483,2025-09-12,P04483,Google Ads,Root Canal,Clinic A,Appointment Booked,5,Yes,
L04484,2025-11-13,,Google Ads,Root Canal,Clinic B,Contacted - No Appointment,15,No,
L04485,2025-12-06,,Facebook,Dental Crown,Clinic D,Not Contacted/Cold,48,No,
L04486,2025-07-22,,Facebook,Invisalign,Clinic B,Not Contacted/Cold,48,No,
L04487,2025-08-12,,Google Ads,Invisalign,Clinic C,Contacted - No Appointment,26,No,
L04488,2025-07-18,,Google Organic,General Dentistry,Clinic D,Contacted - No Appointment,26,No,
L04489,2025-05-23,,Facebook,Dental Crown,Clinic C,Contacted - No Appointment,35,No,
L04490,2025-07-17,,Facebook,General Dentistry,Clinic B,Contacted - No Appointment,18,No,
L04491,2025-05-03,,Referral,Invisalign,Clinic D,Contacted - No Appointment,17,No,
L04492,2025-04-27,P04492,Google Ads,Root Canal,Clinic A,Appointment Booked,7,Yes,2025-02-05
L04493,2025-02-14,P04493,Facebook,General Dentistry,Clinic D,Appointment Booked,20,Yes,
L04494,2025-04-29,P04494,Facebook,Invisalign,Clinic A,Appointment Booked,7,Yes,2025-08-05
L04495,2025-07-12,,Google Ads,Dental Implant,Clinic A,Contacted - No Appointment,14,No,
L04496,2025-05-20,,Google Ads,Root Canal,Clinic D,Contacted - No Appointment,36,No,
L04497,2025-03-19,P04497,Facebook,Root Canal,Clinic A,Appointment Booked,24,Yes,
L04498,2025-02-11,,Referral,Dental Implant,Clinic C,Contacted - No Appointment,10,No,
L04499,2025-09-12,P04499,Google Organic,General Dentistry,Clinic D,Appointment Booked,14,Yes,
L04500,2025-04-08,,Google Organic,General Dentistry,Clinic D,Contacted - No Appointment,21,No,
L04501,2025-10-12,,Facebook,Dental Crown,Clinic D,Contacted - No Appointment,28,No,
L04502,2025-12-29,,Facebook,Teeth Whitening,Clinic B,Contacted - No Appointment,9,No,
L04503,2025-07-23,P04503,Google Ads,General Dentistry,Clinic C,Appointment Booked,44,Yes,2025-03-08
L04504,2025-04-16,P04504,Google Ads,Teeth Whitening,Clinic A,Appointment Booked,19,Yes,
L04505,2025-03-08,,Facebook,Dental Implant,Clinic B,Contacted - No Appointment,9,No,
L04506,2025-10-27,,Facebook,Dental Implant,Clinic D,Contacted - No Appointment,11,No,
L04507,2025-07-10,,Google Ads,Dental Implant,Clinic B,Contacted - No Appointment,42,No,
L04508,2025-04-10,,Google Ads,Dental Implant,Clinic C,Contacted - No Appointment,29,No,
L04509,2025-03-22,P04509,Google Ads,Invisalign,Clinic B,Appointment Booked,37,Yes,2025-01-04
L04510,2025-09-16,,Facebook,Root Canal,Clinic C,Contacted - No Appointment,25,No,
L04511,2025-07-14,,Facebook,Invisalign,Clinic D,Contacted - No Appointment,2,No,
L04512,2025-07-23,P04512,Google Ads,Dental Implant,Clinic A,Appointment Booked,9,Yes,
L04513,2025-11-30,,Google Ads,Root Canal,Clinic C,Contacted - No Appointment,43,No,
L04514,2025-08-20,P04514,Google Ads,Invisalign,Clinic D,Appointment Booked,8,Yes,
L04515,2025-06-02,P04515,Google Ads,Teeth Whitening,Clinic B,Appointment Booked,21,Yes,
L04516,2025-03-11,P04516,Facebook,Dental Implant,Clinic A,Appointment Booked,6,Yes,
L04517,2025-05-13,P04517,Google Ads,General Dentistry,Clinic C,Appointment Booked,14,Yes,
L04518,2025-06-17,,Google Organic,General Dentistry,Clinic B,Contacted - No Appointment,15,No,
L04519,2025-04-22,,Facebook,Teeth Whitening,Clinic A,Contacted - No Appointment,8,No,
L04520,2025-11-21,P04520,Facebook,Teeth Whitening,Clinic D,Appointment Booked,11,Yes,
L04521,2025-09-18,,Google Ads,General Dentistry,Clinic C,Contacted - No Appointment,23,No,
L04522,2025-06-18,,Google Ads,Invisalign,Clinic D,Contacted - No Appointment,13,No,
L04523,2025-07-29,P04523,Google Ads,General Dentistry,Clinic D,Appointment Booked,103,Yes,2025-02-08
L04524,2025-09-17,P04524,Referral,Teeth Whitening,Clinic C,Appointment Booked,30,Yes,
L04525,2025-10-15,,Google Organic,Teeth Whitening,Clinic A,Contacted - No Appointment,32,No,
L04526,2025-12-12,,Google Ads,Root Canal,Clinic B,Contacted - No Appointment,38,No,
L04527,2025-04-15,,Instagram,Root Canal,Clinic A,Contacted - No Appointment,26,No,
L04528,2025-07-01,,Google Ads,Dental Crown,Clinic D,Contacted - No Appointment,11,No,
L04529,2025-09-06,P04529,Google Ads,Dental Crown,Clinic A,Appointment Booked,32,Yes,2025-10-09
L04530,2025-02-13,P04530,Google Organic,Teeth Whitening,Clinic B,Appointment Booked,16,Yes,
L04531,2025-07-03,,Google Ads,Dental Implant,Clinic C,Contacted - No Appointment,7,No,
L04532,2025-02-08,P04532,Facebook,Root Canal,Clinic B,Appointment Booked,27,Yes,
L04533,2025-06-13,,Instagram,Root Canal,Clinic A,Contacted - No Appointment,25,No,
L04534,2025-06-12,P04534,Instagram,Invisalign,Clinic C,Appointment Booked,32,Yes,
L04535,2025-03-02,P04535,Referral,Dental Implant,Clinic A,Appointment Booked,18,Yes,2025-07-03
L04536,2025-04-06,,Google Organic,Dental Implant,Clinic A,Contacted - No Appointment,35,No,
L04537,2025-07-23,,Google Organic,Root Canal,Clinic B,Contacted - No Appointment,9,No,
L04538,2025-02-14,P04538,Facebook,Root Canal,Clinic C,Appointment Booked,5,Yes,
L04539,2025-09-29,P04539,Google Ads,Dental Implant,Clinic C,Appointment Booked,21,Yes,2025-12-10
L04540,2025-02-02,,Google Organic,General Dentistry,Clinic B,Contacted - No Appointment,13,No,
L04541,2025-06-03,P04541,Referral,Teeth Whitening,Clinic C,Appointment Booked,10,Yes,2025-10-06
L04542,2025-05-28,,Facebook,Teeth Whitening,Clinic B,Contacted - No Appointment,16,No,
L04543,2025-03-11,,Referral,Dental Implant,Clinic D,Contacted - No Appointment,29,No,
L04544,2025-10-04,P04544,Google Ads,Dental Crown,Clinic A,Appointment Booked,1,Yes,2025-05-10
L04545,2025-10-13,P04545,Google Ads,Root Canal,Clinic C,Appointment Booked,14,Yes,
L04546,2025-07-07,,Google Ads,General Dentistry,Clinic D,Not Contacted/Cold,52,No,
L04547,2025-09-15,,Facebook,Teeth Whitening,Clinic D,Contacted - No Appointment,6,No,
L04548,2025-01-05,,Google Organic,Dental Crown,Clinic A,Contacted - No Appointment,12,No,
L04549,2025-07-07,,Facebook,General Dentistry,Clinic B,Contacted - No Appointment,42,No,
L04550,2025-08-28,,Referral,Dental Implant,Clinic C,Contacted - No Appointment,17,No,
L04551,2025-02-05,,Facebook,Dental Implant,Clinic A,Contacted - No Appointment,23,No,
L04552,2025-11-05,P04552,Facebook,Dental Crown,Clinic D,Appointment Booked,15,Yes,2025-07-11
L04553,2025-11-16,,Google Organic,Dental Implant,Clinic C,Contacted - No Appointment,44,No,
L04554,2025-09-26,,Google Ads,Dental Implant,Clinic C,Contacted - No Appointment,12,No,
L04555,2025-06-22,,Google Organic,Teeth Whitening,Clinic A,Contacted - No Appointment,20,No,
L04556,2025-01-10,,Google Ads,Invisalign,Clinic C,Contacted - No Appointment,33,No,
L04557,2025-09-08,,Google Ads,Dental Crown,Clinic C,Contacted - No Appointment,10,No,
L04558,2025-03-23,P04558,Instagram,General Dentistry,Clinic D,Appointment Booked,6,Yes,
L04559,2025-12-03,P04559,Referral,Invisalign,Clinic A,Appointment Booked,2,Yes,2025-11-12
L04560,2025-06-09,P04560,Instagram,Invisalign,Clinic A,Appointment Booked,29,Yes,
L04561,2025-05-19,,Instagram,Dental Implant,Clinic B,Contacted - No Appointment,8,No,
L04562,2025-03-14,P04562,Google Organic,Dental Implant,Clinic A,Appointment Booked,25,Yes,
L04563,2025-09-19,P04563,Google Ads,Dental Implant,Clinic C,Appointment Booked,25,Yes,2025-02-10
L04564,2025-10-05,P04564,Google Organic,Dental Implant,Clinic D,Appointment Booked,7,Yes,2025-10-10
L04565,2025-11-26,,Facebook,Root Canal,Clinic B,Contacted - No Appointment,21,No,
L04566,2025-03-10,,Google Ads,Invisalign,Clinic D,Not Contacted/Cold,64,No,
L04567,2025-05-13,P04567,Facebook,Teeth Whitening,Clinic A,Appointment Booked,30,Yes,
L04568,2025-11-14,,Google Ads,General Dentistry,Clinic A,Not Contacted/Cold,95,No,
L04569,2025-11-11,,Google Ads,Teeth Whitening,Clinic A,Contacted - No Appointment,13,No,
L04570,2025-04-23,,Google Ads,Root Canal,Clinic B,Contacted - No Appointment,22,No,
L04571,2025-12-22,P04571,Google Ads,Dental Implant,Clinic D,Appointment Booked,10,Yes,2026-02-01
L04572,2025-09-22,,Instagram,Teeth Whitening,Clinic A,Not Contacted/Cold,52,No,
L04573,2025-01-10,P04573,Instagram,Root Canal,Clinic C,Appointment Booked,15,Yes,
L04574,2025-06-06,,Instagram,Dental Implant,Clinic B,Contacted - No Appointment,7,No,
L04575,2025-11-28,,Facebook,General Dentistry,Clinic D,Contacted - No Appointment,22,No,
L04576,2025-05-15,,Google Organic,Invisalign,Clinic A,Contacted - No Appointment,12,No,
L04577,2025-04-10,P04577,Google Ads,Invisalign,Clinic A,Appointment Booked,25,Yes,
L04578,2025-08-10,,Instagram,General Dentistry,Clinic A,Contacted - No Appointment,18,No,
L04579,2025-01-06,P04579,Google Ads,General Dentistry,Clinic B,Appointment Booked,30,Yes,2025-10-01
L04580,2025-04-27,,Facebook,Invisalign,Clinic B,Contacted - No Appointment,3,No,
L04581,2025-06-26,,Facebook,Root Canal,Clinic D,Contacted - No Appointment,19,No,
L04582,2025-10-11,,Google Organic,Dental Crown,Clinic C,Contacted - No Appointment,10,No,
L04583,2025-03-07,,Referral,Teeth Whitening,Clinic C,Contacted - No Appointment,38,No,
L04584,2025-12-06,P04584,Google Organic,Dental Implant,Clinic C,Appointment Booked,49,Yes,2025-10-12
L04585,2025-02-20,,Google Ads,Dental Crown,Clinic A,Contacted - No Appointment,12,No,
L04586,2025-05-12,,Google Ads,General Dentistry,Clinic B,Contacted - No Appointment,25,No,
L04587,2025-08-01,P04587,Referral,Invisalign,Clinic D,Appointment Booked,9,Yes,
L04588,2025-07-23,,Facebook,General Dentistry,Clinic D,Contacted - No Appointment,24,No,
L04589,2025-08-23,,Referral,General Dentistry,Clinic D,Contacted - No Appointment,9,No,
L04590,2025-10-02,,Facebook,Invisalign,Clinic D,Contacted - No Appointment,25,No,
L04591,2025-05-10,P04591,Referral,Teeth Whitening,Clinic A,Appointment Booked,27,Yes,
L04592,2025-05-27,,Referral,Invisalign,Clinic A,Not Contacted/Cold,55,No,
L04593,2025-08-18,,Instagram,Teeth Whitening,Clinic A,Contacted - No Appointment,6,No,
L04594,2025-09-29,,Google Ads,Teeth Whitening,Clinic B,Contacted - No Appointment,26,No,
L04595,2025-11-20,P04595,Facebook,Invisalign,Clinic A,Appointment Booked,4,Yes,
L04596,2025-03-17,P04596,Referral,Teeth Whitening,Clinic B,Appointment Booked,18,Yes,
L04597,2025-10-20,,Referral,Teeth Whitening,Clinic C,Contacted - No Appointment,17,No,
L04598,2025-12-21,,Google Ads,Root Canal,Clinic D,Contacted - No Appointment,17,No,
L04599,2025-09-21,,Facebook,Dental Implant,Clinic C,Contacted - No Appointment,5,No,
L04600,2025-05-28,P04600,Google Organic,Dental Implant,Clinic D,Appointment Booked,18,Yes,2025-01-06
L04601,2025-11-20,P04601,Instagram,Dental Crown,Clinic A,Appointment Booked,18,Yes,
L04602,2025-10-02,,Google Organic,General Dentistry,Clinic A,Contacted - No Appointment,2,No,
L04603,2025-08-18,,Google Organic,General Dentistry,Clinic C,Contacted - No Appointment,3,No,
L04604,2025-02-02,,Referral,Root Canal,Clinic B,Contacted - No Appointment,21,No,
L04605,2025-09-30,P04605,Google Ads,Root Canal,Clinic A,Appointment Booked,36,Yes,2025-12-10
L04606,2025-05-08,,Google Ads,Invisalign,Clinic B,Contacted - No Appointment,21,No,
L04607,2025-05-31,,Google Ads,Dental Implant,Clinic B,Contacted - No Appointment,22,No,
L04608,2025-10-14,P04608,Referral,Root Canal,Clinic C,Appointment Booked,11,Yes,
L04609,2025-06-25,,Facebook,Root Canal,Clinic B,Contacted - No Appointment,17,No,
L04610,2025-02-28,P04610,Google Ads,Root Canal,Clinic C,Appointment Booked,5,Yes,2025-06-03
L04611,2025-04-27,,Facebook,General Dentistry,Clinic C,Contacted - No Appointment,26,No,
L04612,2025-08-30,P04612,Facebook,Dental Crown,Clinic B,Appointment Booked,9,Yes,2025-09-09
L04613,2025-11-14,,Google Organic,Dental Crown,Clinic A,Contacted - No Appointment,6,No,
L04614,2025-11-22,P04614,Google Organic,Dental Implant,Clinic A,Appointment Booked,18,Yes,2025-01-12
L04615,2025-04-14,P04615,Google Organic,General Dentistry,Clinic B,Appointment Booked,38,Yes,
L04616,2025-03-03,P04616,Google Ads,Teeth Whitening,Clinic C,Appointment Booked,21,Yes,
L04617,2025-07-31,,Referral,General Dentistry,Clinic D,Contacted - No Appointment,38,No,
L04618,2025-08-13,,Google Ads,Root Canal,Clinic C,Contacted - No Appointment,13,No,
L04619,2025-07-27,P04619,Instagram,Root Canal,Clinic A,Appointment Booked,22,Yes,2025-04-08
L04620,2025-06-16,P04620,Google Ads,Root Canal,Clinic C,Appointment Booked,15,Yes,
L04621,2025-02-26,,Google Ads,Invisalign,Clinic C,Contacted - No Appointment,29,No,
L04622,2025-03-24,,Google Ads,Dental Crown,Clinic B,Contacted - No Appointment,24,No,
L04623,2025-01-11,,Instagram,General Dentistry,Clinic C,Contacted - No Appointment,10,No,
L04624,2025-09-22,,Instagram,Dental Implant,Clinic B,Not Contacted/Cold,57,No,
L04625,2025-06-29,P04625,Google Ads,Dental Implant,Clinic C,Appointment Booked,6,Yes,2025-06-07
L04626,2025-11-06,,Google Ads,Teeth Whitening,Clinic C,Contacted - No Appointment,20,No,
L04627,2025-10-01,,Referral,Invisalign,Clinic A,Contacted - No Appointment,9,No,
L04628,2025-12-08,P04628,Google Ads,Dental Crown,Clinic C,Appointment Booked,18,Yes,2025-11-12
L04629,2025-06-21,,Google Ads,Dental Crown,Clinic A,Contacted - No Appointment,8,No,
L04630,2025-06-22,,Facebook,Invisalign,Clinic A,Contacted - No Appointment,18,No,
L04631,2025-01-26,,Google Organic,Teeth Whitening,Clinic D,Contacted - No Appointment,21,No,
L04632,2025-10-26,,Google Ads,Root Canal,Clinic D,Contacted - No Appointment,28,No,
L04633,2025-07-31,P04633,Referral,General Dentistry,Clinic A,Appointment Booked,4,Yes,2025-10-08
L04634,2025-08-13,,Facebook,Teeth Whitening,Clinic B,Contacted - No Appointment,12,No,
L04635,2025-01-20,,Facebook,General Dentistry,Clinic A,Contacted - No Appointment,31,No,
L04636,2025-02-19,P04636,Google Ads,Dental Implant,Clinic B,Appointment Booked,24,Yes,2025-05-03
L04637,2025-12-04,,Google Organic,Invisalign,Clinic D,Not Contacted/Cold,75,No,
L04638,2025-07-16,,Google Ads,Dental Implant,Clinic D,Contacted - No Appointment,12,No,
L04639,2025-02-04,,Instagram,Root Canal,Clinic C,Not Contacted/Cold,58,No,
L04640,2025-03-01,P04640,Google Ads,General Dentistry,Clinic B,Appointment Booked,30,Yes,
L04641,2025-06-03,,Facebook,Root Canal,Clinic C,Contacted - No Appointment,42,No,
L04642,2025-12-18,P04642,Referral,General Dentistry,Clinic B,Appointment Booked,10,Yes,
L04643,2025-06-09,,Google Organic,Invisalign,Clinic D,Contacted - No Appointment,24,No,
L04644,2025-09-24,,Google Ads,Invisalign,Clinic D,Contacted - No Appointment,21,No,
L04645,2025-06-18,,Instagram,General Dentistry,Clinic C,Contacted - No Appointment,13,No,
L04646,2025-04-05,P04646,Instagram,Root Canal,Clinic B,Appointment Booked,38,Yes,2025-12-04
L04647,2025-04-17,,Google Ads,Teeth Whitening,Clinic B,Contacted - No Appointment,17,No,
L04648,2025-09-23,P04648,Facebook,Invisalign,Clinic A,Appointment Booked,30,Yes,2025-03-10
L04649,2025-05-19,,Google Ads,General Dentistry,Clinic D,Contacted - No Appointment,6,No,
L04650,2025-12-01,P04650,Facebook,Dental Crown,Clinic B,Appointment Booked,22,Yes,2025-04-12
L04651,2025-10-08,,Google Organic,Teeth Whitening,Clinic B,Contacted - No Appointment,32,No,
L04652,2025-07-02,P04652,Google Ads,Dental Implant,Clinic B,Appointment Booked,11,Yes,2025-05-07
L04653,2025-03-13,,Google Ads,Root Canal,Clinic D,Contacted - No Appointment,17,No,
L04654,2025-05-02,P04654,Google Ads,General Dentistry,Clinic A,Appointment Booked,18,Yes,
L04655,2025-06-01,,Referral,General Dentistry,Clinic D,Contacted - No Appointment,18,No,
L04656,2025-09-13,,Google Organic,Dental Implant,Clinic D,Contacted - No Appointment,8,No,
L04657,2025-02-23,,Google Ads,Invisalign,Clinic D,Contacted - No Appointment,33,No,
L04658,2025-04-26,P04658,Facebook,Root Canal,Clinic B,Appointment Booked,14,Yes,2025-04-05
L04659,2025-10-18,P04659,Google Ads,Dental Implant,Clinic A,Appointment Booked,28,Yes,
L04660,2025-04-14,,Instagram,Teeth Whitening,Clinic B,Contacted - No Appointment,20,No,
L04661,2025-06-09,,Facebook,Invisalign,Clinic B,Contacted - No Appointment,9,No,
L04662,2025-11-22,,Referral,Invisalign,Clinic A,Contacted - No Appointment,23,No,
L04663,2025-02-12,,Google Ads,Dental Crown,Clinic C,Contacted - No Appointment,11,No,
L04664,2025-01-18,,Instagram,Root Canal,Clinic B,Contacted - No Appointment,14,No,
L04665,2025-07-08,P04665,Google Organic,Teeth Whitening,Clinic D,Appointment Booked,4,Yes,2025-10-07
L04666,2025-03-28,,Google Organic,General Dentistry,Clinic A,Contacted - No Appointment,32,No,
L04667,2025-09-11,P04667,Facebook,Dental Implant,Clinic C,Appointment Booked,6,Yes,
L04668,2025-08-08,,Google Organic,Teeth Whitening,Clinic D,Contacted - No Appointment,33,No,
L04669,2025-12-07,,Facebook,Invisalign,Clinic D,Contacted - No Appointment,17,No,
L04670,2025-08-18,,Facebook,Root Canal,Clinic D,Contacted - No Appointment,20,No,
L04671,2025-07-27,P04671,Referral,Dental Implant,Clinic C,Appointment Booked,13,Yes,2025-05-08
L04672,2025-05-19,,Referral,Dental Implant,Clinic D,Contacted - No Appointment,6,No,
L04673,2025-10-05,,Google Organic,Invisalign,Clinic B,Contacted - No Appointment,40,No,
L04674,2025-01-17,P04674,Facebook,Invisalign,Clinic B,Appointment Booked,10,Yes,
L04675,2025-12-17,P04675,Google Organic,General Dentistry,Clinic A,Appointment Booked,47,Yes,
L04676,2025-08-14,,Google Ads,Teeth Whitening,Clinic A,Not Contacted/Cold,55,No,
L04677,2025-12-05,P04677,Google Ads,General Dentistry,Clinic A,Appointment Booked,27,Yes,
L04678,2025-01-05,,Instagram,Dental Crown,Clinic A,Contacted - No Appointment,16,No,
L04679,2025-01-11,,Google Ads,Invisalign,Clinic B,Contacted - No Appointment,6,No,
L04680,2025-07-18,P04680,Referral,Invisalign,Clinic A,Appointment Booked,30,Yes,
L04681,2025-07-05,P04681,Facebook,Invisalign,Clinic A,Appointment Booked,40,Yes,
L04682,2025-07-05,,Facebook,Invisalign,Clinic D,Contacted - No Appointment,19,No,
L04683,2025-07-28,P04683,Google Organic,Dental Crown,Clinic A,Appointment Booked,18,Yes,2025-02-08
L04684,2025-06-22,P04684,Google Organic,Root Canal,Clinic C,Appointment Booked,25,Yes,
L04685,2025-08-21,P04685,Facebook,Root Canal,Clinic A,Appointment Booked,11,Yes,
L04686,2025-01-07,P04686,Google Ads,Dental Implant,Clinic D,Appointment Booked,4,Yes,
L04687,2025-05-24,P04687,Google Organic,Dental Implant,Clinic D,Appointment Booked,22,Yes,2025-07-06
L04688,2025-12-13,P04688,Facebook,Invisalign,Clinic C,Appointment Booked,5,Yes,
L04689,2025-12-13,,Google Ads,Dental Implant,Clinic C,Contacted - No Appointment,17,No,
L04690,2025-11-05,,Instagram,Teeth Whitening,Clinic A,Contacted - No Appointment,11,No,
L04691,2025-07-10,,Google Ads,Dental Implant,Clinic D,Contacted - No Appointment,14,No,
L04692,2025-07-27,,Referral,Teeth Whitening,Clinic D,Contacted - No Appointment,15,No,
L04693,2025-05-22,,Instagram,Root Canal,Clinic D,Contacted - No Appointment,26,No,
L04694,2025-03-08,,Referral,Dental Implant,Clinic C,Contacted - No Appointment,12,No,
L04695,2025-10-24,,Facebook,Teeth Whitening,Clinic B,Contacted - No Appointment,20,No,
L04696,2025-12-25,P04696,Referral,Dental Crown,Clinic D,Appointment Booked,7,Yes,
L04697,2025-01-28,P04697,Google Ads,Invisalign,Clinic B,Appointment Booked,9,Yes,2025-03-02
L04698,2025-11-30,,Google Ads,General Dentistry,Clinic C,Contacted - No Appointment,27,No,
L04699,2025-09-29,P04699,Google Ads,Dental Implant,Clinic A,Appointment Booked,12,Yes,
L04700,2025-06-09,P04700,Facebook,Invisalign,Clinic D,Appointment Booked,8,Yes,2025-12-06
L04701,2025-04-05,,Google Ads,Teeth Whitening,Clinic A,Contacted - No Appointment,20,No,
L04702,2025-05-26,,Facebook,Teeth Whitening,Clinic A,Contacted - No Appointment,17,No,
L04703,2025-09-14,P04703,Facebook,Invisalign,Clinic C,Appointment Booked,44,Yes,
L04704,2025-07-15,P04704,Facebook,Dental Implant,Clinic D,Appointment Booked,24,Yes,
L04705,2025-08-26,P04705,Instagram,General Dentistry,Clinic C,Appointment Booked,8,Yes,2025-04-09
L04706,2025-04-30,P04706,Google Ads,Invisalign,Clinic A,Appointment Booked,4,Yes,2025-02-05
L04707,2025-06-07,P04707,Google Organic,Invisalign,Clinic A,Appointment Booked,17,Yes,2025-11-06
L04708,2025-03-24,,Instagram,Root Canal,Clinic D,Contacted - No Appointment,32,No,
L04709,2025-06-10,,Referral,General Dentistry,Clinic D,Contacted - No Appointment,17,No,
L04710,2025-03-19,,Facebook,Dental Implant,Clinic D,Contacted - No Appointment,17,No,
L04711,2025-05-03,P04711,Referral,Teeth Whitening,Clinic B,Appointment Booked,6,Yes,
L04712,2025-10-26,P04712,Instagram,Dental Crown,Clinic D,Appointment Booked,11,Yes,2025-03-11
L04713,2025-12-25,,Referral,Root Canal,Clinic B,Contacted - No Appointment,3,No,
L04714,2025-02-02,P04714,Google Ads,Teeth Whitening,Clinic C,Appointment Booked,25,Yes,2025-05-02
L04715,2025-10-28,,Google Organic,General Dentistry,Clinic B,Contacted - No Appointment,22,No,
L04716,2025-05-30,P04716,Google Organic,Invisalign,Clinic B,Appointment Booked,18,Yes,2025-07-06
L04717,2025-05-11,P04717,Google Ads,Dental Implant,Clinic D,Appointment Booked,9,Yes,
L04718,2025-05-19,,Instagram,General Dentistry,Clinic C,Contacted - No Appointment,7,No,
L04719,2025-03-21,P04719,Google Organic,Dental Crown,Clinic B,Appointment Booked,21,Yes,
L04720,2025-04-10,,Instagram,Root Canal,Clinic A,Contacted - No Appointment,21,No,
L04721,2025-08-13,,Google Ads,Dental Crown,Clinic A,Contacted - No Appointment,29,No,
L04722,2025-06-23,,Google Organic,Teeth Whitening,Clinic C,Contacted - No Appointment,21,No,
L04723,2025-08-26,,Google Ads,Teeth Whitening,Clinic A,Contacted - No Appointment,27,No,
L04724,2025-01-14,,Google Organic,General Dentistry,Clinic A,Contacted - No Appointment,21,No,
L04725,2025-01-12,,Google Ads,Root Canal,Clinic C,Contacted - No Appointment,36,No,
L04726,2025-12-20,P04726,Google Ads,Invisalign,Clinic C,Appointment Booked,13,Yes,2026-03-01
L04727,2025-07-16,,Google Ads,Dental Crown,Clinic D,Contacted - No Appointment,21,No,
L04728,2025-08-30,,Instagram,Root Canal,Clinic B,Contacted - No Appointment,26,No,
L04729,2025-09-08,,Referral,Dental Crown,Clinic D,Contacted - No Appointment,18,No,
L04730,2025-07-08,P04730,Google Ads,Root Canal,Clinic D,Appointment Booked,2,Yes,
L04731,2025-03-22,,Google Ads,Dental Implant,Clinic D,Contacted - No Appointment,25,No,
L04732,2025-05-06,,Facebook,Root Canal,Clinic C,Contacted - No Appointment,11,No,
L04733,2025-07-11,P04733,Google Organic,Dental Crown,Clinic B,Appointment Booked,8,Yes,
L04734,2025-12-22,,Facebook,Teeth Whitening,Clinic D,Contacted - No Appointment,6,No,
L04735,2025-12-29,,Facebook,Root Canal,Clinic B,Contacted - No Appointment,29,No,
L04736,2025-09-20,P04736,Instagram,Dental Implant,Clinic A,Appointment Booked,19,Yes,
L04737,2025-09-22,P04737,Google Ads,Root Canal,Clinic B,Appointment Booked,7,Yes,2025-05-10
L04738,2025-11-19,,Facebook,Teeth Whitening,Clinic A,Contacted - No Appointment,8,No,
L04739,2025-09-13,,Facebook,Root Canal,Clinic D,Contacted - No Appointment,17,No,
L04740,2025-08-03,,Google Organic,Dental Crown,Clinic C,Contacted - No Appointment,7,No,
L04741,2025-08-04,P04741,Referral,Root Canal,Clinic C,Appointment Booked,19,Yes,2025-12-08
L04742,2025-02-22,P04742,Google Organic,Invisalign,Clinic C,Appointment Booked,33,Yes,2025-02-03
L04743,2025-11-03,P04743,Facebook,Teeth Whitening,Clinic B,Appointment Booked,37,Yes,
L04744,2025-10-08,,Facebook,Dental Implant,Clinic A,Contacted - No Appointment,29,No,
L04745,2025-09-23,P04745,Google Ads,Root Canal,Clinic C,Appointment Booked,45,Yes,2025-04-10
L04746,2025-09-03,,Google Organic,Invisalign,Clinic C,Contacted - No Appointment,20,No,
L04747,2025-05-03,,Instagram,Dental Implant,Clinic B,Not Contacted/Cold,60,No,
L04748,2025-01-18,P04748,Referral,Root Canal,Clinic D,Appointment Booked,53,Yes,2025-01-02
L04749,2025-07-12,P04749,Google Ads,Root Canal,Clinic A,Appointment Booked,21,Yes,
L04750,2025-10-04,,Google Organic,Teeth Whitening,Clinic A,Contacted - No Appointment,13,No,
L04751,2025-04-26,P04751,Google Organic,Teeth Whitening,Clinic A,Appointment Booked,14,Yes,2025-05-05
L04752,2025-11-20,,Google Ads,Teeth Whitening,Clinic B,Contacted - No Appointment,4,No,
L04753,2025-09-11,,Instagram,Root Canal,Clinic D,Contacted - No Appointment,13,No,
L04754,2025-06-23,P04754,Referral,Dental Crown,Clinic D,Appointment Booked,5,Yes,2025-06-07
L04755,2025-10-18,,Referral,Dental Crown,Clinic B,Contacted - No Appointment,32,No,
L04756,2025-10-27,,Google Organic,Root Canal,Clinic C,Contacted - No Appointment,4,No,
L04757,2025-01-05,,Google Ads,Dental Crown,Clinic C,Contacted - No Appointment,25,No,
L04758,2025-10-31,P04758,Referral,General Dentistry,Clinic A,Appointment Booked,13,Yes,2025-10-11
L04759,2025-11-21,,Instagram,Invisalign,Clinic A,Contacted - No Appointment,31,No,
L04760,2025-04-21,P04760,Facebook,General Dentistry,Clinic D,Appointment Booked,14,Yes,
L04761,2025-10-09,,Google Ads,Dental Implant,Clinic C,Contacted - No Appointment,25,No,
L04762,2025-06-20,P04762,Google Ads,Invisalign,Clinic D,Appointment Booked,24,Yes,
L04763,2025-06-13,,Google Ads,Invisalign,Clinic B,Contacted - No Appointment,13,No,
L04764,2025-03-22,,Google Organic,Dental Crown,Clinic C,Contacted - No Appointment,21,No,
L04765,2025-04-24,,Google Ads,Dental Implant,Clinic A,Contacted - No Appointment,26,No,
L04766,2025-08-12,,Google Ads,General Dentistry,Clinic B,Contacted - No Appointment,31,No,
L04767,2025-01-25,,Facebook,General Dentistry,Clinic C,Contacted - No Appointment,3,No,
L04768,2025-03-22,P04768,Facebook,Dental Crown,Clinic B,Appointment Booked,5,Yes,
L04769,2025-04-18,,Google Ads,Root Canal,Clinic A,Contacted - No Appointment,27,No,
L04770,2025-08-23,,Google Ads,General Dentistry,Clinic B,Contacted - No Appointment,12,No,
L04771,2025-07-30,,Google Ads,General Dentistry,Clinic A,Contacted - No Appointment,19,No,
L04772,2025-05-22,P04772,Google Organic,Root Canal,Clinic C,Appointment Booked,3,Yes,
L04773,2025-05-13,,Google Ads,Teeth Whitening,Clinic B,Not Contacted/Cold,60,No,
L04774,2025-02-02,P04774,Instagram,Dental Crown,Clinic A,Appointment Booked,8,Yes,
L04775,2025-06-11,,Google Ads,Dental Crown,Clinic A,Contacted - No Appointment,22,No,
L04776,2025-08-07,P04776,Google Ads,Invisalign,Clinic A,Appointment Booked,9,Yes,
L04777,2025-12-09,,Facebook,Root Canal,Clinic C,Contacted - No Appointment,38,No,
L04778,2025-03-06,,Google Ads,Dental Implant,Clinic A,Contacted - No Appointment,31,No,
L04779,2025-02-12,,Google Ads,Root Canal,Clinic D,Contacted - No Appointment,34,No,
L04780,2025-02-22,P04780,Facebook,Dental Crown,Clinic A,Appointment Booked,25,Yes,2025-01-03
L04781,2025-06-24,P04781,Facebook,General Dentistry,Clinic A,Appointment Booked,29,Yes,2025-08-07
L04782,2025-03-14,P04782,Google Organic,General Dentistry,Clinic D,Appointment Booked,12,Yes,
L04783,2025-09-10,,Google Ads,Dental Crown,Clinic C,Contacted - No Appointment,40,No,
L04784,2025-04-23,P04784,Referral,Dental Crown,Clinic A,Appointment Booked,16,Yes,
L04785,2025-03-22,,Google Organic,Invisalign,Clinic D,Contacted - No Appointment,8,No,
L04786,2025-12-19,,Google Organic,Dental Crown,Clinic B,Contacted - No Appointment,16,No,
L04787,2025-06-26,,Facebook,Dental Implant,Clinic D,Contacted - No Appointment,14,No,
L04788,2025-12-01,,Google Organic,Invisalign,Clinic C,Contacted - No Appointment,17,No,
L04789,2025-04-29,,Google Ads,Dental Crown,Clinic C,Contacted - No Appointment,8,No,
L04790,2025-05-02,,Google Ads,Invisalign,Clinic D,Contacted - No Appointment,30,No,
L04791,2025-04-10,P04791,Google Ads,Dental Implant,Clinic A,Appointment Booked,10,Yes,
L04792,2025-10-30,P04792,Referral,General Dentistry,Clinic C,Appointment Booked,21,Yes,2025-03-11
L04793,2025-04-09,,Facebook,Invisalign,Clinic B,Contacted - No Appointment,24,No,
L04794,2025-12-24,,Referral,Dental Implant,Clinic A,Contacted - No Appointment,23,No,
L04795,2025-12-12,,Google Ads,Dental Implant,Clinic A,Contacted - No Appointment,25,No,
L04796,2025-03-29,P04796,Referral,Invisalign,Clinic A,Appointment Booked,8,Yes,
L04797,2025-05-14,P04797,Referral,Dental Implant,Clinic C,Appointment Booked,27,Yes,
L04798,2025-04-13,,Referral,Teeth Whitening,Clinic C,Contacted - No Appointment,7,No,
L04799,2025-11-22,,Facebook,Invisalign,Clinic C,Contacted - No Appointment,5,No,
L04800,2025-06-26,,Referral,Teeth Whitening,Clinic A,Contacted - No Appointment,18,No,
L04801,2025-02-01,P04801,Referral,Dental Implant,Clinic B,Appointment Booked,13,Yes,2025-11-02
L04802,2025-11-02,,Facebook,Root Canal,Clinic D,Contacted - No Appointment,26,No,
L04803,2025-09-29,,Facebook,Dental Crown,Clinic B,Contacted - No Appointment,40,No,
L04804,2025-01-03,P04804,Google Organic,Dental Crown,Clinic C,Appointment Booked,27,Yes,2025-07-01
L04805,2025-07-16,,Facebook,Dental Crown,Clinic D,Contacted - No Appointment,8,No,
L04806,2025-03-26,P04806,Google Organic,General Dentistry,Clinic D,Appointment Booked,9,Yes,2025-05-04
L04807,2025-06-16,,Google Ads,Invisalign,Clinic C,Contacted - No Appointment,9,No,
L04808,2025-08-16,,Facebook,Root Canal,Clinic D,Contacted - No Appointment,28,No,
L04809,2025-05-09,,Google Ads,General Dentistry,Clinic B,Contacted - No Appointment,17,No,
L04810,2025-12-14,P04810,Google Ads,Dental Implant,Clinic D,Appointment Booked,22,Yes,
L04811,2025-08-09,,Google Ads,Dental Implant,Clinic A,Contacted - No Appointment,7,No,
L04812,2025-05-19,,Google Organic,Invisalign,Clinic B,Contacted - No Appointment,22,No,
L04813,2025-11-06,,Google Ads,Dental Crown,Clinic A,Contacted - No Appointment,13,No,
L04814,2025-01-09,,Google Organic,Invisalign,Clinic D,Not Contacted/Cold,48,No,
L04815,2025-10-17,P04815,Google Organic,Invisalign,Clinic B,Appointment Booked,7,Yes,
L04816,2025-07-20,P04816,Facebook,Root Canal,Clinic A,Appointment Booked,6,Yes,
L04817,2025-05-23,P04817,Google Ads,Dental Crown,Clinic A,Appointment Booked,15,Yes,
L04818,2025-11-25,P04818,Google Ads,Invisalign,Clinic D,Appointment Booked,14,Yes,2025-07-12
L04819,2025-06-21,,Facebook,Invisalign,Clinic D,Contacted - No Appointment,38,No,
L04820,2025-07-13,P04820,Google Ads,Dental Crown,Clinic C,Appointment Booked,12,Yes,
L04821,2025-11-28,,Facebook,General Dentistry,Clinic C,Not Contacted/Cold,59,No,
L04822,2025-01-27,,Referral,Dental Crown,Clinic B,Contacted - No Appointment,16,No,
L04823,2025-11-15,,Google Ads,Teeth Whitening,Clinic B,Contacted - No Appointment,9,No,
L04824,2025-02-28,,Instagram,Root Canal,Clinic D,Contacted - No Appointment,13,No,
L04825,2025-09-13,,Referral,Invisalign,Clinic A,Contacted - No Appointment,26,No,
L04826,2025-11-09,,Referral,Root Canal,Clinic B,Contacted - No Appointment,24,No,
L04827,2025-12-28,P04827,Referral,Teeth Whitening,Clinic B,Appointment Booked,45,Yes,
L04828,2025-04-15,P04828,Google Organic,Root Canal,Clinic B,Appointment Booked,5,Yes,
L04829,2025-01-27,,Facebook,General Dentistry,Clinic B,Contacted - No Appointment,13,No,
L04830,2025-05-01,,Referral,General Dentistry,Clinic C,Not Contacted/Cold,77,No,
L04831,2025-05-01,,Referral,Dental Implant,Clinic A,Contacted - No Appointment,10,No,
L04832,2025-04-06,,Facebook,Dental Implant,Clinic C,Contacted - No Appointment,35,No,
L04833,2025-07-03,,Facebook,Dental Implant,Clinic A,Contacted - No Appointment,2,No,
L04834,2025-11-07,,Facebook,Root Canal,Clinic A,Contacted - No Appointment,10,No,
L04835,2025-04-13,P04835,Facebook,Dental Implant,Clinic A,Appointment Booked,24,Yes,
L04836,2025-12-24,,Google Ads,General Dentistry,Clinic D,Contacted - No Appointment,24,No,
L04837,2025-03-31,,Instagram,Dental Implant,Clinic B,Contacted - No Appointment,21,No,
L04838,2025-10-12,,Instagram,Invisalign,Clinic C,Contacted - No Appointment,23,No,
L04839,2025-01-18,,Facebook,Invisalign,Clinic C,Contacted - No Appointment,35,No,
L04840,2025-10-18,P04840,Google Ads,General Dentistry,Clinic C,Appointment Booked,17,Yes,
L04841,2025-02-21,,Google Organic,Dental Crown,Clinic B,Contacted - No Appointment,44,No,
L04842,2025-06-03,,Google Ads,General Dentistry,Clinic B,Contacted - No Appointment,18,No,
L04843,2025-07-20,P04843,Google Ads,General Dentistry,Clinic B,Appointment Booked,17,Yes,2025-02-08
L04844,2025-02-10,,Instagram,Root Canal,Clinic C,Contacted - No Appointment,4,No,
L04845,2025-02-25,,Facebook,Invisalign,Clinic B,Contacted - No Appointment,39,No,
L04846,2025-03-14,,Google Ads,Invisalign,Clinic D,Contacted - No Appointment,5,No,
L04847,2025-08-01,,Facebook,Invisalign,Clinic D,Contacted - No Appointment,32,No,
L04848,2025-05-26,P04848,Google Organic,Teeth Whitening,Clinic A,Appointment Booked,27,Yes,
L04849,2025-05-22,,Instagram,Dental Implant,Clinic A,Contacted - No Appointment,43,No,
L04850,2025-04-22,P04850,Facebook,Dental Implant,Clinic C,Appointment Booked,3,Yes,
L04851,2025-05-30,,Google Ads,Dental Crown,Clinic B,Not Contacted/Cold,49,No,
L04852,2025-01-14,,Instagram,Dental Crown,Clinic A,Contacted - No Appointment,13,No,
L04853,2025-04-21,P04853,Referral,Dental Crown,Clinic D,Appointment Booked,11,Yes,
L04854,2025-11-11,,Instagram,Root Canal,Clinic A,Contacted - No Appointment,7,No,
L04855,2025-12-19,P04855,Google Organic,Teeth Whitening,Clinic D,Appointment Booked,15,Yes,2026-02-01
L04856,2025-02-15,,Facebook,Root Canal,Clinic C,Contacted - No Appointment,21,No,
L04857,2025-10-07,,Google Organic,Dental Implant,Clinic D,Contacted - No Appointment,25,No,
L04858,2025-02-09,,Referral,Teeth Whitening,Clinic A,Contacted - No Appointment,12,No,
L04859,2025-08-14,P04859,Google Organic,General Dentistry,Clinic A,Appointment Booked,10,Yes,
L04860,2025-05-18,P04860,Referral,Dental Implant,Clinic C,Appointment Booked,52,Yes,
L04861,2025-04-22,P04861,Facebook,Root Canal,Clinic A,Appointment Booked,21,Yes,
L04862,2025-05-16,P04862,Referral,Root Canal,Clinic B,Appointment Booked,25,Yes,
L04863,2025-04-05,,Instagram,Dental Implant,Clinic B,Contacted - No Appointment,32,No,
L04864,2025-04-05,P04864,Referral,General Dentistry,Clinic A,Appointment Booked,23,Yes,2025-08-04
L04865,2025-10-15,P04865,Google Ads,Invisalign,Clinic A,Appointment Booked,11,Yes,
L04866,2025-05-30,,Instagram,Teeth Whitening,Clinic D,Contacted - No Appointment,7,No,
L04867,2025-08-13,,Google Organic,Dental Crown,Clinic A,Contacted - No Appointment,28,No,
L04868,2025-04-29,,Google Ads,Dental Crown,Clinic A,Contacted - No Appointment,26,No,
L04869,2025-05-31,,Instagram,Invisalign,Clinic C,Contacted - No Appointment,24,No,
L04870,2025-12-14,P04870,Google Organic,Invisalign,Clinic D,Appointment Booked,18,Yes,
L04871,2025-02-20,P04871,Google Ads,Dental Implant,Clinic B,Appointment Booked,18,Yes,
L04872,2025-06-22,,Facebook,Invisalign,Clinic A,Contacted - No Appointment,7,No,
L04873,2025-08-15,P04873,Instagram,Invisalign,Clinic C,Appointment Booked,3,Yes,
L04874,2025-05-28,,Facebook,General Dentistry,Clinic D,Contacted - No Appointment,34,No,
L04875,2025-10-22,,Google Ads,Root Canal,Clinic D,Not Contacted/Cold,47,No,
L04876,2025-11-18,P04876,Google Ads,Teeth Whitening,Clinic C,Appointment Booked,26,Yes,
L04877,2025-07-19,P04877,Google Ads,Root Canal,Clinic B,Appointment Booked,6,Yes,
L04878,2025-09-10,,Google Ads,Teeth Whitening,Clinic C,Contacted - No Appointment,18,No,
L04879,2025-02-28,,Google Ads,General Dentistry,Clinic A,Contacted - No Appointment,9,No,
L04880,2025-01-07,,Google Organic,Invisalign,Clinic C,Contacted - No Appointment,14,No,
L04881,2025-03-18,,Instagram,General Dentistry,Clinic C,Contacted - No Appointment,8,No,
L04882,2025-06-14,,Google Organic,Dental Crown,Clinic D,Contacted - No Appointment,20,No,
L04883,2025-03-29,P04883,Google Ads,Teeth Whitening,Clinic B,Appointment Booked,31,Yes,
L04884,2025-07-23,P04884,Facebook,Dental Crown,Clinic A,Appointment Booked,24,Yes,2025-02-08
L04885,2025-05-16,P04885,Facebook,Root Canal,Clinic C,Appointment Booked,13,Yes,
L04886,2025-07-11,P04886,Google Organic,Invisalign,Clinic C,Appointment Booked,21,Yes,
L04887,2025-09-11,,Google Organic,Dental Implant,Clinic D,Contacted - No Appointment,4,No,
L04888,2025-01-10,P04888,Referral,Root Canal,Clinic A,Appointment Booked,30,Yes,
L04889,2025-09-13,,Google Ads,General Dentistry,Clinic B,Contacted - No Appointment,27,No,
L04890,2025-06-19,,Google Organic,Teeth Whitening,Clinic C,Contacted - No Appointment,23,No,
L04891,2025-10-27,P04891,Facebook,Invisalign,Clinic B,Appointment Booked,39,Yes,
L04892,2025-07-09,,Google Organic,General Dentistry,Clinic D,Contacted - No Appointment,23,No,
L04893,2025-08-09,,Facebook,Teeth Whitening,Clinic B,Contacted - No Appointment,14,No,
L04894,2025-08-19,,Facebook,Invisalign,Clinic D,Contacted - No Appointment,13,No,
L04895,2025-05-27,,Google Ads,Dental Implant,Clinic C,Contacted - No Appointment,14,No,
L04896,2025-11-21,P04896,Instagram,Dental Implant,Clinic D,Appointment Booked,23,Yes,2025-01-12
L04897,2025-08-17,,Google Ads,General Dentistry,Clinic B,Contacted - No Appointment,9,No,
L04898,2025-07-07,P04898,Google Ads,General Dentistry,Clinic D,Appointment Booked,10,Yes,
L04899,2025-03-01,,Google Ads,Invisalign,Clinic B,Contacted - No Appointment,7,No,
L04900,2025-01-17,,Referral,Invisalign,Clinic C,Contacted - No Appointment,9,No,
L04901,2025-11-15,P04901,Facebook,Teeth Whitening,Clinic A,Appointment Booked,16,Yes,
L04902,2025-02-12,,Referral,General Dentistry,Clinic B,Not Contacted/Cold,51,No,
L04903,2025-09-03,,Referral,Teeth Whitening,Clinic B,Contacted - No Appointment,7,No,
L04904,2025-08-26,,Referral,Dental Crown,Clinic B,Contacted - No Appointment,38,No,
L04905,2025-05-04,P04905,Referral,Invisalign,Clinic D,Appointment Booked,11,Yes,2025-07-05
L04906,2025-12-03,,Referral,Root Canal,Clinic A,Contacted - No Appointment,35,No,
L04907,2025-12-23,P04907,Google Ads,Invisalign,Clinic D,Appointment Booked,14,Yes,2026-01-01
L04908,2025-02-12,,Google Ads,Teeth Whitening,Clinic D,Contacted - No Appointment,22,No,
L04909,2025-03-16,P04909,Instagram,Root Canal,Clinic A,Appointment Booked,23,Yes,
L04910,2025-02-17,,Facebook,General Dentistry,Clinic C,Contacted - No Appointment,16,No,
L04911,2025-03-03,P04911,Google Ads,Root Canal,Clinic A,Appointment Booked,15,Yes,
L04912,2025-09-30,,Google Organic,General Dentistry,Clinic A,Not Contacted/Cold,46,No,
L04913,2025-07-25,P04913,Instagram,Invisalign,Clinic B,Appointment Booked,19,Yes,
L04914,2025-01-26,,Referral,Root Canal,Clinic D,Contacted - No Appointment,14,No,
L04915,2025-07-03,,Instagram,Dental Crown,Clinic A,Not Contacted/Cold,64,No,
L04916,2025-04-26,,Instagram,Dental Implant,Clinic C,Not Contacted/Cold,68,No,
L04917,2025-04-26,,Facebook,General Dentistry,Clinic B,Not Contacted/Cold,86,No,
L04918,2025-11-26,P04918,Facebook,Dental Crown,Clinic D,Appointment Booked,5,Yes,2025-08-12
L04919,2025-06-06,,Referral,Root Canal,Clinic A,Contacted - No Appointment,2,No,
L04920,2025-06-12,,Google Ads,General Dentistry,Clinic C,Contacted - No Appointment,22,No,
L04921,2025-06-16,,Facebook,General Dentistry,Clinic C,Not Contacted/Cold,47,No,
L04922,2025-11-27,,Instagram,Root Canal,Clinic C,Contacted - No Appointment,18,No,
L04923,2025-06-10,,Facebook,General Dentistry,Clinic D,Contacted - No Appointment,43,No,
L04924,2025-03-22,P04924,Google Ads,Dental Implant,Clinic D,Appointment Booked,45,Yes,
L04925,2025-04-16,P04925,Google Ads,Dental Implant,Clinic A,Appointment Booked,11,Yes,
L04926,2025-08-29,,Google Ads,Dental Crown,Clinic B,Contacted - No Appointment,16,No,
L04927,2025-01-25,,Facebook,Root Canal,Clinic B,Contacted - No Appointment,4,No,
L04928,2025-01-25,,Referral,Root Canal,Clinic B,Contacted - No Appointment,7,No,
L04929,2025-02-06,P04929,Facebook,Invisalign,Clinic B,Appointment Booked,9,Yes,2025-10-02
L04930,2025-07-17,P04930,Google Ads,Root Canal,Clinic B,Appointment Booked,5,Yes,
L04931,2025-08-05,P04931,Facebook,General Dentistry,Clinic B,Appointment Booked,22,Yes,
L04932,2025-11-10,,Google Ads,Dental Crown,Clinic D,Contacted - No Appointment,5,No,
L04933,2025-05-24,P04933,Referral,General Dentistry,Clinic A,Appointment Booked,37,Yes,
L04934,2025-07-30,,Facebook,Teeth Whitening,Clinic D,Not Contacted/Cold,47,No,
L04935,2025-04-15,,Referral,Invisalign,Clinic B,Contacted - No Appointment,43,No,
L04936,2025-01-26,,Facebook,Invisalign,Clinic C,Contacted - No Appointment,28,No,
L04937,2025-04-26,P04937,Google Organic,Invisalign,Clinic D,Appointment Booked,1,Yes,
L04938,2025-06-05,P04938,Google Ads,General Dentistry,Clinic B,Appointment Booked,33,Yes,2025-08-06
L04939,2025-09-12,P04939,Google Ads,Dental Implant,Clinic B,Appointment Booked,35,Yes,
L04940,2025-09-06,,Google Ads,Invisalign,Clinic B,Contacted - No Appointment,8,No,
L04941,2025-06-10,P04941,Instagram,General Dentistry,Clinic B,Appointment Booked,30,Yes,
L04942,2025-08-17,P04942,Facebook,Dental Crown,Clinic D,Appointment Booked,24,Yes,
L04943,2025-09-29,,Facebook,Invisalign,Clinic D,Contacted - No Appointment,14,No,
L04944,2025-07-30,P04944,Google Organic,Invisalign,Clinic A,Appointment Booked,24,Yes,2025-05-08
L04945,2025-12-26,,Google Ads,General Dentistry,Clinic A,Contacted - No Appointment,42,No,
L04946,2025-11-19,P04946,Facebook,General Dentistry,Clinic B,Appointment Booked,11,Yes,
L04947,2025-02-28,,Google Organic,Invisalign,Clinic A,Contacted - No Appointment,11,No,
L04948,2025-06-16,P04948,Facebook,Root Canal,Clinic C,Appointment Booked,23,Yes,
L04949,2025-07-09,,Google Organic,General Dentistry,Clinic A,Contacted - No Appointment,14,No,
L04950,2025-11-27,,Facebook,Teeth Whitening,Clinic C,Contacted - No Appointment,7,No,
L04951,2025-01-29,,Facebook,Teeth Whitening,Clinic A,Contacted - No Appointment,36,No,
L04952,2025-03-17,P04952,Google Ads,Root Canal,Clinic B,Appointment Booked,24,Yes,
L04953,2025-06-25,,Referral,General Dentistry,Clinic C,Contacted - No Appointment,3,No,
L04954,2025-12-28,,Referral,Invisalign,Clinic B,Contacted - No Appointment,31,No,
L04955,2025-03-07,P04955,Referral,Dental Implant,Clinic D,Appointment Booked,29,Yes,
L04956,2025-06-11,P04956,Facebook,Teeth Whitening,Clinic D,Appointment Booked,22,Yes,
L04957,2025-02-03,,Google Organic,Root Canal,Clinic B,Contacted - No Appointment,15,No,
L04958,2025-11-14,P04958,Facebook,General Dentistry,Clinic A,Appointment Booked,14,Yes,
L04959,2025-07-02,,Facebook,Dental Implant,Clinic D,Contacted - No Appointment,28,No,
L04960,2025-04-25,P04960,Google Organic,General Dentistry,Clinic D,Appointment Booked,6,Yes,2025-02-05
L04961,2025-01-20,,Google Ads,Invisalign,Clinic D,Contacted - No Appointment,25,No,
L04962,2025-11-17,P04962,Google Ads,Dental Crown,Clinic A,Appointment Booked,29,Yes,
L04963,2025-06-01,P04963,Facebook,Dental Implant,Clinic D,Appointment Booked,35,Yes,2025-10-06
L04964,2025-12-25,,Google Organic,Dental Crown,Clinic A,Contacted - No Appointment,11,No,
L04965,2025-08-16,P04965,Facebook,Teeth Whitening,Clinic C,Appointment Booked,12,Yes,
L04966,2025-03-21,P04966,Facebook,Root Canal,Clinic D,Appointment Booked,28,Yes,2025-02-04
L04967,2025-10-14,,Referral,Invisalign,Clinic A,Contacted - No Appointment,10,No,
L04968,2025-03-22,,Facebook,Root Canal,Clinic D,Contacted - No Appointment,6,No,
L04969,2025-03-17,,Google Ads,General Dentistry,Clinic B,Contacted - No Appointment,16,No,
L04970,2025-09-14,,Instagram,Invisalign,Clinic D,Not Contacted/Cold,56,No,
L04971,2025-05-11,,Google Organic,Invisalign,Clinic B,Contacted - No Appointment,20,No,
L04972,2025-05-24,P04972,Google Ads,Invisalign,Clinic D,Appointment Booked,3,Yes,2025-05-06
L04973,2025-09-30,,Instagram,General Dentistry,Clinic A,Contacted - No Appointment,22,No,
L04974,2025-04-07,P04974,Google Ads,Root Canal,Clinic C,Appointment Booked,15,Yes,
L04975,2025-11-11,,Facebook,Dental Implant,Clinic C,Contacted - No Appointment,8,No,
L04976,2025-05-02,,Google Ads,Teeth Whitening,Clinic B,Contacted - No Appointment,12,No,
L04977,2025-09-16,,Facebook,Dental Crown,Clinic A,Not Contacted/Cold,47,No,
L04978,2025-04-03,,Facebook,Dental Implant,Clinic C,Contacted - No Appointment,8,No,
L04979,2025-03-28,,Referral,General Dentistry,Clinic A,Not Contacted/Cold,51,No,
L04980,2025-11-24,,Google Organic,Dental Crown,Clinic C,Contacted - No Appointment,19,No,
L04981,2025-02-14,P04981,Referral,Root Canal,Clinic A,Appointment Booked,14,Yes,
L04982,2025-02-22,,Instagram,Root Canal,Clinic D,Contacted - No Appointment,15,No,
L04983,2025-07-17,,Google Ads,General Dentistry,Clinic A,Contacted - No Appointment,16,No,
L04984,2025-02-24,P04984,Google Ads,Invisalign,Clinic A,Appointment Booked,50,Yes,2025-09-03
L04985,2025-05-09,,Referral,Invisalign,Clinic A,Contacted - No Appointment,2,No,
L04986,2025-06-25,,Instagram,Dental Implant,Clinic B,Contacted - No Appointment,14,No,
L04987,2025-07-15,P04987,Referral,Teeth Whitening,Clinic A,Appointment Booked,15,Yes,
L04988,2025-09-14,,Google Ads,Dental Crown,Clinic B,Contacted - No Appointment,29,No,
L04989,2025-12-19,P04989,Google Ads,Dental Crown,Clinic D,Appointment Booked,18,Yes,
L04990,2025-08-27,,Facebook,Invisalign,Clinic C,Contacted - No Appointment,19,No,
L04991,2025-12-23,,Facebook,Dental Crown,Clinic C,Not Contacted/Cold,53,No,
L04992,2025-10-23,,Google Ads,Teeth Whitening,Clinic A,Contacted - No Appointment,19,No,
L04993,2025-07-19,P04993,Facebook,Root Canal,Clinic C,Appointment Booked,13,Yes,
L04994,2025-11-04,,Instagram,Teeth Whitening,Clinic A,Contacted - No Appointment,19,No,
L04995,2025-08-22,,Facebook,Invisalign,Clinic D,Contacted - No Appointment,20,No,
L04996,2025-11-07,,Google Ads,Teeth Whitening,Clinic A,Contacted - No Appointment,6,No,
L04997,2025-07-24,,Google Organic,Dental Implant,Clinic B,Contacted - No Appointment,38,No,
L04998,2025-07-08,,Facebook,Dental Crown,Clinic B,Contacted - No Appointment,25,No,
L04999,2025-02-25,,Instagram,General Dentistry,Clinic D,Contacted - No Appointment,9,No,
L05000,2025-06-09,,Facebook,General Dentistry,Clinic A,Contacted - No Appointment,24,No,
L05001,2025-02-06,P05001,Referral,Invisalign,Clinic C,Appointment Booked,5,Yes,
L05002,2025-07-29,P05002,Instagram,Root Canal,Clinic A,Appointment Booked,26,Yes,2025-10-08
L05003,2025-05-16,,Referral,Dental Implant,Clinic C,Contacted - No Appointment,30,No,
L05004,2025-06-05,,Facebook,General Dentistry,Clinic D,Not Contacted/Cold,62,No,
L05005,2025-10-18,,Google Ads,Dental Crown,Clinic B,Contacted - No Appointment,9,No,
L05006,2025-07-29,P05006,Facebook,Root Canal,Clinic B,Appointment Booked,19,Yes,2025-06-08
L05007,2025-09-22,,Facebook,Dental Implant,Clinic D,Contacted - No Appointment,17,No,
L05008,2025-08-12,,Facebook,General Dentistry,Clinic C,Contacted - No Appointment,11,No,
L05009,2025-05-05,,Google Organic,Root Canal,Clinic B,Contacted - No Appointment,9,No,
L05010,2025-04-23,,Google Ads,Invisalign,Clinic C,Contacted - No Appointment,16,No,
L05011,2025-12-25,,Instagram,Root Canal,Clinic C,Contacted - No Appointment,20,No,
L05012,2025-07-14,,Google Organic,Invisalign,Clinic A,Contacted - No Appointment,13,No,
L05013,2025-02-22,P05013,Google Organic,Dental Crown,Clinic D,Appointment Booked,24,Yes,
L05014,2025-12-25,,Facebook,General Dentistry,Clinic B,Contacted - No Appointment,18,No,
L05015,2025-11-03,P05015,Referral,General Dentistry,Clinic A,Appointment Booked,8,Yes,
L05016,2025-07-16,,Facebook,Root Canal,Clinic D,Contacted - No Appointment,32,No,
L05017,2025-01-30,,Google Ads,General Dentistry,Clinic B,Contacted - No Appointment,31,No,
L05018,2025-05-20,,Google Organic,Root Canal,Clinic A,Contacted - No Appointment,16,No,
L05019,2025-06-19,,Google Ads,Invisalign,Clinic C,Contacted - No Appointment,2,No,
L05020,2025-05-29,,Google Organic,General Dentistry,Clinic D,Contacted - No Appointment,5,No,
L05021,2025-04-17,,Google Ads,Invisalign,Clinic D,Contacted - No Appointment,39,No,
L05022,2025-02-08,,Google Ads,Invisalign,Clinic D,Not Contacted/Cold,54,No,
L05023,2025-01-12,P05023,Google Ads,General Dentistry,Clinic D,Appointment Booked,37,Yes,
L05024,2025-08-24,,Facebook,Dental Implant,Clinic A,Contacted - No Appointment,10,No,
L05025,2025-04-08,P05025,Google Ads,Teeth Whitening,Clinic B,Appointment Booked,31,Yes,
L05026,2025-11-01,P05026,Google Ads,General Dentistry,Clinic D,Appointment Booked,29,Yes,2025-05-11
L05027,2025-01-28,P05027,Google Organic,Root Canal,Clinic B,Appointment Booked,29,Yes,2025-03-02
L05028,2025-12-09,P05028,Google Organic,Dental Implant,Clinic C,Appointment Booked,18,Yes,
L05029,2025-07-23,,Google Organic,Root Canal,Clinic C,Contacted - No Appointment,20,No,
L05030,2025-08-28,,Google Organic,Dental Implant,Clinic B,Contacted - No Appointment,5,No,
L05031,2025-03-11,P05031,Facebook,Root Canal,Clinic D,Appointment Booked,74,Yes,
L05032,2025-04-26,P05032,Referral,Teeth Whitening,Clinic B,Appointment Booked,5,Yes,2025-04-05
L05033,2025-07-04,P05033,Facebook,Root Canal,Clinic B,Appointment Booked,13,Yes,
L05034,2025-11-08,,Facebook,Root Canal,Clinic D,Not Contacted/Cold,67,No,
L05035,2025-12-23,P05035,Google Organic,Dental Crown,Clinic B,Appointment Booked,15,Yes,
L05036,2025-06-25,P05036,Google Ads,Dental Crown,Clinic A,Appointment Booked,16,Yes,2025-05-07
L05037,2025-01-09,,Google Organic,General Dentistry,Clinic C,Contacted - No Appointment,18,No,
L05038,2025-02-03,,Facebook,Invisalign,Clinic D,Contacted - No Appointment,20,No,
L05039,2025-04-01,P05039,Google Ads,General Dentistry,Clinic D,Appointment Booked,8,Yes,2025-03-04
L05040,2025-10-18,P05040,Google Ads,Dental Crown,Clinic D,Appointment Booked,28,Yes,
L05041,2025-04-16,,Google Ads,Invisalign,Clinic C,Contacted - No Appointment,27,No,
L05042,2025-03-10,,Referral,Invisalign,Clinic A,Contacted - No Appointment,17,No,
L05043,2025-02-22,P05043,Referral,Root Canal,Clinic D,Appointment Booked,25,Yes,2025-01-03
L05044,2025-04-15,,Facebook,Dental Crown,Clinic D,Contacted - No Appointment,9,No,
L05045,2025-10-31,P05045,Google Ads,Invisalign,Clinic A,Appointment Booked,47,Yes,2025-01-11
L05046,2025-06-06,,Google Ads,General Dentistry,Clinic A,Not Contacted/Cold,88,No,
L05047,2025-05-12,P05047,Google Organic,Dental Crown,Clinic D,Appointment Booked,13,Yes,
L05048,2025-05-08,,Google Ads,General Dentistry,Clinic D,Contacted - No Appointment,19,No,
L05049,2025-05-09,P05049,Referral,Dental Implant,Clinic D,Appointment Booked,7,Yes,
L05050,2025-06-19,,Instagram,Invisalign,Clinic D,Contacted - No Appointment,29,No,
L05051,2025-12-16,P05051,Referral,Dental Implant,Clinic C,Appointment Booked,13,Yes,
L05052,2025-10-09,P05052,Instagram,Invisalign,Clinic C,Appointment Booked,13,Yes,
L05053,2025-08-12,,Google Organic,General Dentistry,Clinic C,Contacted - No Appointment,28,No,
L05054,2025-12-23,,Instagram,Dental Implant,Clinic A,Contacted - No Appointment,22,No,
L05055,2025-03-31,,Google Organic,Root Canal,Clinic C,Contacted - No Appointment,10,No,
L05056,2025-01-28,,Google Organic,Dental Implant,Clinic B,Contacted - No Appointment,2,No,
L05057,2025-03-22,,Instagram,Root Canal,Clinic C,Contacted - No Appointment,14,No,
L05058,2025-12-29,,Instagram,General Dentistry,Clinic B,Contacted - No Appointment,5,No,
L05059,2025-02-22,P05059,Referral,Dental Crown,Clinic B,Appointment Booked,33,Yes,
L05060,2025-10-09,P05060,Referral,Teeth Whitening,Clinic A,Appointment Booked,16,Yes,2025-11-10
L05061,2025-11-21,P05061,Instagram,Invisalign,Clinic B,Appointment Booked,12,Yes,
L05062,2025-12-28,,Google Ads,General Dentistry,Clinic A,Contacted - No Appointment,10,No,
L05063,2025-10-04,,Google Ads,Teeth Whitening,Clinic A,Contacted - No Appointment,22,No,
L05064,2025-01-28,,Referral,Root Canal,Clinic D,Contacted - No Appointment,15,No,
L05065,2025-09-08,,Google Ads,Root Canal,Clinic A,Contacted - No Appointment,32,No,
L05066,2025-03-07,,Google Ads,General Dentistry,Clinic B,Contacted - No Appointment,16,No,
L05067,2025-10-29,,Google Ads,Dental Crown,Clinic C,Contacted - No Appointment,32,No,
L05068,2025-08-14,,Instagram,Teeth Whitening,Clinic C,Contacted - No Appointment,12,No,
L05069,2025-05-03,,Instagram,Root Canal,Clinic A,Contacted - No Appointment,22,No,
L05070,2025-01-28,P05070,Google Ads,Invisalign,Clinic D,Appointment Booked,6,Yes,2025-02-02
L05071,2025-05-31,,Google Ads,Teeth Whitening,Clinic D,Contacted - No Appointment,17,No,
L05072,2025-04-12,,Google Organic,Dental Crown,Clinic A,Not Contacted/Cold,49,No,
L05073,2025-10-17,P05073,Referral,Root Canal,Clinic B,Appointment Booked,7,Yes,
L05074,2025-04-06,P05074,Google Ads,Dental Crown,Clinic D,Appointment Booked,27,Yes,
L05075,2025-07-17,,Google Ads,Invisalign,Clinic D,Not Contacted/Cold,50,No,
L05076,2025-07-31,,Instagram,Teeth Whitening,Clinic C,Contacted - No Appointment,11,No,
L05077,2025-10-19,,Google Organic,General Dentistry,Clinic A,Contacted - No Appointment,14,No,
L05078,2025-08-20,P05078,Google Organic,General Dentistry,Clinic B,Appointment Booked,10,Yes,
L05079,2025-04-27,,Google Organic,Invisalign,Clinic C,Contacted - No Appointment,31,No,
L05080,2025-08-13,,Referral,Root Canal,Clinic A,Contacted - No Appointment,33,No,
L05081,2025-08-05,P05081,Google Ads,Teeth Whitening,Clinic B,Appointment Booked,42,Yes,
L05082,2025-03-03,,Google Ads,Dental Crown,Clinic C,Not Contacted/Cold,52,No,
L05083,2025-08-15,,Instagram,Root Canal,Clinic B,Contacted - No Appointment,6,No,
L05084,2025-01-17,,Google Organic,General Dentistry,Clinic D,Contacted - No Appointment,32,No,
L05085,2025-03-09,,Instagram,Root Canal,Clinic D,Contacted - No Appointment,44,No,
L05086,2025-10-06,,Referral,Root Canal,Clinic B,Contacted - No Appointment,39,No,
L05087,2025-05-26,,Google Organic,Dental Implant,Clinic D,Contacted - No Appointment,9,No,
L05088,2025-12-02,,Google Organic,Dental Implant,Clinic A,Contacted - No Appointment,31,No,
L05089,2025-10-17,,Google Ads,Dental Implant,Clinic D,Contacted - No Appointment,32,No,
L05090,2025-03-16,,Google Ads,General Dentistry,Clinic A,Contacted - No Appointment,14,No,
L05091,2025-09-28,,Google Organic,Root Canal,Clinic A,Contacted - No Appointment,22,No,
L05092,2025-07-31,,Google Ads,Root Canal,Clinic C,Contacted - No Appointment,2,No,
L05093,2025-06-14,,Google Ads,General Dentistry,Clinic B,Contacted - No Appointment,26,No,
L05094,2025-07-04,P05094,Referral,Dental Crown,Clinic D,Appointment Booked,17,Yes,2025-08-07
L05095,2025-01-08,,Referral,Dental Crown,Clinic B,Contacted - No Appointment,20,No,
L05096,2025-01-05,,Google Ads,Invisalign,Clinic B,Contacted - No Appointment,18,No,
L05097,2025-01-07,,Google Organic,General Dentistry,Clinic B,Contacted - No Appointment,16,No,
L05098,2025-03-23,P05098,Google Ads,Dental Implant,Clinic B,Appointment Booked,7,Yes,2025-02-04
L05099,2025-04-07,P05099,Google Ads,Dental Implant,Clinic B,Appointment Booked,12,Yes,2025-10-04
L05100,2025-08-16,,Instagram,Invisalign,Clinic C,Contacted - No Appointment,26,No,
L05101,2025-12-11,,Google Organic,Invisalign,Clinic D,Contacted - No Appointment,41,No,
L05102,2025-04-14,P05102,Google Ads,Invisalign,Clinic D,Appointment Booked,9,Yes,
L05103,2025-08-31,P05103,Facebook,Dental Crown,Clinic D,Appointment Booked,23,Yes,2025-11-09
L05104,2025-07-17,,Google Ads,Invisalign,Clinic B,Contacted - No Appointment,19,No,
L05105,2025-07-13,,Referral,Dental Crown,Clinic C,Contacted - No Appointment,39,No,
L05106,2025-10-28,P05106,Google Organic,Dental Implant,Clinic B,Appointment Booked,17,Yes,
L05107,2025-02-20,,Facebook,Dental Implant,Clinic C,Not Contacted/Cold,48,No,
L05108,2025-06-08,,Google Ads,Root Canal,Clinic B,Contacted - No Appointment,16,No,
L05109,2025-12-15,,Instagram,General Dentistry,Clinic D,Contacted - No Appointment,15,No,
L05110,2025-03-25,P05110,Instagram,General Dentistry,Clinic C,Appointment Booked,10,Yes,
L05111,2025-08-08,P05111,Google Organic,General Dentistry,Clinic D,Appointment Booked,30,Yes,
L05112,2025-03-27,P05112,Google Ads,Dental Crown,Clinic D,Appointment Booked,45,Yes,2025-08-04
L05113,2025-08-20,,Referral,Dental Crown,Clinic D,Contacted - No Appointment,13,No,
L05114,2025-09-19,P05114,Facebook,Dental Crown,Clinic D,Appointment Booked,15,Yes,
L05115,2025-09-07,P05115,Google Ads,Dental Crown,Clinic B,Appointment Booked,10,Yes,2025-11-09
L05116,2025-09-09,P05116,Facebook,Dental Implant,Clinic A,Appointment Booked,5,Yes,
L05117,2025-06-06,,Facebook,Root Canal,Clinic B,Contacted - No Appointment,11,No,
L05118,2025-07-23,,Referral,Root Canal,Clinic A,Contacted - No Appointment,15,No,
L05119,2025-08-20,,Google Organic,Root Canal,Clinic C,Contacted - No Appointment,38,No,
L05120,2025-10-18,,Instagram,Root Canal,Clinic B,Contacted - No Appointment,10,No,
L05121,2025-09-17,,Google Ads,Dental Implant,Clinic C,Contacted - No Appointment,15,No,
L05122,2025-08-26,,Google Ads,Root Canal,Clinic D,Contacted - No Appointment,21,No,
L05123,2025-07-15,P05123,Facebook,Dental Implant,Clinic D,Appointment Booked,8,Yes,
L05124,2025-12-29,,Google Organic,General Dentistry,Clinic A,Contacted - No Appointment,28,No,
L05125,2025-12-12,,Google Organic,Dental Implant,Clinic B,Contacted - No Appointment,15,No,
L05126,2025-05-06,,Google Ads,Invisalign,Clinic B,Contacted - No Appointment,12,No,
L05127,2025-09-27,P05127,Google Ads,General Dentistry,Clinic B,Appointment Booked,43,Yes,2025-11-10
L05128,2025-07-17,P05128,Facebook,Root Canal,Clinic D,Appointment Booked,47,Yes,
L05129,2025-04-02,,Referral,Dental Implant,Clinic C,Contacted - No Appointment,9,No,
L05130,2025-11-25,,Facebook,Root Canal,Clinic C,Contacted - No Appointment,32,No,
L05131,2025-09-21,,Facebook,Dental Implant,Clinic D,Not Contacted/Cold,57,No,
L05132,2025-06-23,,Facebook,Invisalign,Clinic D,Contacted - No Appointment,17,No,
L05133,2025-11-10,P05133,Google Ads,Dental Implant,Clinic A,Appointment Booked,22,Yes,
L05134,2025-04-03,P05134,Facebook,Root Canal,Clinic C,Appointment Booked,19,Yes,2025-05-04
L05135,2025-11-26,,Google Organic,Teeth Whitening,Clinic B,Contacted - No Appointment,32,No,
L05136,2025-12-08,,Referral,Dental Crown,Clinic B,Contacted - No Appointment,11,No,
L05137,2025-01-26,,Facebook,Dental Crown,Clinic A,Contacted - No Appointment,11,No,
L05138,2025-05-07,P05138,Google Ads,Invisalign,Clinic B,Appointment Booked,12,Yes,
L05139,2025-01-09,P05139,Google Organic,Invisalign,Clinic B,Appointment Booked,9,Yes,2025-12-01
L05140,2025-09-28,P05140,Google Organic,General Dentistry,Clinic A,Appointment Booked,9,Yes,2025-04-10
L05141,2025-09-17,,Google Ads,Dental Implant,Clinic C,Contacted - No Appointment,17,No,
L05142,2025-06-21,P05142,Referral,General Dentistry,Clinic D,Appointment Booked,14,Yes,
L05143,2025-01-04,P05143,Google Organic,Root Canal,Clinic A,Appointment Booked,24,Yes,2025-06-01
L05144,2025-05-12,P05144,Facebook,General Dentistry,Clinic A,Appointment Booked,11,Yes,
L05145,2025-01-09,P05145,Instagram,Invisalign,Clinic D,Appointment Booked,23,Yes,2025-12-01
L05146,2025-05-20,P05146,Google Organic,Invisalign,Clinic A,Appointment Booked,18,Yes,
L05147,2025-11-12,,Google Organic,Teeth Whitening,Clinic D,Not Contacted/Cold,56,No,
L05148,2025-09-11,,Google Ads,Teeth Whitening,Clinic C,Contacted - No Appointment,18,No,
L05149,2025-11-16,P05149,Google Ads,Invisalign,Clinic B,Appointment Booked,25,Yes,
L05150,2025-07-10,P05150,Google Ads,General Dentistry,Clinic A,Appointment Booked,8,Yes,
L05151,2025-06-06,,Google Organic,Dental Implant,Clinic A,Contacted - No Appointment,9,No,
L05152,2025-01-09,P05152,Facebook,Dental Implant,Clinic A,Appointment Booked,50,Yes,2025-11-01
L05153,2025-09-24,,Facebook,Dental Crown,Clinic A,Contacted - No Appointment,28,No,
L05154,2025-04-23,P05154,Google Organic,Teeth Whitening,Clinic C,Appointment Booked,25,Yes,
L05155,2025-04-20,P05155,Facebook,General Dentistry,Clinic A,Appointment Booked,18,Yes,
L05156,2025-04-15,P05156,Google Organic,Root Canal,Clinic C,Appointment Booked,20,Yes,
L05157,2025-09-15,P05157,Facebook,Dental Implant,Clinic C,Appointment Booked,17,Yes,
L05158,2025-03-13,,Facebook,Dental Crown,Clinic B,Contacted - No Appointment,27,No,
L05159,2025-04-14,P05159,Facebook,Invisalign,Clinic A,Appointment Booked,19,Yes,
L05160,2025-06-20,,Referral,Root Canal,Clinic A,Contacted - No Appointment,31,No,
L05161,2025-03-11,,Google Organic,Root Canal,Clinic A,Contacted - No Appointment,10,No,
L05162,2025-03-13,,Google Ads,Dental Implant,Clinic C,Contacted - No Appointment,18,No,
L05163,2025-11-06,,Referral,Root Canal,Clinic B,Contacted - No Appointment,7,No,
L05164,2025-03-03,,Google Organic,Root Canal,Clinic D,Contacted - No Appointment,37,No,
L05165,2025-10-23,P05165,Google Ads,Teeth Whitening,Clinic B,Appointment Booked,26,Yes,
L05166,2025-08-17,P05166,Google Ads,Dental Crown,Clinic B,Appointment Booked,5,Yes,
L05167,2025-05-05,,Facebook,Invisalign,Clinic C,Contacted - No Appointment,25,No,
L05168,2025-05-10,P05168,Instagram,Invisalign,Clinic C,Appointment Booked,17,Yes,
L05169,2025-11-28,,Instagram,Invisalign,Clinic B,Contacted - No Appointment,38,No,
L05170,2025-02-15,,Google Ads,Dental Implant,Clinic A,Contacted - No Appointment,35,No,
L05171,2025-01-02,,Facebook,Dental Crown,Clinic C,Contacted - No Appointment,44,No,
L05172,2025-09-12,P05172,Google Ads,General Dentistry,Clinic B,Appointment Booked,32,Yes,
L05173,2025-10-22,P05173,Google Ads,Dental Crown,Clinic B,Appointment Booked,17,Yes,
L05174,2025-07-03,P05174,Facebook,Dental Crown,Clinic C,Appointment Booked,22,Yes,2025-07-07
L05175,2025-04-28,P05175,Facebook,Root Canal,Clinic B,Appointment Booked,12,Yes,2025-09-05
L05176,2025-10-01,,Facebook,Invisalign,Clinic C,Contacted - No Appointment,15,No,
L05177,2025-03-14,,Referral,General Dentistry,Clinic C,Contacted - No Appointment,29,No,
L05178,2025-03-20,P05178,Google Ads,General Dentistry,Clinic C,Appointment Booked,7,Yes,
L05179,2025-08-28,P05179,Google Ads,Root Canal,Clinic C,Appointment Booked,25,Yes,2025-10-09
L05180,2025-09-08,,Google Ads,Invisalign,Clinic C,Contacted - No Appointment,27,No,
L05181,2025-11-06,P05181,Facebook,Teeth Whitening,Clinic C,Appointment Booked,30,Yes,2025-09-11
L05182,2025-06-12,P05182,Google Organic,Dental Implant,Clinic D,Appointment Booked,12,Yes,
L05183,2025-05-15,,Instagram,Teeth Whitening,Clinic B,Not Contacted/Cold,49,No,
L05184,2025-01-31,P05184,Facebook,Teeth Whitening,Clinic B,Appointment Booked,27,Yes,2025-07-02
L05185,2025-07-06,,Facebook,Dental Implant,Clinic D,Contacted - No Appointment,36,No,
L05186,2025-03-10,,Facebook,General Dentistry,Clinic C,Contacted - No Appointment,7,No,
L05187,2025-10-22,P05187,Facebook,General Dentistry,Clinic A,Appointment Booked,5,Yes,2025-04-11
L05188,2025-07-04,P05188,Instagram,General Dentistry,Clinic D,Appointment Booked,6,Yes,
L05189,2025-03-04,P05189,Google Ads,Root Canal,Clinic A,Appointment Booked,20,Yes,
L05190,2025-12-04,P05190,Google Organic,Invisalign,Clinic C,Appointment Booked,31,Yes,
L05191,2025-04-24,P05191,Instagram,Dental Crown,Clinic D,Appointment Booked,15,Yes,2025-05-05
L05192,2025-06-01,,Google Ads,Root Canal,Clinic D,Contacted - No Appointment,15,No,
L05193,2025-11-22,P05193,Facebook,Invisalign,Clinic A,Appointment Booked,3,Yes,2025-06-12
L05194,2025-01-31,,Referral,Root Canal,Clinic C,Contacted - No Appointment,15,No,
L05195,2025-06-05,,Google Ads,Dental Crown,Clinic B,Contacted - No Appointment,15,No,
L05196,2025-09-30,,Google Ads,Dental Implant,Clinic B,Contacted - No Appointment,10,No,
L05197,2025-08-29,,Facebook,Invisalign,Clinic A,Contacted - No Appointment,13,No,
L05198,2025-11-04,,Instagram,Dental Implant,Clinic C,Contacted - No Appointment,44,No,
L05199,2025-03-25,,Google Ads,Teeth Whitening,Clinic B,Contacted - No Appointment,21,No,
L05200,2025-08-17,P05200,Referral,Dental Crown,Clinic A,Appointment Booked,19,Yes,
L05201,2025-01-12,,Instagram,Dental Implant,Clinic C,Contacted - No Appointment,12,No,
L05202,2025-08-26,,Referral,General Dentistry,Clinic C,Contacted - No Appointment,24,No,
L05203,2025-10-29,,Facebook,Dental Implant,Clinic D,Not Contacted/Cold,71,No,
L05204,2025-12-17,,Google Organic,Dental Crown,Clinic D,Contacted - No Appointment,29,No,
L05205,2025-06-04,P05205,Facebook,Teeth Whitening,Clinic B,Appointment Booked,15,Yes,2025-09-06
L05206,2025-05-03,P05206,Google Ads,Teeth Whitening,Clinic D,Appointment Booked,16,Yes,2025-09-05
L05207,2025-07-28,,Referral,Dental Implant,Clinic D,Contacted - No Appointment,34,No,
L05208,2025-08-19,,Google Ads,General Dentistry,Clinic B,Not Contacted/Cold,65,No,
L05209,2025-05-19,,Referral,General Dentistry,Clinic A,Contacted - No Appointment,6,No,
L05210,2025-07-22,P05210,Facebook,Dental Crown,Clinic B,Appointment Booked,18,Yes,
L05211,2025-07-08,P05211,Referral,Root Canal,Clinic B,Appointment Booked,16,Yes,2025-10-07
L05212,2025-04-21,,Facebook,Dental Implant,Clinic C,Contacted - No Appointment,34,No,
L05213,2025-03-03,,Google Organic,Dental Crown,Clinic C,Contacted - No Appointment,18,No,
L05214,2025-05-23,P05214,Google Ads,Root Canal,Clinic C,Appointment Booked,37,Yes,
L05215,2025-03-22,P05215,Facebook,Teeth Whitening,Clinic B,Appointment Booked,5,Yes,
L05216,2025-07-05,,Google Organic,Root Canal,Clinic A,Contacted - No Appointment,26,No,
L05217,2025-11-01,,Google Organic,Dental Crown,Clinic D,Contacted - No Appointment,34,No,
L05218,2025-10-28,P05218,Google Ads,Dental Implant,Clinic B,Appointment Booked,4,Yes,2025-01-11
L05219,2025-05-11,,Facebook,Dental Implant,Clinic D,Contacted - No Appointment,26,No,
L05220,2025-01-22,,Facebook,Dental Implant,Clinic A,Contacted - No Appointment,7,No,
L05221,2025-02-09,P05221,Google Ads,Dental Implant,Clinic D,Appointment Booked,16,Yes,
L05222,2025-08-16,P05222,Facebook,Root Canal,Clinic A,Appointment Booked,15,Yes,
L05223,2025-12-10,P05223,Google Organic,Teeth Whitening,Clinic A,Appointment Booked,8,Yes,
L05224,2025-12-16,,Facebook,Dental Crown,Clinic A,Contacted - No Appointment,20,No,
L05225,2025-01-19,,Facebook,Dental Crown,Clinic C,Contacted - No Appointment,15,No,
L05226,2025-03-27,,Referral,Dental Crown,Clinic D,Contacted - No Appointment,13,No,
L05227,2025-10-18,,Google Ads,Invisalign,Clinic B,Not Contacted/Cold,54,No,
L05228,2025-12-30,,Instagram,Root Canal,Clinic D,Contacted - No Appointment,34,No,
L05229,2025-09-22,P05229,Google Organic,Invisalign,Clinic C,Appointment Booked,24,Yes,
L05230,2025-07-29,P05230,Google Organic,Teeth Whitening,Clinic C,Appointment Booked,14,Yes,2025-12-08
L05231,2025-05-18,P05231,Google Organic,Dental Implant,Clinic D,Appointment Booked,5,Yes,
L05232,2025-05-31,,Google Organic,Dental Implant,Clinic B,Contacted - No Appointment,11,No,
L05233,2025-09-14,,Google Ads,Dental Crown,Clinic B,Contacted - No Appointment,11,No,
L05234,2025-09-17,,Facebook,General Dentistry,Clinic D,Not Contacted/Cold,50,No,
L05235,2025-08-18,P05235,Google Organic,Dental Crown,Clinic D,Appointment Booked,5,Yes,
L05236,2025-11-14,,Google Ads,Teeth Whitening,Clinic D,Contacted - No Appointment,14,No,
L05237,2025-05-10,P05237,Google Ads,Dental Crown,Clinic D,Appointment Booked,26,Yes,
L05238,2025-03-04,,Google Organic,Root Canal,Clinic A,Contacted - No Appointment,20,No,
L05239,2025-06-25,,Google Organic,Teeth Whitening,Clinic D,Contacted - No Appointment,15,No,
L05240,2025-10-04,P05240,Facebook,General Dentistry,Clinic B,Appointment Booked,10,Yes,2025-06-10
L05241,2025-03-23,P05241,Referral,Invisalign,Clinic D,Appointment Booked,25,Yes,
L05242,2025-06-22,,Google Organic,Invisalign,Clinic B,Contacted - No Appointment,16,No,
L05243,2025-11-05,,Referral,Invisalign,Clinic C,Not Contacted/Cold,50,No,
L05244,2025-05-30,P05244,Referral,Root Canal,Clinic C,Appointment Booked,19,Yes,2025-07-06
L05245,2025-12-15,,Facebook,General Dentistry,Clinic B,Not Contacted/Cold,55,No,
L05246,2025-08-16,,Google Organic,Invisalign,Clinic A,Contacted - No Appointment,22,No,
L05247,2025-10-18,,Instagram,Root Canal,Clinic D,Contacted - No Appointment,13,No,
L05248,2025-02-07,,Google Organic,General Dentistry,Clinic D,Contacted - No Appointment,12,No,
L05249,2025-10-31,P05249,Google Organic,Root Canal,Clinic A,Appointment Booked,18,Yes,
L05250,2025-12-30,,Google Ads,Root Canal,Clinic D,Contacted - No Appointment,10,No,
L05251,2025-04-18,P05251,Google Ads,General Dentistry,Clinic C,Appointment Booked,9,Yes,
L05252,2025-09-27,P05252,Google Ads,Root Canal,Clinic B,Appointment Booked,33,Yes,2025-06-10
L05253,2025-05-13,,Google Organic,Dental Crown,Clinic A,Contacted - No Appointment,24,No,
L05254,2025-01-17,P05254,Google Organic,Dental Implant,Clinic D,Appointment Booked,9,Yes,
L05255,2025-09-22,,Facebook,Dental Implant,Clinic C,Contacted - No Appointment,28,No,
L05256,2025-09-14,,Instagram,Root Canal,Clinic C,Contacted - No Appointment,15,No,
L05257,2025-09-30,P05257,Google Organic,Root Canal,Clinic C,Appointment Booked,25,Yes,2025-06-10
L05258,2025-09-12,,Facebook,General Dentistry,Clinic A,Contacted - No Appointment,26,No,
L05259,2025-05-07,,Google Ads,General Dentistry,Clinic B,Contacted - No Appointment,11,No,
L05260,2025-01-05,,Facebook,General Dentistry,Clinic A,Not Contacted/Cold,58,No,
L05261,2025-11-17,P05261,Referral,Invisalign,Clinic A,Appointment Booked,12,Yes,2025-01-12
L05262,2025-12-17,,Google Organic,General Dentistry,Clinic C,Contacted - No Appointment,26,No,
L05263,2025-05-09,P05263,Facebook,Dental Crown,Clinic D,Appointment Booked,11,Yes,
L05264,2025-10-14,P05264,Google Ads,Root Canal,Clinic B,Appointment Booked,16,Yes,
L05265,2025-10-26,,Instagram,Teeth Whitening,Clinic A,Contacted - No Appointment,17,No,
L05266,2025-07-01,,Google Organic,Dental Implant,Clinic C,Contacted - No Appointment,33,No,
L05267,2025-11-30,P05267,Instagram,Dental Implant,Clinic D,Appointment Booked,21,Yes,2025-04-12
L05268,2025-03-16,P05268,Facebook,General Dentistry,Clinic C,Appointment Booked,29,Yes,
L05269,2025-08-02,,Google Ads,Dental Crown,Clinic D,Contacted - No Appointment,20,No,
L05270,2025-12-29,,Referral,Root Canal,Clinic C,Contacted - No Appointment,39,No,
L05271,2025-03-02,,Google Ads,Root Canal,Clinic D,Contacted - No Appointment,26,No,
L05272,2025-06-07,,Google Ads,General Dentistry,Clinic A,Contacted - No Appointment,22,No,
L05273,2025-09-29,P05273,Google Organic,Dental Crown,Clinic B,Appointment Booked,25,Yes,2025-07-10
L05274,2025-04-09,P05274,Referral,Root Canal,Clinic B,Appointment Booked,6,Yes,
L05275,2025-08-03,P05275,Instagram,Dental Implant,Clinic C,Appointment Booked,8,Yes,2025-12-08
L05276,2025-09-12,P05276,Instagram,Invisalign,Clinic D,Appointment Booked,22,Yes,
L05277,2025-04-16,P05277,Facebook,General Dentistry,Clinic D,Appointment Booked,19,Yes,
L05278,2025-01-04,,Google Ads,Root Canal,Clinic A,Contacted - No Appointment,36,No,
L05279,2025-03-19,P05279,Google Ads,Root Canal,Clinic A,Appointment Booked,2,Yes,
L05280,2025-12-14,,Instagram,Root Canal,Clinic B,Contacted - No Appointment,19,No,
L05281,2025-06-15,,Google Ads,General Dentistry,Clinic B,Contacted - No Appointment,6,No,
L05282,2025-06-18,,Referral,Dental Crown,Clinic C,Contacted - No Appointment,22,No,
L05283,2025-03-09,P05283,Google Ads,Dental Crown,Clinic D,Appointment Booked,24,Yes,
L05284,2025-10-26,,Facebook,Root Canal,Clinic D,Contacted - No Appointment,29,No,
L05285,2025-08-02,,Facebook,Dental Implant,Clinic C,Contacted - No Appointment,9,No,
L05286,2025-12-08,,Instagram,General Dentistry,Clinic D,Contacted - No Appointment,5,No,
L05287,2025-04-25,,Facebook,General Dentistry,Clinic C,Contacted - No Appointment,27,No,
L05288,2025-06-28,P05288,Referral,General Dentistry,Clinic A,Appointment Booked,11,Yes,2025-01-07
L05289,2025-03-23,P05289,Facebook,General Dentistry,Clinic C,Appointment Booked,10,Yes,
L05290,2025-07-09,P05290,Google Organic,Teeth Whitening,Clinic C,Appointment Booked,19,Yes,
L05291,2025-12-06,,Instagram,Dental Crown,Clinic C,Contacted - No Appointment,7,No,
L05292,2025-06-29,,Google Ads,General Dentistry,Clinic A,Contacted - No Appointment,26,No,
L05293,2025-10-12,,Instagram,Dental Crown,Clinic B,Contacted - No Appointment,8,No,
L05294,2025-08-04,,Instagram,Dental Implant,Clinic B,Contacted - No Appointment,9,No,
L05295,2025-08-04,,Referral,Root Canal,Clinic D,Contacted - No Appointment,14,No,
L05296,2025-07-19,P05296,Referral,General Dentistry,Clinic B,Appointment Booked,8,Yes,
L05297,2025-11-04,,Google Ads,Root Canal,Clinic D,Contacted - No Appointment,32,No,
L05298,2025-01-23,,Google Ads,General Dentistry,Clinic D,Contacted - No Appointment,30,No,
L05299,2025-03-07,P05299,Google Ads,Dental Implant,Clinic B,Appointment Booked,20,Yes,
L05300,2025-05-27,,Referral,Invisalign,Clinic C,Contacted - No Appointment,11,No,
L05301,2025-09-24,,Google Ads,Root Canal,Clinic D,Contacted - No Appointment,9,No,
L05302,2025-12-25,P05302,Google Organic,Dental Implant,Clinic B,Appointment Booked,22,Yes,2026-03-01
L05303,2025-10-11,P05303,Instagram,Dental Implant,Clinic D,Appointment Booked,9,Yes,
L05304,2025-09-29,,Instagram,Invisalign,Clinic A,Contacted - No Appointment,12,No,
L05305,2025-03-27,P05305,Google Ads,General Dentistry,Clinic A,Appointment Booked,6,Yes,2025-06-04
L05306,2025-02-23,P05306,Google Ads,Dental Implant,Clinic D,Appointment Booked,19,Yes,
L05307,2025-05-04,,Facebook,Invisalign,Clinic D,Contacted - No Appointment,9,No,
L05308,2025-10-18,,Google Ads,Dental Implant,Clinic D,Contacted - No Appointment,16,No,
L05309,2025-09-01,P05309,Google Ads,Dental Crown,Clinic C,Appointment Booked,10,Yes,
L05310,2025-06-08,,Google Ads,Dental Crown,Clinic D,Contacted - No Appointment,31,No,
L05311,2025-09-05,,Instagram,Dental Crown,Clinic D,Contacted - No Appointment,23,No,
L05312,2025-08-14,P05312,Facebook,Root Canal,Clinic D,Appointment Booked,7,Yes,
L05313,2025-05-11,,Google Ads,Invisalign,Clinic C,Contacted - No Appointment,33,No,
L05314,2025-04-02,,Facebook,Teeth Whitening,Clinic B,Contacted - No Appointment,14,No,
L05315,2025-08-26,P05315,Google Ads,Teeth Whitening,Clinic D,Appointment Booked,34,Yes,
L05316,2025-08-01,,Facebook,Dental Implant,Clinic B,Contacted - No Appointment,20,No,
L05317,2025-03-10,,Google Ads,Root Canal,Clinic C,Contacted - No Appointment,14,No,
L05318,2025-08-05,P05318,Google Organic,Invisalign,Clinic B,Appointment Booked,5,Yes,
L05319,2025-05-30,,Google Ads,Dental Implant,Clinic C,Contacted - No Appointment,6,No,
L05320,2025-10-07,,Referral,Teeth Whitening,Clinic B,Contacted - No Appointment,38,No,
L05321,2025-12-08,,Google Ads,Root Canal,Clinic A,Contacted - No Appointment,10,No,
L05322,2025-12-05,P05322,Referral,Invisalign,Clinic D,Appointment Booked,32,Yes,2025-06-12
L05323,2025-04-15,P05323,Google Organic,Invisalign,Clinic B,Appointment Booked,34,Yes,
L05324,2025-10-04,,Google Organic,General Dentistry,Clinic C,Contacted - No Appointment,26,No,
L05325,2025-08-30,,Referral,General Dentistry,Clinic A,Contacted - No Appointment,6,No,
L05326,2025-11-10,,Google Ads,General Dentistry,Clinic A,Contacted - No Appointment,11,No,
L05327,2025-01-13,,Google Ads,Root Canal,Clinic A,Not Contacted/Cold,52,No,
L05328,2025-02-19,P05328,Google Ads,Dental Crown,Clinic C,Appointment Booked,44,Yes,
L05329,2025-06-24,P05329,Google Ads,Root Canal,Clinic A,Appointment Booked,9,Yes,2025-06-07
L05330,2025-03-20,P05330,Facebook,Dental Implant,Clinic D,Appointment Booked,14,Yes,
L05331,2025-06-25,,Instagram,Root Canal,Clinic A,Contacted - No Appointment,31,No,
L05332,2025-12-15,P05332,Google Ads,Dental Crown,Clinic A,Appointment Booked,4,Yes,
L05333,2025-03-18,P05333,Facebook,Invisalign,Clinic A,Appointment Booked,30,Yes,
L05334,2025-01-19,,Google Ads,General Dentistry,Clinic A,Contacted - No Appointment,20,No,
L05335,2025-06-25,,Instagram,Dental Implant,Clinic D,Not Contacted/Cold,86,No,
L05336,2025-10-27,,Referral,Root Canal,Clinic D,Contacted - No Appointment,35,No,
L05337,2025-07-08,P05337,Facebook,Dental Implant,Clinic C,Appointment Booked,4,Yes,
L05338,2025-07-23,,Facebook,Root Canal,Clinic A,Contacted - No Appointment,28,No,
L05339,2025-04-28,,Facebook,Dental Implant,Clinic B,Contacted - No Appointment,41,No,
L05340,2025-07-27,P05340,Google Organic,Invisalign,Clinic B,Appointment Booked,24,Yes,2025-09-08
L05341,2025-10-07,P05341,Google Ads,Root Canal,Clinic D,Appointment Booked,23,Yes,
L05342,2025-01-12,,Referral,Root Canal,Clinic A,Contacted - No Appointment,23,No,
L05343,2025-07-22,,Facebook,Root Canal,Clinic C,Contacted - No Appointment,35,No,
L05344,2025-10-24,P05344,Facebook,Invisalign,Clinic B,Appointment Booked,22,Yes,
L05345,2025-07-12,,Referral,Root Canal,Clinic B,Contacted - No Appointment,18,No,
L05346,2025-04-15,,Referral,Root Canal,Clinic B,Contacted - No Appointment,23,No,
L05347,2025-03-30,,Instagram,Invisalign,Clinic A,Contacted - No Appointment,5,No,
L05348,2025-04-16,,Google Ads,General Dentistry,Clinic D,Contacted - No Appointment,18,No,
L05349,2025-08-26,P05349,Google Organic,Root Canal,Clinic A,Appointment Booked,13,Yes,2025-06-09
L05350,2025-06-08,,Facebook,Invisalign,Clinic C,Contacted - No Appointment,35,No,
L05351,2025-06-16,P05351,Facebook,General Dentistry,Clinic A,Appointment Booked,9,Yes,
L05352,2025-03-03,,Google Ads,General Dentistry,Clinic D,Contacted - No Appointment,18,No,
L05353,2025-11-02,,Facebook,General Dentistry,Clinic A,Contacted - No Appointment,10,No,
L05354,2025-09-13,,Google Organic,Dental Crown,Clinic D,Contacted - No Appointment,23,No,
L05355,2025-03-26,P05355,Google Ads,Root Canal,Clinic D,Appointment Booked,49,Yes,
L05356,2025-06-23,,Referral,Invisalign,Clinic D,Contacted - No Appointment,28,No,
L05357,2025-01-21,,Google Ads,Dental Crown,Clinic B,Contacted - No Appointment,29,No,
L05358,2025-12-11,P05358,Google Ads,General Dentistry,Clinic C,Appointment Booked,7,Yes,
L05359,2025-02-10,P05359,Instagram,Dental Crown,Clinic B,Appointment Booked,22,Yes,
L05360,2025-04-08,P05360,Google Organic,General Dentistry,Clinic A,Appointment Booked,12,Yes,
L05361,2025-10-07,,Referral,Invisalign,Clinic B,Contacted - No Appointment,16,No,
L05362,2025-02-23,P05362,Google Organic,Root Canal,Clinic A,Appointment Booked,14,Yes,
L05363,2025-10-27,P05363,Google Ads,General Dentistry,Clinic D,Appointment Booked,9,Yes,2025-01-11
L05364,2025-02-17,P05364,Referral,Teeth Whitening,Clinic A,Appointment Booked,21,Yes,2025-01-03
L05365,2025-07-05,,Referral,General Dentistry,Clinic C,Contacted - No Appointment,23,No,
L05366,2025-03-03,,Google Ads,Teeth Whitening,Clinic C,Contacted - No Appointment,32,No,
L05367,2025-06-08,,Instagram,Root Canal,Clinic C,Contacted - No Appointment,37,No,
L05368,2025-03-15,,Instagram,Root Canal,Clinic C,Contacted - No Appointment,27,No,
L05369,2025-01-21,,Facebook,General Dentistry,Clinic A,Contacted - No Appointment,7,No,
L05370,2025-06-22,P05370,Referral,Dental Crown,Clinic C,Appointment Booked,12,Yes,2025-06-07
L05371,2025-09-22,,Google Ads,Invisalign,Clinic B,Contacted - No Appointment,19,No,
L05372,2025-02-26,,Instagram,Root Canal,Clinic D,Contacted - No Appointment,36,No,
L05373,2025-04-15,,Google Ads,Root Canal,Clinic D,Contacted - No Appointment,24,No,
L05374,2025-04-07,,Facebook,Dental Implant,Clinic D,Contacted - No Appointment,33,No,
L05375,2025-05-05,,Google Organic,Teeth Whitening,Clinic A,Contacted - No Appointment,42,No,
L05376,2025-09-25,,Google Ads,Dental Implant,Clinic B,Contacted - No Appointment,39,No,
L05377,2025-09-21,,Facebook,Root Canal,Clinic A,Contacted - No Appointment,10,No,
L05378,2025-12-11,,Referral,Teeth Whitening,Clinic A,Contacted - No Appointment,8,No,
L05379,2025-05-22,,Google Organic,Root Canal,Clinic A,Contacted - No Appointment,26,No,
L05380,2025-10-29,P05380,Instagram,General Dentistry,Clinic C,Appointment Booked,34,Yes,2025-05-11
L05381,2025-09-24,,Google Ads,Invisalign,Clinic A,Contacted - No Appointment,6,No,
L05382,2025-09-28,,Facebook,General Dentistry,Clinic B,Contacted - No Appointment,17,No,
L05383,2025-03-19,,Google Organic,Invisalign,Clinic D,Contacted - No Appointment,34,No,
L05384,2025-03-08,P05384,Google Organic,Dental Implant,Clinic C,Appointment Booked,9,Yes,
L05385,2025-09-16,P05385,Google Ads,General Dentistry,Clinic B,Appointment Booked,21,Yes,
L05386,2025-09-21,,Instagram,Teeth Whitening,Clinic B,Contacted - No Appointment,24,No,
L05387,2025-11-17,,Google Ads,Invisalign,Clinic B,Contacted - No Appointment,5,No,
L05388,2025-11-26,P05388,Google Ads,General Dentistry,Clinic A,Appointment Booked,30,Yes,
L05389,2025-06-20,,Facebook,Root Canal,Clinic C,Contacted - No Appointment,33,No,
L05390,2025-01-03,P05390,Google Ads,General Dentistry,Clinic B,Appointment Booked,20,Yes,
L05391,2025-06-22,P05391,Google Ads,Root Canal,Clinic D,Appointment Booked,4,Yes,2025-05-07
L05392,2025-03-19,P05392,Google Organic,Root Canal,Clinic D,Appointment Booked,13,Yes,
L05393,2025-07-16,P05393,Facebook,Root Canal,Clinic C,Appointment Booked,35,Yes,
L05394,2025-06-10,,Google Organic,Invisalign,Clinic B,Contacted - No Appointment,10,No,
L05395,2025-02-12,P05395,Instagram,Root Canal,Clinic A,Appointment Booked,40,Yes,
L05396,2025-09-05,,Google Organic,Root Canal,Clinic D,Contacted - No Appointment,17,No,
L05397,2025-11-20,,Facebook,Dental Implant,Clinic B,Contacted - No Appointment,30,No,
L05398,2025-11-04,P05398,Google Ads,Invisalign,Clinic A,Appointment Booked,8,Yes,2025-07-11
L05399,2025-06-13,,Instagram,Invisalign,Clinic A,Not Contacted/Cold,49,No,
L05400,2025-08-12,,Google Ads,General Dentistry,Clinic A,Contacted - No Appointment,12,No,
L05401,2025-12-11,P05401,Google Organic,Dental Crown,Clinic D,Appointment Booked,16,Yes,
L05402,2025-12-08,,Facebook,Teeth Whitening,Clinic A,Contacted - No Appointment,15,No,
L05403,2025-06-07,,Google Ads,General Dentistry,Clinic C,Contacted - No Appointment,2,No,
L05404,2025-03-06,,Instagram,Dental Crown,Clinic B,Contacted - No Appointment,17,No,
L05405,2025-11-04,,Referral,General Dentistry,Clinic C,Contacted - No Appointment,10,No,
L05406,2025-11-16,P05406,Google Ads,Invisalign,Clinic D,Appointment Booked,20,Yes,
L05407,2025-02-08,,Google Ads,Invisalign,Clinic D,Contacted - No Appointment,23,No,
L05408,2025-07-22,,Google Organic,Root Canal,Clinic B,Contacted - No Appointment,10,No,
L05409,2025-01-10,,Google Ads,Root Canal,Clinic A,Contacted - No Appointment,11,No,
L05410,2025-11-01,P05410,Google Ads,General Dentistry,Clinic B,Appointment Booked,12,Yes,2025-02-11
L05411,2025-01-24,,Facebook,Dental Crown,Clinic C,Contacted - No Appointment,21,No,
L05412,2025-10-01,,Facebook,Invisalign,Clinic C,Contacted - No Appointment,15,No,
L05413,2025-02-21,,Instagram,Teeth Whitening,Clinic C,Contacted - No Appointment,11,No,
L05414,2025-11-05,,Facebook,Root Canal,Clinic A,Contacted - No Appointment,14,No,
L05415,2025-08-11,P05415,Referral,Dental Implant,Clinic C,Appointment Booked,35,Yes,
L05416,2025-06-06,,Google Organic,Dental Crown,Clinic A,Contacted - No Appointment,20,No,
L05417,2025-01-02,,Referral,General Dentistry,Clinic D,Contacted - No Appointment,13,No,
L05418,2025-02-13,,Facebook,General Dentistry,Clinic B,Contacted - No Appointment,41,No,
L05419,2025-04-28,,Google Ads,Dental Crown,Clinic C,Contacted - No Appointment,25,No,
L05420,2025-01-02,P05420,Referral,Root Canal,Clinic A,Appointment Booked,5,Yes,2025-05-01
L05421,2025-11-12,,Google Ads,Dental Implant,Clinic B,Contacted - No Appointment,30,No,
L05422,2025-03-02,,Google Organic,Root Canal,Clinic C,Not Contacted/Cold,52,No,
L05423,2025-02-18,,Google Ads,Teeth Whitening,Clinic A,Contacted - No Appointment,31,No,
L05424,2025-06-16,P05424,Google Organic,Root Canal,Clinic D,Appointment Booked,12,Yes,
L05425,2025-03-07,,Referral,Invisalign,Clinic C,Contacted - No Appointment,17,No,
L05426,2025-11-11,,Facebook,General Dentistry,Clinic C,Contacted - No Appointment,5,No,
L05427,2025-03-01,,Google Ads,General Dentistry,Clinic B,Contacted - No Appointment,29,No,
L05428,2025-05-23,,Google Ads,Dental Crown,Clinic B,Contacted - No Appointment,16,No,
L05429,2025-02-08,,Facebook,Dental Implant,Clinic C,Contacted - No Appointment,11,No,
L05430,2025-01-01,P05430,Google Ads,Dental Implant,Clinic B,Appointment Booked,16,Yes,2025-07-01
L05431,2025-08-12,P05431,Google Organic,Dental Implant,Clinic C,Appointment Booked,5,Yes,
L05432,2025-05-05,,Facebook,Dental Crown,Clinic B,Contacted - No Appointment,6,No,
L05433,2025-11-27,P05433,Facebook,Dental Implant,Clinic A,Appointment Booked,7,Yes,
L05434,2025-12-09,,Facebook,General Dentistry,Clinic A,Contacted - No Appointment,2,No,
L05435,2025-05-20,P05435,Facebook,General Dentistry,Clinic A,Appointment Booked,12,Yes,
L05436,2025-08-06,P05436,Google Ads,Root Canal,Clinic B,Appointment Booked,9,Yes,
L05437,2025-08-04,,Google Organic,Root Canal,Clinic C,Contacted - No Appointment,36,No,
L05438,2025-09-18,P05438,Referral,Teeth Whitening,Clinic D,Appointment Booked,8,Yes,2025-02-10
L05439,2025-01-23,,Google Ads,General Dentistry,Clinic A,Contacted - No Appointment,27,No,
L05440,2025-04-24,P05440,Google Ads,General Dentistry,Clinic D,Appointment Booked,10,Yes,2025-06-05
L05441,2025-12-18,,Google Organic,Dental Implant,Clinic B,Contacted - No Appointment,21,No,
L05442,2025-07-11,P05442,Google Ads,Dental Implant,Clinic D,Appointment Booked,42,Yes,
L05443,2025-03-15,P05443,Google Ads,Teeth Whitening,Clinic C,Appointment Booked,7,Yes,
L05444,2025-09-07,,Instagram,Dental Crown,Clinic C,Not Contacted/Cold,46,No,
L05445,2025-05-19,P05445,Google Ads,Dental Implant,Clinic A,Appointment Booked,30,Yes,
L05446,2025-06-29,,Google Ads,Root Canal,Clinic A,Contacted - No Appointment,23,No,
L05447,2025-10-21,P05447,Referral,Teeth Whitening,Clinic A,Appointment Booked,20,Yes,
L05448,2025-09-26,P05448,Google Ads,Invisalign,Clinic C,Appointment Booked,18,Yes,2025-08-10
L05449,2025-10-03,,Referral,General Dentistry,Clinic B,Contacted - No Appointment,34,No,
L05450,2025-09-14,P05450,Google Ads,Dental Implant,Clinic D,Appointment Booked,18,Yes,
L05451,2025-12-04,P05451,Google Organic,Teeth Whitening,Clinic B,Appointment Booked,15,Yes,2025-07-12
L05452,2025-01-01,,Facebook,Dental Crown,Clinic D,Contacted - No Appointment,28,No,
L05453,2025-04-04,P05453,Google Ads,Invisalign,Clinic A,Appointment Booked,10,Yes,2025-11-04
L05454,2025-08-21,,Google Organic,Teeth Whitening,Clinic A,Not Contacted/Cold,54,No,
L05455,2025-03-04,P05455,Referral,Teeth Whitening,Clinic B,Appointment Booked,23,Yes,2025-12-03
L05456,2025-02-07,,Google Ads,General Dentistry,Clinic B,Contacted - No Appointment,16,No,
L05457,2025-01-13,P05457,Google Organic,Root Canal,Clinic B,Appointment Booked,16,Yes,
L05458,2025-10-29,,Facebook,Dental Crown,Clinic D,Contacted - No Appointment,15,No,
L05459,2025-09-27,,Google Organic,Dental Crown,Clinic A,Contacted - No Appointment,25,No,
L05460,2025-09-05,,Google Organic,Root Canal,Clinic B,Contacted - No Appointment,20,No,
L05461,2025-10-02,P05461,Google Ads,General Dentistry,Clinic D,Appointment Booked,17,Yes,2025-11-10
L05462,2025-03-25,,Google Ads,Dental Implant,Clinic A,Contacted - No Appointment,39,No,
L05463,2025-05-20,,Facebook,Invisalign,Clinic D,Contacted - No Appointment,43,No,
L05464,2025-08-01,,Referral,Root Canal,Clinic D,Contacted - No Appointment,8,No,
L05465,2025-10-16,P05465,Facebook,Dental Implant,Clinic A,Appointment Booked,16,Yes,
L05466,2025-04-06,,Instagram,General Dentistry,Clinic B,Contacted - No Appointment,13,No,
L05467,2025-01-18,P05467,Google Ads,Dental Crown,Clinic B,Appointment Booked,12,Yes,
L05468,2025-07-06,,Google Organic,Root Canal,Clinic D,Contacted - No Appointment,13,No,
L05469,2025-02-21,,Instagram,Teeth Whitening,Clinic C,Contacted - No Appointment,8,No,
L05470,2025-06-24,,Google Organic,Root Canal,Clinic C,Contacted - No Appointment,30,No,
L05471,2025-04-10,P05471,Referral,Dental Crown,Clinic D,Appointment Booked,16,Yes,
L05472,2025-12-30,P05472,Google Ads,Dental Implant,Clinic A,Appointment Booked,19,Yes,2026-10-01
L05473,2025-01-25,P05473,Google Ads,Root Canal,Clinic D,Appointment Booked,30,Yes,2025-04-02
L05474,2025-03-28,,Referral,Dental Implant,Clinic C,Contacted - No Appointment,8,No,
L05475,2025-07-31,P05475,Google Ads,Dental Crown,Clinic C,Appointment Booked,21,Yes,2025-06-08
L05476,2025-08-21,P05476,Google Organic,Root Canal,Clinic D,Appointment Booked,6,Yes,
L05477,2025-05-08,P05477,Google Organic,Invisalign,Clinic C,Appointment Booked,6,Yes,
L05478,2025-06-19,P05478,Google Organic,Root Canal,Clinic A,Appointment Booked,18,Yes,
L05479,2025-08-22,,Google Ads,Invisalign,Clinic B,Contacted - No Appointment,17,No,
L05480,2025-02-27,P05480,Google Ads,General Dentistry,Clinic B,Appointment Booked,8,Yes,2025-03-03
L05481,2025-08-25,P05481,Instagram,Dental Implant,Clinic A,Appointment Booked,36,Yes,
L05482,2025-10-10,,Google Ads,General Dentistry,Clinic D,Contacted - No Appointment,3,No,
L05483,2025-01-17,,Instagram,Root Canal,Clinic A,Contacted - No Appointment,8,No,
L05484,2025-01-21,,Facebook,Dental Crown,Clinic C,Contacted - No Appointment,13,No,
L05485,2025-09-28,,Facebook,Invisalign,Clinic B,Contacted - No Appointment,11,No,
L05486,2025-07-10,,Facebook,General Dentistry,Clinic A,Contacted - No Appointment,7,No,
L05487,2025-11-04,,Referral,Invisalign,Clinic D,Not Contacted/Cold,62,No,
L05488,2025-09-08,,Facebook,Dental Crown,Clinic D,Contacted - No Appointment,31,No,
L05489,2025-06-11,,Instagram,General Dentistry,Clinic C,Contacted - No Appointment,15,No,
L05490,2025-06-18,,Referral,General Dentistry,Clinic A,Contacted - No Appointment,38,No,
L05491,2025-12-24,,Instagram,Root Canal,Clinic A,Contacted - No Appointment,35,No,
L05492,2025-04-08,,Referral,General Dentistry,Clinic B,Contacted - No Appointment,11,No,
L05493,2025-10-08,,Google Ads,Teeth Whitening,Clinic A,Contacted - No Appointment,16,No,
L05494,2025-06-10,,Google Organic,Invisalign,Clinic B,Contacted - No Appointment,18,No,
L05495,2025-12-10,P05495,Facebook,Root Canal,Clinic D,Appointment Booked,30,Yes,
L05496,2025-06-20,,Google Organic,Invisalign,Clinic C,Contacted - No Appointment,25,No,
L05497,2025-06-17,,Referral,Invisalign,Clinic D,Contacted - No Appointment,16,No,
L05498,2025-09-21,P05498,Google Ads,Teeth Whitening,Clinic C,Appointment Booked,12,Yes,
L05499,2025-04-27,P05499,Facebook,Dental Crown,Clinic B,Appointment Booked,17,Yes,2025-02-05
L05500,2025-07-13,,Google Organic,Dental Implant,Clinic D,Contacted - No Appointment,7,No,
L05501,2025-12-22,P05501,Google Ads,General Dentistry,Clinic B,Appointment Booked,9,Yes,
L05502,2025-06-23,,Google Organic,Invisalign,Clinic D,Contacted - No Appointment,15,No,
L05503,2025-09-03,P05503,Google Ads,General Dentistry,Clinic B,Appointment Booked,16,Yes,2025-12-09
L05504,2025-03-01,,Referral,General Dentistry,Clinic A,Not Contacted/Cold,51,No,
L05505,2025-09-26,P05505,Google Ads,General Dentistry,Clinic D,Appointment Booked,9,Yes,2025-03-10
L05506,2025-02-17,P05506,Instagram,Teeth Whitening,Clinic C,Appointment Booked,3,Yes,
L05507,2025-12-29,P05507,Google Ads,Invisalign,Clinic D,Appointment Booked,12,Yes,2026-05-01
L05508,2025-10-28,,Google Ads,Root Canal,Clinic D,Contacted - No Appointment,11,No,
L05509,2025-09-24,P05509,Facebook,Invisalign,Clinic A,Appointment Booked,15,Yes,2025-02-10
L05510,2025-02-23,P05510,Facebook,Invisalign,Clinic B,Appointment Booked,13,Yes,2025-03-03
L05511,2025-01-11,P05511,Google Ads,Dental Crown,Clinic B,Appointment Booked,16,Yes,
L05512,2025-04-15,,Referral,Dental Implant,Clinic C,Contacted - No Appointment,30,No,
L05513,2025-07-02,,Google Ads,General Dentistry,Clinic D,Contacted - No Appointment,20,No,
L05514,2025-06-10,P05514,Google Organic,General Dentistry,Clinic B,Appointment Booked,10,Yes,
L05515,2025-06-24,,Facebook,Root Canal,Clinic C,Contacted - No Appointment,3,No,
L05516,2025-12-24,,Facebook,Root Canal,Clinic C,Contacted - No Appointment,25,No,
L05517,2025-05-18,,Google Ads,Root Canal,Clinic A,Contacted - No Appointment,31,No,
L05518,2025-04-05,,Instagram,General Dentistry,Clinic D,Contacted - No Appointment,13,No,
L05519,2025-01-26,P05519,Facebook,Dental Crown,Clinic C,Appointment Booked,47,Yes,2025-04-02
L05520,2025-06-18,,Google Ads,Invisalign,Clinic D,Contacted - No Appointment,24,No,
L05521,2025-08-11,P05521,Google Ads,Root Canal,Clinic B,Appointment Booked,19,Yes,
L05522,2025-02-08,P05522,Google Ads,Root Canal,Clinic A,Appointment Booked,16,Yes,
L05523,2025-11-27,,Google Ads,General Dentistry,Clinic B,Contacted - No Appointment,32,No,
L05524,2025-12-11,P05524,Google Ads,Dental Implant,Clinic A,Appointment Booked,45,Yes,
L05525,2025-08-29,P05525,Google Ads,Dental Implant,Clinic D,Appointment Booked,44,Yes,
L05526,2025-12-19,P05526,Google Organic,General Dentistry,Clinic A,Appointment Booked,18,Yes,2026-01-01
L05527,2025-01-07,,Facebook,General Dentistry,Clinic D,Contacted - No Appointment,43,No,
L05528,2025-05-01,P05528,Facebook,General Dentistry,Clinic C,Appointment Booked,10,Yes,2025-12-05
L05529,2025-12-01,P05529,Google Ads,Root Canal,Clinic B,Appointment Booked,28,Yes,2025-04-12
L05530,2025-04-26,,Instagram,Dental Crown,Clinic A,Contacted - No Appointment,9,No,
L05531,2025-02-12,P05531,Facebook,Dental Crown,Clinic C,Appointment Booked,26,Yes,
L05532,2025-02-01,,Google Organic,Dental Implant,Clinic C,Contacted - No Appointment,26,No,
L05533,2025-04-29,P05533,Google Organic,Dental Crown,Clinic B,Appointment Booked,13,Yes,2025-03-05
L05534,2025-09-07,,Instagram,Dental Implant,Clinic D,Contacted - No Appointment,10,No,
L05535,2025-03-18,P05535,Google Ads,Invisalign,Clinic B,Appointment Booked,41,Yes,
L05536,2025-03-21,P05536,Facebook,General Dentistry,Clinic B,Appointment Booked,8,Yes,
L05537,2025-05-03,,Google Ads,Invisalign,Clinic C,Contacted - No Appointment,6,No,
L05538,2025-02-23,,Referral,General Dentistry,Clinic A,Contacted - No Appointment,23,No,
L05539,2025-04-08,,Google Organic,Invisalign,Clinic D,Contacted - No Appointment,17,No,
L05540,2025-02-23,,Facebook,Invisalign,Clinic B,Contacted - No Appointment,23,No,
L05541,2025-09-05,P05541,Referral,Dental Crown,Clinic A,Appointment Booked,11,Yes,2025-10-09
L05542,2025-03-25,,Facebook,Teeth Whitening,Clinic B,Contacted - No Appointment,12,No,
L05543,2025-10-19,,Facebook,Root Canal,Clinic C,Contacted - No Appointment,17,No,
L05544,2025-12-10,,Google Ads,General Dentistry,Clinic C,Contacted - No Appointment,18,No,
L05545,2025-01-25,,Facebook,Dental Implant,Clinic C,Contacted - No Appointment,17,No,
L05546,2025-12-14,,Referral,General Dentistry,Clinic A,Contacted - No Appointment,45,No,
L05547,2025-10-08,,Referral,Invisalign,Clinic B,Not Contacted/Cold,47,No,
L05548,2025-03-30,P05548,Instagram,General Dentistry,Clinic D,Appointment Booked,7,Yes,2025-03-04
L05549,2025-05-02,,Facebook,Root Canal,Clinic A,Contacted - No Appointment,23,No,
L05550,2025-07-22,P05550,Instagram,General Dentistry,Clinic D,Appointment Booked,8,Yes,
L05551,2025-12-29,,Google Organic,Dental Crown,Clinic A,Not Contacted/Cold,53,No,
L05552,2025-10-02,P05552,Facebook,Dental Implant,Clinic D,Appointment Booked,12,Yes,
L05553,2025-10-23,P05553,Facebook,General Dentistry,Clinic B,Appointment Booked,15,Yes,
L05554,2025-12-04,P05554,Google Organic,Invisalign,Clinic C,Appointment Booked,31,Yes,
L05555,2025-11-28,P05555,Referral,Invisalign,Clinic A,Appointment Booked,9,Yes,2025-06-12
L05556,2025-09-04,P05556,Google Organic,Teeth Whitening,Clinic A,Appointment Booked,6,Yes,2025-10-09
L05557,2025-08-08,P05557,Google Ads,Dental Implant,Clinic A,Appointment Booked,9,Yes,2025-09-08
L05558,2025-01-04,,Google Ads,Invisalign,Clinic A,Contacted - No Appointment,35,No,
L05559,2025-01-17,P05559,Referral,Root Canal,Clinic B,Appointment Booked,14,Yes,
L05560,2025-03-18,,Google Organic,General Dentistry,Clinic C,Contacted - No Appointment,33,No,
L05561,2025-01-22,P05561,Facebook,Dental Implant,Clinic C,Appointment Booked,18,Yes,
L05562,2025-03-29,,Instagram,Root Canal,Clinic D,Contacted - No Appointment,5,No,
L05563,2025-02-15,,Referral,Teeth Whitening,Clinic C,Contacted - No Appointment,11,No,
L05564,2025-06-02,,Referral,General Dentistry,Clinic C,Contacted - No Appointment,21,No,
L05565,2025-12-24,P05565,Google Organic,General Dentistry,Clinic B,Appointment Booked,3,Yes,
L05566,2025-06-29,P05566,Google Ads,Teeth Whitening,Clinic B,Appointment Booked,24,Yes,2025-10-07
L05567,2025-02-03,,Google Organic,Dental Crown,Clinic B,Contacted - No Appointment,6,No,
L05568,2025-01-29,,Google Ads,Root Canal,Clinic D,Contacted - No Appointment,11,No,
L05569,2025-11-21,,Referral,Dental Implant,Clinic A,Contacted - No Appointment,45,No,
L05570,2025-03-16,,Google Ads,Teeth Whitening,Clinic A,Not Contacted/Cold,46,No,
L05571,2025-01-09,,Instagram,General Dentistry,Clinic C,Contacted - No Appointment,26,No,
L05572,2025-07-07,,Instagram,Teeth Whitening,Clinic A,Contacted - No Appointment,20,No,
L05573,2025-01-30,,Google Organic,Dental Implant,Clinic D,Contacted - No Appointment,12,No,
L05574,2025-08-02,P05574,Instagram,Root Canal,Clinic D,Appointment Booked,4,Yes,2025-10-08
L05575,2025-03-28,,Google Ads,Dental Crown,Clinic A,Contacted - No Appointment,18,No,
L05576,2025-02-24,,Google Organic,Dental Crown,Clinic A,Contacted - No Appointment,14,No,
L05577,2025-08-19,,Facebook,Teeth Whitening,Clinic B,Contacted - No Appointment,13,No,
L05578,2025-06-02,,Facebook,Dental Crown,Clinic C,Contacted - No Appointment,39,No,
L05579,2025-06-01,P05579,Referral,Invisalign,Clinic B,Appointment Booked,9,Yes,2025-06-06
L05580,2025-10-31,,Instagram,General Dentistry,Clinic C,Not Contacted/Cold,78,No,
L05581,2025-03-25,,Google Organic,Dental Crown,Clinic C,Not Contacted/Cold,72,No,
L05582,2025-08-27,,Facebook,Invisalign,Clinic B,Contacted - No Appointment,31,No,
L05583,2025-08-27,,Google Organic,Invisalign,Clinic A,Contacted - No Appointment,14,No,
L05584,2025-07-26,P05584,Google Organic,General Dentistry,Clinic D,Appointment Booked,4,Yes,
L05585,2025-10-11,,Instagram,General Dentistry,Clinic A,Contacted - No Appointment,30,No,
L05586,2025-06-12,P05586,Referral,Root Canal,Clinic D,Appointment Booked,64,Yes,
L05587,2025-03-06,P05587,Facebook,Dental Implant,Clinic B,Appointment Booked,86,Yes,
L05588,2025-01-29,,Google Organic,Dental Implant,Clinic C,Contacted - No Appointment,9,No,
L05589,2025-06-05,,Google Organic,Invisalign,Clinic D,Contacted - No Appointment,31,No,
L05590,2025-06-22,P05590,Facebook,Dental Crown,Clinic D,Appointment Booked,7,Yes,
L05591,2025-10-17,,Facebook,Dental Crown,Clinic B,Contacted - No Appointment,4,No,
L05592,2025-12-22,,Referral,Dental Crown,Clinic A,Contacted - No Appointment,38,No,
L05593,2025-10-22,,Google Ads,Teeth Whitening,Clinic D,Contacted - No Appointment,12,No,
L05594,2025-01-09,,Facebook,Dental Implant,Clinic B,Contacted - No Appointment,14,No,
L05595,2025-11-30,P05595,Facebook,Dental Implant,Clinic A,Appointment Booked,14,Yes,2025-02-12
L05596,2025-08-04,,Google Ads,Root Canal,Clinic D,Contacted - No Appointment,1,No,
L05597,2025-10-22,,Referral,Dental Implant,Clinic A,Contacted - No Appointment,14,No,
L05598,2025-07-23,,Google Ads,Dental Implant,Clinic A,Contacted - No Appointment,43,No,
L05599,2025-02-20,P05599,Google Ads,Dental Crown,Clinic A,Appointment Booked,13,Yes,2025-03-03
L05600,2025-09-20,P05600,Google Organic,Teeth Whitening,Clinic C,Appointment Booked,21,Yes,
L05601,2025-09-11,,Google Ads,Teeth Whitening,Clinic C,Contacted - No Appointment,5,No,
L05602,2025-01-02,P05602,Instagram,Teeth Whitening,Clinic B,Appointment Booked,29,Yes,2025-05-01
L05603,2025-02-18,P05603,Google Organic,Dental Crown,Clinic B,Appointment Booked,12,Yes,2025-01-03
L05604,2025-07-21,P05604,Google Organic,Teeth Whitening,Clinic B,Appointment Booked,9,Yes,
L05605,2025-07-30,,Google Organic,Invisalign,Clinic C,Contacted - No Appointment,8,No,
L05606,2025-07-14,,Google Ads,General Dentistry,Clinic A,Not Contacted/Cold,61,No,
L05607,2025-02-11,,Google Ads,Invisalign,Clinic D,Contacted - No Appointment,3,No,
L05608,2025-03-17,,Facebook,Invisalign,Clinic A,Contacted - No Appointment,26,No,
L05609,2025-01-29,,Google Ads,Invisalign,Clinic D,Contacted - No Appointment,3,No,
L05610,2025-01-24,,Facebook,General Dentistry,Clinic A,Contacted - No Appointment,27,No,
L05611,2025-01-19,P05611,Facebook,General Dentistry,Clinic D,Appointment Booked,10,Yes,
L05612,2025-10-06,,Instagram,Teeth Whitening,Clinic A,Contacted - No Appointment,26,No,
L05613,2025-03-13,P05613,Google Ads,Dental Crown,Clinic A,Appointment Booked,16,Yes,
L05614,2025-12-11,P05614,Facebook,Root Canal,Clinic D,Appointment Booked,22,Yes,2025-12-12
L05615,2025-08-22,P05615,Facebook,General Dentistry,Clinic D,Appointment Booked,19,Yes,
L05616,2025-09-23,,Google Ads,Dental Crown,Clinic B,Contacted - No Appointment,19,No,
L05617,2025-05-29,P05617,Instagram,General Dentistry,Clinic C,Appointment Booked,4,Yes,2025-03-06
L05618,2025-08-04,,Google Organic,Invisalign,Clinic C,Contacted - No Appointment,8,No,
L05619,2025-09-22,,Google Organic,Invisalign,Clinic D,Contacted - No Appointment,31,No,
L05620,2025-04-17,P05620,Referral,General Dentistry,Clinic B,Appointment Booked,11,Yes,
L05621,2025-11-23,P05621,Google Organic,Dental Implant,Clinic C,Appointment Booked,16,Yes,2025-05-12
L05622,2025-09-04,P05622,Google Organic,General Dentistry,Clinic B,Appointment Booked,7,Yes,
L05623,2025-12-26,P05623,Google Ads,Root Canal,Clinic B,Appointment Booked,9,Yes,2026-09-01
L05624,2025-04-09,,Google Ads,General Dentistry,Clinic D,Not Contacted/Cold,55,No,
L05625,2025-07-27,,Google Organic,Invisalign,Clinic A,Contacted - No Appointment,45,No,
L05626,2025-11-14,,Google Ads,Teeth Whitening,Clinic A,Contacted - No Appointment,26,No,
L05627,2025-01-03,P05627,Facebook,Root Canal,Clinic C,Appointment Booked,28,Yes,
L05628,2025-04-14,,Google Ads,Dental Crown,Clinic C,Contacted - No Appointment,22,No,
L05629,2025-07-15,,Google Ads,Root Canal,Clinic A,Contacted - No Appointment,18,No,
L05630,2025-03-11,,Google Organic,General Dentistry,Clinic B,Not Contacted/Cold,57,No,
L05631,2025-09-26,P05631,Google Ads,Dental Crown,Clinic D,Appointment Booked,12,Yes,
L05632,2025-07-24,P05632,Facebook,Invisalign,Clinic A,Appointment Booked,10,Yes,
L05633,2025-09-21,P05633,Google Ads,General Dentistry,Clinic C,Appointment Booked,13,Yes,2025-03-10
L05634,2025-10-22,P05634,Google Organic,Invisalign,Clinic C,Appointment Booked,13,Yes,
L05635,2025-02-12,,Google Organic,Root Canal,Clinic B,Contacted - No Appointment,32,No,
L05636,2025-11-02,P05636,Facebook,Dental Implant,Clinic D,Appointment Booked,10,Yes,
L05637,2025-05-29,P05637,Google Organic,General Dentistry,Clinic C,Appointment Booked,17,Yes,2025-04-06
L05638,2025-10-30,,Google Ads,Invisalign,Clinic B,Contacted - No Appointment,24,No,
L05639,2025-07-15,,Google Organic,Invisalign,Clinic C,Contacted - No Appointment,20,No,
L05640,2025-10-18,,Google Organic,General Dentistry,Clinic C,Contacted - No Appointment,7,No,
L05641,2025-09-03,P05641,Referral,Teeth Whitening,Clinic C,Appointment Booked,23,Yes,2025-11-09
L05642,2025-05-05,,Google Ads,Dental Implant,Clinic D,Contacted - No Appointment,21,No,
L05643,2025-08-02,P05643,Google Ads,Teeth Whitening,Clinic B,Appointment Booked,26,Yes,
L05644,2025-08-13,,Google Ads,General Dentistry,Clinic B,Contacted - No Appointment,25,No,
L05645,2025-10-16,P05645,Google Ads,Dental Implant,Clinic A,Appointment Booked,26,Yes,
L05646,2025-06-03,P05646,Google Ads,General Dentistry,Clinic A,Appointment Booked,2,Yes,
L05647,2025-09-23,P05647,Facebook,Root Canal,Clinic A,Appointment Booked,9,Yes,2025-06-10
L05648,2025-10-14,,Facebook,Dental Crown,Clinic D,Contacted - No Appointment,34,No,
L05649,2025-10-09,,Referral,Root Canal,Clinic C,Contacted - No Appointment,10,No,
L05650,2025-08-04,P05650,Google Ads,Dental Crown,Clinic C,Appointment Booked,36,Yes,2025-11-08
L05651,2025-03-31,P05651,Referral,Dental Implant,Clinic C,Appointment Booked,13,Yes,2025-03-04
L05652,2025-04-05,P05652,Google Organic,Teeth Whitening,Clinic D,Appointment Booked,11,Yes,
L05653,2025-04-24,,Referral,Dental Implant,Clinic B,Contacted - No Appointment,13,No,
L05654,2025-12-01,,Referral,Root Canal,Clinic D,Not Contacted/Cold,109,No,
L05655,2025-11-17,,Google Organic,Dental Implant,Clinic B,Contacted - No Appointment,16,No,
L05656,2025-12-12,,Google Organic,General Dentistry,Clinic D,Contacted - No Appointment,30,No,
L05657,2025-09-30,,Facebook,Invisalign,Clinic C,Not Contacted/Cold,78,No,
L05658,2025-02-25,P05658,Facebook,Root Canal,Clinic A,Appointment Booked,24,Yes,2025-01-03
L05659,2025-06-29,,Referral,Root Canal,Clinic C,Not Contacted/Cold,55,No,
L05660,2025-12-11,,Facebook,Teeth Whitening,Clinic C,Contacted - No Appointment,34,No,
L05661,2025-12-28,P05661,Google Ads,Root Canal,Clinic A,Appointment Booked,27,Yes,2026-02-01
L05662,2025-12-05,,Google Organic,Teeth Whitening,Clinic C,Contacted - No Appointment,6,No,
L05663,2025-07-02,,Instagram,Dental Implant,Clinic B,Contacted - No Appointment,14,No,
L05664,2025-08-01,P05664,Google Organic,Invisalign,Clinic A,Appointment Booked,24,Yes,2025-08-08
L05665,2025-07-19,,Google Ads,Dental Crown,Clinic D,Contacted - No Appointment,11,No,
L05666,2025-02-16,P05666,Instagram,General Dentistry,Clinic C,Appointment Booked,26,Yes,
L05667,2025-10-25,P05667,Google Ads,Dental Implant,Clinic D,Appointment Booked,16,Yes,2025-03-11
L05668,2025-08-08,P05668,Referral,Dental Implant,Clinic C,Appointment Booked,9,Yes,
L05669,2025-09-03,,Google Ads,Dental Implant,Clinic B,Contacted - No Appointment,30,No,
L05670,2025-05-24,,Google Organic,Dental Crown,Clinic C,Contacted - No Appointment,22,No,
L05671,2025-07-07,P05671,Google Ads,Root Canal,Clinic C,Appointment Booked,26,Yes,2025-10-07
L05672,2025-04-26,,Google Ads,General Dentistry,Clinic D,Contacted - No Appointment,20,No,
L05673,2025-02-03,P05673,Google Ads,Dental Implant,Clinic A,Appointment Booked,12,Yes,
L05674,2025-07-09,,Facebook,Invisalign,Clinic D,Contacted - No Appointment,17,No,
L05675,2025-07-02,,Instagram,Invisalign,Clinic D,Contacted - No Appointment,11,No,
L05676,2025-09-06,,Google Ads,Dental Crown,Clinic C,Not Contacted/Cold,49,No,
L05677,2025-08-27,,Facebook,Dental Crown,Clinic D,Contacted - No Appointment,23,No,
L05678,2025-06-02,P05678,Google Ads,Dental Implant,Clinic B,Appointment Booked,17,Yes,2025-05-06
L05679,2025-01-27,P05679,Referral,General Dentistry,Clinic D,Appointment Booked,15,Yes,
L05680,2025-03-19,P05680,Google Ads,Invisalign,Clinic C,Appointment Booked,8,Yes,
L05681,2025-04-06,,Facebook,Teeth Whitening,Clinic A,Contacted - No Appointment,23,No,
L05682,2025-02-15,,Instagram,Root Canal,Clinic D,Contacted - No Appointment,7,No,
L05683,2025-07-15,P05683,Referral,Invisalign,Clinic B,Appointment Booked,43,Yes,
L05684,2025-04-30,,Referral,General Dentistry,Clinic B,Contacted - No Appointment,29,No,
L05685,2025-09-14,,Referral,Teeth Whitening,Clinic C,Contacted - No Appointment,10,No,
L05686,2025-02-10,,Google Ads,Root Canal,Clinic A,Contacted - No Appointment,43,No,
L05687,2025-06-24,,Google Organic,Dental Crown,Clinic B,Contacted - No Appointment,16,No,
L05688,2025-04-26,P05688,Google Organic,Invisalign,Clinic D,Appointment Booked,28,Yes,
L05689,2025-03-13,P05689,Referral,Dental Crown,Clinic A,Appointment Booked,16,Yes,
L05690,2025-07-21,P05690,Facebook,Invisalign,Clinic B,Appointment Booked,16,Yes,
L05691,2025-02-12,,Referral,General Dentistry,Clinic A,Contacted - No Appointment,36,No,
L05692,2025-03-07,P05692,Facebook,Invisalign,Clinic B,Appointment Booked,18,Yes,
L05693,2025-05-18,,Instagram,Dental Implant,Clinic C,Contacted - No Appointment,13,No,
L05694,2025-07-22,,Facebook,Invisalign,Clinic D,Contacted - No Appointment,11,No,
L05695,2025-12-14,,Facebook,Invisalign,Clinic D,Contacted - No Appointment,15,No,
L05696,2025-07-05,,Facebook,Root Canal,Clinic C,Not Contacted/Cold,60,No,
L05697,2025-11-18,,Facebook,Invisalign,Clinic A,Contacted - No Appointment,22,No,
L05698,2025-07-14,,Google Organic,Teeth Whitening,Clinic D,Contacted - No Appointment,9,No,
L05699,2025-04-20,P05699,Instagram,Invisalign,Clinic D,Appointment Booked,22,Yes,
L05700,2025-02-27,,Google Organic,Teeth Whitening,Clinic C,Contacted - No Appointment,43,No,
L05701,2025-11-18,,Google Ads,Dental Crown,Clinic C,Contacted - No Appointment,44,No,
L05702,2025-10-15,,Referral,General Dentistry,Clinic D,Contacted - No Appointment,24,No,
L05703,2025-05-25,,Instagram,General Dentistry,Clinic C,Contacted - No Appointment,33,No,
L05704,2025-10-11,,Google Ads,General Dentistry,Clinic B,Contacted - No Appointment,18,No,
L05705,2025-11-05,,Google Organic,Teeth Whitening,Clinic C,Contacted - No Appointment,15,No,
L05706,2025-05-16,,Google Ads,Root Canal,Clinic A,Contacted - No Appointment,10,No,
L05707,2025-01-26,P05707,Google Ads,Teeth Whitening,Clinic B,Appointment Booked,11,Yes,2025-02-02
L05708,2025-04-24,,Facebook,General Dentistry,Clinic B,Contacted - No Appointment,18,No,
L05709,2025-06-14,P05709,Instagram,Dental Implant,Clinic A,Appointment Booked,32,Yes,
L05710,2025-04-14,P05710,Google Ads,Root Canal,Clinic A,Appointment Booked,19,Yes,
L05711,2025-03-22,,Facebook,Invisalign,Clinic A,Contacted - No Appointment,11,No,
L05712,2025-11-28,,Referral,Dental Crown,Clinic C,Contacted - No Appointment,37,No,
L05713,2025-01-12,,Google Ads,Root Canal,Clinic D,Contacted - No Appointment,41,No,
L05714,2025-09-20,,Google Ads,Dental Crown,Clinic D,Contacted - No Appointment,12,No,
L05715,2025-07-01,,Referral,Dental Crown,Clinic B,Contacted - No Appointment,17,No,
L05716,2025-10-31,,Facebook,General Dentistry,Clinic C,Contacted - No Appointment,7,No,
L05717,2025-10-18,,Google Organic,Dental Crown,Clinic D,Contacted - No Appointment,32,No,
L05718,2025-01-21,,Google Ads,General Dentistry,Clinic A,Contacted - No Appointment,4,No,
L05719,2025-02-04,,Instagram,Invisalign,Clinic C,Contacted - No Appointment,18,No,
L05720,2025-11-01,,Facebook,Root Canal,Clinic D,Contacted - No Appointment,21,No,
L05721,2025-01-25,P05721,Referral,Root Canal,Clinic A,Appointment Booked,12,Yes,2025-04-02
L05722,2025-09-21,,Facebook,Invisalign,Clinic D,Contacted - No Appointment,11,No,
L05723,2025-09-01,,Instagram,Root Canal,Clinic D,Contacted - No Appointment,27,No,
L05724,2025-11-18,,Referral,Dental Crown,Clinic A,Contacted - No Appointment,23,No,
L05725,2025-11-03,,Referral,Dental Crown,Clinic A,Contacted - No Appointment,28,No,
L05726,2025-01-04,,Google Ads,Dental Crown,Clinic A,Contacted - No Appointment,5,No,
L05727,2025-11-20,,Google Organic,Root Canal,Clinic B,Contacted - No Appointment,45,No,
L05728,2025-03-30,,Facebook,Invisalign,Clinic B,Not Contacted/Cold,47,No,
L05729,2025-02-20,P05729,Instagram,Dental Crown,Clinic C,Appointment Booked,21,Yes,2025-02-03
L05730,2025-12-29,P05730,Facebook,Dental Implant,Clinic B,Appointment Booked,15,Yes,
L05731,2025-02-03,,Facebook,Invisalign,Clinic D,Contacted - No Appointment,18,No,
L05732,2025-07-22,P05732,Google Ads,Dental Implant,Clinic B,Appointment Booked,41,Yes,2025-03-08
L05733,2025-10-29,P05733,Instagram,Dental Implant,Clinic A,Appointment Booked,11,Yes,2025-01-11
L05734,2025-02-14,P05734,Facebook,Invisalign,Clinic B,Appointment Booked,5,Yes,
L05735,2025-02-27,,Google Ads,Dental Implant,Clinic C,Contacted - No Appointment,27,No,
L05736,2025-07-26,P05736,Facebook,Invisalign,Clinic B,Appointment Booked,18,Yes,2025-02-08
L05737,2025-09-25,P05737,Referral,Dental Crown,Clinic B,Appointment Booked,39,Yes,2025-06-10
L05738,2025-06-24,,Google Organic,Dental Implant,Clinic A,Contacted - No Appointment,19,No,
L05739,2025-01-09,P05739,Facebook,Root Canal,Clinic D,Appointment Booked,61,Yes,
L05740,2025-02-01,P05740,Referral,General Dentistry,Clinic D,Appointment Booked,63,Yes,2025-05-02
L05741,2025-09-28,P05741,Instagram,Teeth Whitening,Clinic B,Appointment Booked,13,Yes,2025-02-10
L05742,2025-01-21,,Google Ads,Invisalign,Clinic B,Contacted - No Appointment,4,No,
L05743,2025-04-26,P05743,Facebook,General Dentistry,Clinic C,Appointment Booked,21,Yes,
L05744,2025-09-29,,Google Ads,Invisalign,Clinic C,Contacted - No Appointment,6,No,
L05745,2025-07-14,P05745,Google Organic,Dental Implant,Clinic B,Appointment Booked,6,Yes,
L05746,2025-04-11,,Referral,General Dentistry,Clinic D,Contacted - No Appointment,34,No,
L05747,2025-12-01,,Facebook,General Dentistry,Clinic C,Contacted - No Appointment,23,No,
L05748,2025-04-20,,Facebook,Root Canal,Clinic B,Contacted - No Appointment,11,No,
L05749,2025-03-12,P05749,Facebook,Dental Crown,Clinic C,Appointment Booked,19,Yes,
L05750,2025-08-04,,Google Ads,Dental Crown,Clinic D,Contacted - No Appointment,20,No,
L05751,2025-07-07,,Google Organic,Invisalign,Clinic D,Contacted - No Appointment,23,No,
L05752,2025-11-14,,Instagram,Invisalign,Clinic A,Contacted - No Appointment,38,No,
L05753,2025-05-24,,Google Ads,Root Canal,Clinic B,Contacted - No Appointment,18,No,
L05754,2025-12-26,P05754,Google Organic,General Dentistry,Clinic B,Appointment Booked,4,Yes,2026-05-01
L05755,2025-04-17,,Google Ads,Dental Implant,Clinic B,Not Contacted/Cold,47,No,
L05756,2025-04-18,P05756,Referral,Teeth Whitening,Clinic C,Appointment Booked,18,Yes,
L05757,2025-03-19,,Facebook,Dental Implant,Clinic D,Contacted - No Appointment,11,No,
L05758,2025-01-10,,Instagram,Root Canal,Clinic C,Contacted - No Appointment,7,No,
L05759,2025-11-29,P05759,Google Ads,Dental Crown,Clinic D,Appointment Booked,20,Yes,2025-08-12
L05760,2025-12-30,,Facebook,Dental Crown,Clinic B,Contacted - No Appointment,16,No,
L05761,2025-11-28,,Google Organic,Dental Implant,Clinic D,Contacted - No Appointment,9,No,
L05762,2025-03-23,P05762,Facebook,Root Canal,Clinic D,Appointment Booked,35,Yes,2025-04-04
L05763,2025-01-11,,Referral,Dental Crown,Clinic B,Contacted - No Appointment,8,No,
L05764,2025-10-17,P05764,Instagram,Dental Implant,Clinic C,Appointment Booked,7,Yes,
L05765,2025-11-13,P05765,Referral,Dental Implant,Clinic A,Appointment Booked,11,Yes,
L05766,2025-01-22,,Referral,Dental Crown,Clinic D,Contacted - No Appointment,3,No,
L05767,2025-06-29,P05767,Facebook,Root Canal,Clinic C,Appointment Booked,4,Yes,2025-02-07
L05768,2025-04-05,P05768,Instagram,Dental Implant,Clinic B,Appointment Booked,8,Yes,
L05769,2025-05-04,,Google Organic,Root Canal,Clinic C,Contacted - No Appointment,13,No,
L05770,2025-05-20,P05770,Google Ads,General Dentistry,Clinic C,Appointment Booked,8,Yes,
L05771,2025-08-27,,Referral,Dental Implant,Clinic A,Contacted - No Appointment,21,No,
L05772,2025-11-24,,Instagram,Dental Crown,Clinic A,Contacted - No Appointment,9,No,
L05773,2025-06-04,P05773,Google Organic,Dental Implant,Clinic B,Appointment Booked,22,Yes,
L05774,2025-05-26,P05774,Google Ads,Dental Implant,Clinic C,Appointment Booked,10,Yes,
L05775,2025-09-03,,Google Organic,Dental Implant,Clinic D,Contacted - No Appointment,20,No,
L05776,2025-04-17,,Facebook,Root Canal,Clinic D,Contacted - No Appointment,45,No,
L05777,2025-08-10,,Google Organic,Teeth Whitening,Clinic C,Contacted - No Appointment,23,No,
L05778,2025-03-28,P05778,Facebook,Invisalign,Clinic D,Appointment Booked,4,Yes,2025-04-04
L05779,2025-01-30,,Google Ads,Dental Crown,Clinic B,Contacted - No Appointment,8,No,
L05780,2025-12-13,P05780,Referral,Root Canal,Clinic C,Appointment Booked,5,Yes,
L05781,2025-07-12,,Google Organic,Invisalign,Clinic A,Contacted - No Appointment,6,No,
L05782,2025-01-04,,Referral,Root Canal,Clinic B,Contacted - No Appointment,33,No,
L05783,2025-02-21,,Facebook,Teeth Whitening,Clinic C,Contacted - No Appointment,15,No,
L05784,2025-09-08,,Instagram,General Dentistry,Clinic A,Contacted - No Appointment,16,No,
L05785,2025-01-30,,Instagram,General Dentistry,Clinic C,Contacted - No Appointment,34,No,
L05786,2025-07-05,P05786,Google Organic,Invisalign,Clinic D,Appointment Booked,9,Yes,
L05787,2025-01-23,,Google Ads,Teeth Whitening,Clinic B,Contacted - No Appointment,20,No,
L05788,2025-02-16,,Google Ads,Invisalign,Clinic B,Contacted - No Appointment,28,No,
L05789,2025-01-17,,Referral,Teeth Whitening,Clinic D,Contacted - No Appointment,14,No,
L05790,2025-10-18,,Facebook,General Dentistry,Clinic D,Not Contacted/Cold,49,No,
L05791,2025-01-26,P05791,Referral,Dental Implant,Clinic B,Appointment Booked,15,Yes,2025-02-02
L05792,2025-02-01,,Google Ads,Root Canal,Clinic B,Contacted - No Appointment,7,No,
L05793,2025-07-13,P05793,Referral,Dental Crown,Clinic C,Appointment Booked,10,Yes,
L05794,2025-12-01,,Google Organic,Teeth Whitening,Clinic C,Contacted - No Appointment,19,No,
L05795,2025-11-29,P05795,Google Organic,Dental Implant,Clinic A,Appointment Booked,28,Yes,2025-01-12
L05796,2025-12-27,,Facebook,General Dentistry,Clinic B,Contacted - No Appointment,8,No,
L05797,2025-11-05,,Referral,Dental Crown,Clinic D,Contacted - No Appointment,39,No,
L05798,2025-11-04,P05798,Facebook,Dental Implant,Clinic C,Appointment Booked,7,Yes,2025-10-11
L05799,2025-01-25,P05799,Google Organic,Dental Implant,Clinic D,Appointment Booked,43,Yes,
L05800,2025-05-05,,Google Ads,Teeth Whitening,Clinic D,Contacted - No Appointment,10,No,
L05801,2025-08-04,P05801,Instagram,Dental Implant,Clinic D,Appointment Booked,1,Yes,2025-10-08
L05802,2025-04-07,,Referral,Dental Implant,Clinic A,Contacted - No Appointment,26,No,
L05803,2025-02-14,P05803,Google Ads,Dental Crown,Clinic D,Appointment Booked,3,Yes,
L05804,2025-08-25,,Google Organic,Dental Crown,Clinic A,Not Contacted/Cold,102,No,
L05805,2025-08-23,,Google Ads,Dental Crown,Clinic C,Contacted - No Appointment,19,No,
L05806,2025-09-02,P05806,Referral,Root Canal,Clinic B,Appointment Booked,6,Yes,
L05807,2025-08-22,,Referral,Teeth Whitening,Clinic B,Contacted - No Appointment,13,No,
L05808,2025-02-13,,Facebook,General Dentistry,Clinic D,Contacted - No Appointment,5,No,
L05809,2025-03-03,,Google Ads,Invisalign,Clinic D,Contacted - No Appointment,25,No,
L05810,2025-07-22,,Instagram,Teeth Whitening,Clinic A,Contacted - No Appointment,4,No,
L05811,2025-06-24,,Google Ads,General Dentistry,Clinic C,Contacted - No Appointment,3,No,
L05812,2025-05-10,,Facebook,Dental Crown,Clinic B,Not Contacted/Cold,49,No,
L05813,2025-07-14,,Google Ads,Dental Crown,Clinic B,Contacted - No Appointment,8,No,
L05814,2025-01-01,P05814,Facebook,Invisalign,Clinic D,Appointment Booked,21,Yes,2025-10-01
L05815,2025-08-31,,Google Ads,Root Canal,Clinic B,Contacted - No Appointment,15,No,
L05816,2025-11-25,P05816,Google Ads,Dental Crown,Clinic D,Appointment Booked,12,Yes,2025-08-12
L05817,2025-10-04,P05817,Google Ads,Teeth Whitening,Clinic A,Appointment Booked,12,Yes,2025-06-10
L05818,2025-06-04,,Instagram,General Dentistry,Clinic C,Contacted - No Appointment,28,No,
L05819,2025-02-14,,Instagram,Dental Implant,Clinic C,Contacted - No Appointment,16,No,
L05820,2025-09-29,P05820,Google Ads,Dental Implant,Clinic A,Appointment Booked,6,Yes,2025-04-10
L05821,2025-10-04,P05821,Instagram,Dental Implant,Clinic B,Appointment Booked,6,Yes,2025-08-10
L05822,2025-07-16,P05822,Referral,Teeth Whitening,Clinic D,Appointment Booked,39,Yes,
L05823,2025-10-19,P05823,Google Ads,Dental Implant,Clinic D,Appointment Booked,29,Yes,
L05824,2025-05-03,P05824,Google Organic,Dental Crown,Clinic B,Appointment Booked,49,Yes,
L05825,2025-06-06,,Instagram,Invisalign,Clinic C,Contacted - No Appointment,30,No,
L05826,2025-08-05,,Google Ads,Root Canal,Clinic A,Contacted - No Appointment,8,No,
L05827,2025-09-20,,Facebook,Invisalign,Clinic A,Contacted - No Appointment,14,No,
L05828,2025-10-22,,Facebook,General Dentistry,Clinic B,Contacted - No Appointment,40,No,
L05829,2025-10-29,,Google Organic,Dental Crown,Clinic A,Contacted - No Appointment,7,No,
L05830,2025-11-04,P05830,Google Ads,General Dentistry,Clinic D,Appointment Booked,4,Yes,2025-11-11
L05831,2025-08-08,P05831,Referral,Dental Crown,Clinic C,Appointment Booked,51,Yes,
L05832,2025-06-22,,Google Organic,Dental Implant,Clinic D,Not Contacted/Cold,50,No,
L05833,2025-01-10,,Facebook,Dental Implant,Clinic C,Contacted - No Appointment,41,No,
L05834,2025-09-15,,Google Ads,General Dentistry,Clinic D,Contacted - No Appointment,39,No,
L05835,2025-12-06,,Google Ads,Teeth Whitening,Clinic C,Contacted - No Appointment,33,No,
L05836,2025-09-25,,Facebook,Dental Implant,Clinic C,Contacted - No Appointment,42,No,
L05837,2025-09-02,P05837,Facebook,Teeth Whitening,Clinic D,Appointment Booked,8,Yes,2025-04-09
L05838,2025-01-02,,Google Organic,Root Canal,Clinic C,Contacted - No Appointment,14,No,
L05839,2025-06-13,P05839,Google Organic,Invisalign,Clinic A,Appointment Booked,11,Yes,
L05840,2025-10-17,P05840,Google Ads,Dental Implant,Clinic C,Appointment Booked,23,Yes,
L05841,2025-05-24,P05841,Instagram,General Dentistry,Clinic D,Appointment Booked,4,Yes,
L05842,2025-11-03,,Google Ads,Dental Implant,Clinic D,Contacted - No Appointment,42,No,
L05843,2025-08-08,P05843,Facebook,Invisalign,Clinic C,Appointment Booked,4,Yes,
L05844,2025-09-14,,Google Organic,Invisalign,Clinic C,Contacted - No Appointment,33,No,
L05845,2025-06-16,,Facebook,Dental Implant,Clinic D,Contacted - No Appointment,10,No,
L05846,2025-02-19,,Google Organic,Root Canal,Clinic A,Contacted - No Appointment,23,No,
L05847,2025-02-22,,Referral,Dental Implant,Clinic C,Contacted - No Appointment,20,No,
L05848,2025-05-31,,Instagram,Invisalign,Clinic B,Contacted - No Appointment,2,No,
L05849,2025-09-07,,Google Ads,General Dentistry,Clinic C,Contacted - No Appointment,21,No,
L05850,2025-11-04,,Facebook,Invisalign,Clinic C,Contacted - No Appointment,7,No,
L05851,2025-09-02,,Google Ads,Root Canal,Clinic A,Contacted - No Appointment,3,No,
L05852,2025-05-07,P05852,Instagram,Root Canal,Clinic A,Appointment Booked,19,Yes,2025-08-05
L05853,2025-04-17,P05853,Google Organic,Dental Crown,Clinic C,Appointment Booked,3,Yes,
L05854,2025-01-21,,Instagram,Teeth Whitening,Clinic A,Not Contacted/Cold,49,No,
L05855,2025-01-24,P05855,Google Organic,Invisalign,Clinic B,Appointment Booked,7,Yes,
L05856,2025-05-13,P05856,Google Organic,General Dentistry,Clinic D,Appointment Booked,19,Yes,
L05857,2025-03-07,,Referral,Teeth Whitening,Clinic B,Contacted - No Appointment,18,No,
L05858,2025-05-31,,Google Ads,Teeth Whitening,Clinic B,Contacted - No Appointment,33,No,
L05859,2025-04-13,,Referral,Dental Implant,Clinic D,Contacted - No Appointment,10,No,
L05860,2025-09-16,,Instagram,Dental Implant,Clinic A,Contacted - No Appointment,11,No,
L05861,2025-10-02,,Google Ads,Dental Crown,Clinic B,Contacted - No Appointment,18,No,
L05862,2025-09-05,,Referral,General Dentistry,Clinic C,Contacted - No Appointment,8,No,
L05863,2025-12-06,P05863,Referral,Dental Crown,Clinic D,Appointment Booked,12,Yes,
L05864,2025-10-16,P05864,Instagram,Invisalign,Clinic D,Appointment Booked,9,Yes,
L05865,2025-02-04,P05865,Google Organic,Dental Implant,Clinic D,Appointment Booked,21,Yes,2025-05-02
L05866,2025-06-16,P05866,Google Ads,Dental Crown,Clinic D,Appointment Booked,28,Yes,
L05867,2025-06-26,,Facebook,Teeth Whitening,Clinic A,Contacted - No Appointment,36,No,
L05868,2025-06-13,,Google Ads,Dental Implant,Clinic A,Contacted - No Appointment,34,No,
L05869,2025-10-17,,Facebook,Dental Implant,Clinic B,Contacted - No Appointment,24,No,
L05870,2025-05-01,,Facebook,Root Canal,Clinic A,Contacted - No Appointment,24,No,
L05871,2025-10-24,,Google Ads,Dental Crown,Clinic C,Contacted - No Appointment,23,No,
L05872,2025-09-12,P05872,Google Organic,Teeth Whitening,Clinic C,Appointment Booked,16,Yes,
L05873,2025-07-15,,Google Ads,Teeth Whitening,Clinic A,Contacted - No Appointment,6,No,
L05874,2025-10-07,P05874,Google Ads,Dental Crown,Clinic D,Appointment Booked,43,Yes,
L05875,2025-11-30,,Facebook,Dental Implant,Clinic A,Contacted - No Appointment,23,No,
L05876,2025-06-03,,Facebook,Dental Crown,Clinic B,Contacted - No Appointment,29,No,
L05877,2025-11-11,P05877,Facebook,General Dentistry,Clinic C,Appointment Booked,11,Yes,2025-12-11
L05878,2025-05-22,P05878,Google Ads,General Dentistry,Clinic B,Appointment Booked,62,Yes,2025-04-06
L05879,2025-12-19,,Facebook,General Dentistry,Clinic B,Contacted - No Appointment,39,No,
L05880,2025-09-30,P05880,Google Ads,Invisalign,Clinic A,Appointment Booked,12,Yes,2025-11-10
L05881,2025-06-10,,Facebook,Teeth Whitening,Clinic B,Contacted - No Appointment,10,No,
L05882,2025-10-17,P05882,Referral,General Dentistry,Clinic D,Appointment Booked,29,Yes,
L05883,2025-03-04,P05883,Google Ads,Dental Crown,Clinic D,Appointment Booked,16,Yes,2025-09-03
L05884,2025-03-01,P05884,Google Organic,Invisalign,Clinic B,Appointment Booked,21,Yes,2025-11-03
L05885,2025-08-23,,Google Ads,General Dentistry,Clinic B,Contacted - No Appointment,41,No,
L05886,2025-01-23,,Facebook,Root Canal,Clinic C,Contacted - No Appointment,21,No,
L05887,2025-04-30,,Facebook,Dental Implant,Clinic D,Contacted - No Appointment,15,No,
L05888,2025-07-06,P05888,Referral,Dental Implant,Clinic B,Appointment Booked,24,Yes,2025-08-07
L05889,2025-11-02,P05889,Facebook,Dental Crown,Clinic B,Appointment Booked,4,Yes,2025-03-11
L05890,2025-11-01,P05890,Google Organic,Root Canal,Clinic D,Appointment Booked,20,Yes,2025-09-11
L05891,2025-03-02,P05891,Instagram,Dental Implant,Clinic C,Appointment Booked,5,Yes,2025-10-03
L05892,2025-09-10,,Google Ads,Teeth Whitening,Clinic A,Contacted - No Appointment,27,No,
L05893,2025-09-18,,Referral,Teeth Whitening,Clinic C,Contacted - No Appointment,16,No,
L05894,2025-11-21,P05894,Facebook,Teeth Whitening,Clinic A,Appointment Booked,48,Yes,2025-01-12
L05895,2025-11-05,,Google Ads,Invisalign,Clinic C,Contacted - No Appointment,37,No,
L05896,2025-09-13,,Facebook,Dental Crown,Clinic C,Contacted - No Appointment,21,No,
L05897,2025-04-27,P05897,Facebook,Dental Implant,Clinic D,Appointment Booked,51,Yes,2025-01-05
L05898,2025-10-02,,Google Ads,Invisalign,Clinic B,Contacted - No Appointment,12,No,
L05899,2025-10-12,,Instagram,Root Canal,Clinic B,Contacted - No Appointment,8,No,
L05900,2025-12-27,P05900,Facebook,General Dentistry,Clinic A,Appointment Booked,15,Yes,
L05901,2025-09-08,,Instagram,Root Canal,Clinic D,Contacted - No Appointment,15,No,
L05902,2025-07-07,,Google Ads,Dental Implant,Clinic A,Contacted - No Appointment,15,No,
L05903,2025-02-13,,Referral,Root Canal,Clinic B,Contacted - No Appointment,18,No,
L05904,2025-07-07,,Google Ads,Root Canal,Clinic A,Contacted - No Appointment,4,No,
L05905,2025-11-24,P05905,Instagram,General Dentistry,Clinic D,Appointment Booked,9,Yes,
L05906,2025-05-17,P05906,Google Organic,General Dentistry,Clinic B,Appointment Booked,12,Yes,
L05907,2025-03-16,,Google Ads,Invisalign,Clinic B,Not Contacted/Cold,51,No,
L05908,2025-09-22,,Google Ads,Invisalign,Clinic B,Contacted - No Appointment,12,No,
L05909,2025-08-09,,Google Ads,Dental Implant,Clinic D,Contacted - No Appointment,12,No,
L05910,2025-01-04,,Google Ads,Teeth Whitening,Clinic C,Contacted - No Appointment,28,No,
L05911,2025-06-15,,Google Ads,Dental Implant,Clinic C,Contacted - No Appointment,15,No,
L05912,2025-07-11,,Google Organic,Dental Implant,Clinic D,Not Contacted/Cold,59,No,
L05913,2025-11-16,P05913,Facebook,Root Canal,Clinic D,Appointment Booked,30,Yes,
L05914,2025-09-11,,Facebook,Invisalign,Clinic B,Contacted - No Appointment,27,No,
L05915,2025-11-09,P05915,Google Ads,Dental Implant,Clinic D,Appointment Booked,4,Yes,
L05916,2025-10-15,,Referral,Root Canal,Clinic A,Contacted - No Appointment,22,No,
L05917,2025-07-27,P05917,Google Ads,Invisalign,Clinic B,Appointment Booked,19,Yes,2025-04-08
L05918,2025-08-02,,Facebook,Root Canal,Clinic D,Contacted - No Appointment,34,No,
L05919,2025-05-11,P05919,Google Ads,General Dentistry,Clinic B,Appointment Booked,27,Yes,
L05920,2025-03-10,,Google Ads,Dental Implant,Clinic B,Contacted - No Appointment,24,No,
L05921,2025-03-15,,Instagram,Root Canal,Clinic B,Contacted - No Appointment,23,No,
L05922,2025-02-08,,Google Organic,General Dentistry,Clinic C,Contacted - No Appointment,12,No,
L05923,2025-12-01,P05923,Google Organic,General Dentistry,Clinic B,Appointment Booked,8,Yes,2025-10-12
L05924,2025-08-31,P05924,Instagram,Root Canal,Clinic C,Appointment Booked,23,Yes,
L05925,2025-09-18,,Referral,Dental Crown,Clinic D,Contacted - No Appointment,8,No,
L05926,2025-12-10,P05926,Facebook,Dental Implant,Clinic C,Appointment Booked,18,Yes,2025-11-12
L05927,2025-07-10,P05927,Facebook,Teeth Whitening,Clinic A,Appointment Booked,45,Yes,
L05928,2025-11-26,,Google Ads,General Dentistry,Clinic D,Not Contacted/Cold,51,No,
L05929,2025-04-11,P05929,Google Ads,Root Canal,Clinic B,Appointment Booked,15,Yes,
L05930,2025-06-20,P05930,Facebook,Root Canal,Clinic A,Appointment Booked,36,Yes,
L05931,2025-07-02,,Facebook,Invisalign,Clinic A,Contacted - No Appointment,18,No,
L05932,2025-12-01,P05932,Facebook,Dental Crown,Clinic C,Appointment Booked,8,Yes,2025-04-12
L05933,2025-05-06,P05933,Google Ads,Dental Crown,Clinic A,Appointment Booked,18,Yes,
L05934,2025-05-01,,Google Organic,Dental Crown,Clinic A,Not Contacted/Cold,73,No,
L05935,2025-04-17,P05935,Referral,Dental Implant,Clinic B,Appointment Booked,26,Yes,
L05936,2025-06-11,P05936,Facebook,Root Canal,Clinic B,Appointment Booked,9,Yes,
L05937,2025-05-05,,Google Organic,Dental Crown,Clinic C,Contacted - No Appointment,23,No,
L05938,2025-07-29,,Referral,Invisalign,Clinic D,Contacted - No Appointment,31,No,
L05939,2025-02-09,P05939,Referral,Invisalign,Clinic D,Appointment Booked,36,Yes,
L05940,2025-01-09,,Facebook,Invisalign,Clinic B,Contacted - No Appointment,15,No,
L05941,2025-09-20,,Google Organic,Teeth Whitening,Clinic A,Not Contacted/Cold,52,No,
L05942,2025-10-24,,Google Ads,Dental Crown,Clinic D,Contacted - No Appointment,17,No,
L05943,2025-09-08,,Instagram,General Dentistry,Clinic A,Contacted - No Appointment,23,No,
L05944,2025-01-08,P05944,Google Organic,Invisalign,Clinic D,Appointment Booked,4,Yes,2025-12-01
L05945,2025-08-17,,Google Organic,General Dentistry,Clinic A,Contacted - No Appointment,43,No,
L05946,2025-11-29,P05946,Google Ads,Teeth Whitening,Clinic D,Appointment Booked,6,Yes,
L05947,2025-04-01,,Google Organic,Root Canal,Clinic B,Contacted - No Appointment,29,No,
L05948,2025-03-22,,Facebook,Dental Implant,Clinic B,Contacted - No Appointment,12,No,
L05949,2025-11-03,P05949,Google Ads,Invisalign,Clinic C,Appointment Booked,6,Yes,2025-04-11
L05950,2025-09-28,,Facebook,General Dentistry,Clinic C,Contacted - No Appointment,13,No,
L05951,2025-02-14,P05951,Referral,Invisalign,Clinic B,Appointment Booked,4,Yes,
L05952,2025-02-22,P05952,Referral,Invisalign,Clinic C,Appointment Booked,10,Yes,2025-02-03
L05953,2025-02-27,,Google Organic,Invisalign,Clinic C,Contacted - No Appointment,11,No,
L05954,2025-01-07,P05954,Google Ads,Teeth Whitening,Clinic A,Appointment Booked,7,Yes,
L05955,2025-01-08,P05955,Google Ads,Invisalign,Clinic A,Appointment Booked,22,Yes,2025-12-01
L05956,2025-09-12,,Google Ads,Invisalign,Clinic B,Contacted - No Appointment,17,No,
L05957,2025-05-14,,Google Ads,Root Canal,Clinic A,Contacted - No Appointment,22,No,
L05958,2025-10-16,P05958,Facebook,Root Canal,Clinic C,Appointment Booked,12,Yes,
L05959,2025-12-24,,Facebook,Root Canal,Clinic A,Contacted - No Appointment,15,No,
L05960,2025-11-20,P05960,Google Ads,Root Canal,Clinic B,Appointment Booked,6,Yes,
L05961,2025-08-02,,Referral,Teeth Whitening,Clinic A,Contacted - No Appointment,11,No,
L05962,2025-08-31,P05962,Instagram,Teeth Whitening,Clinic C,Appointment Booked,6,Yes,2025-01-09
L05963,2025-09-22,,Google Organic,Teeth Whitening,Clinic A,Contacted - No Appointment,14,No,
L05964,2025-01-18,P05964,Facebook,Dental Implant,Clinic A,Appointment Booked,11,Yes,
L05965,2025-04-21,,Facebook,Teeth Whitening,Clinic A,Contacted - No Appointment,29,No,
L05966,2025-11-11,,Facebook,Dental Implant,Clinic D,Contacted - No Appointment,31,No,
L05967,2025-01-22,,Facebook,Dental Implant,Clinic A,Contacted - No Appointment,20,No,
L05968,2025-09-28,,Instagram,General Dentistry,Clinic C,Contacted - No Appointment,30,No,
L05969,2025-01-12,P05969,Facebook,Teeth Whitening,Clinic A,Appointment Booked,22,Yes,
L05970,2025-06-04,,Google Organic,Dental Crown,Clinic A,Contacted - No Appointment,12,No,
L05971,2025-09-12,,Referral,General Dentistry,Clinic B,Contacted - No Appointment,19,No,
L05972,2025-08-19,,Facebook,General Dentistry,Clinic B,Not Contacted/Cold,47,No,
L05973,2025-09-11,,Google Ads,Dental Crown,Clinic D,Contacted - No Appointment,34,No,
L05974,2025-11-16,P05974,Referral,Dental Crown,Clinic D,Appointment Booked,18,Yes,
L05975,2025-12-25,,Google Organic,Teeth Whitening,Clinic D,Contacted - No Appointment,4,No,
L05976,2025-05-23,,Instagram,Invisalign,Clinic C,Not Contacted/Cold,57,No,
L05977,2025-11-11,P05977,Google Organic,Dental Implant,Clinic B,Appointment Booked,16,Yes,
L05978,2025-10-08,,Google Ads,Teeth Whitening,Clinic B,Contacted - No Appointment,37,No,
L05979,2025-10-19,P05979,Google Ads,Invisalign,Clinic D,Appointment Booked,18,Yes,2025-02-11
L05980,2025-06-29,P05980,Google Ads,Dental Implant,Clinic C,Appointment Booked,3,Yes,2025-01-07
L05981,2025-09-17,,Google Ads,Invisalign,Clinic C,Contacted - No Appointment,41,No,
L05982,2025-03-07,P05982,Facebook,Root Canal,Clinic A,Appointment Booked,22,Yes,
L05983,2025-10-31,,Google Ads,General Dentistry,Clinic A,Contacted - No Appointment,4,No,
L05984,2025-02-19,,Referral,Dental Crown,Clinic D,Contacted - No Appointment,15,No,
L05985,2025-09-12,P05985,Instagram,Root Canal,Clinic B,Appointment Booked,22,Yes,
L05986,2025-04-15,P05986,Facebook,General Dentistry,Clinic B,Appointment Booked,20,Yes,
L05987,2025-11-19,P05987,Google Ads,General Dentistry,Clinic A,Appointment Booked,34,Yes,
L05988,2025-02-07,,Instagram,Root Canal,Clinic D,Contacted - No Appointment,22,No,
L05989,2025-06-05,,Google Ads,General Dentistry,Clinic A,Contacted - No Appointment,18,No,
L05990,2025-09-13,,Google Organic,Root Canal,Clinic D,Contacted - No Appointment,7,No,
L05991,2025-11-13,,Google Organic,Invisalign,Clinic A,Not Contacted/Cold,53,No,
L05992,2025-10-24,P05992,Facebook,Invisalign,Clinic D,Appointment Booked,14,Yes,2025-01-11
L05993,2025-12-27,,Google Ads,Dental Crown,Clinic C,Contacted - No Appointment,11,No,
L05994,2025-09-27,,Google Organic,Root Canal,Clinic A,Contacted - No Appointment,8,No,
L05995,2025-09-09,P05995,Facebook,Dental Crown,Clinic C,Appointment Booked,10,Yes,2025-11-09
L05996,2025-03-19,,Google Ads,Dental Crown,Clinic B,Contacted - No Appointment,32,No,
L05997,2025-04-08,,Facebook,Dental Implant,Clinic A,Contacted - No Appointment,5,No,
L05998,2025-02-21,,Referral,Dental Implant,Clinic D,Contacted - No Appointment,13,No,
L05999,2025-12-25,P05999,Google Ads,Root Canal,Clinic B,Appointment Booked,3,Yes,
L06000,2025-02-15,,Referral,Invisalign,Clinic B,Contacted - No Appointment,9,No,
L06001,2025-11-03,,Google Ads,Dental Crown,Clinic A,Contacted - No Appointment,11,No,
L06002,2025-01-23,,Google Ads,Dental Crown,Clinic B,Contacted - No Appointment,10,No,
L06003,2025-03-27,,Google Organic,Dental Crown,Clinic D,Contacted - No Appointment,8,No,
L06004,2025-09-28,P06004,Google Ads,Invisalign,Clinic B,Appointment Booked,44,Yes,2025-09-10
L06005,2025-02-28,,Facebook,Dental Crown,Clinic D,Contacted - No Appointment,11,No,
L06006,2025-12-09,,Google Ads,General Dentistry,Clinic D,Contacted - No Appointment,31,No,
L06007,2025-07-24,P06007,Facebook,General Dentistry,Clinic A,Appointment Booked,12,Yes,2025-07-08
L06008,2025-10-29,,Google Ads,General Dentistry,Clinic A,Contacted - No Appointment,6,No,
L06009,2025-03-30,P06009,Google Organic,Dental Crown,Clinic D,Appointment Booked,28,Yes,2025-05-04
L06010,2025-08-29,,Google Organic,Invisalign,Clinic B,Contacted - No Appointment,37,No,
L06011,2025-06-08,P06011,Referral,Dental Crown,Clinic A,Appointment Booked,6,Yes,
L06012,2025-11-17,,Google Organic,General Dentistry,Clinic B,Contacted - No Appointment,26,No,
L06013,2025-04-09,P06013,Google Organic,Invisalign,Clinic C,Appointment Booked,14,Yes,
L06014,2025-05-31,,Google Organic,Invisalign,Clinic D,Not Contacted/Cold,59,No,
L06015,2025-09-06,P06015,Referral,Dental Implant,Clinic A,Appointment Booked,35,Yes,2025-11-09
L06016,2025-01-19,,Google Ads,Teeth Whitening,Clinic A,Not Contacted/Cold,48,No,
L06017,2025-03-02,P06017,Facebook,Root Canal,Clinic D,Appointment Booked,12,Yes,2025-04-03
L06018,2025-11-07,,Google Organic,Dental Implant,Clinic D,Not Contacted/Cold,49,No,
L06019,2025-04-10,P06019,Google Ads,General Dentistry,Clinic C,Appointment Booked,30,Yes,
L06020,2025-06-28,,Referral,Dental Crown,Clinic D,Contacted - No Appointment,20,No,
L06021,2025-02-01,,Facebook,Invisalign,Clinic B,Contacted - No Appointment,28,No,
L06022,2025-10-18,P06022,Facebook,Invisalign,Clinic D,Appointment Booked,8,Yes,
L06023,2025-01-19,,Google Organic,Invisalign,Clinic B,Contacted - No Appointment,20,No,
L06024,2025-12-20,,Facebook,Root Canal,Clinic A,Contacted - No Appointment,14,No,
L06025,2025-09-12,,Referral,Invisalign,Clinic C,Contacted - No Appointment,37,No,
L06026,2025-04-25,P06026,Referral,Root Canal,Clinic B,Appointment Booked,2,Yes,2025-01-05
L06027,2025-09-27,,Instagram,Teeth Whitening,Clinic D,Contacted - No Appointment,20,No,
L06028,2025-03-15,P06028,Google Ads,Dental Crown,Clinic B,Appointment Booked,13,Yes,
L06029,2025-06-24,,Google Ads,Invisalign,Clinic D,Not Contacted/Cold,52,No,
L06030,2025-01-07,,Facebook,Root Canal,Clinic D,Contacted - No Appointment,16,No,
L06031,2025-03-25,P06031,Referral,General Dentistry,Clinic A,Appointment Booked,15,Yes,2025-03-04
L06032,2025-10-18,,Google Ads,Dental Implant,Clinic D,Contacted - No Appointment,20,No,
L06033,2025-01-12,,Google Ads,Dental Implant,Clinic B,Contacted - No Appointment,28,No,
L06034,2025-11-28,,Google Ads,Dental Crown,Clinic D,Contacted - No Appointment,4,No,
L06035,2025-12-23,,Facebook,Dental Crown,Clinic B,Contacted - No Appointment,6,No,
L06036,2025-08-03,,Referral,Invisalign,Clinic C,Not Contacted/Cold,53,No,
L06037,2025-05-15,,Google Ads,Teeth Whitening,Clinic B,Contacted - No Appointment,21,No,
L06038,2025-04-01,P06038,Google Ads,Dental Crown,Clinic A,Appointment Booked,77,Yes,
L06039,2025-07-08,,Google Organic,General Dentistry,Clinic A,Contacted - No Appointment,9,No,
L06040,2025-07-19,,Google Organic,Dental Implant,Clinic B,Contacted - No Appointment,26,No,
L06041,2025-06-29,P06041,Google Organic,Teeth Whitening,Clinic D,Appointment Booked,21,Yes,2025-06-07
L06042,2025-03-03,,Google Organic,Dental Implant,Clinic C,Contacted - No Appointment,43,No,
L06043,2025-06-28,P06043,Google Ads,Dental Crown,Clinic C,Appointment Booked,5,Yes,2025-09-07
L06044,2025-02-17,,Facebook,Dental Crown,Clinic B,Not Contacted/Cold,53,No,
L06045,2025-11-04,,Referral,Root Canal,Clinic B,Contacted - No Appointment,20,No,
L06046,2025-11-10,,Referral,General Dentistry,Clinic A,Contacted - No Appointment,17,No,
L06047,2025-06-07,,Instagram,Dental Implant,Clinic D,Contacted - No Appointment,26,No,
L06048,2025-05-23,P06048,Google Organic,Root Canal,Clinic D,Appointment Booked,16,Yes,2025-01-06
L06049,2025-06-01,,Referral,Invisalign,Clinic B,Contacted - No Appointment,20,No,
L06050,2025-03-18,,Facebook,Teeth Whitening,Clinic A,Contacted - No Appointment,39,No,
L06051,2025-01-21,P06051,Google Ads,Dental Implant,Clinic A,Appointment Booked,8,Yes,2025-01-02
L06052,2025-04-09,,Instagram,General Dentistry,Clinic C,Contacted - No Appointment,25,No,
L06053,2025-02-09,,Referral,General Dentistry,Clinic C,Contacted - No Appointment,26,No,
L06054,2025-12-25,,Google Organic,General Dentistry,Clinic D,Not Contacted/Cold,55,No,
L06055,2025-12-01,,Google Organic,Dental Implant,Clinic A,Contacted - No Appointment,14,No,
L06056,2025-03-21,P06056,Facebook,Dental Crown,Clinic D,Appointment Booked,1,Yes,
L06057,2025-12-11,,Google Ads,Dental Implant,Clinic C,Contacted - No Appointment,12,No,
L06058,2025-04-04,,Google Ads,General Dentistry,Clinic B,Contacted - No Appointment,10,No,
L06059,2025-04-19,,Referral,Teeth Whitening,Clinic C,Not Contacted/Cold,49,No,
L06060,2025-02-03,P06060,Facebook,Root Canal,Clinic A,Appointment Booked,1,Yes,2025-11-02
L06061,2025-03-27,P06061,Google Ads,Teeth Whitening,Clinic B,Appointment Booked,36,Yes,2025-09-04
L06062,2025-07-12,,Referral,Dental Implant,Clinic D,Contacted - No Appointment,23,No,
L06063,2025-12-18,,Facebook,Root Canal,Clinic B,Contacted - No Appointment,6,No,
L06064,2025-08-01,P06064,Google Organic,Invisalign,Clinic D,Appointment Booked,24,Yes,2025-04-08
L06065,2025-04-02,P06065,Facebook,General Dentistry,Clinic C,Appointment Booked,3,Yes,2025-08-04
L06066,2025-12-20,,Google Ads,General Dentistry,Clinic A,Contacted - No Appointment,29,No,
L06067,2025-02-25,P06067,Instagram,Teeth Whitening,Clinic C,Appointment Booked,17,Yes,2025-07-03
L06068,2025-10-07,P06068,Referral,General Dentistry,Clinic B,Appointment Booked,2,Yes,2025-11-10
L06069,2025-12-06,,Google Ads,Invisalign,Clinic B,Contacted - No Appointment,6,No,
L06070,2025-06-28,,Google Organic,General Dentistry,Clinic A,Contacted - No Appointment,30,No,
L06071,2025-01-27,,Google Ads,Invisalign,Clinic B,Not Contacted/Cold,56,No,
L06072,2025-01-06,,Facebook,Teeth Whitening,Clinic A,Not Contacted/Cold,57,No,
L06073,2025-12-26,,Facebook,Teeth Whitening,Clinic A,Contacted - No Appointment,37,No,
L06074,2025-10-11,,Referral,Dental Implant,Clinic B,Contacted - No Appointment,4,No,
L06075,2025-06-16,,Facebook,Root Canal,Clinic B,Contacted - No Appointment,41,No,
L06076,2025-09-11,,Facebook,Dental Implant,Clinic D,Not Contacted/Cold,62,No,
L06077,2025-11-16,,Google Organic,General Dentistry,Clinic B,Not Contacted/Cold,48,No,
L06078,2025-11-20,,Google Ads,Dental Implant,Clinic D,Contacted - No Appointment,23,No,
L06079,2025-03-04,P06079,Google Ads,Root Canal,Clinic C,Appointment Booked,7,Yes,2025-07-03
L06080,2025-10-27,,Google Ads,Teeth Whitening,Clinic C,Contacted - No Appointment,39,No,
L06081,2025-03-07,,Google Organic,Invisalign,Clinic B,Contacted - No Appointment,18,No,
L06082,2025-07-22,,Facebook,Root Canal,Clinic D,Contacted - No Appointment,18,No,
L06083,2025-06-24,,Referral,Dental Crown,Clinic C,Contacted - No Appointment,18,No,
L06084,2025-01-01,,Facebook,Dental Implant,Clinic D,Contacted - No Appointment,19,No,
L06085,2025-06-20,P06085,Google Ads,Teeth Whitening,Clinic B,Appointment Booked,7,Yes,
L06086,2025-03-05,,Google Organic,Invisalign,Clinic A,Contacted - No Appointment,14,No,
L06087,2025-03-21,P06087,Google Ads,Invisalign,Clinic C,Appointment Booked,53,Yes,
L06088,2025-04-21,,Referral,Dental Crown,Clinic A,Contacted - No Appointment,18,No,
L06089,2025-07-12,,Google Ads,Root Canal,Clinic B,Contacted - No Appointment,13,No,
L06090,2025-08-16,P06090,Google Ads,General Dentistry,Clinic A,Appointment Booked,9,Yes,
L06091,2025-08-11,,Facebook,General Dentistry,Clinic C,Contacted - No Appointment,8,No,
L06092,2025-06-05,P06092,Google Ads,Root Canal,Clinic D,Appointment Booked,30,Yes,2025-10-06
L06093,2025-09-02,P06093,Google Ads,Root Canal,Clinic B,Appointment Booked,23,Yes,2025-08-09
L06094,2025-03-03,P06094,Facebook,Invisalign,Clinic D,Appointment Booked,21,Yes,2025-07-03
L06095,2025-12-14,P06095,Google Ads,Invisalign,Clinic B,Appointment Booked,29,Yes,
L06096,2025-09-09,,Google Ads,Root Canal,Clinic B,Contacted - No Appointment,36,No,
L06097,2025-12-16,,Google Ads,Teeth Whitening,Clinic D,Contacted - No Appointment,19,No,
L06098,2025-03-01,,Facebook,Invisalign,Clinic D,Contacted - No Appointment,32,No,
L06099,2025-11-01,P06099,Facebook,Invisalign,Clinic D,Appointment Booked,11,Yes,2025-09-11
L06100,2025-09-16,,Google Ads,Root Canal,Clinic B,Contacted - No Appointment,39,No,
L06101,2025-06-01,,Instagram,Dental Implant,Clinic C,Contacted - No Appointment,16,No,
L06102,2025-05-05,P06102,Google Organic,Teeth Whitening,Clinic A,Appointment Booked,57,Yes,2025-11-05
L06103,2025-04-08,P06103,Google Organic,Root Canal,Clinic B,Appointment Booked,18,Yes,2025-09-04
L06104,2025-07-03,P06104,Facebook,Root Canal,Clinic B,Appointment Booked,7,Yes,
L06105,2025-10-13,,Google Ads,Invisalign,Clinic D,Contacted - No Appointment,23,No,
L06106,2025-11-22,,Facebook,General Dentistry,Clinic D,Contacted - No Appointment,17,No,
L06107,2025-03-10,P06107,Referral,Dental Implant,Clinic B,Appointment Booked,6,Yes,
L06108,2025-10-01,P06108,Facebook,General Dentistry,Clinic A,Appointment Booked,59,Yes,
L06109,2025-04-03,,Google Ads,Root Canal,Clinic D,Contacted - No Appointment,16,No,
L06110,2025-10-25,,Google Ads,General Dentistry,Clinic A,Contacted - No Appointment,6,No,
L06111,2025-05-20,P06111,Referral,Teeth Whitening,Clinic C,Appointment Booked,17,Yes,
L06112,2025-06-20,,Google Organic,Dental Implant,Clinic A,Contacted - No Appointment,11,No,
L06113,2025-06-06,,Facebook,General Dentistry,Clinic B,Contacted - No Appointment,13,No,
L06114,2025-02-26,P06114,Google Ads,Dental Crown,Clinic D,Appointment Booked,25,Yes,2025-05-03
L06115,2025-07-04,P06115,Referral,Dental Implant,Clinic A,Appointment Booked,10,Yes,2025-12-07
L06116,2025-06-12,,Google Ads,Dental Implant,Clinic B,Contacted - No Appointment,35,No,
L06117,2025-11-23,,Facebook,Dental Crown,Clinic B,Contacted - No Appointment,11,No,
L06118,2025-04-18,,Google Organic,Dental Crown,Clinic D,Contacted - No Appointment,8,No,
L06119,2025-08-25,,Facebook,Teeth Whitening,Clinic D,Contacted - No Appointment,20,No,
L06120,2025-08-22,P06120,Google Ads,Teeth Whitening,Clinic A,Appointment Booked,4,Yes,
L06121,2025-04-08,,Google Ads,Dental Crown,Clinic A,Contacted - No Appointment,17,No,
L06122,2025-08-08,,Referral,Teeth Whitening,Clinic C,Contacted - No Appointment,15,No,
L06123,2025-05-12,P06123,Facebook,Dental Crown,Clinic B,Appointment Booked,14,Yes,
L06124,2025-01-09,P06124,Google Organic,Invisalign,Clinic C,Appointment Booked,7,Yes,
L06125,2025-07-24,,Instagram,General Dentistry,Clinic A,Contacted - No Appointment,10,No,
L06126,2025-02-23,,Referral,Dental Implant,Clinic A,Contacted - No Appointment,36,No,
L06127,2025-12-14,,Referral,Root Canal,Clinic C,Contacted - No Appointment,8,No,
L06128,2025-01-16,P06128,Facebook,Teeth Whitening,Clinic A,Appointment Booked,40,Yes,
L06129,2025-02-05,,Facebook,Root Canal,Clinic D,Contacted - No Appointment,31,No,
L06130,2025-04-29,P06130,Instagram,Dental Implant,Clinic A,Appointment Booked,15,Yes,2025-07-05
L06131,2025-10-01,,Google Organic,Dental Implant,Clinic A,Contacted - No Appointment,41,No,
L06132,2025-07-31,P06132,Facebook,Dental Crown,Clinic D,Appointment Booked,25,Yes,
L06133,2025-05-05,,Google Organic,General Dentistry,Clinic B,Contacted - No Appointment,16,No,
L06134,2025-01-17,P06134,Google Ads,Dental Crown,Clinic C,Appointment Booked,9,Yes,
L06135,2025-10-25,,Facebook,Root Canal,Clinic A,Contacted - No Appointment,17,No,
L06136,2025-05-17,,Google Organic,Invisalign,Clinic C,Not Contacted/Cold,50,No,
L06137,2025-07-06,,Google Ads,Invisalign,Clinic C,Contacted - No Appointment,17,No,
L06138,2025-01-15,,Facebook,Dental Implant,Clinic B,Not Contacted/Cold,58,No,
L06139,2025-06-19,,Referral,Invisalign,Clinic D,Contacted - No Appointment,13,No,
L06140,2025-11-01,,Instagram,Root Canal,Clinic C,Contacted - No Appointment,34,No,
L06141,2025-09-25,,Referral,Invisalign,Clinic B,Not Contacted/Cold,49,No,
L06142,2025-10-04,,Google Organic,Dental Implant,Clinic C,Contacted - No Appointment,14,No,
L06143,2025-09-25,,Google Organic,Teeth Whitening,Clinic C,Contacted - No Appointment,9,No,
L06144,2025-06-23,,Instagram,General Dentistry,Clinic A,Contacted - No Appointment,1,No,
L06145,2025-09-07,,Google Ads,General Dentistry,Clinic B,Contacted - No Appointment,16,No,
L06146,2025-12-22,P06146,Facebook,Dental Crown,Clinic B,Appointment Booked,29,Yes,
L06147,2025-11-28,,Google Ads,Dental Implant,Clinic B,Contacted - No Appointment,9,No,
L06148,2025-06-15,,Referral,Teeth Whitening,Clinic D,Contacted - No Appointment,12,No,
L06149,2025-01-18,,Google Ads,Dental Implant,Clinic B,Contacted - No Appointment,23,No,
L06150,2025-08-29,,Google Ads,Dental Crown,Clinic D,Contacted - No Appointment,32,No,
L06151,2025-08-11,,Instagram,Teeth Whitening,Clinic B,Contacted - No Appointment,23,No,
L06152,2025-05-26,,Facebook,Teeth Whitening,Clinic B,Contacted - No Appointment,9,No,
L06153,2025-04-27,,Google Ads,General Dentistry,Clinic D,Contacted - No Appointment,12,No,
L06154,2025-05-15,P06154,Google Ads,Teeth Whitening,Clinic C,Appointment Booked,9,Yes,
L06155,2025-11-24,,Google Organic,Dental Crown,Clinic C,Contacted - No Appointment,21,No,
L06156,2025-04-12,P06156,Facebook,Invisalign,Clinic A,Appointment Booked,11,Yes,
L06157,2025-05-15,P06157,Google Ads,General Dentistry,Clinic B,Appointment Booked,10,Yes,
L06158,2025-02-14,P06158,Facebook,Dental Implant,Clinic B,Appointment Booked,9,Yes,
L06159,2025-12-21,,Google Ads,General Dentistry,Clinic D,Not Contacted/Cold,55,No,
L06160,2025-07-27,P06160,Google Ads,Invisalign,Clinic B,Appointment Booked,22,Yes,2025-03-08
L06161,2025-07-22,,Referral,Dental Implant,Clinic D,Contacted - No Appointment,43,No,
L06162,2025-11-21,,Facebook,General Dentistry,Clinic C,Contacted - No Appointment,40,No,
L06163,2025-09-13,P06163,Google Ads,Dental Implant,Clinic B,Appointment Booked,41,Yes,
L06164,2025-07-08,,Referral,General Dentistry,Clinic C,Contacted - No Appointment,36,No,
L06165,2025-09-14,P06165,Google Organic,Invisalign,Clinic D,Appointment Booked,59,Yes,
L06166,2025-01-24,,Google Ads,General Dentistry,Clinic D,Contacted - No Appointment,22,No,
L06167,2025-10-04,,Facebook,Dental Crown,Clinic A,Contacted - No Appointment,22,No,
L06168,2025-12-11,P06168,Referral,Dental Crown,Clinic B,Appointment Booked,23,Yes,
L06169,2025-08-29,,Facebook,Root Canal,Clinic B,Contacted - No Appointment,4,No,
L06170,2025-07-08,,Instagram,Dental Implant,Clinic A,Contacted - No Appointment,12,No,
L06171,2025-09-05,,Facebook,General Dentistry,Clinic C,Contacted - No Appointment,37,No,
L06172,2025-09-06,,Facebook,Dental Implant,Clinic D,Contacted - No Appointment,16,No,
L06173,2025-09-08,P06173,Instagram,Root Canal,Clinic B,Appointment Booked,37,Yes,
L06174,2025-08-06,,Facebook,Dental Crown,Clinic C,Contacted - No Appointment,17,No,
L06175,2025-07-07,,Google Ads,Root Canal,Clinic C,Not Contacted/Cold,50,No,
L06176,2025-02-12,,Google Organic,Invisalign,Clinic B,Contacted - No Appointment,44,No,
L06177,2025-02-23,P06177,Google Ads,Dental Implant,Clinic A,Appointment Booked,9,Yes,2025-01-03
L06178,2025-03-09,P06178,Facebook,Dental Implant,Clinic C,Appointment Booked,5,Yes,
L06179,2025-12-03,,Instagram,General Dentistry,Clinic D,Contacted - No Appointment,6,No,
L06180,2025-05-13,P06180,Google Organic,Dental Implant,Clinic C,Appointment Booked,5,Yes,
L06181,2025-09-23,,Facebook,General Dentistry,Clinic A,Contacted - No Appointment,25,No,
L06182,2025-12-07,P06182,Google Organic,Invisalign,Clinic A,Appointment Booked,24,Yes,
L06183,2025-11-05,,Google Ads,Dental Implant,Clinic A,Contacted - No Appointment,24,No,
L06184,2025-06-24,P06184,Instagram,Dental Crown,Clinic C,Appointment Booked,21,Yes,
L06185,2025-04-29,,Google Organic,Dental Implant,Clinic D,Contacted - No Appointment,27,No,
L06186,2025-12-29,P06186,Referral,Dental Crown,Clinic A,Appointment Booked,8,Yes,2026-10-01
L06187,2025-06-14,P06187,Instagram,General Dentistry,Clinic D,Appointment Booked,54,Yes,
L06188,2025-04-25,,Facebook,Dental Implant,Clinic C,Contacted - No Appointment,29,No,
L06189,2025-07-18,P06189,Google Ads,Teeth Whitening,Clinic C,Appointment Booked,7,Yes,
L06190,2025-11-08,P06190,Facebook,Root Canal,Clinic D,Appointment Booked,11,Yes,
L06191,2025-01-24,P06191,Facebook,Dental Implant,Clinic A,Appointment Booked,25,Yes,
L06192,2025-11-04,P06192,Google Ads,Dental Implant,Clinic D,Appointment Booked,47,Yes,
L06193,2025-10-08,,Referral,General Dentistry,Clinic A,Contacted - No Appointment,11,No,
L06194,2025-01-28,P06194,Referral,Dental Implant,Clinic B,Appointment Booked,9,Yes,2025-01-02
L06195,2025-07-30,,Google Ads,General Dentistry,Clinic D,Contacted - No Appointment,35,No,
L06196,2025-12-01,,Instagram,Root Canal,Clinic D,Contacted - No Appointment,36,No,
L06197,2025-06-11,P06197,Google Organic,Dental Implant,Clinic B,Appointment Booked,16,Yes,
L06198,2025-09-28,,Google Ads,Root Canal,Clinic C,Contacted - No Appointment,9,No,
L06199,2025-11-14,P06199,Facebook,Teeth Whitening,Clinic C,Appointment Booked,13,Yes,
L06200,2025-10-28,,Facebook,Teeth Whitening,Clinic D,Not Contacted/Cold,59,No,
L06201,2025-09-22,P06201,Google Ads,Root Canal,Clinic A,Appointment Booked,66,Yes,
L06202,2025-12-14,,Instagram,General Dentistry,Clinic D,Contacted - No Appointment,34,No,
L06203,2025-03-22,,Referral,Dental Implant,Clinic B,Contacted - No Appointment,28,No,
L06204,2025-12-24,,Facebook,General Dentistry,Clinic B,Contacted - No Appointment,16,No,
L06205,2025-04-16,,Instagram,General Dentistry,Clinic B,Contacted - No Appointment,39,No,
L06206,2025-03-18,,Facebook,Teeth Whitening,Clinic B,Contacted - No Appointment,10,No,
L06207,2025-03-30,P06207,Referral,Teeth Whitening,Clinic D,Appointment Booked,14,Yes,2025-07-04
L06208,2025-07-17,,Referral,Root Canal,Clinic C,Contacted - No Appointment,13,No,
L06209,2025-05-24,,Google Ads,Dental Crown,Clinic D,Contacted - No Appointment,13,No,
L06210,2025-02-14,P06210,Referral,Dental Crown,Clinic A,Appointment Booked,6,Yes,
L06211,2025-07-28,,Google Ads,Root Canal,Clinic C,Contacted - No Appointment,3,No,
L06212,2025-10-05,,Google Ads,Dental Crown,Clinic D,Contacted - No Appointment,17,No,
L06213,2025-02-27,,Instagram,Invisalign,Clinic C,Not Contacted/Cold,47,No,
L06214,2025-02-05,,Facebook,Root Canal,Clinic C,Contacted - No Appointment,38,No,
L06215,2025-09-28,P06215,Facebook,Invisalign,Clinic C,Appointment Booked,24,Yes,2025-09-10
L06216,2025-03-28,,Instagram,Dental Implant,Clinic D,Contacted - No Appointment,18,No,
L06217,2025-11-17,P06217,Google Ads,Invisalign,Clinic D,Appointment Booked,61,Yes,
L06218,2025-11-01,,Google Ads,General Dentistry,Clinic A,Contacted - No Appointment,26,No,
L06219,2025-10-06,P06219,Facebook,Root Canal,Clinic D,Appointment Booked,12,Yes,
L06220,2025-04-29,,Google Ads,Teeth Whitening,Clinic B,Contacted - No Appointment,19,No,
L06221,2025-02-04,,Google Ads,Dental Implant,Clinic A,Contacted - No Appointment,44,No,
L06222,2025-12-05,,Google Ads,Root Canal,Clinic D,Contacted - No Appointment,3,No,
L06223,2025-12-19,P06223,Google Organic,Dental Implant,Clinic B,Appointment Booked,40,Yes,
L06224,2025-07-24,,Referral,Dental Implant,Clinic D,Contacted - No Appointment,18,No,
L06225,2025-06-13,,Google Ads,Dental Crown,Clinic B,Contacted - No Appointment,16,No,
L06226,2025-04-25,,Google Ads,Dental Crown,Clinic A,Contacted - No Appointment,10,No,
L06227,2025-01-04,,Instagram,Invisalign,Clinic B,Contacted - No Appointment,24,No,
L06228,2025-07-09,P06228,Referral,Root Canal,Clinic A,Appointment Booked,25,Yes,
L06229,2025-10-17,,Google Ads,General Dentistry,Clinic D,Contacted - No Appointment,19,No,
L06230,2025-11-06,,Referral,Dental Implant,Clinic B,Contacted - No Appointment,11,No,
L06231,2025-06-09,P06231,Facebook,Dental Implant,Clinic B,Appointment Booked,28,Yes,
L06232,2025-01-07,,Referral,Dental Crown,Clinic A,Not Contacted/Cold,48,No,
L06233,2025-05-01,,Google Ads,Dental Implant,Clinic B,Not Contacted/Cold,46,No,
L06234,2025-04-09,P06234,Referral,General Dentistry,Clinic D,Appointment Booked,12,Yes,
L06235,2025-01-21,,Facebook,Dental Crown,Clinic A,Contacted - No Appointment,11,No,
L06236,2025-02-14,P06236,Referral,Root Canal,Clinic C,Appointment Booked,21,Yes,
L06237,2025-07-11,,Facebook,Root Canal,Clinic D,Contacted - No Appointment,7,No,
L06238,2025-06-19,,Facebook,Dental Crown,Clinic C,Contacted - No Appointment,26,No,
L06239,2025-06-22,P06239,Google Organic,Dental Implant,Clinic D,Appointment Booked,12,Yes,2025-06-07
L06240,2025-10-11,,Google Organic,General Dentistry,Clinic A,Contacted - No Appointment,10,No,
L06241,2025-02-13,,Instagram,Dental Crown,Clinic A,Contacted - No Appointment,38,No,
L06242,2025-11-10,,Facebook,Invisalign,Clinic D,Contacted - No Appointment,8,No,
L06243,2025-02-20,,Google Organic,Dental Crown,Clinic C,Contacted - No Appointment,29,No,
L06244,2025-02-03,P06244,Referral,Dental Implant,Clinic C,Appointment Booked,3,Yes,2025-09-02
L06245,2025-05-09,,Google Ads,Dental Implant,Clinic C,Not Contacted/Cold,52,No,
L06246,2025-01-23,,Instagram,Dental Crown,Clinic B,Contacted - No Appointment,19,No,
L06247,2025-01-12,P06247,Referral,Dental Crown,Clinic A,Appointment Booked,5,Yes,
L06248,2025-04-21,P06248,Instagram,Dental Crown,Clinic D,Appointment Booked,18,Yes,2025-01-05
L06249,2025-09-15,P06249,Google Organic,Invisalign,Clinic C,Appointment Booked,57,Yes,
L06250,2025-02-15,P06250,Referral,Dental Crown,Clinic B,Appointment Booked,7,Yes,
L06251,2025-09-29,P06251,Google Organic,Dental Implant,Clinic D,Appointment Booked,29,Yes,
L06252,2025-04-02,P06252,Google Organic,Dental Crown,Clinic B,Appointment Booked,22,Yes,
L06253,2025-09-22,P06253,Referral,Dental Crown,Clinic B,Appointment Booked,12,Yes,
L06254,2025-06-18,P06254,Referral,Dental Crown,Clinic D,Appointment Booked,19,Yes,
L06255,2025-12-12,P06255,Google Organic,General Dentistry,Clinic D,Appointment Booked,19,Yes,
L06256,2025-05-08,P06256,Google Ads,General Dentistry,Clinic C,Appointment Booked,3,Yes,
L06257,2025-03-07,,Google Ads,General Dentistry,Clinic A,Contacted - No Appointment,9,No,
L06258,2025-10-10,,Instagram,General Dentistry,Clinic A,Contacted - No Appointment,13,No,
L06259,2025-12-21,,Google Organic,Teeth Whitening,Clinic C,Not Contacted/Cold,46,No,
L06260,2025-10-27,,Facebook,General Dentistry,Clinic B,Not Contacted/Cold,69,No,
L06261,2025-07-17,P06261,Google Ads,General Dentistry,Clinic D,Appointment Booked,5,Yes,
L06262,2025-04-17,,Facebook,Teeth Whitening,Clinic D,Contacted - No Appointment,32,No,
L06263,2025-05-28,,Google Organic,Dental Implant,Clinic D,Contacted - No Appointment,5,No,
L06264,2025-03-14,,Referral,Dental Implant,Clinic B,Not Contacted/Cold,60,No,
L06265,2025-03-20,P06265,Referral,General Dentistry,Clinic D,Appointment Booked,24,Yes,2025-01-04
L06266,2025-10-06,,Facebook,Root Canal,Clinic B,Contacted - No Appointment,16,No,
L06267,2025-12-17,,Facebook,Teeth Whitening,Clinic A,Contacted - No Appointment,13,No,
L06268,2025-06-27,,Facebook,Invisalign,Clinic A,Contacted - No Appointment,18,No,
L06269,2025-01-21,,Facebook,Root Canal,Clinic B,Contacted - No Appointment,10,No,
L06270,2025-06-11,,Instagram,Teeth Whitening,Clinic D,Contacted - No Appointment,15,No,
L06271,2025-11-28,P06271,Facebook,General Dentistry,Clinic A,Appointment Booked,7,Yes,2025-02-12
L06272,2025-11-22,,Google Ads,Dental Implant,Clinic A,Contacted - No Appointment,27,No,
L06273,2025-02-11,,Facebook,General Dentistry,Clinic D,Contacted - No Appointment,13,No,
L06274,2025-02-11,,Google Ads,Teeth Whitening,Clinic A,Contacted - No Appointment,20,No,
L06275,2025-11-13,P06275,Google Ads,Invisalign,Clinic D,Appointment Booked,42,Yes,
L06276,2025-03-17,,Facebook,Root Canal,Clinic B,Contacted - No Appointment,29,No,
L06277,2025-09-29,,Google Ads,Dental Implant,Clinic A,Contacted - No Appointment,9,No,
L06278,2025-06-12,,Facebook,Dental Implant,Clinic D,Contacted - No Appointment,27,No,
L06279,2025-09-25,P06279,Google Ads,Root Canal,Clinic A,Appointment Booked,21,Yes,2025-06-10
L06280,2025-12-23,,Instagram,Dental Implant,Clinic C,Contacted - No Appointment,3,No,
L06281,2025-03-11,,Referral,Invisalign,Clinic B,Contacted - No Appointment,28,No,
L06282,2025-11-11,,Facebook,General Dentistry,Clinic A,Contacted - No Appointment,19,No,
L06283,2025-05-03,,Instagram,Dental Crown,Clinic A,Contacted - No Appointment,13,No,
L06284,2025-08-30,P06284,Referral,Dental Crown,Clinic A,Appointment Booked,30,Yes,2025-11-09
L06285,2025-04-10,,Facebook,Invisalign,Clinic A,Contacted - No Appointment,10,No,
L06286,2025-11-07,,Google Ads,General Dentistry,Clinic D,Contacted - No Appointment,28,No,
L06287,2025-07-16,,Google Ads,General Dentistry,Clinic B,Contacted - No Appointment,43,No,
L06288,2025-03-19,P06288,Facebook,Root Canal,Clinic B,Appointment Booked,8,Yes,
L06289,2025-10-28,,Instagram,General Dentistry,Clinic B,Contacted - No Appointment,27,No,
L06290,2025-06-27,P06290,Google Ads,General Dentistry,Clinic D,Appointment Booked,1,Yes,2025-10-07
L06291,2025-11-09,,Referral,Teeth Whitening,Clinic D,Contacted - No Appointment,17,No,
L06292,2025-07-28,P06292,Google Ads,Teeth Whitening,Clinic C,Appointment Booked,22,Yes,2025-10-08
L06293,2025-09-20,P06293,Referral,Dental Implant,Clinic D,Appointment Booked,12,Yes,
L06294,2025-07-13,,Referral,Invisalign,Clinic B,Contacted - No Appointment,18,No,
L06295,2025-10-06,,Referral,Dental Implant,Clinic B,Contacted - No Appointment,12,No,
L06296,2025-06-20,P06296,Google Organic,Dental Implant,Clinic C,Appointment Booked,8,Yes,
L06297,2025-04-19,,Google Ads,Dental Implant,Clinic C,Contacted - No Appointment,33,No,
L06298,2025-12-21,,Google Organic,General Dentistry,Clinic B,Contacted - No Appointment,5,No,
L06299,2025-09-07,P06299,Google Ads,Invisalign,Clinic B,Appointment Booked,24,Yes,2025-11-09
L06300,2025-11-08,,Referral,General Dentistry,Clinic D,Contacted - No Appointment,14,No,
L06301,2025-03-19,P06301,Facebook,Dental Crown,Clinic D,Appointment Booked,18,Yes,
L06302,2025-06-21,,Facebook,Invisalign,Clinic B,Contacted - No Appointment,24,No,
L06303,2025-12-06,,Referral,Root Canal,Clinic C,Contacted - No Appointment,39,No,
L06304,2025-02-01,,Google Ads,Invisalign,Clinic B,Contacted - No Appointment,12,No,
L06305,2025-10-12,,Google Ads,General Dentistry,Clinic A,Contacted - No Appointment,7,No,
L06306,2025-06-16,,Facebook,General Dentistry,Clinic B,Contacted - No Appointment,19,No,
L06307,2025-05-02,P06307,Google Organic,Dental Implant,Clinic B,Appointment Booked,19,Yes,2025-08-05
L06308,2025-03-08,P06308,Instagram,General Dentistry,Clinic A,Appointment Booked,50,Yes,
L06309,2025-08-17,,Instagram,Teeth Whitening,Clinic D,Contacted - No Appointment,7,No,
L06310,2025-01-30,P06310,Referral,Dental Implant,Clinic B,Appointment Booked,29,Yes,2025-10-02
L06311,2025-06-01,,Google Ads,Dental Crown,Clinic C,Contacted - No Appointment,22,No,
L06312,2025-12-02,P06312,Facebook,Dental Crown,Clinic A,Appointment Booked,37,Yes,2025-03-12
L06313,2025-01-12,,Google Organic,Invisalign,Clinic A,Contacted - No Appointment,7,No,
L06314,2025-09-29,,Instagram,Teeth Whitening,Clinic D,Contacted - No Appointment,17,No,
L06315,2025-05-02,,Facebook,Dental Implant,Clinic C,Contacted - No Appointment,41,No,
L06316,2025-01-12,,Google Ads,Root Canal,Clinic D,Contacted - No Appointment,2,No,
L06317,2025-06-30,,Google Ads,Dental Implant,Clinic D,Contacted - No Appointment,6,No,
L06318,2025-10-08,P06318,Google Ads,General Dentistry,Clinic B,Appointment Booked,28,Yes,
L06319,2025-02-27,P06319,Facebook,Teeth Whitening,Clinic B,Appointment Booked,5,Yes,2025-09-03
L06320,2025-04-18,P06320,Google Ads,Dental Implant,Clinic D,Appointment Booked,18,Yes,
L06321,2025-05-13,,Facebook,Invisalign,Clinic D,Contacted - No Appointment,9,No,
L06322,2025-11-09,P06322,Google Ads,Dental Implant,Clinic C,Appointment Booked,22,Yes,
L06323,2025-06-01,,Google Organic,Teeth Whitening,Clinic D,Not Contacted/Cold,57,No,
L06324,2025-03-29,,Referral,Dental Implant,Clinic D,Contacted - No Appointment,11,No,
L06325,2025-11-04,P06325,Facebook,General Dentistry,Clinic B,Appointment Booked,10,Yes,
L06326,2025-05-01,,Facebook,General Dentistry,Clinic C,Contacted - No Appointment,39,No,
L06327,2025-02-28,,Referral,Dental Crown,Clinic D,Contacted - No Appointment,7,No,
L06328,2025-07-28,,Facebook,Invisalign,Clinic C,Contacted - No Appointment,5,No,
L06329,2025-10-08,P06329,Referral,Root Canal,Clinic A,Appointment Booked,9,Yes,2025-10-10
L06330,2025-03-02,,Google Ads,Root Canal,Clinic B,Contacted - No Appointment,26,No,
L06331,2025-07-19,P06331,Referral,Dental Crown,Clinic A,Appointment Booked,9,Yes,
L06332,2025-05-12,P06332,Facebook,Dental Crown,Clinic A,Appointment Booked,23,Yes,
L06333,2025-09-08,,Google Ads,Dental Crown,Clinic D,Contacted - No Appointment,28,No,
L06334,2025-11-22,,Referral,Root Canal,Clinic A,Contacted - No Appointment,14,No,
L06335,2025-05-19,,Referral,General Dentistry,Clinic A,Contacted - No Appointment,14,No,
L06336,2025-05-06,P06336,Facebook,Dental Implant,Clinic B,Appointment Booked,17,Yes,
L06337,2025-05-15,,Referral,Root Canal,Clinic C,Not Contacted/Cold,59,No,
L06338,2025-12-20,,Google Ads,Teeth Whitening,Clinic C,Contacted - No Appointment,12,No,
L06339,2025-12-29,,Google Organic,Dental Implant,Clinic A,Contacted - No Appointment,18,No,
L06340,2025-10-13,,Google Ads,Teeth Whitening,Clinic A,Not Contacted/Cold,49,No,
L06341,2025-09-21,P06341,Google Ads,Teeth Whitening,Clinic A,Appointment Booked,52,Yes,2025-01-10
L06342,2025-11-14,P06342,Google Organic,Dental Crown,Clinic B,Appointment Booked,11,Yes,
L06343,2025-09-05,P06343,Facebook,Dental Implant,Clinic B,Appointment Booked,7,Yes,
L06344,2025-04-03,P06344,Google Ads,Invisalign,Clinic D,Appointment Booked,33,Yes,2025-09-04
L06345,2025-05-06,P06345,Facebook,Invisalign,Clinic B,Appointment Booked,17,Yes,
L06346,2025-12-01,,Google Ads,Invisalign,Clinic A,Not Contacted/Cold,48,No,
L06347,2025-07-17,P06347,Google Organic,General Dentistry,Clinic C,Appointment Booked,5,Yes,
L06348,2025-05-15,,Google Ads,Dental Crown,Clinic B,Contacted - No Appointment,7,No,
L06349,2025-09-11,P06349,Google Organic,Invisalign,Clinic C,Appointment Booked,18,Yes,
L06350,2025-01-29,,Google Ads,General Dentistry,Clinic B,Contacted - No Appointment,20,No,
L06351,2025-02-25,P06351,Facebook,Teeth Whitening,Clinic C,Appointment Booked,10,Yes,2025-10-03
L06352,2025-10-17,P06352,Google Ads,Invisalign,Clinic D,Appointment Booked,21,Yes,
L06353,2025-12-06,,Instagram,Root Canal,Clinic D,Contacted - No Appointment,35,No,
L06354,2025-01-11,P06354,Google Ads,Invisalign,Clinic B,Appointment Booked,19,Yes,
L06355,2025-11-14,,Facebook,General Dentistry,Clinic B,Contacted - No Appointment,34,No,
L06356,2025-07-04,P06356,Facebook,Root Canal,Clinic B,Appointment Booked,14,Yes,2025-12-07
L06357,2025-08-25,,Referral,General Dentistry,Clinic D,Contacted - No Appointment,38,No,
L06358,2025-11-11,,Google Ads,Invisalign,Clinic D,Contacted - No Appointment,25,No,
L06359,2025-02-28,,Google Organic,General Dentistry,Clinic A,Contacted - No Appointment,8,No,
L06360,2025-11-12,P06360,Google Ads,Dental Implant,Clinic A,Appointment Booked,25,Yes,
L06361,2025-11-30,,Google Ads,General Dentistry,Clinic B,Contacted - No Appointment,18,No,
L06362,2025-08-20,,Google Ads,General Dentistry,Clinic A,Contacted - No Appointment,21,No,
L06363,2025-11-11,,Google Ads,Root Canal,Clinic B,Contacted - No Appointment,18,No,
L06364,2025-07-13,,Facebook,Teeth Whitening,Clinic A,Contacted - No Appointment,12,No,
L06365,2025-10-26,,Referral,Teeth Whitening,Clinic C,Not Contacted/Cold,58,No,
L06366,2025-08-11,,Google Ads,General Dentistry,Clinic D,Contacted - No Appointment,23,No,
L06367,2025-04-09,,Facebook,Invisalign,Clinic D,Contacted - No Appointment,19,No,
L06368,2025-04-29,P06368,Facebook,Root Canal,Clinic B,Appointment Booked,6,Yes,2025-02-05
L06369,2025-11-18,,Facebook,General Dentistry,Clinic C,Contacted - No Appointment,27,No,
L06370,2025-10-12,,Facebook,Teeth Whitening,Clinic D,Contacted - No Appointment,3,No,
L06371,2025-09-28,,Referral,Root Canal,Clinic A,Contacted - No Appointment,29,No,
L06372,2025-08-31,,Google Ads,General Dentistry,Clinic C,Contacted - No Appointment,7,No,
L06373,2025-12-21,,Google Organic,Dental Implant,Clinic B,Contacted - No Appointment,8,No,
L06374,2025-02-12,,Google Ads,Teeth Whitening,Clinic A,Contacted - No Appointment,5,No,
L06375,2025-03-06,,Facebook,Invisalign,Clinic B,Not Contacted/Cold,69,No,
L06376,2025-12-22,P06376,Facebook,Invisalign,Clinic A,Appointment Booked,43,Yes,
L06377,2025-09-03,P06377,Facebook,Root Canal,Clinic C,Appointment Booked,12,Yes,
L06378,2025-10-06,,Google Ads,Root Canal,Clinic A,Contacted - No Appointment,20,No,
L06379,2025-09-10,,Google Ads,Root Canal,Clinic B,Contacted - No Appointment,26,No,
L06380,2025-01-12,,Google Ads,Root Canal,Clinic A,Contacted - No Appointment,8,No,
L06381,2025-12-05,,Google Organic,Invisalign,Clinic D,Contacted - No Appointment,1,No,
L06382,2025-02-23,,Google Ads,Dental Implant,Clinic B,Contacted - No Appointment,12,No,
L06383,2025-02-22,,Google Organic,Teeth Whitening,Clinic C,Contacted - No Appointment,6,No,
L06384,2025-09-27,,Google Ads,Root Canal,Clinic C,Contacted - No Appointment,11,No,
L06385,2025-05-04,,Referral,Root Canal,Clinic B,Contacted - No Appointment,20,No,
L06386,2025-07-02,,Facebook,Dental Crown,Clinic A,Contacted - No Appointment,3,No,
L06387,2025-10-20,,Google Ads,General Dentistry,Clinic C,Contacted - No Appointment,16,No,
L06388,2025-01-14,P06388,Referral,Teeth Whitening,Clinic A,Appointment Booked,16,Yes,
L06389,2025-04-15,P06389,Google Ads,Dental Implant,Clinic A,Appointment Booked,24,Yes,
L06390,2025-10-21,,Instagram,General Dentistry,Clinic C,Contacted - No Appointment,20,No,
L06391,2025-09-29,,Instagram,General Dentistry,Clinic A,Contacted - No Appointment,21,No,
L06392,2025-01-06,P06392,Facebook,Root Canal,Clinic B,Appointment Booked,18,Yes,2025-08-01
L06393,2025-11-23,P06393,Referral,General Dentistry,Clinic B,Appointment Booked,26,Yes,
L06394,2025-03-17,P06394,Google Organic,Root Canal,Clinic B,Appointment Booked,24,Yes,
L06395,2025-11-22,,Google Organic,Root Canal,Clinic C,Contacted - No Appointment,5,No,
L06396,2025-05-07,,Referral,Invisalign,Clinic C,Contacted - No Appointment,33,No,
L06397,2025-11-22,P06397,Facebook,Dental Crown,Clinic C,Appointment Booked,15,Yes,
L06398,2025-05-31,,Google Ads,Invisalign,Clinic C,Contacted - No Appointment,36,No,
L06399,2025-08-12,P06399,Google Organic,Dental Implant,Clinic B,Appointment Booked,21,Yes,
L06400,2025-08-01,,Facebook,Dental Implant,Clinic B,Contacted - No Appointment,36,No,
L06401,2025-02-28,,Google Ads,Invisalign,Clinic B,Contacted - No Appointment,31,No,
L06402,2025-07-10,,Facebook,Root Canal,Clinic B,Contacted - No Appointment,9,No,
L06403,2025-04-27,,Referral,Dental Crown,Clinic D,Contacted - No Appointment,10,No,
L06404,2025-09-23,,Google Ads,Invisalign,Clinic D,Contacted - No Appointment,40,No,
L06405,2025-02-14,P06405,Google Organic,General Dentistry,Clinic A,Appointment Booked,28,Yes,
L06406,2025-02-15,,Facebook,Invisalign,Clinic A,Contacted - No Appointment,41,No,
L06407,2025-02-07,P06407,Google Ads,Root Canal,Clinic A,Appointment Booked,8,Yes,
L06408,2025-09-09,,Google Organic,Dental Implant,Clinic A,Contacted - No Appointment,13,No,
L06409,2025-07-13,,Referral,Invisalign,Clinic A,Contacted - No Appointment,15,No,
L06410,2025-02-19,P06410,Google Ads,Dental Implant,Clinic C,Appointment Booked,25,Yes,2025-03-03
L06411,2025-05-21,P06411,Facebook,Dental Crown,Clinic D,Appointment Booked,11,Yes,
L06412,2025-12-06,,Facebook,Teeth Whitening,Clinic C,Contacted - No Appointment,33,No,
L06413,2025-11-10,P06413,Google Organic,Invisalign,Clinic A,Appointment Booked,22,Yes,
L06414,2025-10-01,,Google Ads,Root Canal,Clinic B,Contacted - No Appointment,22,No,
L06415,2025-12-01,P06415,Google Ads,Dental Implant,Clinic B,Appointment Booked,22,Yes,2025-08-12
L06416,2025-11-17,P06416,Google Organic,General Dentistry,Clinic D,Appointment Booked,15,Yes,
L06417,2025-08-27,,Facebook,Teeth Whitening,Clinic D,Contacted - No Appointment,23,No,
L06418,2025-07-31,P06418,Facebook,Dental Implant,Clinic D,Appointment Booked,27,Yes,
L06419,2025-08-01,,Referral,Root Canal,Clinic B,Contacted - No Appointment,13,No,
L06420,2025-10-07,P06420,Referral,General Dentistry,Clinic C,Appointment Booked,11,Yes,
L06421,2025-11-16,,Referral,Root Canal,Clinic A,Contacted - No Appointment,17,No,
L06422,2025-02-05,P06422,Google Ads,Root Canal,Clinic C,Appointment Booked,17,Yes,2025-07-02
L06423,2025-04-25,P06423,Referral,Root Canal,Clinic A,Appointment Booked,31,Yes,2025-05-05
L06424,2025-12-14,,Google Organic,Dental Crown,Clinic B,Contacted - No Appointment,14,No,
L06425,2025-06-04,,Google Ads,General Dentistry,Clinic C,Contacted - No Appointment,32,No,
L06426,2025-03-02,P06426,Instagram,General Dentistry,Clinic A,Appointment Booked,37,Yes,
L06427,2025-11-10,P06427,Google Ads,Teeth Whitening,Clinic A,Appointment Booked,17,Yes,
L06428,2025-07-25,,Google Organic,Root Canal,Clinic A,Contacted - No Appointment,21,No,
L06429,2025-12-28,,Google Organic,Root Canal,Clinic A,Contacted - No Appointment,32,No,
L06430,2025-08-02,,Google Organic,Root Canal,Clinic A,Contacted - No Appointment,41,No,
L06431,2025-10-24,,Google Ads,General Dentistry,Clinic A,Contacted - No Appointment,20,No,
L06432,2025-03-08,P06432,Instagram,Teeth Whitening,Clinic A,Appointment Booked,11,Yes,
L06433,2025-07-30,,Google Ads,Root Canal,Clinic A,Contacted - No Appointment,32,No,
L06434,2025-01-13,P06434,Referral,Dental Implant,Clinic D,Appointment Booked,18,Yes,
L06435,2025-02-04,P06435,Google Organic,Root Canal,Clinic B,Appointment Booked,10,Yes,2025-12-02
L06436,2025-01-27,,Google Ads,General Dentistry,Clinic A,Contacted - No Appointment,41,No,
L06437,2025-06-21,,Google Ads,Root Canal,Clinic C,Contacted - No Appointment,22,No,
L06438,2025-10-04,,Instagram,Invisalign,Clinic D,Contacted - No Appointment,43,No,
L06439,2025-08-15,,Facebook,Dental Implant,Clinic C,Contacted - No Appointment,30,No,
L06440,2025-04-08,,Google Organic,Root Canal,Clinic B,Contacted - No Appointment,18,No,
L06441,2025-02-23,,Google Ads,General Dentistry,Clinic C,Contacted - No Appointment,35,No,
L06442,2025-03-25,,Instagram,General Dentistry,Clinic C,Contacted - No Appointment,32,No,
L06443,2025-01-12,,Google Ads,General Dentistry,Clinic C,Contacted - No Appointment,9,No,
L06444,2025-07-26,P06444,Facebook,Teeth Whitening,Clinic C,Appointment Booked,30,Yes,2025-08-08
L06445,2025-05-01,P06445,Referral,Dental Crown,Clinic D,Appointment Booked,55,Yes,2025-07-05
L06446,2025-12-25,,Instagram,Dental Crown,Clinic D,Contacted - No Appointment,18,No,
L06447,2025-07-19,P06447,Google Ads,Root Canal,Clinic C,Appointment Booked,32,Yes,
L06448,2025-11-18,P06448,Referral,Teeth Whitening,Clinic B,Appointment Booked,63,Yes,
L06449,2025-07-13,P06449,Google Ads,Root Canal,Clinic C,Appointment Booked,16,Yes,
L06450,2025-03-23,,Google Organic,Dental Crown,Clinic D,Contacted - No Appointment,23,No,
L06451,2025-08-22,,Facebook,Dental Implant,Clinic A,Contacted - No Appointment,22,No,
L06452,2025-05-25,P06452,Google Ads,Invisalign,Clinic D,Appointment Booked,20,Yes,
L06453,2025-06-01,,Google Ads,General Dentistry,Clinic A,Not Contacted/Cold,62,No,
L06454,2025-10-09,,Google Ads,General Dentistry,Clinic B,Contacted - No Appointment,6,No,
L06455,2025-08-01,P06455,Referral,Root Canal,Clinic D,Appointment Booked,19,Yes,2025-11-08
L06456,2025-10-23,,Referral,Dental Implant,Clinic A,Contacted - No Appointment,17,No,
L06457,2025-02-04,,Facebook,General Dentistry,Clinic B,Contacted - No Appointment,18,No,
L06458,2025-07-28,,Google Ads,Teeth Whitening,Clinic A,Contacted - No Appointment,9,No,
L06459,2025-06-07,,Referral,Root Canal,Clinic B,Contacted - No Appointment,38,No,
L06460,2025-06-13,P06460,Facebook,Dental Crown,Clinic A,Appointment Booked,29,Yes,
L06461,2025-11-27,,Facebook,Root Canal,Clinic B,Contacted - No Appointment,12,No,
L06462,2025-01-18,,Facebook,Root Canal,Clinic B,Contacted - No Appointment,14,No,
L06463,2025-06-18,P06463,Facebook,General Dentistry,Clinic D,Appointment Booked,8,Yes,
L06464,2025-06-30,P06464,Facebook,Dental Implant,Clinic D,Appointment Booked,15,Yes,2025-09-07
L06465,2025-04-01,,Instagram,Dental Implant,Clinic A,Contacted - No Appointment,23,No,
L06466,2025-10-01,P06466,Facebook,Dental Implant,Clinic C,Appointment Booked,7,Yes,
L06467,2025-01-11,,Referral,Invisalign,Clinic A,Contacted - No Appointment,16,No,
L06468,2025-12-29,,Facebook,Dental Implant,Clinic A,Contacted - No Appointment,5,No,
L06469,2025-04-02,P06469,Instagram,Invisalign,Clinic A,Appointment Booked,13,Yes,2025-03-04
L06470,2025-01-01,P06470,Google Ads,Dental Implant,Clinic D,Appointment Booked,24,Yes,2025-03-01
L06471,2025-10-06,,Google Organic,Invisalign,Clinic D,Contacted - No Appointment,16,No,
L06472,2025-06-05,,Google Ads,Invisalign,Clinic A,Contacted - No Appointment,6,No,
L06473,2025-10-04,,Google Ads,Dental Implant,Clinic A,Contacted - No Appointment,23,No,
L06474,2025-10-03,,Google Organic,Dental Crown,Clinic A,Contacted - No Appointment,18,No,
L06475,2025-02-21,P06475,Google Ads,Dental Crown,Clinic C,Appointment Booked,12,Yes,
L06476,2025-04-11,,Instagram,Dental Implant,Clinic C,Contacted - No Appointment,15,No,
L06477,2025-06-13,,Referral,Dental Crown,Clinic A,Contacted - No Appointment,15,No,
L06478,2025-04-12,P06478,Facebook,General Dentistry,Clinic D,Appointment Booked,10,Yes,
L06479,2025-03-21,P06479,Google Ads,General Dentistry,Clinic B,Appointment Booked,39,Yes,
L06480,2025-07-03,,Facebook,Dental Implant,Clinic D,Contacted - No Appointment,42,No,
L06481,2025-03-13,,Google Organic,Teeth Whitening,Clinic C,Contacted - No Appointment,2,No,
L06482,2025-06-20,,Facebook,Root Canal,Clinic B,Contacted - No Appointment,19,No,
L06483,2025-10-09,P06483,Google Organic,Dental Implant,Clinic D,Appointment Booked,47,Yes,2025-12-10
L06484,2025-10-22,P06484,Google Organic,Invisalign,Clinic D,Appointment Booked,14,Yes,
L06485,2025-06-24,,Facebook,Invisalign,Clinic B,Contacted - No Appointment,35,No,
L06486,2025-10-11,,Google Organic,Root Canal,Clinic B,Contacted - No Appointment,30,No,
L06487,2025-10-09,,Facebook,Dental Crown,Clinic D,Contacted - No Appointment,10,No,
L06488,2025-03-17,,Facebook,Teeth Whitening,Clinic A,Contacted - No Appointment,18,No,
L06489,2025-01-17,P06489,Google Organic,Invisalign,Clinic A,Appointment Booked,19,Yes,
L06490,2025-08-04,,Google Ads,Invisalign,Clinic B,Contacted - No Appointment,13,No,
L06491,2025-01-23,P06491,Google Ads,Invisalign,Clinic D,Appointment Booked,26,Yes,
L06492,2025-04-21,P06492,Instagram,Root Canal,Clinic D,Appointment Booked,31,Yes,
L06493,2025-03-28,P06493,Instagram,General Dentistry,Clinic D,Appointment Booked,21,Yes,2025-08-04
L06494,2025-10-23,,Facebook,Teeth Whitening,Clinic C,Contacted - No Appointment,33,No,
L06495,2025-10-26,P06495,Google Organic,General Dentistry,Clinic A,Appointment Booked,22,Yes,
L06496,2025-07-17,P06496,Facebook,Dental Crown,Clinic C,Appointment Booked,19,Yes,
L06497,2025-08-21,P06497,Referral,Root Canal,Clinic D,Appointment Booked,4,Yes,
L06498,2025-11-06,P06498,Google Organic,Root Canal,Clinic A,Appointment Booked,7,Yes,
L06499,2025-07-24,P06499,Facebook,Root Canal,Clinic A,Appointment Booked,53,Yes,2025-07-08
L06500,2025-01-21,P06500,Facebook,Root Canal,Clinic A,Appointment Booked,28,Yes,2025-01-02
L06501,2025-06-21,P06501,Instagram,General Dentistry,Clinic C,Appointment Booked,46,Yes,
L06502,2025-11-25,P06502,Referral,Root Canal,Clinic D,Appointment Booked,17,Yes,
L06503,2025-09-19,,Google Ads,Invisalign,Clinic C,Not Contacted/Cold,74,No,
L06504,2025-11-13,,Facebook,Teeth Whitening,Clinic D,Contacted - No Appointment,18,No,
L06505,2025-04-25,P06505,Google Ads,General Dentistry,Clinic A,Appointment Booked,17,Yes,2025-07-05
L06506,2025-10-09,P06506,Google Ads,Root Canal,Clinic D,Appointment Booked,5,Yes,
L06507,2025-06-27,,Google Organic,Dental Crown,Clinic D,Contacted - No Appointment,33,No,
L06508,2025-04-08,,Google Ads,Dental Implant,Clinic B,Not Contacted/Cold,46,No,
L06509,2025-12-27,,Instagram,Root Canal,Clinic D,Not Contacted/Cold,60,No,
L06510,2025-01-22,P06510,Referral,Dental Implant,Clinic B,Appointment Booked,20,Yes,2025-01-02
L06511,2025-09-09,,Referral,Dental Implant,Clinic D,Contacted - No Appointment,11,No,
L06512,2025-11-04,,Google Ads,Dental Crown,Clinic D,Contacted - No Appointment,18,No,
L06513,2025-12-10,P06513,Google Organic,Invisalign,Clinic D,Appointment Booked,28,Yes,
L06514,2025-02-27,,Referral,Teeth Whitening,Clinic C,Contacted - No Appointment,16,No,
L06515,2025-06-17,,Google Ads,General Dentistry,Clinic A,Contacted - No Appointment,17,No,
L06516,2025-01-17,,Facebook,Dental Implant,Clinic C,Contacted - No Appointment,19,No,
L06517,2025-09-12,P06517,Referral,Teeth Whitening,Clinic B,Appointment Booked,20,Yes,
L06518,2025-01-25,,Google Ads,Root Canal,Clinic D,Contacted - No Appointment,7,No,
L06519,2025-07-20,P06519,Referral,Dental Implant,Clinic D,Appointment Booked,23,Yes,
L06520,2025-03-14,P06520,Facebook,Dental Crown,Clinic D,Appointment Booked,10,Yes,
L06521,2025-07-30,,Google Ads,Dental Crown,Clinic A,Contacted - No Appointment,21,No,
L06522,2025-11-17,,Facebook,Root Canal,Clinic D,Contacted - No Appointment,5,No,
L06523,2025-03-22,,Facebook,General Dentistry,Clinic D,Contacted - No Appointment,40,No,
L06524,2025-09-20,,Google Ads,Root Canal,Clinic D,Contacted - No Appointment,20,No,
L06525,2025-12-11,P06525,Facebook,General Dentistry,Clinic A,Appointment Booked,17,Yes,
L06526,2025-10-24,,Facebook,Root Canal,Clinic A,Contacted - No Appointment,37,No,
L06527,2025-07-23,P06527,Facebook,Dental Implant,Clinic A,Appointment Booked,28,Yes,2025-06-08
L06528,2025-01-06,,Google Ads,Root Canal,Clinic C,Contacted - No Appointment,16,No,
L06529,2025-06-08,P06529,Google Organic,Invisalign,Clinic C,Appointment Booked,43,Yes,
L06530,2025-05-19,P06530,Facebook,Dental Crown,Clinic D,Appointment Booked,20,Yes,2025-01-06
L06531,2025-05-31,P06531,Google Organic,Dental Crown,Clinic B,Appointment Booked,19,Yes,2025-03-06
L06532,2025-01-15,,Google Organic,Root Canal,Clinic B,Contacted - No Appointment,22,No,
L06533,2025-03-20,,Facebook,Dental Implant,Clinic C,Not Contacted/Cold,63,No,
L06534,2025-06-30,,Google Ads,Root Canal,Clinic D,Contacted - No Appointment,5,No,
L06535,2025-06-13,,Referral,Dental Implant,Clinic D,Not Contacted/Cold,67,No,
L06536,2025-07-07,,Google Organic,Dental Crown,Clinic D,Contacted - No Appointment,37,No,
L06537,2025-03-08,P06537,Google Ads,Teeth Whitening,Clinic B,Appointment Booked,16,Yes,2025-11-03
L06538,2025-01-22,,Google Organic,General Dentistry,Clinic C,Contacted - No Appointment,14,No,
L06539,2025-06-01,,Google Ads,Dental Implant,Clinic D,Contacted - No Appointment,24,No,
L06540,2025-06-08,,Google Ads,Root Canal,Clinic B,Contacted - No Appointment,27,No,
L06541,2025-09-19,,Facebook,Dental Crown,Clinic A,Contacted - No Appointment,42,No,
L06542,2025-03-30,,Google Ads,General Dentistry,Clinic A,Contacted - No Appointment,19,No,
L06543,2025-10-14,,Referral,Dental Crown,Clinic A,Contacted - No Appointment,19,No,
L06544,2025-01-11,P06544,Referral,Dental Implant,Clinic C,Appointment Booked,3,Yes,
L06545,2025-09-09,P06545,Instagram,Root Canal,Clinic A,Appointment Booked,13,Yes,
L06546,2025-09-18,,Google Ads,Dental Crown,Clinic A,Not Contacted/Cold,53,No,
L06547,2025-11-24,,Facebook,Teeth Whitening,Clinic B,Contacted - No Appointment,28,No,
L06548,2025-09-20,,Facebook,General Dentistry,Clinic C,Contacted - No Appointment,28,No,
L06549,2025-12-02,,Facebook,Invisalign,Clinic B,Contacted - No Appointment,15,No,
L06550,2025-07-04,,Google Ads,General Dentistry,Clinic C,Contacted - No Appointment,13,No,
L06551,2025-09-28,,Instagram,Dental Implant,Clinic A,Contacted - No Appointment,29,No,
L06552,2025-03-15,P06552,Facebook,General Dentistry,Clinic A,Appointment Booked,24,Yes,
L06553,2025-08-19,,Referral,General Dentistry,Clinic B,Contacted - No Appointment,29,No,
L06554,2025-03-31,,Referral,Dental Crown,Clinic B,Contacted - No Appointment,21,No,
L06555,2025-07-22,,Instagram,Teeth Whitening,Clinic B,Contacted - No Appointment,25,No,
L06556,2025-06-12,,Instagram,Dental Implant,Clinic A,Contacted - No Appointment,7,No,
L06557,2025-06-30,P06557,Google Ads,Dental Implant,Clinic D,Appointment Booked,57,Yes,2025-02-07
L06558,2025-05-03,,Google Ads,Dental Implant,Clinic C,Contacted - No Appointment,15,No,
L06559,2025-05-26,P06559,Referral,Dental Implant,Clinic A,Appointment Booked,22,Yes,2025-08-06
L06560,2025-12-22,,Google Organic,Root Canal,Clinic A,Contacted - No Appointment,3,No,
L06561,2025-07-06,P06561,Google Ads,Invisalign,Clinic D,Appointment Booked,13,Yes,2025-07-07
L06562,2025-08-13,P06562,Instagram,General Dentistry,Clinic C,Appointment Booked,21,Yes,
L06563,2025-10-11,P06563,Referral,Root Canal,Clinic B,Appointment Booked,28,Yes,
L06564,2025-11-24,,Facebook,Dental Crown,Clinic C,Contacted - No Appointment,4,No,
L06565,2025-09-23,,Google Ads,Dental Crown,Clinic D,Contacted - No Appointment,21,No,
L06566,2025-08-11,,Referral,Invisalign,Clinic D,Contacted - No Appointment,42,No,
L06567,2025-09-18,,Facebook,Invisalign,Clinic B,Contacted - No Appointment,26,No,
L06568,2025-02-18,,Facebook,Invisalign,Clinic B,Contacted - No Appointment,44,No,
L06569,2025-03-05,P06569,Google Ads,Teeth Whitening,Clinic A,Appointment Booked,28,Yes,
L06570,2025-01-24,P06570,Referral,Dental Crown,Clinic D,Appointment Booked,14,Yes,2025-06-02
L06571,2025-03-09,P06571,Google Organic,Invisalign,Clinic C,Appointment Booked,18,Yes,
L06572,2025-12-13,P06572,Facebook,Teeth Whitening,Clinic A,Appointment Booked,22,Yes,
L06573,2025-09-06,P06573,Google Ads,Dental Implant,Clinic D,Appointment Booked,29,Yes,
L06574,2025-05-19,,Facebook,Dental Crown,Clinic D,Contacted - No Appointment,31,No,
L06575,2025-01-18,,Google Ads,Root Canal,Clinic D,Contacted - No Appointment,15,No,
L06576,2025-02-05,,Google Ads,Teeth Whitening,Clinic D,Contacted - No Appointment,15,No,
L06577,2025-04-18,,Facebook,General Dentistry,Clinic D,Contacted - No Appointment,14,No,
L06578,2025-07-21,P06578,Google Ads,Teeth Whitening,Clinic A,Appointment Booked,6,Yes,
L06579,2025-05-20,P06579,Referral,Root Canal,Clinic D,Appointment Booked,36,Yes,
L06580,2025-11-05,P06580,Google Ads,Dental Implant,Clinic D,Appointment Booked,16,Yes,2025-11-11
L06581,2025-01-18,,Facebook,Teeth Whitening,Clinic A,Contacted - No Appointment,9,No,
L06582,2025-01-27,,Google Ads,Root Canal,Clinic A,Contacted - No Appointment,27,No,
L06583,2025-05-27,P06583,Google Organic,Dental Implant,Clinic D,Appointment Booked,29,Yes,2025-06-06
L06584,2025-08-31,P06584,Google Ads,Teeth Whitening,Clinic B,Appointment Booked,7,Yes,
L06585,2025-12-26,,Facebook,Invisalign,Clinic D,Contacted - No Appointment,41,No,
L06586,2025-08-13,,Google Organic,Dental Implant,Clinic A,Contacted - No Appointment,38,No,
L06587,2025-06-20,P06587,Referral,General Dentistry,Clinic A,Appointment Booked,22,Yes,2025-04-07
L06588,2025-02-17,P06588,Google Organic,Root Canal,Clinic B,Appointment Booked,21,Yes,
L06589,2025-11-27,,Google Ads,Invisalign,Clinic A,Contacted - No Appointment,35,No,
L06590,2025-11-17,,Google Ads,Teeth Whitening,Clinic C,Contacted - No Appointment,15,No,
L06591,2025-08-04,,Google Organic,General Dentistry,Clinic C,Contacted - No Appointment,41,No,
L06592,2025-02-16,P06592,Google Ads,Dental Implant,Clinic A,Appointment Booked,4,Yes,
L06593,2025-03-15,,Facebook,Dental Crown,Clinic A,Contacted - No Appointment,23,No,
L06594,2025-04-08,P06594,Referral,Teeth Whitening,Clinic B,Appointment Booked,19,Yes,
L06595,2025-12-06,,Google Organic,Invisalign,Clinic A,Contacted - No Appointment,7,No,
L06596,2025-09-09,,Google Organic,Root Canal,Clinic D,Contacted - No Appointment,36,No,
L06597,2025-04-22,P06597,Referral,Dental Implant,Clinic B,Appointment Booked,13,Yes,
L06598,2025-02-14,,Instagram,Teeth Whitening,Clinic A,Contacted - No Appointment,33,No,
L06599,2025-09-03,,Google Organic,General Dentistry,Clinic B,Contacted - No Appointment,28,No,
L06600,2025-12-21,,Facebook,Dental Implant,Clinic A,Contacted - No Appointment,11,No,
L06601,2025-03-12,,Referral,Teeth Whitening,Clinic A,Contacted - No Appointment,4,No,
L06602,2025-07-26,P06602,Google Ads,Teeth Whitening,Clinic A,Appointment Booked,26,Yes,2025-03-08
L06603,2025-10-23,,Instagram,Invisalign,Clinic D,Contacted - No Appointment,29,No,
L06604,2025-10-05,P06604,Google Ads,Dental Crown,Clinic D,Appointment Booked,24,Yes,2025-07-10
L06605,2025-05-05,,Google Ads,Dental Implant,Clinic D,Contacted - No Appointment,11,No,
L06606,2025-02-17,,Instagram,General Dentistry,Clinic B,Not Contacted/Cold,63,No,
L06607,2025-10-23,,Facebook,Dental Crown,Clinic B,Contacted - No Appointment,19,No,
L06608,2025-09-01,P06608,Instagram,Dental Crown,Clinic C,Appointment Booked,5,Yes,
L06609,2025-08-21,,Instagram,Dental Crown,Clinic C,Contacted - No Appointment,36,No,
L06610,2025-11-10,P06610,Facebook,Dental Crown,Clinic D,Appointment Booked,12,Yes,
L06611,2025-11-18,P06611,Google Ads,General Dentistry,Clinic A,Appointment Booked,30,Yes,
L06612,2025-11-06,,Facebook,Dental Crown,Clinic A,Contacted - No Appointment,10,No,
L06613,2025-07-06,,Google Organic,General Dentistry,Clinic C,Contacted - No Appointment,20,No,
L06614,2025-04-17,,Facebook,Dental Crown,Clinic D,Contacted - No Appointment,8,No,
L06615,2025-04-16,P06615,Facebook,Dental Implant,Clinic D,Appointment Booked,19,Yes,
L06616,2025-10-06,,Facebook,General Dentistry,Clinic C,Contacted - No Appointment,11,No,
L06617,2025-01-04,,Referral,Dental Crown,Clinic D,Contacted - No Appointment,16,No,
L06618,2025-11-26,P06618,Instagram,Dental Crown,Clinic C,Appointment Booked,13,Yes,
L06619,2025-10-28,,Google Ads,General Dentistry,Clinic D,Contacted - No Appointment,37,No,
L06620,2025-08-04,,Referral,Dental Implant,Clinic D,Not Contacted/Cold,46,No,
L06621,2025-11-10,P06621,Google Organic,Root Canal,Clinic D,Appointment Booked,13,Yes,
L06622,2025-06-17,P06622,Google Organic,Invisalign,Clinic B,Appointment Booked,40,Yes,
L06623,2025-11-30,,Facebook,Dental Crown,Clinic A,Not Contacted/Cold,61,No,
L06624,2025-11-03,P06624,Google Organic,Teeth Whitening,Clinic C,Appointment Booked,7,Yes,
L06625,2025-09-20,P06625,Facebook,General Dentistry,Clinic B,Appointment Booked,18,Yes,
L06626,2025-04-28,P06626,Google Organic,Root Canal,Clinic D,Appointment Booked,15,Yes,2025-07-05
L06627,2025-11-19,,Referral,Teeth Whitening,Clinic A,Not Contacted/Cold,59,No,
L06628,2025-10-13,,Referral,General Dentistry,Clinic A,Contacted - No Appointment,23,No,
L06629,2025-08-18,,Facebook,Dental Crown,Clinic D,Not Contacted/Cold,61,No,
L06630,2025-08-29,,Referral,Invisalign,Clinic A,Contacted - No Appointment,32,No,
L06631,2025-01-09,,Google Ads,Dental Crown,Clinic B,Contacted - No Appointment,35,No,
L06632,2025-03-01,,Google Ads,General Dentistry,Clinic B,Contacted - No Appointment,19,No,
L06633,2025-10-03,P06633,Facebook,General Dentistry,Clinic C,Appointment Booked,28,Yes,2025-09-10
L06634,2025-06-26,,Instagram,Dental Crown,Clinic A,Contacted - No Appointment,26,No,
L06635,2025-02-15,P06635,Google Ads,General Dentistry,Clinic D,Appointment Booked,28,Yes,
L06636,2025-01-02,P06636,Facebook,Invisalign,Clinic B,Appointment Booked,4,Yes,2025-09-01
L06637,2025-12-11,,Google Ads,Invisalign,Clinic D,Not Contacted/Cold,52,No,
L06638,2025-08-04,P06638,Instagram,General Dentistry,Clinic B,Appointment Booked,29,Yes,2025-12-08
L06639,2025-04-07,,Referral,Dental Implant,Clinic B,Contacted - No Appointment,18,No,
L06640,2025-05-08,P06640,Google Organic,Invisalign,Clinic A,Appointment Booked,35,Yes,2025-12-05
L06641,2025-12-20,,Facebook,Root Canal,Clinic A,Contacted - No Appointment,18,No,
L06642,2025-10-01,,Referral,Dental Crown,Clinic C,Contacted - No Appointment,40,No,
L06643,2025-12-02,,Instagram,Dental Crown,Clinic A,Contacted - No Appointment,13,No,
L06644,2025-06-21,,Google Organic,Invisalign,Clinic B,Not Contacted/Cold,54,No,
L06645,2025-12-15,P06645,Instagram,General Dentistry,Clinic C,Appointment Booked,23,Yes,
L06646,2025-12-05,,Referral,General Dentistry,Clinic B,Not Contacted/Cold,53,No,
L06647,2025-06-06,,Google Organic,Root Canal,Clinic A,Not Contacted/Cold,67,No,
L06648,2025-01-11,,Facebook,Root Canal,Clinic D,Contacted - No Appointment,15,No,
L06649,2025-04-28,P06649,Facebook,Teeth Whitening,Clinic D,Appointment Booked,1,Yes,2025-04-05
L06650,2025-06-21,P06650,Google Organic,Dental Crown,Clinic A,Appointment Booked,1,Yes,
L06651,2025-01-21,,Instagram,Root Canal,Clinic A,Contacted - No Appointment,8,No,
L06652,2025-07-26,P06652,Instagram,Root Canal,Clinic D,Appointment Booked,7,Yes,2025-06-08
L06653,2025-07-31,,Facebook,Invisalign,Clinic A,Contacted - No Appointment,14,No,
L06654,2025-11-18,P06654,Facebook,Invisalign,Clinic D,Appointment Booked,39,Yes,
L06655,2025-03-30,,Instagram,Root Canal,Clinic A,Contacted - No Appointment,16,No,
L06656,2025-09-10,,Google Organic,Dental Crown,Clinic D,Contacted - No Appointment,26,No,
L06657,2025-04-13,P06657,Google Organic,Teeth Whitening,Clinic B,Appointment Booked,33,Yes,
L06658,2025-07-31,,Google Ads,Teeth Whitening,Clinic D,Contacted - No Appointment,31,No,
L06659,2025-04-24,P06659,Google Ads,Root Canal,Clinic B,Appointment Booked,7,Yes,2025-08-05
L06660,2025-02-03,,Google Ads,Teeth Whitening,Clinic C,Contacted - No Appointment,9,No,
L06661,2025-08-14,P06661,Google Ads,Dental Implant,Clinic A,Appointment Booked,11,Yes,
L06662,2025-08-09,,Google Ads,Root Canal,Clinic A,Contacted - No Appointment,10,No,
L06663,2025-09-21,,Google Organic,Teeth Whitening,Clinic D,Contacted - No Appointment,22,No,
L06664,2025-06-10,,Referral,Dental Crown,Clinic C,Contacted - No Appointment,11,No,
L06665,2025-11-07,,Facebook,Root Canal,Clinic D,Contacted - No Appointment,16,No,
L06666,2025-06-14,P06666,Instagram,Dental Crown,Clinic B,Appointment Booked,24,Yes,
L06667,2025-07-17,,Google Organic,General Dentistry,Clinic D,Contacted - No Appointment,2,No,
L06668,2025-01-19,,Referral,Dental Crown,Clinic B,Contacted - No Appointment,12,No,
L06669,2025-06-06,P06669,Referral,Teeth Whitening,Clinic D,Appointment Booked,10,Yes,2025-12-06
L06670,2025-06-29,,Google Ads,General Dentistry,Clinic D,Contacted - No Appointment,19,No,
L06671,2025-01-07,,Google Ads,Teeth Whitening,Clinic B,Contacted - No Appointment,22,No,
L06672,2025-05-21,,Google Ads,Dental Crown,Clinic D,Contacted - No Appointment,41,No,
L06673,2025-07-15,,Instagram,Dental Implant,Clinic D,Contacted - No Appointment,36,No,
L06674,2025-03-10,,Google Organic,Root Canal,Clinic A,Contacted - No Appointment,13,No,
L06675,2025-10-21,,Facebook,Dental Crown,Clinic C,Contacted - No Appointment,15,No,
L06676,2025-12-03,,Referral,Teeth Whitening,Clinic A,Contacted - No Appointment,16,No,
L06677,2025-03-09,,Facebook,Root Canal,Clinic D,Contacted - No Appointment,33,No,
L06678,2025-07-27,P06678,Referral,General Dentistry,Clinic A,Appointment Booked,44,Yes,2025-06-08
L06679,2025-01-03,P06679,Google Ads,Invisalign,Clinic A,Appointment Booked,28,Yes,
L06680,2025-09-10,P06680,Google Ads,Teeth Whitening,Clinic B,Appointment Booked,22,Yes,
L06681,2025-11-30,P06681,Facebook,Root Canal,Clinic C,Appointment Booked,5,Yes,2025-05-12
L06682,2025-05-26,,Google Ads,Root Canal,Clinic D,Contacted - No Appointment,18,No,
L06683,2025-08-01,P06683,Google Organic,Teeth Whitening,Clinic D,Appointment Booked,35,Yes,2025-05-08
L06684,2025-01-10,P06684,Google Ads,Invisalign,Clinic B,Appointment Booked,19,Yes,
L06685,2025-12-21,P06685,Google Organic,Dental Implant,Clinic A,Appointment Booked,18,Yes,2026-04-01
L06686,2025-09-07,,Google Ads,Root Canal,Clinic C,Contacted - No Appointment,6,No,
L06687,2025-04-16,,Google Ads,Root Canal,Clinic C,Not Contacted/Cold,46,No,
L06688,2025-12-28,P06688,Google Organic,Teeth Whitening,Clinic B,Appointment Booked,6,Yes,2026-02-01
L06689,2025-01-19,P06689,Referral,General Dentistry,Clinic B,Appointment Booked,47,Yes,
L06690,2025-09-01,,Facebook,Dental Implant,Clinic B,Contacted - No Appointment,22,No,
L06691,2025-11-26,P06691,Referral,Dental Crown,Clinic B,Appointment Booked,56,Yes,2025-03-12
L06692,2025-04-24,P06692,Instagram,Dental Crown,Clinic D,Appointment Booked,33,Yes,2025-05-05
L06693,2025-04-02,,Facebook,General Dentistry,Clinic C,Contacted - No Appointment,36,No,
L06694,2025-04-11,,Google Organic,General Dentistry,Clinic D,Contacted - No Appointment,17,No,
L06695,2025-01-21,,Google Ads,Teeth Whitening,Clinic C,Contacted - No Appointment,19,No,
L06696,2025-05-22,,Google Ads,Root Canal,Clinic A,Contacted - No Appointment,17,No,
L06697,2025-01-28,P06697,Instagram,Dental Implant,Clinic D,Appointment Booked,10,Yes,
L06698,2025-10-28,P06698,Facebook,Root Canal,Clinic C,Appointment Booked,22,Yes,
L06699,2025-01-06,,Google Ads,Dental Crown,Clinic A,Contacted - No Appointment,9,No,
L06700,2025-06-09,,Google Ads,Teeth Whitening,Clinic C,Contacted - No Appointment,13,No,
L06701,2025-02-12,P06701,Google Organic,Dental Crown,Clinic B,Appointment Booked,12,Yes,
L06702,2025-04-14,,Google Organic,Teeth Whitening,Clinic D,Contacted - No Appointment,13,No,
L06703,2025-08-19,P06703,Facebook,Root Canal,Clinic B,Appointment Booked,11,Yes,2025-01-09
L06704,2025-10-28,,Referral,Teeth Whitening,Clinic C,Contacted - No Appointment,5,No,
L06705,2025-02-19,P06705,Facebook,Dental Implant,Clinic A,Appointment Booked,8,Yes,2025-02-03
L06706,2025-08-30,P06706,Google Organic,Dental Implant,Clinic B,Appointment Booked,26,Yes,2025-09-09
L06707,2025-02-25,,Referral,Dental Implant,Clinic D,Contacted - No Appointment,15,No,
L06708,2025-12-18,P06708,Google Organic,General Dentistry,Clinic D,Appointment Booked,16,Yes,
L06709,2025-11-01,,Facebook,Dental Implant,Clinic A,Contacted - No Appointment,44,No,
L06710,2025-09-24,,Google Organic,Teeth Whitening,Clinic B,Not Contacted/Cold,60,No,
L06711,2025-06-29,,Facebook,Invisalign,Clinic B,Not Contacted/Cold,50,No,
L06712,2025-04-27,,Instagram,Root Canal,Clinic C,Not Contacted/Cold,47,No,
L06713,2025-09-17,,Google Ads,General Dentistry,Clinic D,Contacted - No Appointment,32,No,
L06714,2025-04-03,,Facebook,Dental Crown,Clinic C,Contacted - No Appointment,40,No,
L06715,2025-03-01,,Google Ads,Invisalign,Clinic B,Contacted - No Appointment,41,No,
L06716,2025-09-10,,Google Ads,Invisalign,Clinic D,Contacted - No Appointment,43,No,
L06717,2025-09-18,,Instagram,General Dentistry,Clinic B,Contacted - No Appointment,8,No,
L06718,2025-05-01,P06718,Referral,Root Canal,Clinic A,Appointment Booked,17,Yes,
L06719,2025-07-24,,Google Ads,Dental Crown,Clinic C,Contacted - No Appointment,22,No,
L06720,2025-08-04,,Google Ads,Root Canal,Clinic D,Contacted - No Appointment,6,No,
L06721,2025-06-12,,Facebook,Root Canal,Clinic D,Contacted - No Appointment,5,No,
L06722,2025-03-15,,Instagram,Invisalign,Clinic C,Contacted - No Appointment,24,No,
L06723,2025-10-15,,Google Ads,Dental Crown,Clinic C,Contacted - No Appointment,10,No,
L06724,2025-05-11,P06724,Google Ads,Teeth Whitening,Clinic D,Appointment Booked,26,Yes,
L06725,2025-09-05,,Facebook,Invisalign,Clinic B,Contacted - No Appointment,27,No,
L06726,2025-12-26,,Google Organic,Teeth Whitening,Clinic B,Contacted - No Appointment,17,No,
L06727,2025-09-27,,Google Ads,General Dentistry,Clinic D,Contacted - No Appointment,18,No,
L06728,2025-10-25,,Facebook,General Dentistry,Clinic D,Contacted - No Appointment,13,No,
L06729,2025-01-30,,Instagram,Dental Implant,Clinic B,Contacted - No Appointment,7,No,
L06730,2025-11-27,,Google Ads,Invisalign,Clinic B,Contacted - No Appointment,24,No,
L06731,2025-01-29,,Google Ads,General Dentistry,Clinic B,Contacted - No Appointment,17,No,
L06732,2025-06-06,,Facebook,Invisalign,Clinic A,Contacted - No Appointment,8,No,
L06733,2025-10-05,P06733,Referral,Dental Implant,Clinic D,Appointment Booked,16,Yes,2025-10-10
L06734,2025-03-03,,Google Ads,General Dentistry,Clinic B,Contacted - No Appointment,37,No,
L06735,2025-09-16,,Facebook,Invisalign,Clinic D,Contacted - No Appointment,5,No,
L06736,2025-05-15,P06736,Facebook,Root Canal,Clinic A,Appointment Booked,20,Yes,
L06737,2025-11-14,P06737,Referral,Root Canal,Clinic C,Appointment Booked,8,Yes,
L06738,2025-06-06,,Google Ads,General Dentistry,Clinic A,Contacted - No Appointment,16,No,
L06739,2025-01-16,,Instagram,Invisalign,Clinic D,Contacted - No Appointment,3,No,
L06740,2025-09-26,P06740,Google Organic,General Dentistry,Clinic C,Appointment Booked,5,Yes,2025-06-10
L06741,2025-08-25,,Referral,Dental Crown,Clinic C,Contacted - No Appointment,5,No,
L06742,2025-08-10,,Google Organic,Root Canal,Clinic A,Not Contacted/Cold,55,No,
L06743,2025-04-24,,Facebook,Invisalign,Clinic A,Contacted - No Appointment,24,No,
L06744,2025-09-18,P06744,Facebook,Invisalign,Clinic A,Appointment Booked,10,Yes,
L06745,2025-11-10,P06745,Facebook,Dental Crown,Clinic B,Appointment Booked,10,Yes,
L06746,2025-02-28,,Instagram,Root Canal,Clinic C,Contacted - No Appointment,31,No,
L06747,2025-07-22,,Google Organic,General Dentistry,Clinic C,Contacted - No Appointment,27,No,
L06748,2025-02-17,P06748,Google Organic,Root Canal,Clinic C,Appointment Booked,18,Yes,
L06749,2025-07-17,,Facebook,Root Canal,Clinic C,Not Contacted/Cold,47,No,
L06750,2025-04-29,,Google Organic,Root Canal,Clinic B,Contacted - No Appointment,10,No,
L06751,2025-08-07,P06751,Referral,Teeth Whitening,Clinic A,Appointment Booked,5,Yes,
L06752,2025-05-20,,Referral,Root Canal,Clinic A,Contacted - No Appointment,45,No,
L06753,2025-02-12,P06753,Google Organic,Invisalign,Clinic D,Appointment Booked,13,Yes,
L06754,2025-03-11,P06754,Instagram,General Dentistry,Clinic C,Appointment Booked,5,Yes,
L06755,2025-01-11,P06755,Facebook,Dental Crown,Clinic A,Appointment Booked,19,Yes,
L06756,2025-06-17,P06756,Google Ads,Dental Crown,Clinic A,Appointment Booked,22,Yes,
L06757,2025-02-23,P06757,Google Ads,Dental Crown,Clinic D,Appointment Booked,18,Yes,2025-01-03
L06758,2025-03-18,P06758,Facebook,Teeth Whitening,Clinic C,Appointment Booked,43,Yes,
L06759,2025-04-15,P06759,Google Ads,Invisalign,Clinic C,Appointment Booked,58,Yes,
L06760,2025-05-25,,Instagram,Dental Implant,Clinic B,Contacted - No Appointment,13,No,
L06761,2025-03-10,,Instagram,Teeth Whitening,Clinic B,Contacted - No Appointment,34,No,
L06762,2025-05-25,,Facebook,Dental Implant,Clinic D,Contacted - No Appointment,14,No,
L06763,2025-12-08,P06763,Google Ads,Teeth Whitening,Clinic D,Appointment Booked,44,Yes,
L06764,2025-03-27,P06764,Google Ads,Dental Implant,Clinic B,Appointment Booked,6,Yes,2025-08-04
L06765,2025-06-11,,Google Ads,Root Canal,Clinic D,Contacted - No Appointment,21,No,
L06766,2025-07-26,P06766,Google Ads,Dental Implant,Clinic D,Appointment Booked,29,Yes,
L06767,2025-02-14,,Referral,Root Canal,Clinic B,Contacted - No Appointment,29,No,
L06768,2025-03-31,,Facebook,Dental Crown,Clinic B,Contacted - No Appointment,14,No,
L06769,2025-03-29,,Google Ads,Dental Implant,Clinic A,Contacted - No Appointment,17,No,
L06770,2025-05-12,P06770,Google Ads,Root Canal,Clinic A,Appointment Booked,27,Yes,
L06771,2025-12-28,,Instagram,General Dentistry,Clinic C,Contacted - No Appointment,21,No,
L06772,2025-08-10,,Instagram,Root Canal,Clinic B,Contacted - No Appointment,20,No,
L06773,2025-12-09,P06773,Google Ads,Teeth Whitening,Clinic D,Appointment Booked,13,Yes,
L06774,2025-11-11,,Referral,General Dentistry,Clinic D,Contacted - No Appointment,9,No,
L06775,2025-05-29,P06775,Google Organic,General Dentistry,Clinic A,Appointment Booked,38,Yes,2025-09-06
L06776,2025-09-28,,Google Ads,General Dentistry,Clinic B,Contacted - No Appointment,8,No,
L06777,2025-03-25,P06777,Facebook,Invisalign,Clinic D,Appointment Booked,43,Yes,2025-06-04
L06778,2025-02-02,,Facebook,General Dentistry,Clinic D,Not Contacted/Cold,49,No,
L06779,2025-11-09,P06779,Facebook,Teeth Whitening,Clinic D,Appointment Booked,33,Yes,2025-11-11
L06780,2025-06-23,,Google Organic,General Dentistry,Clinic B,Contacted - No Appointment,14,No,
L06781,2025-11-21,P06781,Google Ads,Dental Implant,Clinic B,Appointment Booked,4,Yes,
L06782,2025-06-25,P06782,Facebook,General Dentistry,Clinic C,Appointment Booked,29,Yes,2025-03-07
L06783,2025-11-27,,Facebook,Teeth Whitening,Clinic D,Contacted - No Appointment,6,No,
L06784,2025-04-26,,Facebook,Teeth Whitening,Clinic B,Contacted - No Appointment,11,No,
L06785,2025-03-18,,Referral,Dental Implant,Clinic D,Contacted - No Appointment,13,No,
L06786,2025-01-14,P06786,Google Ads,Invisalign,Clinic B,Appointment Booked,9,Yes,
L06787,2025-10-01,,Google Ads,General Dentistry,Clinic D,Contacted - No Appointment,10,No,
L06788,2025-06-29,,Instagram,Root Canal,Clinic C,Contacted - No Appointment,21,No,
L06789,2025-09-16,P06789,Google Ads,Root Canal,Clinic B,Appointment Booked,71,Yes,
L06790,2025-07-28,,Google Ads,General Dentistry,Clinic C,Contacted - No Appointment,27,No,
L06791,2025-01-02,,Facebook,Dental Implant,Clinic B,Contacted - No Appointment,39,No,
L06792,2025-08-31,,Google Ads,Root Canal,Clinic B,Contacted - No Appointment,12,No,
L06793,2025-03-29,P06793,Facebook,Root Canal,Clinic A,Appointment Booked,61,Yes,2025-01-04
L06794,2025-05-15,P06794,Google Ads,Invisalign,Clinic A,Appointment Booked,57,Yes,
L06795,2025-11-28,,Google Ads,Invisalign,Clinic B,Contacted - No Appointment,14,No,
L06796,2025-06-08,,Instagram,Invisalign,Clinic D,Not Contacted/Cold,60,No,
L06797,2025-02-19,P06797,Google Ads,Dental Implant,Clinic C,Appointment Booked,10,Yes,2025-04-03
L06798,2025-12-23,,Referral,Dental Crown,Clinic A,Contacted - No Appointment,16,No,
L06799,2025-04-30,P06799,Facebook,General Dentistry,Clinic D,Appointment Booked,18,Yes,2025-06-05
L06800,2025-01-29,,Google Organic,Root Canal,Clinic C,Contacted - No Appointment,14,No,
L06801,2025-08-08,P06801,Google Organic,Invisalign,Clinic D,Appointment Booked,4,Yes,2025-11-08
L06802,2025-05-12,,Google Ads,Dental Implant,Clinic C,Contacted - No Appointment,4,No,
L06803,2025-07-07,,Google Organic,General Dentistry,Clinic A,Contacted - No Appointment,15,No,
L06804,2025-08-15,,Google Organic,General Dentistry,Clinic B,Contacted - No Appointment,41,No,
L06805,2025-04-19,P06805,Google Ads,Invisalign,Clinic C,Appointment Booked,18,Yes,
L06806,2025-07-19,,Referral,Invisalign,Clinic A,Contacted - No Appointment,11,No,
L06807,2025-12-21,P06807,Google Ads,Dental Crown,Clinic A,Appointment Booked,33,Yes,
L06808,2025-11-16,,Google Ads,Teeth Whitening,Clinic A,Contacted - No Appointment,28,No,
L06809,2025-09-24,P06809,Google Organic,Root Canal,Clinic A,Appointment Booked,24,Yes,2025-03-10
L06810,2025-12-09,,Google Ads,Dental Crown,Clinic B,Contacted - No Appointment,11,No,
L06811,2025-05-18,P06811,Google Organic,Teeth Whitening,Clinic B,Appointment Booked,20,Yes,
L06812,2025-12-23,P06812,Referral,General Dentistry,Clinic A,Appointment Booked,1,Yes,2026-04-01
L06813,2025-10-28,,Referral,Dental Implant,Clinic C,Contacted - No Appointment,42,No,
L06814,2025-10-20,,Facebook,General Dentistry,Clinic C,Contacted - No Appointment,29,No,
L06815,2025-05-24,,Referral,Root Canal,Clinic B,Contacted - No Appointment,12,No,
L06816,2025-05-10,P06816,Facebook,Teeth Whitening,Clinic A,Appointment Booked,21,Yes,
L06817,2025-01-15,P06817,Google Ads,Dental Crown,Clinic A,Appointment Booked,15,Yes,
L06818,2025-09-12,P06818,Facebook,Root Canal,Clinic B,Appointment Booked,20,Yes,
L06819,2025-06-07,,Instagram,Dental Crown,Clinic A,Not Contacted/Cold,72,No,
L06820,2025-02-17,,Facebook,Root Canal,Clinic B,Contacted - No Appointment,43,No,
L06821,2025-09-30,,Instagram,Dental Implant,Clinic C,Contacted - No Appointment,35,No,
L06822,2025-07-10,P06822,Facebook,Root Canal,Clinic C,Appointment Booked,35,Yes,
L06823,2025-02-10,P06823,Facebook,Root Canal,Clinic A,Appointment Booked,45,Yes,
L06824,2025-12-26,P06824,Referral,Invisalign,Clinic B,Appointment Booked,46,Yes,2026-03-01
L06825,2025-09-06,,Facebook,General Dentistry,Clinic C,Contacted - No Appointment,31,No,
L06826,2025-12-26,,Google Ads,Invisalign,Clinic D,Contacted - No Appointment,19,No,
L06827,2025-12-11,,Google Organic,Root Canal,Clinic D,Contacted - No Appointment,8,No,
L06828,2025-11-27,,Facebook,Dental Implant,Clinic C,Contacted - No Appointment,25,No,
L06829,2025-05-06,P06829,Google Organic,Root Canal,Clinic B,Appointment Booked,17,Yes,
L06830,2025-12-16,,Google Ads,Invisalign,Clinic B,Contacted - No Appointment,9,No,
L06831,2025-09-10,P06831,Facebook,Root Canal,Clinic D,Appointment Booked,21,Yes,
L06832,2025-03-07,,Google Ads,Invisalign,Clinic A,Contacted - No Appointment,6,No,
L06833,2025-11-14,P06833,Google Ads,Dental Implant,Clinic D,Appointment Booked,14,Yes,
L06834,2025-08-11,,Instagram,Teeth Whitening,Clinic C,Contacted - No Appointment,36,No,
L06835,2025-10-25,,Facebook,Dental Crown,Clinic C,Contacted - No Appointment,19,No,
L06836,2025-05-18,P06836,Referral,Invisalign,Clinic A,Appointment Booked,29,Yes,
L06837,2025-01-09,,Facebook,Dental Implant,Clinic C,Contacted - No Appointment,28,No,
L06838,2025-10-14,P06838,Google Ads,General Dentistry,Clinic B,Appointment Booked,18,Yes,
L06839,2025-10-24,,Google Organic,Dental Implant,Clinic A,Contacted - No Appointment,32,No,
L06840,2025-08-05,,Instagram,General Dentistry,Clinic B,Contacted - No Appointment,20,No,
L06841,2025-04-12,P06841,Google Organic,Root Canal,Clinic D,Appointment Booked,7,Yes,
L06842,2025-01-06,P06842,Instagram,Invisalign,Clinic C,Appointment Booked,17,Yes,2025-10-01
L06843,2025-03-05,,Google Ads,Teeth Whitening,Clinic B,Not Contacted/Cold,61,No,
L06844,2025-11-05,,Google Organic,General Dentistry,Clinic A,Contacted - No Appointment,10,No,
L06845,2025-06-17,,Facebook,Root Canal,Clinic C,Not Contacted/Cold,58,No,
L06846,2025-03-07,,Facebook,Root Canal,Clinic C,Contacted - No Appointment,2,No,
L06847,2025-07-02,,Referral,Root Canal,Clinic C,Contacted - No Appointment,5,No,
L06848,2025-09-08,P06848,Facebook,General Dentistry,Clinic C,Appointment Booked,9,Yes,
L06849,2025-08-02,,Instagram,Dental Crown,Clinic B,Contacted - No Appointment,6,No,
L06850,2025-03-12,,Facebook,Invisalign,Clinic C,Contacted - No Appointment,37,No,
L06851,2025-02-03,P06851,Google Ads,Invisalign,Clinic A,Appointment Booked,5,Yes,
L06852,2025-11-20,,Facebook,Invisalign,Clinic D,Contacted - No Appointment,10,No,
L06853,2025-06-11,,Instagram,Invisalign,Clinic C,Contacted - No Appointment,32,No,
L06854,2025-07-29,P06854,Facebook,Invisalign,Clinic B,Appointment Booked,23,Yes,2025-01-08
L06855,2025-08-09,P06855,Facebook,Dental Crown,Clinic B,Appointment Booked,18,Yes,
L06856,2025-12-12,P06856,Google Organic,Dental Implant,Clinic D,Appointment Booked,16,Yes,
L06857,2025-03-18,,Google Ads,Root Canal,Clinic A,Contacted - No Appointment,31,No,
L06858,2025-07-05,P06858,Google Ads,Dental Crown,Clinic B,Appointment Booked,7,Yes,
L06859,2025-07-05,,Google Organic,Invisalign,Clinic C,Contacted - No Appointment,9,No,
L06860,2025-08-15,P06860,Referral,Dental Implant,Clinic B,Appointment Booked,27,Yes,
L06861,2025-06-04,P06861,Facebook,Dental Implant,Clinic D,Appointment Booked,10,Yes,
L06862,2025-01-04,P06862,Referral,Dental Implant,Clinic A,Appointment Booked,20,Yes,2025-06-01
L06863,2025-05-17,,Google Ads,General Dentistry,Clinic D,Contacted - No Appointment,15,No,
L06864,2025-08-24,,Google Ads,Dental Crown,Clinic A,Contacted - No Appointment,11,No,
L06865,2025-10-18,,Google Organic,Dental Implant,Clinic A,Contacted - No Appointment,18,No,
L06866,2025-04-21,P06866,Referral,Root Canal,Clinic D,Appointment Booked,2,Yes,2025-01-05
L06867,2025-02-14,,Google Ads,Invisalign,Clinic C,Contacted - No Appointment,26,No,
L06868,2025-12-02,,Google Ads,Dental Crown,Clinic B,Contacted - No Appointment,25,No,
L06869,2025-03-23,,Google Ads,Root Canal,Clinic A,Not Contacted/Cold,46,No,
L06870,2025-01-25,,Google Ads,Root Canal,Clinic C,Contacted - No Appointment,9,No,
L06871,2025-03-22,P06871,Google Organic,Invisalign,Clinic B,Appointment Booked,41,Yes,
L06872,2025-01-16,,Facebook,Dental Implant,Clinic D,Contacted - No Appointment,9,No,
L06873,2025-08-25,,Facebook,Teeth Whitening,Clinic D,Contacted - No Appointment,33,No,
L06874,2025-03-11,,Instagram,General Dentistry,Clinic C,Contacted - No Appointment,6,No,
L06875,2025-08-16,P06875,Referral,General Dentistry,Clinic B,Appointment Booked,10,Yes,
L06876,2025-08-14,P06876,Google Ads,Dental Implant,Clinic B,Appointment Booked,11,Yes,
L06877,2025-03-15,P06877,Google Organic,Teeth Whitening,Clinic C,Appointment Booked,20,Yes,
L06878,2025-02-11,,Referral,Teeth Whitening,Clinic A,Contacted - No Appointment,24,No,
L06879,2025-02-08,,Google Ads,General Dentistry,Clinic B,Contacted - No Appointment,4,No,
L06880,2025-10-24,,Google Organic,Invisalign,Clinic A,Contacted - No Appointment,22,No,
L06881,2025-01-25,P06881,Google Organic,Teeth Whitening,Clinic A,Appointment Booked,20,Yes,
L06882,2025-06-03,P06882,Google Ads,Dental Implant,Clinic A,Appointment Booked,24,Yes,
L06883,2025-12-22,P06883,Google Ads,Dental Crown,Clinic B,Appointment Booked,24,Yes,
L06884,2025-05-08,,Instagram,Root Canal,Clinic D,Not Contacted/Cold,49,No,
L06885,2025-03-29,P06885,Facebook,Teeth Whitening,Clinic B,Appointment Booked,11,Yes,2025-06-04
L06886,2025-10-02,,Facebook,General Dentistry,Clinic B,Contacted - No Appointment,42,No,
L06887,2025-09-03,,Google Ads,Root Canal,Clinic A,Contacted - No Appointment,26,No,
L06888,2025-06-13,,Google Organic,Root Canal,Clinic C,Contacted - No Appointment,15,No,
L06889,2025-12-12,,Google Ads,Dental Implant,Clinic B,Contacted - No Appointment,12,No,
L06890,2025-12-28,P06890,Facebook,Root Canal,Clinic C,Appointment Booked,30,Yes,
L06891,2025-09-30,P06891,Facebook,Root Canal,Clinic D,Appointment Booked,9,Yes,2025-06-10
L06892,2025-08-13,P06892,Google Organic,Invisalign,Clinic A,Appointment Booked,27,Yes,
L06893,2025-11-20,,Google Ads,General Dentistry,Clinic A,Contacted - No Appointment,13,No,
L06894,2025-07-02,,Google Ads,Dental Implant,Clinic B,Contacted - No Appointment,31,No,
L06895,2025-10-03,P06895,Google Ads,Dental Crown,Clinic D,Appointment Booked,11,Yes,2025-12-10
L06896,2025-06-25,,Google Ads,General Dentistry,Clinic D,Contacted - No Appointment,16,No,
L06897,2025-12-26,,Google Ads,General Dentistry,Clinic D,Contacted - No Appointment,13,No,
L06898,2025-11-22,,Instagram,Teeth Whitening,Clinic B,Not Contacted/Cold,46,No,
L06899,2025-03-12,,Google Organic,Dental Implant,Clinic D,Not Contacted/Cold,58,No,
L06900,2025-03-06,P06900,Instagram,Teeth Whitening,Clinic A,Appointment Booked,13,Yes,2025-10-03
L06901,2025-03-22,P06901,Facebook,Invisalign,Clinic A,Appointment Booked,24,Yes,2025-05-04
L06902,2025-03-31,,Google Ads,General Dentistry,Clinic D,Contacted - No Appointment,19,No,
L06903,2025-03-19,,Referral,Teeth Whitening,Clinic D,Contacted - No Appointment,12,No,
L06904,2025-01-03,,Google Ads,Teeth Whitening,Clinic A,Contacted - No Appointment,9,No,
L06905,2025-08-13,,Instagram,Dental Implant,Clinic A,Contacted - No Appointment,8,No,
L06906,2025-03-08,,Referral,Dental Crown,Clinic A,Contacted - No Appointment,10,No,
L06907,2025-06-21,,Google Organic,General Dentistry,Clinic A,Contacted - No Appointment,14,No,
L06908,2025-11-28,P06908,Google Ads,General Dentistry,Clinic A,Appointment Booked,15,Yes,2025-03-12
L06909,2025-07-22,P06909,Facebook,Dental Implant,Clinic D,Appointment Booked,3,Yes,
L06910,2025-01-28,,Google Ads,General Dentistry,Clinic C,Contacted - No Appointment,36,No,
L06911,2025-08-23,,Instagram,Dental Implant,Clinic D,Contacted - No Appointment,43,No,
L06912,2025-07-09,,Instagram,Dental Crown,Clinic D,Not Contacted/Cold,49,No,
L06913,2025-05-02,P06913,Google Organic,Dental Crown,Clinic C,Appointment Booked,5,Yes,2025-08-05
L06914,2025-06-24,,Google Ads,Dental Implant,Clinic D,Contacted - No Appointment,16,No,
L06915,2025-08-01,,Google Organic,Dental Implant,Clinic C,Contacted - No Appointment,38,No,
L06916,2025-06-26,P06916,Google Organic,Teeth Whitening,Clinic B,Appointment Booked,2,Yes,2025-08-07
L06917,2025-04-14,P06917,Google Ads,Root Canal,Clinic C,Appointment Booked,7,Yes,
L06918,2025-09-03,,Facebook,Dental Implant,Clinic C,Contacted - No Appointment,32,No,
L06919,2025-11-26,,Instagram,Teeth Whitening,Clinic D,Contacted - No Appointment,15,No,
L06920,2025-08-28,,Facebook,General Dentistry,Clinic D,Contacted - No Appointment,17,No,
L06921,2025-09-09,,Google Ads,Dental Crown,Clinic B,Contacted - No Appointment,11,No,
L06922,2025-11-24,,Google Ads,Dental Implant,Clinic D,Contacted - No Appointment,23,No,
L06923,2025-08-05,P06923,Google Organic,Dental Implant,Clinic A,Appointment Booked,21,Yes,
L06924,2025-05-01,P06924,Google Ads,Teeth Whitening,Clinic D,Appointment Booked,8,Yes,2025-05-05
L06925,2025-04-02,P06925,Google Ads,Dental Crown,Clinic B,Appointment Booked,40,Yes,
L06926,2025-10-20,P06926,Google Organic,Dental Crown,Clinic A,Appointment Booked,2,Yes,
L06927,2025-04-12,P06927,Instagram,Teeth Whitening,Clinic B,Appointment Booked,25,Yes,
L06928,2025-11-11,,Instagram,Root Canal,Clinic C,Contacted - No Appointment,21,No,
L06929,2025-08-22,,Facebook,Dental Implant,Clinic A,Not Contacted/Cold,49,No,
L06930,2025-11-28,,Instagram,General Dentistry,Clinic D,Contacted - No Appointment,13,No,
L06931,2025-07-20,,Instagram,Root Canal,Clinic A,Contacted - No Appointment,12,No,
L06932,2025-11-29,P06932,Referral,Dental Crown,Clinic D,Appointment Booked,37,Yes,2025-01-12
L06933,2025-01-19,,Google Ads,General Dentistry,Clinic C,Contacted - No Appointment,10,No,
L06934,2025-07-10,,Google Ads,General Dentistry,Clinic B,Contacted - No Appointment,7,No,
L06935,2025-05-01,,Google Ads,Dental Crown,Clinic B,Contacted - No Appointment,34,No,
L06936,2025-05-04,P06936,Instagram,Invisalign,Clinic C,Appointment Booked,33,Yes,2025-07-05
L06937,2025-05-03,,Facebook,General Dentistry,Clinic C,Contacted - No Appointment,28,No,
L06938,2025-11-07,P06938,Google Ads,Dental Crown,Clinic C,Appointment Booked,9,Yes,
L06939,2025-09-12,P06939,Facebook,Root Canal,Clinic B,Appointment Booked,40,Yes,
L06940,2025-07-16,P06940,Google Ads,Dental Crown,Clinic B,Appointment Booked,20,Yes,
L06941,2025-06-05,P06941,Facebook,Root Canal,Clinic D,Appointment Booked,20,Yes,2025-11-06
L06942,2025-06-05,,Referral,General Dentistry,Clinic A,Not Contacted/Cold,59,No,
L06943,2025-10-01,,Google Organic,Root Canal,Clinic B,Contacted - No Appointment,6,No,
L06944,2025-10-24,P06944,Google Ads,General Dentistry,Clinic B,Appointment Booked,32,Yes,2025-03-11
L06945,2025-10-13,,Google Ads,General Dentistry,Clinic D,Not Contacted/Cold,52,No,
L06946,2025-09-27,P06946,Google Ads,General Dentistry,Clinic D,Appointment Booked,7,Yes,2025-03-10
L06947,2025-12-24,P06947,Google Organic,Teeth Whitening,Clinic B,Appointment Booked,24,Yes,2026-02-01
L06948,2025-08-22,P06948,Facebook,General Dentistry,Clinic A,Appointment Booked,10,Yes,
L06949,2025-07-20,,Referral,Root Canal,Clinic A,Contacted - No Appointment,27,No,
L06950,2025-03-23,,Google Organic,Dental Implant,Clinic B,Contacted - No Appointment,25,No,
L06951,2025-02-10,P06951,Facebook,General Dentistry,Clinic B,Appointment Booked,31,Yes,
L06952,2025-02-02,P06952,Google Organic,Root Canal,Clinic D,Appointment Booked,10,Yes,2025-10-02
L06953,2025-09-21,P06953,Google Organic,Dental Implant,Clinic B,Appointment Booked,23,Yes,
L06954,2025-10-15,,Google Ads,Dental Implant,Clinic A,Contacted - No Appointment,32,No,
L06955,2025-06-10,,Facebook,Dental Implant,Clinic D,Contacted - No Appointment,12,No,
L06956,2025-06-01,,Instagram,Teeth Whitening,Clinic B,Contacted - No Appointment,25,No,
L06957,2025-12-30,P06957,Facebook,Teeth Whitening,Clinic C,Appointment Booked,15,Yes,2026-09-01
L06958,2025-11-17,,Google Ads,Invisalign,Clinic A,Contacted - No Appointment,39,No,
L06959,2025-04-07,,Google Ads,General Dentistry,Clinic B,Contacted - No Appointment,6,No,
L06960,2025-10-16,,Google Ads,Invisalign,Clinic D,Contacted - No Appointment,23,No,
L06961,2025-01-24,,Google Ads,Teeth Whitening,Clinic C,Not Contacted/Cold,47,No,
L06962,2025-10-28,,Referral,Root Canal,Clinic B,Contacted - No Appointment,15,No,
L06963,2025-03-16,P06963,Google Organic,Teeth Whitening,Clinic C,Appointment Booked,5,Yes,
L06964,2025-09-22,,Google Organic,Root Canal,Clinic D,Contacted - No Appointment,23,No,
L06965,2025-12-02,,Instagram,Invisalign,Clinic B,Not Contacted/Cold,46,No,
L06966,2025-06-08,P06966,Google Organic,General Dentistry,Clinic B,Appointment Booked,18,Yes,
L06967,2025-12-20,,Referral,Dental Implant,Clinic D,Contacted - No Appointment,19,No,
L06968,2025-02-10,,Facebook,General Dentistry,Clinic A,Contacted - No Appointment,5,No,
L06969,2025-11-16,,Google Organic,Dental Crown,Clinic C,Contacted - No Appointment,38,No,
L06970,2025-10-07,,Facebook,Root Canal,Clinic C,Contacted - No Appointment,16,No,
L06971,2025-11-22,,Referral,Dental Crown,Clinic C,Contacted - No Appointment,37,No,
L06972,2025-12-15,,Referral,Dental Implant,Clinic B,Contacted - No Appointment,33,No,
L06973,2025-03-14,,Referral,Root Canal,Clinic B,Contacted - No Appointment,10,No,
L06974,2025-04-12,P06974,Google Ads,General Dentistry,Clinic C,Appointment Booked,25,Yes,
L06975,2025-09-30,P06975,Google Ads,Invisalign,Clinic A,Appointment Booked,33,Yes,2025-11-10
L06976,2025-12-21,,Google Ads,Teeth Whitening,Clinic B,Contacted - No Appointment,43,No,
L06977,2025-06-22,,Facebook,Root Canal,Clinic A,Contacted - No Appointment,14,No,
L06978,2025-03-11,,Facebook,Dental Crown,Clinic A,Contacted - No Appointment,20,No,
L06979,2025-12-14,P06979,Google Ads,Invisalign,Clinic D,Appointment Booked,3,Yes,
L06980,2025-03-17,,Google Organic,Root Canal,Clinic B,Not Contacted/Cold,49,No,
L06981,2025-04-05,,Google Ads,General Dentistry,Clinic D,Contacted - No Appointment,30,No,
L06982,2025-08-11,,Referral,Invisalign,Clinic A,Contacted - No Appointment,26,No,
L06983,2025-09-07,,Google Ads,Dental Crown,Clinic C,Contacted - No Appointment,3,No,
L06984,2025-04-20,,Facebook,Dental Crown,Clinic A,Contacted - No Appointment,28,No,
L06985,2025-09-26,P06985,Instagram,Dental Crown,Clinic D,Appointment Booked,23,Yes,
L06986,2025-10-09,P06986,Instagram,Dental Crown,Clinic D,Appointment Booked,18,Yes,
L06987,2025-11-11,P06987,Google Ads,Root Canal,Clinic A,Appointment Booked,24,Yes,
L06988,2025-02-28,,Google Organic,Dental Implant,Clinic D,Contacted - No Appointment,20,No,
L06989,2025-12-09,,Instagram,General Dentistry,Clinic A,Contacted - No Appointment,28,No,
L06990,2025-07-12,,Referral,General Dentistry,Clinic C,Contacted - No Appointment,24,No,
L06991,2025-09-22,,Referral,Dental Implant,Clinic D,Contacted - No Appointment,17,No,
L06992,2025-10-22,P06992,Facebook,Root Canal,Clinic D,Appointment Booked,27,Yes,2025-03-11
L06993,2025-09-16,P06993,Referral,Teeth Whitening,Clinic D,Appointment Booked,12,Yes,
L06994,2025-09-01,P06994,Google Organic,General Dentistry,Clinic B,Appointment Booked,24,Yes,2025-03-09
L06995,2025-09-27,P06995,Referral,General Dentistry,Clinic A,Appointment Booked,25,Yes,2025-07-10
L06996,2025-12-17,P06996,Referral,General Dentistry,Clinic A,Appointment Booked,26,Yes,
L06997,2025-07-20,,Google Organic,Dental Implant,Clinic B,Contacted - No Appointment,25,No,
L06998,2025-02-15,,Facebook,General Dentistry,Clinic D,Contacted - No Appointment,35,No,
L06999,2025-05-27,,Google Ads,General Dentistry,Clinic A,Contacted - No Appointment,28,No,
L07000,2025-12-08,,Referral,Root Canal,Clinic C,Contacted - No Appointment,33,No,
L07001,2025-03-14,P07001,Google Organic,Root Canal,Clinic B,Appointment Booked,13,Yes,
L07002,2025-03-17,,Google Ads,Root Canal,Clinic B,Contacted - No Appointment,16,No,
L07003,2025-10-05,,Facebook,Dental Crown,Clinic C,Contacted - No Appointment,44,No,
L07004,2025-12-28,,Google Organic,Invisalign,Clinic B,Contacted - No Appointment,8,No,
L07005,2025-12-28,P07005,Facebook,Dental Implant,Clinic D,Appointment Booked,32,Yes,2026-09-01
L07006,2025-09-03,,Google Ads,Dental Implant,Clinic A,Contacted - No Appointment,41,No,
L07007,2025-11-04,P07007,Google Ads,Root Canal,Clinic D,Appointment Booked,18,Yes,
L07008,2025-07-17,,Google Organic,Invisalign,Clinic A,Contacted - No Appointment,9,No,
L07009,2025-08-16,,Facebook,Teeth Whitening,Clinic A,Contacted - No Appointment,20,No,
L07010,2025-03-30,P07010,Facebook,Dental Implant,Clinic C,Appointment Booked,4,Yes,2025-01-04
L07011,2025-09-16,,Google Organic,General Dentistry,Clinic D,Contacted - No Appointment,15,No,
L07012,2025-09-03,,Google Organic,General Dentistry,Clinic A,Contacted - No Appointment,17,No,
L07013,2025-05-26,,Google Ads,General Dentistry,Clinic B,Contacted - No Appointment,26,No,
L07014,2025-10-26,P07014,Google Ads,Teeth Whitening,Clinic C,Appointment Booked,13,Yes,
L07015,2025-03-10,P07015,Instagram,Dental Implant,Clinic A,Appointment Booked,16,Yes,
L07016,2025-04-09,,Google Organic,Root Canal,Clinic D,Contacted - No Appointment,42,No,
L07017,2025-06-26,P07017,Google Ads,Dental Implant,Clinic D,Appointment Booked,10,Yes,2025-06-07
L07018,2025-10-01,,Facebook,General Dentistry,Clinic A,Contacted - No Appointment,43,No,
L07019,2025-10-26,,Referral,Invisalign,Clinic B,Contacted - No Appointment,24,No,
L07020,2025-05-08,P07020,Referral,Dental Crown,Clinic D,Appointment Booked,34,Yes,
L07021,2025-06-04,,Facebook,Teeth Whitening,Clinic B,Contacted - No Appointment,9,No,
L07022,2025-06-06,P07022,Google Ads,General Dentistry,Clinic C,Appointment Booked,18,Yes,
L07023,2025-09-03,,Google Ads,Teeth Whitening,Clinic A,Contacted - No Appointment,18,No,
L07024,2025-05-16,P07024,Google Ads,Dental Crown,Clinic C,Appointment Booked,17,Yes,
L07025,2025-11-03,,Google Ads,Root Canal,Clinic A,Contacted - No Appointment,21,No,
L07026,2025-04-22,P07026,Facebook,Dental Crown,Clinic D,Appointment Booked,13,Yes,2025-05-05
L07027,2025-01-14,,Instagram,Dental Implant,Clinic B,Contacted - No Appointment,12,No,
L07028,2025-07-06,,Google Ads,General Dentistry,Clinic B,Contacted - No Appointment,13,No,
L07029,2025-05-21,,Referral,Root Canal,Clinic D,Contacted - No Appointment,35,No,
L07030,2025-04-19,,Instagram,Dental Implant,Clinic A,Contacted - No Appointment,7,No,
L07031,2025-05-15,,Instagram,General Dentistry,Clinic B,Contacted - No Appointment,13,No,
L07032,2025-03-14,,Referral,Root Canal,Clinic B,Contacted - No Appointment,31,No,
L07033,2025-01-28,,Instagram,General Dentistry,Clinic B,Not Contacted/Cold,46,No,
L07034,2025-03-13,,Referral,General Dentistry,Clinic D,Contacted - No Appointment,45,No,
L07035,2025-01-11,,Google Ads,Teeth Whitening,Clinic D,Contacted - No Appointment,33,No,
L07036,2025-11-29,,Google Ads,Dental Implant,Clinic A,Contacted - No Appointment,40,No,
L07037,2025-05-03,P07037,Facebook,Invisalign,Clinic C,Appointment Booked,16,Yes,
L07038,2025-02-01,,Facebook,General Dentistry,Clinic C,Contacted - No Appointment,13,No,
L07039,2025-08-17,P07039,Google Ads,General Dentistry,Clinic D,Appointment Booked,2,Yes,
L07040,2025-06-02,,Google Organic,Root Canal,Clinic B,Contacted - No Appointment,13,No,
L07041,2025-08-01,,Google Ads,Root Canal,Clinic C,Contacted - No Appointment,15,No,
L07042,2025-04-26,,Google Organic,Dental Implant,Clinic B,Contacted - No Appointment,3,No,
L07043,2025-12-30,P07043,Facebook,General Dentistry,Clinic B,Appointment Booked,9,Yes,2026-11-01
L07044,2025-07-26,,Google Organic,Invisalign,Clinic B,Not Contacted/Cold,58,No,
L07045,2025-12-26,,Facebook,Invisalign,Clinic A,Contacted - No Appointment,18,No,
L07046,2025-01-18,,Referral,Dental Crown,Clinic D,Contacted - No Appointment,9,No,
L07047,2025-09-30,,Facebook,Invisalign,Clinic B,Contacted - No Appointment,16,No,
L07048,2025-12-25,P07048,Referral,General Dentistry,Clinic D,Appointment Booked,22,Yes,
L07049,2025-12-30,P07049,Google Ads,Dental Implant,Clinic B,Appointment Booked,19,Yes,2026-03-01
L07050,2025-06-27,P07050,Google Organic,Dental Implant,Clinic C,Appointment Booked,11,Yes,2025-06-07
L07051,2025-07-17,,Facebook,Root Canal,Clinic D,Contacted - No Appointment,31,No,
L07052,2025-11-04,P07052,Google Organic,Root Canal,Clinic C,Appointment Booked,72,Yes,2025-10-11
L07053,2025-01-11,,Google Organic,Dental Implant,Clinic D,Contacted - No Appointment,38,No,
L07054,2025-12-13,,Google Organic,Root Canal,Clinic D,Contacted - No Appointment,16,No,
L07055,2025-11-17,,Google Ads,Root Canal,Clinic B,Contacted - No Appointment,17,No,
L07056,2025-04-30,P07056,Google Organic,General Dentistry,Clinic C,Appointment Booked,27,Yes,2025-05-05
L07057,2025-06-13,P07057,Google Ads,Dental Implant,Clinic A,Appointment Booked,21,Yes,
L07058,2025-04-03,,Google Ads,General Dentistry,Clinic C,Contacted - No Appointment,37,No,
L07059,2025-08-02,,Google Ads,Dental Crown,Clinic A,Contacted - No Appointment,41,No,
L07060,2025-02-03,P07060,Facebook,Dental Implant,Clinic C,Appointment Booked,5,Yes,
L07061,2025-10-17,,Google Organic,Dental Implant,Clinic C,Contacted - No Appointment,26,No,
L07062,2025-07-24,,Google Ads,Root Canal,Clinic B,Contacted - No Appointment,2,No,
L07063,2025-02-08,P07063,Google Ads,Invisalign,Clinic B,Appointment Booked,51,Yes,
L07064,2025-08-06,P07064,Instagram,Invisalign,Clinic D,Appointment Booked,15,Yes,2025-11-08
L07065,2025-08-18,P07065,Referral,Invisalign,Clinic A,Appointment Booked,5,Yes,2025-01-09
L07066,2025-02-23,P07066,Instagram,Dental Crown,Clinic A,Appointment Booked,23,Yes,2025-07-03
L07067,2025-10-20,,Google Organic,Dental Crown,Clinic A,Contacted - No Appointment,45,No,
L07068,2025-11-19,,Instagram,Dental Implant,Clinic D,Contacted - No Appointment,44,No,
L07069,2025-09-14,P07069,Google Organic,Root Canal,Clinic D,Appointment Booked,26,Yes,
L07070,2025-05-30,,Referral,Teeth Whitening,Clinic C,Contacted - No Appointment,13,No,
L07071,2025-08-18,,Facebook,Dental Implant,Clinic D,Contacted - No Appointment,16,No,
L07072,2025-11-07,,Facebook,General Dentistry,Clinic A,Contacted - No Appointment,8,No,
L07073,2025-07-15,,Referral,Dental Crown,Clinic D,Contacted - No Appointment,21,No,
L07074,2025-07-24,,Referral,General Dentistry,Clinic A,Contacted - No Appointment,22,No,
L07075,2025-11-22,,Google Ads,Dental Implant,Clinic A,Contacted - No Appointment,6,No,
L07076,2025-05-24,P07076,Instagram,General Dentistry,Clinic A,Appointment Booked,36,Yes,
L07077,2025-09-05,,Google Organic,Dental Crown,Clinic C,Contacted - No Appointment,1,No,
L07078,2025-11-22,,Facebook,Dental Crown,Clinic D,Contacted - No Appointment,28,No,
L07079,2025-09-23,,Facebook,Root Canal,Clinic B,Contacted - No Appointment,33,No,
L07080,2025-06-01,,Instagram,Dental Implant,Clinic D,Contacted - No Appointment,37,No,
L07081,2025-04-18,P07081,Google Ads,General Dentistry,Clinic B,Appointment Booked,20,Yes,
L07082,2025-03-17,,Facebook,Dental Crown,Clinic A,Contacted - No Appointment,21,No,
L07083,2025-11-06,P07083,Referral,Dental Implant,Clinic B,Appointment Booked,35,Yes,
L07084,2025-07-19,,Instagram,Dental Implant,Clinic C,Contacted - No Appointment,23,No,
L07085,2025-12-12,,Referral,Dental Implant,Clinic D,Contacted - No Appointment,11,No,
L07086,2025-07-06,,Google Organic,Dental Crown,Clinic B,Contacted - No Appointment,23,No,
L07087,2025-08-24,,Instagram,Dental Crown,Clinic C,Not Contacted/Cold,54,No,
L07088,2025-09-10,,Google Organic,Root Canal,Clinic B,Contacted - No Appointment,13,No,
L07089,2025-02-24,,Google Ads,Invisalign,Clinic C,Contacted - No Appointment,12,No,
L07090,2025-04-22,,Instagram,Root Canal,Clinic D,Contacted - No Appointment,16,No,
L07091,2025-08-12,,Instagram,Root Canal,Clinic A,Contacted - No Appointment,24,No,
L07092,2025-08-07,,Instagram,Dental Implant,Clinic D,Contacted - No Appointment,10,No,
L07093,2025-03-01,,Google Ads,Invisalign,Clinic C,Contacted - No Appointment,5,No,
L07094,2025-05-03,,Google Ads,Dental Implant,Clinic A,Contacted - No Appointment,22,No,
L07095,2025-07-23,P07095,Google Ads,General Dentistry,Clinic D,Appointment Booked,21,Yes,2025-06-08
L07096,2025-02-21,P07096,Instagram,Teeth Whitening,Clinic B,Appointment Booked,5,Yes,2025-03-03
L07097,2025-08-03,,Referral,General Dentistry,Clinic B,Contacted - No Appointment,7,No,
L07098,2025-03-26,,Referral,Invisalign,Clinic A,Contacted - No Appointment,19,No,
L07099,2025-10-22,P07099,Google Ads,General Dentistry,Clinic A,Appointment Booked,14,Yes,
L07100,2025-02-02,P07100,Facebook,Dental Crown,Clinic D,Appointment Booked,10,Yes,
L07101,2025-01-22,,Google Ads,Root Canal,Clinic C,Contacted - No Appointment,14,No,
L07102,2025-09-30,P07102,Facebook,Invisalign,Clinic D,Appointment Booked,10,Yes,2025-05-10
L07103,2025-10-24,P07103,Google Organic,Teeth Whitening,Clinic A,Appointment Booked,17,Yes,
L07104,2025-12-29,P07104,Referral,General Dentistry,Clinic A,Appointment Booked,31,Yes,2026-07-01
L07105,2025-11-23,,Google Ads,Invisalign,Clinic A,Contacted - No Appointment,35,No,
L07106,2025-02-10,P07106,Google Ads,Dental Implant,Clinic B,Appointment Booked,11,Yes,
L07107,2025-07-21,,Google Ads,Dental Crown,Clinic D,Contacted - No Appointment,21,No,
L07108,2025-11-07,,Facebook,General Dentistry,Clinic C,Contacted - No Appointment,21,No,
L07109,2025-03-25,P07109,Google Organic,Teeth Whitening,Clinic B,Appointment Booked,6,Yes,2025-02-04
L07110,2025-12-15,,Instagram,Invisalign,Clinic D,Contacted - No Appointment,3,No,
L07111,2025-08-13,P07111,Google Organic,Root Canal,Clinic D,Appointment Booked,41,Yes,
L07112,2025-04-03,,Instagram,Root Canal,Clinic A,Contacted - No Appointment,27,No,
L07113,2025-01-27,,Google Ads,General Dentistry,Clinic D,Contacted - No Appointment,41,No,
L07114,2025-02-18,P07114,Google Ads,Teeth Whitening,Clinic B,Appointment Booked,34,Yes,
L07115,2025-02-09,,Google Ads,Dental Crown,Clinic A,Contacted - No Appointment,27,No,
L07116,2025-03-18,,Google Organic,Invisalign,Clinic A,Contacted - No Appointment,34,No,
L07117,2025-10-11,,Google Organic,General Dentistry,Clinic B,Contacted - No Appointment,17,No,
L07118,2025-07-07,,Google Organic,Dental Crown,Clinic B,Contacted - No Appointment,29,No,
L07119,2025-07-03,,Google Ads,General Dentistry,Clinic B,Contacted - No Appointment,34,No,
L07120,2025-06-22,P07120,Google Organic,Dental Crown,Clinic A,Appointment Booked,28,Yes,
L07121,2025-11-11,,Google Ads,General Dentistry,Clinic D,Contacted - No Appointment,10,No,
L07122,2025-10-20,P07122,Google Ads,Teeth Whitening,Clinic D,Appointment Booked,8,Yes,
L07123,2025-07-09,,Facebook,Invisalign,Clinic D,Contacted - No Appointment,26,No,
L07124,2025-08-13,,Facebook,General Dentistry,Clinic B,Contacted - No Appointment,10,No,
L07125,2025-01-08,P07125,Google Organic,Dental Implant,Clinic A,Appointment Booked,10,Yes,
L07126,2025-08-27,,Google Organic,Teeth Whitening,Clinic A,Contacted - No Appointment,14,No,
L07127,2025-12-30,,Google Ads,General Dentistry,Clinic A,Contacted - No Appointment,15,No,
L07128,2025-09-09,,Google Ads,Invisalign,Clinic C,Contacted - No Appointment,14,No,
L07129,2025-08-17,,Google Ads,Dental Crown,Clinic C,Contacted - No Appointment,13,No,
L07130,2025-07-25,P07130,Google Ads,Dental Crown,Clinic C,Appointment Booked,17,Yes,
L07131,2025-05-23,,Google Ads,Teeth Whitening,Clinic C,Contacted - No Appointment,7,No,
L07132,2025-09-10,,Google Organic,General Dentistry,Clinic B,Contacted - No Appointment,5,No,
L07133,2025-12-30,,Google Ads,Dental Crown,Clinic B,Not Contacted/Cold,48,No,
L07134,2025-03-04,P07134,Google Organic,Teeth Whitening,Clinic C,Appointment Booked,9,Yes,2025-11-03
L07135,2025-12-20,P07135,Facebook,Invisalign,Clinic B,Appointment Booked,1,Yes,
L07136,2025-06-11,P07136,Facebook,Invisalign,Clinic A,Appointment Booked,12,Yes,
L07137,2025-05-29,,Facebook,Root Canal,Clinic B,Contacted - No Appointment,3,No,
L07138,2025-01-20,,Google Organic,Dental Crown,Clinic B,Contacted - No Appointment,5,No,
L07139,2025-11-01,P07139,Facebook,Invisalign,Clinic A,Appointment Booked,18,Yes,
L07140,2025-02-09,,Google Ads,Dental Crown,Clinic D,Contacted - No Appointment,6,No,
L07141,2025-09-19,,Referral,Root Canal,Clinic D,Contacted - No Appointment,41,No,
L07142,2025-12-18,,Google Ads,Teeth Whitening,Clinic A,Contacted - No Appointment,29,No,
L07143,2025-08-30,,Referral,Dental Implant,Clinic A,Contacted - No Appointment,34,No,
L07144,2025-06-08,,Google Ads,Dental Crown,Clinic C,Contacted - No Appointment,19,No,
L07145,2025-04-13,P07145,Google Organic,Dental Crown,Clinic A,Appointment Booked,7,Yes,
L07146,2025-02-21,,Facebook,General Dentistry,Clinic B,Contacted - No Appointment,13,No,
L07147,2025-09-02,,Facebook,Teeth Whitening,Clinic A,Contacted - No Appointment,21,No,
L07148,2025-01-03,P07148,Google Ads,Teeth Whitening,Clinic A,Appointment Booked,37,Yes,
L07149,2025-05-11,,Google Ads,General Dentistry,Clinic D,Contacted - No Appointment,7,No,
L07150,2025-10-22,P07150,Google Organic,Dental Crown,Clinic D,Appointment Booked,18,Yes,
L07151,2025-11-23,,Referral,Invisalign,Clinic A,Contacted - No Appointment,33,No,
L07152,2025-11-18,,Facebook,General Dentistry,Clinic B,Contacted - No Appointment,22,No,
L07153,2025-10-14,,Facebook,Teeth Whitening,Clinic A,Not Contacted/Cold,48,No,
L07154,2025-12-03,,Google Ads,Root Canal,Clinic A,Contacted - No Appointment,13,No,
L07155,2025-10-04,P07155,Google Organic,Teeth Whitening,Clinic D,Appointment Booked,13,Yes,2025-11-10
L07156,2025-11-27,P07156,Google Ads,General Dentistry,Clinic C,Appointment Booked,2,Yes,
L07157,2025-09-05,,Google Ads,General Dentistry,Clinic C,Contacted - No Appointment,17,No,
L07158,2025-06-08,,Instagram,General Dentistry,Clinic D,Contacted - No Appointment,26,No,
L07159,2025-05-04,,Facebook,Invisalign,Clinic D,Contacted - No Appointment,36,No,
L07160,2025-05-29,,Google Ads,Root Canal,Clinic D,Contacted - No Appointment,18,No,
L07161,2025-10-25,P07161,Google Ads,Dental Implant,Clinic A,Appointment Booked,38,Yes,
L07162,2025-12-04,P07162,Google Organic,Invisalign,Clinic A,Appointment Booked,27,Yes,2025-09-12
L07163,2025-07-04,,Google Ads,General Dentistry,Clinic C,Not Contacted/Cold,56,No,
L07164,2025-11-03,,Referral,Root Canal,Clinic B,Contacted - No Appointment,23,No,
L07165,2025-06-14,,Facebook,Dental Crown,Clinic D,Contacted - No Appointment,29,No,
L07166,2025-07-22,,Google Ads,Dental Crown,Clinic C,Contacted - No Appointment,26,No,
L07167,2025-03-31,,Google Organic,Teeth Whitening,Clinic D,Contacted - No Appointment,36,No,
L07168,2025-01-13,P07168,Facebook,Invisalign,Clinic A,Appointment Booked,23,Yes,
L07169,2025-10-26,P07169,Facebook,Invisalign,Clinic D,Appointment Booked,14,Yes,2025-05-11
L07170,2025-04-26,,Facebook,Root Canal,Clinic B,Contacted - No Appointment,7,No,
L07171,2025-11-15,P07171,Google Ads,Root Canal,Clinic D,Appointment Booked,12,Yes,
L07172,2025-02-25,,Instagram,General Dentistry,Clinic A,Contacted - No Appointment,14,No,
L07173,2025-05-23,P07173,Facebook,General Dentistry,Clinic C,Appointment Booked,39,Yes,
L07174,2025-02-26,,Google Organic,Root Canal,Clinic D,Contacted - No Appointment,32,No,
L07175,2025-03-14,,Instagram,General Dentistry,Clinic B,Not Contacted/Cold,69,No,
L07176,2025-07-21,,Instagram,Invisalign,Clinic B,Contacted - No Appointment,18,No,
L07177,2025-11-07,P07177,Google Organic,Teeth Whitening,Clinic D,Appointment Booked,8,Yes,2025-11-11
L07178,2025-07-27,P07178,Instagram,Invisalign,Clinic B,Appointment Booked,9,Yes,
L07179,2025-11-29,,Facebook,Teeth Whitening,Clinic C,Contacted - No Appointment,35,No,
L07180,2025-01-17,P07180,Facebook,Root Canal,Clinic A,Appointment Booked,11,Yes,
L07181,2025-01-06,,Google Ads,Dental Implant,Clinic D,Contacted - No Appointment,4,No,
L07182,2025-03-12,P07182,Google Organic,Invisalign,Clinic C,Appointment Booked,26,Yes,
L07183,2025-12-07,P07183,Google Organic,Root Canal,Clinic B,Appointment Booked,33,Yes,
L07184,2025-12-20,,Google Ads,Teeth Whitening,Clinic A,Contacted - No Appointment,4,No,
L07185,2025-03-16,P07185,Referral,Dental Implant,Clinic C,Appointment Booked,12,Yes,
L07186,2025-09-05,,Instagram,Dental Crown,Clinic A,Contacted - No Appointment,11,No,
L07187,2025-10-12,,Facebook,Teeth Whitening,Clinic A,Contacted - No Appointment,19,No,
L07188,2025-01-08,P07188,Google Ads,Dental Crown,Clinic C,Appointment Booked,11,Yes,2025-12-01
L07189,2025-04-12,P07189,Facebook,Teeth Whitening,Clinic A,Appointment Booked,17,Yes,
L07190,2025-04-30,,Instagram,Dental Implant,Clinic A,Contacted - No Appointment,22,No,
L07191,2025-07-18,,Google Ads,Dental Crown,Clinic C,Contacted - No Appointment,4,No,
L07192,2025-11-06,,Facebook,General Dentistry,Clinic A,Contacted - No Appointment,15,No,
L07193,2025-07-09,,Referral,Dental Crown,Clinic B,Contacted - No Appointment,13,No,
L07194,2025-02-25,,Google Organic,Dental Crown,Clinic A,Contacted - No Appointment,15,No,
L07195,2025-10-23,P07195,Facebook,Teeth Whitening,Clinic C,Appointment Booked,15,Yes,
L07196,2025-09-18,P07196,Facebook,Invisalign,Clinic C,Appointment Booked,3,Yes,
L07197,2025-06-29,,Google Ads,Teeth Whitening,Clinic C,Not Contacted/Cold,54,No,
L07198,2025-08-25,,Referral,General Dentistry,Clinic A,Contacted - No Appointment,20,No,
L07199,2025-12-14,P07199,Referral,Dental Implant,Clinic A,Appointment Booked,35,Yes,
L07200,2025-08-12,,Google Organic,General Dentistry,Clinic A,Contacted - No Appointment,9,No,
L07201,2025-06-20,,Google Ads,Invisalign,Clinic B,Contacted - No Appointment,41,No,
L07202,2025-01-07,P07202,Google Ads,Root Canal,Clinic D,Appointment Booked,19,Yes,2025-09-01
L07203,2025-02-18,P07203,Google Ads,General Dentistry,Clinic A,Appointment Booked,28,Yes,
L07204,2025-09-05,P07204,Facebook,General Dentistry,Clinic A,Appointment Booked,5,Yes,
L07205,2025-10-02,P07205,Google Ads,General Dentistry,Clinic A,Appointment Booked,14,Yes,2025-04-10
L07206,2025-10-18,,Google Organic,General Dentistry,Clinic C,Contacted - No Appointment,21,No,
L07207,2025-11-19,,Facebook,Root Canal,Clinic C,Not Contacted/Cold,54,No,
L07208,2025-06-04,P07208,Google Ads,Dental Crown,Clinic C,Appointment Booked,26,Yes,
L07209,2025-09-02,,Google Organic,Root Canal,Clinic D,Contacted - No Appointment,7,No,
L07210,2025-07-08,,Google Ads,Root Canal,Clinic B,Contacted - No Appointment,8,No,
L07211,2025-03-24,,Google Organic,Root Canal,Clinic A,Contacted - No Appointment,5,No,
L07212,2025-08-26,,Facebook,Teeth Whitening,Clinic B,Contacted - No Appointment,10,No,
L07213,2025-05-14,,Facebook,Root Canal,Clinic C,Contacted - No Appointment,42,No,
L07214,2025-10-02,P07214,Google Ads,Teeth Whitening,Clinic C,Appointment Booked,24,Yes,2025-11-10
L07215,2025-04-18,P07215,Referral,Teeth Whitening,Clinic C,Appointment Booked,28,Yes,
L07216,2025-12-22,P07216,Instagram,Dental Implant,Clinic C,Appointment Booked,42,Yes,
L07217,2025-05-03,,Facebook,Dental Crown,Clinic C,Contacted - No Appointment,29,No,
L07218,2025-02-03,P07218,Google Ads,Root Canal,Clinic D,Appointment Booked,6,Yes,
L07219,2025-11-08,,Google Organic,Root Canal,Clinic C,Contacted - No Appointment,33,No,
L07220,2025-02-10,,Google Ads,Teeth Whitening,Clinic D,Not Contacted/Cold,61,No,
L07221,2025-09-23,P07221,Referral,Root Canal,Clinic A,Appointment Booked,6,Yes,
L07222,2025-03-07,,Referral,General Dentistry,Clinic C,Contacted - No Appointment,22,No,
L07223,2025-08-03,P07223,Google Organic,Teeth Whitening,Clinic D,Appointment Booked,41,Yes,2025-04-08
L07224,2025-11-25,,Referral,Dental Crown,Clinic B,Contacted - No Appointment,34,No,
L07225,2025-06-15,,Google Ads,Teeth Whitening,Clinic D,Not Contacted/Cold,62,No,
L07226,2025-01-02,,Google Ads,Dental Implant,Clinic C,Contacted - No Appointment,42,No,
L07227,2025-12-11,,Google Ads,Dental Implant,Clinic A,Contacted - No Appointment,11,No,
L07228,2025-01-21,P07228,Google Ads,Dental Implant,Clinic C,Appointment Booked,37,Yes,2025-01-02
L07229,2025-07-16,,Referral,Root Canal,Clinic A,Contacted - No Appointment,18,No,
L07230,2025-11-21,P07230,Google Ads,Invisalign,Clinic D,Appointment Booked,15,Yes,2025-01-12
L07231,2025-04-05,,Referral,General Dentistry,Clinic D,Contacted - No Appointment,11,No,
L07232,2025-08-20,,Google Organic,Root Canal,Clinic A,Contacted - No Appointment,38,No,
L07233,2025-10-27,,Facebook,Dental Crown,Clinic A,Contacted - No Appointment,7,No,
L07234,2025-08-19,P07234,Google Ads,Invisalign,Clinic C,Appointment Booked,21,Yes,
L07235,2025-12-02,P07235,Google Ads,Invisalign,Clinic B,Appointment Booked,11,Yes,2025-04-12
L07236,2025-04-14,P07236,Google Ads,Invisalign,Clinic A,Appointment Booked,19,Yes,
L07237,2025-03-23,,Facebook,Dental Crown,Clinic C,Contacted - No Appointment,16,No,
L07238,2025-01-28,,Facebook,Root Canal,Clinic B,Contacted - No Appointment,20,No,
L07239,2025-10-12,,Instagram,Root Canal,Clinic A,Contacted - No Appointment,25,No,
L07240,2025-12-14,P07240,Google Organic,Dental Crown,Clinic D,Appointment Booked,10,Yes,
L07241,2025-02-19,,Facebook,Teeth Whitening,Clinic D,Contacted - No Appointment,7,No,
L07242,2025-05-22,,Google Ads,Dental Implant,Clinic D,Contacted - No Appointment,10,No,
L07243,2025-01-02,P07243,Google Organic,Teeth Whitening,Clinic D,Appointment Booked,21,Yes,
L07244,2025-09-12,P07244,Facebook,Dental Crown,Clinic A,Appointment Booked,19,Yes,
L07245,2025-03-08,,Google Ads,Dental Crown,Clinic B,Contacted - No Appointment,10,No,
L07246,2025-07-25,P07246,Google Organic,Invisalign,Clinic A,Appointment Booked,21,Yes,2025-08-08
L07247,2025-05-12,,Referral,Root Canal,Clinic D,Contacted - No Appointment,39,No,
L07248,2025-08-04,P07248,Referral,Invisalign,Clinic D,Appointment Booked,19,Yes,
L07249,2025-12-14,,Google Ads,General Dentistry,Clinic C,Contacted - No Appointment,10,No,
L07250,2025-04-27,P07250,Facebook,Root Canal,Clinic D,Appointment Booked,5,Yes,2025-06-05
L07251,2025-04-09,,Google Ads,General Dentistry,Clinic C,Contacted - No Appointment,19,No,
L07252,2025-08-28,,Referral,Root Canal,Clinic B,Contacted - No Appointment,9,No,
L07253,2025-09-16,,Google Ads,Invisalign,Clinic B,Contacted - No Appointment,15,No,
L07254,2025-05-01,,Google Ads,Root Canal,Clinic A,Contacted - No Appointment,25,No,
L07255,2025-09-02,P07255,Referral,Dental Implant,Clinic A,Appointment Booked,23,Yes,
L07256,2025-08-14,,Referral,General Dentistry,Clinic C,Contacted - No Appointment,40,No,
L07257,2025-09-06,P07257,Google Organic,Teeth Whitening,Clinic B,Appointment Booked,4,Yes,
L07258,2025-01-28,,Google Ads,Teeth Whitening,Clinic C,Contacted - No Appointment,16,No,
L07259,2025-03-26,,Facebook,Dental Crown,Clinic C,Contacted - No Appointment,16,No,
L07260,2025-01-28,,Google Organic,Dental Crown,Clinic B,Contacted - No Appointment,22,No,
L07261,2025-06-17,,Instagram,General Dentistry,Clinic B,Contacted - No Appointment,7,No,
L07262,2025-06-16,P07262,Google Ads,Invisalign,Clinic B,Appointment Booked,11,Yes,
L07263,2025-08-18,,Google Ads,Teeth Whitening,Clinic B,Contacted - No Appointment,7,No,
L07264,2025-07-02,,Referral,Dental Crown,Clinic D,Contacted - No Appointment,23,No,
L07265,2025-04-28,,Facebook,General Dentistry,Clinic B,Contacted - No Appointment,10,No,
L07266,2025-08-18,,Google Organic,General Dentistry,Clinic C,Contacted - No Appointment,34,No,
L07267,2025-05-10,,Facebook,General Dentistry,Clinic D,Contacted - No Appointment,31,No,
L07268,2025-07-23,,Facebook,Dental Crown,Clinic D,Contacted - No Appointment,37,No,
L07269,2025-08-28,P07269,Referral,Invisalign,Clinic D,Appointment Booked,13,Yes,2025-02-09
L07270,2025-08-10,P07270,Facebook,Root Canal,Clinic B,Appointment Booked,13,Yes,2025-11-08
L07271,2025-08-26,P07271,Google Organic,Teeth Whitening,Clinic A,Appointment Booked,14,Yes,2025-01-09
L07272,2025-09-28,,Google Ads,Teeth Whitening,Clinic B,Contacted - No Appointment,10,No,
L07273,2025-04-30,P07273,Google Ads,Dental Implant,Clinic B,Appointment Booked,6,Yes,2025-06-05
L07274,2025-04-26,P07274,Google Organic,Root Canal,Clinic D,Appointment Booked,8,Yes,
L07275,2025-01-03,,Google Organic,Invisalign,Clinic C,Not Contacted/Cold,46,No,
L07276,2025-07-18,,Instagram,General Dentistry,Clinic A,Contacted - No Appointment,12,No,
L07277,2025-10-04,,Google Ads,Dental Implant,Clinic A,Not Contacted/Cold,54,No,
L07278,2025-11-24,P07278,Google Ads,Dental Crown,Clinic A,Appointment Booked,12,Yes,2025-03-12
L07279,2025-09-03,,Referral,Invisalign,Clinic C,Contacted - No Appointment,21,No,
L07280,2025-11-15,P07280,Google Ads,Root Canal,Clinic C,Appointment Booked,23,Yes,
L07281,2025-07-26,,Google Organic,General Dentistry,Clinic D,Contacted - No Appointment,19,No,
L07282,2025-05-28,,Google Ads,Invisalign,Clinic D,Contacted - No Appointment,12,No,
L07283,2025-10-16,P07283,Referral,Dental Implant,Clinic A,Appointment Booked,3,Yes,
L07284,2025-03-31,,Referral,Dental Implant,Clinic B,Contacted - No Appointment,17,No,
L07285,2025-08-27,,Google Ads,Root Canal,Clinic A,Contacted - No Appointment,10,No,
L07286,2025-01-13,P07286,Google Organic,Dental Crown,Clinic B,Appointment Booked,12,Yes,
L07287,2025-03-03,,Google Ads,Invisalign,Clinic D,Contacted - No Appointment,12,No,
L07288,2025-10-10,P07288,Google Ads,Dental Crown,Clinic C,Appointment Booked,46,Yes,2025-11-10
L07289,2025-02-15,P07289,Facebook,Dental Implant,Clinic C,Appointment Booked,8,Yes,
L07290,2025-05-18,,Instagram,General Dentistry,Clinic B,Not Contacted/Cold,53,No,
L07291,2025-03-22,,Facebook,Teeth Whitening,Clinic A,Not Contacted/Cold,61,No,
L07292,2025-10-28,,Instagram,General Dentistry,Clinic A,Contacted - No Appointment,33,No,
L07293,2025-07-20,,Google Ads,General Dentistry,Clinic C,Contacted - No Appointment,1,No,
L07294,2025-05-05,P07294,Google Ads,Root Canal,Clinic C,Appointment Booked,6,Yes,2025-08-05
L07295,2025-02-19,,Instagram,Root Canal,Clinic A,Contacted - No Appointment,38,No,
L07296,2025-01-24,,Facebook,Teeth Whitening,Clinic C,Contacted - No Appointment,8,No,
L07297,2025-02-28,P07297,Google Organic,Dental Implant,Clinic D,Appointment Booked,20,Yes,2025-06-03
L07298,2025-07-22,P07298,Instagram,Invisalign,Clinic B,Appointment Booked,12,Yes,
L07299,2025-01-23,,Referral,Dental Implant,Clinic C,Contacted - No Appointment,40,No,
L07300,2025-12-30,P07300,Facebook,Root Canal,Clinic B,Appointment Booked,19,Yes,2026-05-01
L07301,2025-01-30,P07301,Google Ads,Dental Crown,Clinic C,Appointment Booked,21,Yes,2025-02-02
L07302,2025-11-09,,Instagram,Invisalign,Clinic D,Not Contacted/Cold,77,No,
L07303,2025-02-17,P07303,Google Organic,Dental Implant,Clinic D,Appointment Booked,54,Yes,
L07304,2025-07-07,,Facebook,Teeth Whitening,Clinic B,Contacted - No Appointment,19,No,
L07305,2025-06-06,P07305,Google Organic,Dental Implant,Clinic B,Appointment Booked,2,Yes,2025-12-06
L07306,2025-05-16,,Facebook,General Dentistry,Clinic A,Contacted - No Appointment,30,No,
L07307,2025-08-01,,Google Ads,Invisalign,Clinic A,Not Contacted/Cold,66,No,
L07308,2025-09-01,,Instagram,Dental Crown,Clinic C,Contacted - No Appointment,3,No,
L07309,2025-03-18,,Google Ads,Root Canal,Clinic D,Contacted - No Appointment,32,No,
L07310,2025-01-11,,Facebook,Dental Implant,Clinic B,Contacted - No Appointment,41,No,
L07311,2025-08-23,,Facebook,Root Canal,Clinic A,Contacted - No Appointment,19,No,
L07312,2025-11-13,P07312,Facebook,Root Canal,Clinic B,Appointment Booked,20,Yes,
L07313,2025-01-19,,Instagram,General Dentistry,Clinic B,Contacted - No Appointment,19,No,
L07314,2025-11-14,,Google Ads,Teeth Whitening,Clinic B,Contacted - No Appointment,7,No,
L07315,2025-04-05,P07315,Referral,Dental Implant,Clinic A,Appointment Booked,81,Yes,
L07316,2025-03-31,,Google Organic,Invisalign,Clinic C,Contacted - No Appointment,5,No,
L07317,2025-03-10,,Facebook,Invisalign,Clinic A,Contacted - No Appointment,32,No,
L07318,2025-08-28,,Google Ads,Dental Implant,Clinic C,Contacted - No Appointment,31,No,
L07319,2025-07-20,P07319,Google Ads,Root Canal,Clinic D,Appointment Booked,8,Yes,2025-02-08
L07320,2025-08-14,,Google Organic,General Dentistry,Clinic B,Contacted - No Appointment,20,No,
L07321,2025-03-31,,Facebook,Root Canal,Clinic C,Contacted - No Appointment,6,No,
L07322,2025-04-13,,Google Ads,Teeth Whitening,Clinic C,Contacted - No Appointment,27,No,
L07323,2025-10-07,,Facebook,Dental Crown,Clinic C,Contacted - No Appointment,43,No,
L07324,2025-12-16,,Instagram,General Dentistry,Clinic B,Contacted - No Appointment,21,No,
L07325,2025-01-06,,Google Organic,Invisalign,Clinic B,Contacted - No Appointment,31,No,
L07326,2025-02-06,,Instagram,Teeth Whitening,Clinic D,Contacted - No Appointment,8,No,
L07327,2025-06-02,P07327,Referral,General Dentistry,Clinic D,Appointment Booked,8,Yes,
L07328,2025-03-13,,Google Ads,Dental Implant,Clinic B,Contacted - No Appointment,20,No,
L07329,2025-03-30,P07329,Instagram,Invisalign,Clinic A,Appointment Booked,6,Yes,2025-11-04
L07330,2025-12-27,P07330,Google Ads,General Dentistry,Clinic A,Appointment Booked,8,Yes,
L07331,2025-04-12,,Facebook,Teeth Whitening,Clinic A,Contacted - No Appointment,11,No,
L07332,2025-04-18,,Instagram,Invisalign,Clinic C,Contacted - No Appointment,27,No,
L07333,2025-01-16,,Google Ads,Dental Crown,Clinic A,Contacted - No Appointment,8,No,
L07334,2025-03-05,,Facebook,Root Canal,Clinic B,Contacted - No Appointment,18,No,
L07335,2025-10-24,,Google Organic,Root Canal,Clinic D,Contacted - No Appointment,32,No,
L07336,2025-12-02,,Google Ads,Root Canal,Clinic B,Contacted - No Appointment,13,No,
L07337,2025-04-26,,Facebook,Invisalign,Clinic D,Contacted - No Appointment,13,No,
L07338,2025-09-28,,Referral,Dental Crown,Clinic C,Contacted - No Appointment,27,No,
L07339,2025-04-08,P07339,Facebook,Teeth Whitening,Clinic A,Appointment Booked,21,Yes,
L07340,2025-06-30,P07340,Google Organic,General Dentistry,Clinic C,Appointment Booked,14,Yes,2025-01-07
L07341,2025-06-11,P07341,Google Organic,Dental Implant,Clinic C,Appointment Booked,9,Yes,2025-12-06
L07342,2025-11-21,P07342,Google Ads,General Dentistry,Clinic B,Appointment Booked,11,Yes,2025-04-12
L07343,2025-01-28,,Google Ads,Invisalign,Clinic A,Contacted - No Appointment,33,No,
L07344,2025-03-06,P07344,Google Organic,Root Canal,Clinic C,Appointment Booked,13,Yes,
L07345,2025-06-09,,Google Organic,General Dentistry,Clinic D,Not Contacted/Cold,87,No,
L07346,2025-02-21,,Google Ads,Root Canal,Clinic C,Contacted - No Appointment,10,No,
L07347,2025-05-19,,Facebook,Invisalign,Clinic A,Contacted - No Appointment,29,No,
L07348,2025-03-16,,Facebook,Dental Implant,Clinic C,Contacted - No Appointment,29,No,
L07349,2025-06-08,P07349,Google Organic,Root Canal,Clinic B,Appointment Booked,24,Yes,
L07350,2025-10-04,P07350,Facebook,Teeth Whitening,Clinic C,Appointment Booked,5,Yes,
L07351,2025-08-03,P07351,Referral,General Dentistry,Clinic C,Appointment Booked,37,Yes,2025-10-08
L07352,2025-07-15,,Referral,Teeth Whitening,Clinic C,Contacted - No Appointment,18,No,
L07353,2025-10-15,,Google Organic,General Dentistry,Clinic D,Contacted - No Appointment,45,No,
L07354,2025-05-06,P07354,Instagram,Teeth Whitening,Clinic C,Appointment Booked,15,Yes,2025-12-05
L07355,2025-08-23,P07355,Facebook,General Dentistry,Clinic C,Appointment Booked,15,Yes,
L07356,2025-05-24,,Google Ads,Dental Implant,Clinic A,Contacted - No Appointment,25,No,
L07357,2025-06-05,,Instagram,General Dentistry,Clinic D,Contacted - No Appointment,18,No,
L07358,2025-05-22,,Facebook,Root Canal,Clinic D,Contacted - No Appointment,6,No,
L07359,2025-07-17,P07359,Facebook,General Dentistry,Clinic A,Appointment Booked,33,Yes,
L07360,2025-10-01,,Google Organic,Dental Implant,Clinic B,Contacted - No Appointment,5,No,
L07361,2025-12-08,,Facebook,Teeth Whitening,Clinic A,Contacted - No Appointment,36,No,
L07362,2025-05-26,P07362,Google Organic,Teeth Whitening,Clinic D,Appointment Booked,9,Yes,2025-07-06
L07363,2025-07-22,,Facebook,General Dentistry,Clinic C,Not Contacted/Cold,63,No,
L07364,2025-08-25,P07364,Google Ads,Teeth Whitening,Clinic A,Appointment Booked,6,Yes,2025-07-09
L07365,2025-12-29,P07365,Facebook,Root Canal,Clinic D,Appointment Booked,6,Yes,2026-08-01
L07366,2025-01-17,,Referral,Dental Crown,Clinic A,Contacted - No Appointment,8,No,
L07367,2025-09-30,,Google Organic,Root Canal,Clinic D,Contacted - No Appointment,35,No,
L07368,2025-10-26,,Google Ads,Invisalign,Clinic B,Contacted - No Appointment,27,No,
L07369,2025-05-25,,Facebook,Invisalign,Clinic B,Contacted - No Appointment,37,No,
L07370,2025-05-04,,Referral,Invisalign,Clinic A,Contacted - No Appointment,29,No,
L07371,2025-08-18,,Google Ads,Root Canal,Clinic A,Contacted - No Appointment,18,No,
L07372,2025-11-19,P07372,Google Ads,General Dentistry,Clinic C,Appointment Booked,43,Yes,
L07373,2025-01-14,P07373,Google Ads,General Dentistry,Clinic C,Appointment Booked,54,Yes,
L07374,2025-02-18,,Instagram,Dental Implant,Clinic A,Contacted - No Appointment,8,No,
L07375,2025-10-02,,Facebook,Dental Implant,Clinic A,Contacted - No Appointment,41,No,
L07376,2025-09-29,P07376,Google Ads,Invisalign,Clinic A,Appointment Booked,41,Yes,2025-03-10
L07377,2025-06-17,,Instagram,Invisalign,Clinic C,Contacted - No Appointment,9,No,
L07378,2025-02-14,,Google Ads,Dental Implant,Clinic C,Contacted - No Appointment,11,No,
L07379,2025-12-03,,Instagram,Root Canal,Clinic A,Contacted - No Appointment,34,No,
L07380,2025-11-19,,Facebook,Dental Crown,Clinic C,Contacted - No Appointment,13,No,
L07381,2025-12-27,P07381,Facebook,Dental Crown,Clinic A,Appointment Booked,21,Yes,2026-08-01
L07382,2025-01-31,P07382,Google Ads,Root Canal,Clinic D,Appointment Booked,22,Yes,2025-01-02
L07383,2025-01-14,,Instagram,Invisalign,Clinic D,Contacted - No Appointment,8,No,
L07384,2025-04-11,P07384,Facebook,Teeth Whitening,Clinic C,Appointment Booked,8,Yes,
L07385,2025-12-06,P07385,Facebook,General Dentistry,Clinic D,Appointment Booked,7,Yes,2025-07-12
L07386,2025-05-27,,Instagram,Invisalign,Clinic D,Contacted - No Appointment,28,No,
L07387,2025-10-23,P07387,Instagram,Dental Implant,Clinic D,Appointment Booked,6,Yes,2025-05-11
L07388,2025-05-12,,Google Ads,Invisalign,Clinic C,Contacted - No Appointment,36,No,
L07389,2025-11-30,,Google Ads,Dental Implant,Clinic B,Contacted - No Appointment,12,No,
L07390,2025-09-02,P07390,Google Ads,Root Canal,Clinic A,Appointment Booked,21,Yes,
L07391,2025-11-17,,Google Organic,Dental Implant,Clinic B,Contacted - No Appointment,7,No,
L07392,2025-03-02,,Instagram,Root Canal,Clinic C,Not Contacted/Cold,64,No,
L07393,2025-08-01,P07393,Google Organic,Invisalign,Clinic A,Appointment Booked,29,Yes,2025-10-08
L07394,2025-08-17,,Google Organic,Teeth Whitening,Clinic A,Contacted - No Appointment,28,No,
L07395,2025-08-21,P07395,Referral,Dental Implant,Clinic B,Appointment Booked,30,Yes,
L07396,2025-10-04,,Facebook,Dental Crown,Clinic A,Contacted - No Appointment,27,No,
L07397,2025-09-08,,Facebook,Dental Implant,Clinic C,Contacted - No Appointment,8,No,
L07398,2025-07-06,P07398,Google Organic,Dental Implant,Clinic D,Appointment Booked,10,Yes,
L07399,2025-05-18,,Google Ads,General Dentistry,Clinic C,Contacted - No Appointment,18,No,
L07400,2025-01-17,,Facebook,Dental Crown,Clinic C,Contacted - No Appointment,27,No,
L07401,2025-10-23,,Google Ads,Dental Implant,Clinic C,Contacted - No Appointment,33,No,
L07402,2025-06-30,,Referral,Dental Crown,Clinic B,Contacted - No Appointment,10,No,
L07403,2025-04-04,,Facebook,Dental Crown,Clinic A,Contacted - No Appointment,16,No,
L07404,2025-04-23,,Google Ads,Root Canal,Clinic D,Not Contacted/Cold,56,No,
L07405,2025-11-14,,Google Organic,Root Canal,Clinic A,Contacted - No Appointment,14,No,
L07406,2025-09-17,,Google Ads,General Dentistry,Clinic A,Contacted - No Appointment,37,No,
L07407,2025-08-17,P07407,Referral,Invisalign,Clinic D,Appointment Booked,5,Yes,
L07408,2025-09-12,P07408,Facebook,Root Canal,Clinic A,Appointment Booked,15,Yes,
L07409,2025-03-13,P07409,Instagram,Invisalign,Clinic B,Appointment Booked,41,Yes,
L07410,2025-06-23,,Facebook,Teeth Whitening,Clinic A,Not Contacted/Cold,47,No,
L07411,2025-01-19,,Google Organic,General Dentistry,Clinic A,Contacted - No Appointment,25,No,
L07412,2025-11-01,P07412,Referral,General Dentistry,Clinic A,Appointment Booked,3,Yes,
L07413,2025-03-01,,Google Organic,Teeth Whitening,Clinic A,Contacted - No Appointment,2,No,
L07414,2025-03-28,,Google Organic,General Dentistry,Clinic C,Contacted - No Appointment,24,No,
L07415,2025-10-10,P07415,Google Ads,Dental Crown,Clinic D,Appointment Booked,25,Yes,
L07416,2025-03-01,P07416,Referral,Teeth Whitening,Clinic B,Appointment Booked,67,Yes,2025-11-03
L07417,2025-04-30,P07417,Instagram,General Dentistry,Clinic D,Appointment Booked,11,Yes,2025-01-05
L07418,2025-05-01,P07418,Referral,Dental Implant,Clinic A,Appointment Booked,7,Yes,2025-12-05
L07419,2025-08-24,,Google Organic,Dental Crown,Clinic B,Contacted - No Appointment,17,No,
L07420,2025-12-17,,Google Ads,Teeth Whitening,Clinic A,Contacted - No Appointment,14,No,
L07421,2025-07-04,P07421,Instagram,General Dentistry,Clinic C,Appointment Booked,30,Yes,2025-12-07
L07422,2025-09-09,P07422,Google Ads,General Dentistry,Clinic B,Appointment Booked,33,Yes,2025-11-09
L07423,2025-11-08,,Google Organic,General Dentistry,Clinic C,Contacted - No Appointment,16,No,
L07424,2025-09-13,,Facebook,General Dentistry,Clinic D,Contacted - No Appointment,32,No,
L07425,2025-12-24,P07425,Google Ads,Root Canal,Clinic C,Appointment Booked,8,Yes,2026-03-01
L07426,2025-03-31,,Referral,Dental Implant,Clinic C,Contacted - No Appointment,23,No,
L07427,2025-07-24,,Referral,Dental Implant,Clinic D,Contacted - No Appointment,1,No,
L07428,2025-11-10,,Referral,Root Canal,Clinic B,Contacted - No Appointment,10,No,
L07429,2025-06-27,,Google Organic,Root Canal,Clinic B,Contacted - No Appointment,28,No,
L07430,2025-10-19,,Google Organic,Root Canal,Clinic C,Not Contacted/Cold,54,No,
L07431,2025-03-14,,Instagram,Root Canal,Clinic C,Contacted - No Appointment,9,No,
L07432,2025-10-16,P07432,Google Ads,General Dentistry,Clinic A,Appointment Booked,23,Yes,
L07433,2025-12-13,,Referral,Root Canal,Clinic B,Contacted - No Appointment,9,No,
L07434,2025-09-24,P07434,Referral,General Dentistry,Clinic B,Appointment Booked,14,Yes,
L07435,2025-05-29,,Google Organic,General Dentistry,Clinic B,Contacted - No Appointment,26,No,
L07436,2025-12-12,P07436,Referral,Root Canal,Clinic A,Appointment Booked,8,Yes,
L07437,2025-07-03,,Instagram,Root Canal,Clinic D,Contacted - No Appointment,14,No,
L07438,2025-12-27,,Facebook,Teeth Whitening,Clinic D,Contacted - No Appointment,21,No,
L07439,2025-07-31,,Referral,Teeth Whitening,Clinic B,Contacted - No Appointment,22,No,
L07440,2025-07-31,,Facebook,Invisalign,Clinic C,Contacted - No Appointment,20,No,
L07441,2025-07-30,,Instagram,Dental Implant,Clinic D,Contacted - No Appointment,21,No,
L07442,2025-12-19,,Facebook,Invisalign,Clinic A,Contacted - No Appointment,11,No,
L07443,2025-02-17,P07443,Instagram,Dental Implant,Clinic A,Appointment Booked,10,Yes,2025-02-03
L07444,2025-05-31,,Google Organic,Invisalign,Clinic C,Contacted - No Appointment,8,No,
L07445,2025-10-04,,Instagram,Invisalign,Clinic D,Contacted - No Appointment,9,No,
L07446,2025-09-09,P07446,Facebook,Dental Crown,Clinic A,Appointment Booked,8,Yes,
L07447,2025-03-20,,Facebook,General Dentistry,Clinic D,Contacted - No Appointment,20,No,
L07448,2025-08-27,P07448,Instagram,Dental Crown,Clinic B,Appointment Booked,9,Yes,2025-08-09
L07449,2025-03-24,P07449,Referral,General Dentistry,Clinic B,Appointment Booked,21,Yes,2025-01-04
L07450,2025-02-05,P07450,Google Ads,Teeth Whitening,Clinic B,Appointment Booked,17,Yes,2025-07-02
L07451,2025-07-17,P07451,Google Ads,Teeth Whitening,Clinic A,Appointment Booked,24,Yes,
L07452,2025-03-22,P07452,Google Ads,Root Canal,Clinic D,Appointment Booked,19,Yes,
L07453,2025-10-13,P07453,Referral,Invisalign,Clinic D,Appointment Booked,18,Yes,
L07454,2025-08-24,,Instagram,General Dentistry,Clinic B,Contacted - No Appointment,36,No,
L07455,2025-07-03,,Referral,General Dentistry,Clinic D,Contacted - No Appointment,34,No,
L07456,2025-03-17,P07456,Instagram,Root Canal,Clinic D,Appointment Booked,23,Yes,
L07457,2025-03-14,,Facebook,Dental Implant,Clinic B,Contacted - No Appointment,33,No,
L07458,2025-06-24,P07458,Google Organic,Teeth Whitening,Clinic C,Appointment Booked,9,Yes,2025-08-07
L07459,2025-10-30,,Google Ads,Invisalign,Clinic B,Contacted - No Appointment,14,No,
L07460,2025-09-26,,Facebook,Dental Implant,Clinic C,Contacted - No Appointment,15,No,
L07461,2025-11-10,,Facebook,Teeth Whitening,Clinic A,Contacted - No Appointment,22,No,
L07462,2025-01-10,,Google Ads,Root Canal,Clinic C,Contacted - No Appointment,5,No,
L07463,2025-07-12,,Facebook,Dental Crown,Clinic A,Contacted - No Appointment,23,No,
L07464,2025-05-03,P07464,Google Ads,General Dentistry,Clinic D,Appointment Booked,28,Yes,
L07465,2025-11-22,P07465,Google Ads,Root Canal,Clinic D,Appointment Booked,27,Yes,
L07466,2025-08-08,,Facebook,Root Canal,Clinic A,Contacted - No Appointment,5,No,
L07467,2025-06-21,P07467,Google Organic,Invisalign,Clinic B,Appointment Booked,6,Yes,2025-04-07
L07468,2025-01-18,,Google Ads,Invisalign,Clinic B,Contacted - No Appointment,11,No,
L07469,2025-03-05,,Facebook,Teeth Whitening,Clinic C,Not Contacted/Cold,55,No,
L07470,2025-08-18,P07470,Google Ads,Root Canal,Clinic B,Appointment Booked,23,Yes,
L07471,2025-02-18,,Instagram,Dental Implant,Clinic C,Contacted - No Appointment,6,No,
L07472,2025-11-08,,Instagram,Dental Implant,Clinic B,Contacted - No Appointment,24,No,
L07473,2025-01-01,,Referral,Root Canal,Clinic A,Contacted - No Appointment,20,No,
L07474,2025-07-16,,Google Organic,Root Canal,Clinic A,Contacted - No Appointment,26,No,
L07475,2025-11-10,,Google Ads,Dental Crown,Clinic A,Contacted - No Appointment,17,No,
L07476,2025-11-20,,Google Ads,Root Canal,Clinic D,Contacted - No Appointment,18,No,
L07477,2025-10-20,P07477,Google Ads,Dental Implant,Clinic D,Appointment Booked,11,Yes,
L07478,2025-09-12,,Referral,Root Canal,Clinic B,Not Contacted/Cold,65,No,
L07479,2025-09-22,P07479,Google Organic,General Dentistry,Clinic C,Appointment Booked,14,Yes,2025-02-10
L07480,2025-03-25,P07480,Google Ads,Dental Implant,Clinic A,Appointment Booked,16,Yes,
L07481,2025-09-29,,Google Ads,Dental Crown,Clinic C,Contacted - No Appointment,12,No,
L07482,2025-02-07,P07482,Facebook,Dental Crown,Clinic A,Appointment Booked,2,Yes,2025-10-02
L07483,2025-04-27,,Google Ads,Teeth Whitening,Clinic C,Contacted - No Appointment,5,No,
L07484,2025-08-15,P07484,Google Organic,Dental Implant,Clinic D,Appointment Booked,20,Yes,
L07485,2025-09-29,,Instagram,General Dentistry,Clinic A,Contacted - No Appointment,13,No,
L07486,2025-01-27,P07486,Instagram,Dental Crown,Clinic D,Appointment Booked,4,Yes,2025-07-02
L07487,2025-02-10,P07487,Facebook,General Dentistry,Clinic A,Appointment Booked,29,Yes,2025-12-02
L07488,2025-05-07,,Google Ads,Invisalign,Clinic B,Contacted - No Appointment,28,No,
L07489,2025-05-20,,Instagram,Teeth Whitening,Clinic A,Contacted - No Appointment,25,No,
L07490,2025-03-26,,Google Organic,Teeth Whitening,Clinic B,Contacted - No Appointment,19,No,
L07491,2025-03-14,P07491,Facebook,Root Canal,Clinic A,Appointment Booked,49,Yes,
L07492,2025-04-20,,Facebook,Root Canal,Clinic B,Contacted - No Appointment,13,No,
L07493,2025-01-29,,Google Organic,Dental Crown,Clinic B,Contacted - No Appointment,19,No,
L07494,2025-01-01,P07494,Google Ads,Dental Implant,Clinic B,Appointment Booked,7,Yes,2025-06-01
L07495,2025-12-26,,Facebook,Teeth Whitening,Clinic C,Contacted - No Appointment,5,No,
L07496,2025-04-10,,Facebook,Dental Implant,Clinic D,Contacted - No Appointment,44,No,
L07497,2025-12-17,P07497,Google Organic,Invisalign,Clinic B,Appointment Booked,25,Yes,
L07498,2025-06-20,,Google Ads,Dental Crown,Clinic A,Contacted - No Appointment,23,No,
L07499,2025-11-30,P07499,Google Organic,Dental Implant,Clinic B,Appointment Booked,62,Yes,2025-05-12
L07500,2025-03-05,,Google Ads,General Dentistry,Clinic D,Contacted - No Appointment,4,No,
L07501,2025-03-21,P07501,Google Ads,General Dentistry,Clinic C,Appointment Booked,6,Yes,
L07502,2025-04-03,,Google Organic,Dental Crown,Clinic B,Not Contacted/Cold,56,No,
L07503,2025-10-25,,Instagram,Teeth Whitening,Clinic A,Contacted - No Appointment,20,No,
L07504,2025-10-23,P07504,Referral,General Dentistry,Clinic B,Appointment Booked,19,Yes,
L07505,2025-08-04,,Facebook,Invisalign,Clinic B,Contacted - No Appointment,14,No,
L07506,2025-02-13,,Facebook,General Dentistry,Clinic D,Contacted - No Appointment,19,No,
L07507,2025-12-29,P07507,Google Organic,Invisalign,Clinic D,Appointment Booked,24,Yes,2026-06-01
L07508,2025-04-11,,Facebook,Root Canal,Clinic A,Contacted - No Appointment,42,No,
L07509,2025-02-23,,Google Ads,Dental Crown,Clinic C,Not Contacted/Cold,51,No,
L07510,2025-06-12,P07510,Google Ads,Teeth Whitening,Clinic A,Appointment Booked,31,Yes,
L07511,2025-03-10,P07511,Google Ads,Dental Implant,Clinic B,Appointment Booked,62,Yes,
L07512,2025-09-09,,Facebook,Invisalign,Clinic D,Contacted - No Appointment,11,No,
L07513,2025-12-26,,Referral,Dental Crown,Clinic C,Contacted - No Appointment,36,No,
L07514,2025-01-21,,Google Organic,Root Canal,Clinic B,Contacted - No Appointment,24,No,
L07515,2025-09-02,,Referral,Teeth Whitening,Clinic A,Contacted - No Appointment,22,No,
L07516,2025-06-20,,Referral,Dental Crown,Clinic D,Contacted - No Appointment,11,No,
L07517,2025-03-29,,Facebook,Invisalign,Clinic C,Contacted - No Appointment,17,No,
L07518,2025-09-09,P07518,Google Ads,Dental Implant,Clinic B,Appointment Booked,13,Yes,
L07519,2025-11-03,P07519,Instagram,Dental Crown,Clinic A,Appointment Booked,2,Yes,2025-12-11
L07520,2025-01-06,,Referral,Root Canal,Clinic B,Contacted - No Appointment,22,No,
L07521,2025-01-26,,Facebook,Dental Implant,Clinic D,Not Contacted/Cold,57,No,
L07522,2025-03-14,P07522,Facebook,Invisalign,Clinic C,Appointment Booked,11,Yes,
L07523,2025-10-13,,Google Ads,Invisalign,Clinic B,Contacted - No Appointment,23,No,
L07524,2025-01-24,P07524,Facebook,Dental Implant,Clinic C,Appointment Booked,8,Yes,
L07525,2025-03-02,P07525,Facebook,Root Canal,Clinic D,Appointment Booked,34,Yes,2025-04-03
L07526,2025-11-21,P07526,Facebook,Teeth Whitening,Clinic B,Appointment Booked,43,Yes,
L07527,2025-07-20,P07527,Referral,Dental Crown,Clinic A,Appointment Booked,3,Yes,
L07528,2025-07-20,P07528,Google Ads,General Dentistry,Clinic C,Appointment Booked,16,Yes,2025-01-08
L07529,2025-11-13,,Referral,Dental Implant,Clinic C,Contacted - No Appointment,13,No,
L07530,2025-11-06,P07530,Google Ads,Root Canal,Clinic C,Appointment Booked,16,Yes,
L07531,2025-01-04,,Referral,Dental Crown,Clinic D,Contacted - No Appointment,32,No,
L07532,2025-01-07,,Facebook,Dental Crown,Clinic B,Contacted - No Appointment,15,No,
L07533,2025-06-27,,Google Organic,Dental Crown,Clinic A,Contacted - No Appointment,38,No,
L07534,2025-07-13,P07534,Google Ads,Teeth Whitening,Clinic D,Appointment Booked,2,Yes,
L07535,2025-02-24,P07535,Instagram,Dental Crown,Clinic B,Appointment Booked,21,Yes,
L07536,2025-07-13,,Referral,Dental Implant,Clinic C,Contacted - No Appointment,22,No,
L07537,2025-12-25,P07537,Google Ads,Dental Crown,Clinic C,Appointment Booked,6,Yes,2026-06-01
L07538,2025-07-03,,Google Ads,Teeth Whitening,Clinic C,Not Contacted/Cold,52,No,
L07539,2025-09-07,,Facebook,General Dentistry,Clinic A,Contacted - No Appointment,14,No,
L07540,2025-09-25,P07540,Google Ads,Dental Crown,Clinic D,Appointment Booked,29,Yes,2025-09-10
L07541,2025-06-04,,Google Ads,Dental Crown,Clinic D,Contacted - No Appointment,10,No,
L07542,2025-11-24,P07542,Google Organic,Root Canal,Clinic C,Appointment Booked,9,Yes,
L07543,2025-01-20,,Google Ads,General Dentistry,Clinic B,Contacted - No Appointment,32,No,
L07544,2025-12-16,,Instagram,General Dentistry,Clinic A,Contacted - No Appointment,9,No,
L07545,2025-08-18,,Referral,Teeth Whitening,Clinic A,Contacted - No Appointment,16,No,
L07546,2025-07-21,,Instagram,Dental Crown,Clinic B,Contacted - No Appointment,11,No,
L07547,2025-01-05,,Google Ads,Dental Implant,Clinic B,Contacted - No Appointment,30,No,
L07548,2025-02-05,,Instagram,Teeth Whitening,Clinic D,Contacted - No Appointment,13,No,
L07549,2025-09-06,P07549,Facebook,Teeth Whitening,Clinic D,Appointment Booked,7,Yes,2025-08-09
L07550,2025-08-25,,Facebook,Teeth Whitening,Clinic C,Contacted - No Appointment,24,No,
L07551,2025-01-13,P07551,Facebook,Dental Implant,Clinic C,Appointment Booked,48,Yes,
L07552,2025-06-07,,Referral,Dental Crown,Clinic A,Contacted - No Appointment,33,No,
L07553,2025-07-12,,Google Organic,Invisalign,Clinic D,Contacted - No Appointment,34,No,
L07554,2025-12-19,,Google Ads,Teeth Whitening,Clinic B,Contacted - No Appointment,12,No,
L07555,2025-12-01,P07555,Facebook,Invisalign,Clinic A,Appointment Booked,21,Yes,
L07556,2025-09-10,,Facebook,Dental Crown,Clinic B,Contacted - No Appointment,14,No,
L07557,2025-01-19,P07557,Referral,Invisalign,Clinic D,Appointment Booked,8,Yes,
L07558,2025-02-09,P07558,Referral,Dental Implant,Clinic D,Appointment Booked,25,Yes,
L07559,2025-12-02,P07559,Facebook,Dental Crown,Clinic A,Appointment Booked,23,Yes,2025-04-12
L07560,2025-04-29,,Facebook,Dental Implant,Clinic D,Contacted - No Appointment,17,No,
L07561,2025-04-20,P07561,Instagram,Dental Crown,Clinic B,Appointment Booked,40,Yes,
L07562,2025-08-21,P07562,Facebook,General Dentistry,Clinic A,Appointment Booked,5,Yes,
L07563,2025-09-03,,Google Ads,General Dentistry,Clinic D,Contacted - No Appointment,28,No,
L07564,2025-02-26,P07564,Instagram,Invisalign,Clinic D,Appointment Booked,25,Yes,2025-11-03
L07565,2025-10-06,P07565,Facebook,Teeth Whitening,Clinic C,Appointment Booked,4,Yes,
L07566,2025-03-20,P07566,Instagram,Root Canal,Clinic C,Appointment Booked,24,Yes,
L07567,2025-04-18,,Facebook,General Dentistry,Clinic D,Contacted - No Appointment,5,No,
L07568,2025-03-06,,Google Organic,Teeth Whitening,Clinic D,Contacted - No Appointment,13,No,
L07569,2025-03-28,P07569,Instagram,Dental Implant,Clinic D,Appointment Booked,15,Yes,2025-08-04
L07570,2025-02-05,P07570,Facebook,Root Canal,Clinic C,Appointment Booked,11,Yes,
L07571,2025-12-06,P07571,Google Organic,Invisalign,Clinic D,Appointment Booked,10,Yes,2025-12-12
L07572,2025-07-30,P07572,Facebook,Teeth Whitening,Clinic D,Appointment Booked,11,Yes,2025-01-08
L07573,2025-11-05,,Google Ads,Root Canal,Clinic A,Contacted - No Appointment,20,No,
L07574,2025-01-05,,Google Ads,Dental Crown,Clinic D,Contacted - No Appointment,37,No,
L07575,2025-08-24,P07575,Google Ads,Dental Crown,Clinic B,Appointment Booked,26,Yes,2025-02-09
L07576,2025-03-20,,Google Ads,General Dentistry,Clinic B,Contacted - No Appointment,30,No,
L07577,2025-10-01,,Google Organic,General Dentistry,Clinic C,Not Contacted/Cold,47,No,
L07578,2025-05-28,,Facebook,Root Canal,Clinic A,Contacted - No Appointment,41,No,
L07579,2025-07-27,,Google Ads,Teeth Whitening,Clinic B,Contacted - No Appointment,29,No,
L07580,2025-03-16,P07580,Google Organic,General Dentistry,Clinic D,Appointment Booked,6,Yes,
L07581,2025-10-16,P07581,Google Organic,General Dentistry,Clinic A,Appointment Booked,13,Yes,
L07582,2025-10-30,P07582,Facebook,Dental Implant,Clinic B,Appointment Booked,3,Yes,2025-01-11
L07583,2025-03-23,,Google Ads,Invisalign,Clinic D,Contacted - No Appointment,6,No,
L07584,2025-01-29,,Google Ads,Invisalign,Clinic B,Contacted - No Appointment,14,No,
L07585,2025-01-09,P07585,Facebook,Root Canal,Clinic B,Appointment Booked,19,Yes,2025-10-01
L07586,2025-10-20,P07586,Referral,Dental Implant,Clinic B,Appointment Booked,37,Yes,
L07587,2025-06-28,,Google Ads,Root Canal,Clinic C,Contacted - No Appointment,31,No,
L07588,2025-02-23,,Instagram,Dental Crown,Clinic C,Contacted - No Appointment,44,No,
L07589,2025-04-20,,Referral,Root Canal,Clinic D,Contacted - No Appointment,8,No,
L07590,2025-12-19,,Instagram,Dental Crown,Clinic B,Contacted - No Appointment,43,No,
L07591,2025-01-03,,Facebook,Dental Implant,Clinic D,Contacted - No Appointment,26,No,
L07592,2025-09-06,,Google Organic,General Dentistry,Clinic C,Contacted - No Appointment,34,No,
L07593,2025-07-01,,Google Organic,General Dentistry,Clinic B,Contacted - No Appointment,22,No,
L07594,2025-12-24,,Instagram,Dental Crown,Clinic C,Contacted - No Appointment,25,No,
L07595,2025-04-30,P07595,Referral,General Dentistry,Clinic C,Appointment Booked,19,Yes,
L07596,2025-05-31,,Facebook,Dental Implant,Clinic C,Contacted - No Appointment,15,No,
L07597,2025-02-15,P07597,Google Organic,Teeth Whitening,Clinic A,Appointment Booked,20,Yes,
L07598,2025-11-04,P07598,Referral,Dental Implant,Clinic A,Appointment Booked,25,Yes,2025-08-11
L07599,2025-07-10,,Facebook,Root Canal,Clinic B,Not Contacted/Cold,54,No,
L07600,2025-03-05,,Instagram,Invisalign,Clinic B,Contacted - No Appointment,11,No,
L07601,2025-11-11,P07601,Instagram,Dental Crown,Clinic C,Appointment Booked,11,Yes,
L07602,2025-02-17,P07602,Google Organic,Invisalign,Clinic A,Appointment Booked,14,Yes,
L07603,2025-11-24,,Google Organic,Dental Crown,Clinic D,Not Contacted/Cold,46,No,
L07604,2025-05-09,P07604,Google Ads,Root Canal,Clinic B,Appointment Booked,37,Yes,
L07605,2025-04-08,,Google Organic,General Dentistry,Clinic B,Contacted - No Appointment,22,No,
L07606,2025-05-24,P07606,Google Organic,Dental Crown,Clinic C,Appointment Booked,17,Yes,2025-02-06
L07607,2025-06-05,,Google Organic,Invisalign,Clinic A,Contacted - No Appointment,8,No,
L07608,2025-04-23,P07608,Google Organic,Invisalign,Clinic D,Appointment Booked,5,Yes,
L07609,2025-07-19,P07609,Google Ads,General Dentistry,Clinic A,Appointment Booked,16,Yes,
L07610,2025-06-15,,Facebook,Root Canal,Clinic B,Contacted - No Appointment,8,No,
L07611,2025-08-18,,Google Organic,Root Canal,Clinic D,Contacted - No Appointment,36,No,
L07612,2025-12-03,P07612,Referral,Dental Crown,Clinic C,Appointment Booked,21,Yes,2025-04-12
L07613,2025-01-25,,Google Ads,Invisalign,Clinic B,Contacted - No Appointment,18,No,
L07614,2025-11-16,P07614,Instagram,Invisalign,Clinic B,Appointment Booked,7,Yes,
L07615,2025-03-20,P07615,Google Organic,Root Canal,Clinic C,Appointment Booked,14,Yes,
L07616,2025-01-11,,Google Organic,Invisalign,Clinic D,Contacted - No Appointment,19,No,
L07617,2025-05-22,P07617,Instagram,Invisalign,Clinic D,Appointment Booked,46,Yes,
L07618,2025-09-26,,Google Ads,Dental Implant,Clinic B,Contacted - No Appointment,19,No,
L07619,2025-09-08,,Google Organic,Invisalign,Clinic D,Contacted - No Appointment,27,No,
L07620,2025-03-08,,Google Organic,Invisalign,Clinic A,Contacted - No Appointment,10,No,
L07621,2025-12-24,,Google Organic,General Dentistry,Clinic A,Contacted - No Appointment,17,No,
L07622,2025-06-04,P07622,Google Organic,Dental Crown,Clinic D,Appointment Booked,6,Yes,2025-06-06
L07623,2025-05-04,,Facebook,Teeth Whitening,Clinic A,Contacted - No Appointment,41,No,
L07624,2025-05-18,P07624,Referral,Dental Implant,Clinic A,Appointment Booked,35,Yes,
L07625,2025-05-27,,Google Organic,Dental Implant,Clinic A,Not Contacted/Cold,52,No,
L07626,2025-05-18,P07626,Instagram,Teeth Whitening,Clinic B,Appointment Booked,19,Yes,
L07627,2025-06-05,P07627,Referral,Dental Crown,Clinic C,Appointment Booked,3,Yes,2025-09-06
L07628,2025-08-30,,Referral,Invisalign,Clinic C,Contacted - No Appointment,17,No,
L07629,2025-10-04,,Google Organic,Root Canal,Clinic A,Contacted - No Appointment,10,No,
L07630,2025-12-03,,Instagram,Root Canal,Clinic B,Contacted - No Appointment,21,No,
L07631,2025-06-24,P07631,Facebook,General Dentistry,Clinic D,Appointment Booked,19,Yes,2025-04-07
L07632,2025-01-17,,Facebook,Dental Implant,Clinic D,Contacted - No Appointment,15,No,
L07633,2025-09-01,,Google Ads,Dental Crown,Clinic B,Contacted - No Appointment,10,No,
L07634,2025-09-01,,Facebook,Teeth Whitening,Clinic D,Contacted - No Appointment,35,No,
L07635,2025-07-08,P07635,Instagram,General Dentistry,Clinic C,Appointment Booked,9,Yes,2025-10-07
L07636,2025-02-23,,Google Ads,Teeth Whitening,Clinic A,Contacted - No Appointment,22,No,
L07637,2025-09-19,,Referral,Invisalign,Clinic A,Not Contacted/Cold,50,No,
L07638,2025-04-09,P07638,Instagram,Teeth Whitening,Clinic A,Appointment Booked,34,Yes,
L07639,2025-10-24,,Facebook,Teeth Whitening,Clinic C,Contacted - No Appointment,9,No,
L07640,2025-03-11,,Facebook,Teeth Whitening,Clinic A,Contacted - No Appointment,22,No,
L07641,2025-08-09,,Google Ads,General Dentistry,Clinic C,Contacted - No Appointment,5,No,
L07642,2025-08-28,P07642,Referral,General Dentistry,Clinic A,Appointment Booked,8,Yes,2025-07-09
L07643,2025-10-11,,Facebook,Dental Implant,Clinic D,Contacted - No Appointment,15,No,
L07644,2025-10-29,P07644,Instagram,Dental Implant,Clinic B,Appointment Booked,16,Yes,2025-03-11
L07645,2025-10-22,,Instagram,Teeth Whitening,Clinic D,Contacted - No Appointment,33,No,
L07646,2025-07-22,P07646,Instagram,Invisalign,Clinic D,Appointment Booked,16,Yes,
L07647,2025-08-23,P07647,Facebook,Dental Implant,Clinic A,Appointment Booked,19,Yes,2025-03-09
L07648,2025-09-25,,Google Ads,Root Canal,Clinic B,Contacted - No Appointment,32,No,
L07649,2025-07-07,P07649,Google Ads,Teeth Whitening,Clinic A,Appointment Booked,10,Yes,
L07650,2025-04-08,,Facebook,Dental Implant,Clinic D,Not Contacted/Cold,49,No,
L07651,2025-01-20,P07651,Google Organic,Dental Crown,Clinic C,Appointment Booked,42,Yes,
L07652,2025-12-14,,Facebook,Dental Implant,Clinic A,Contacted - No Appointment,20,No,
L07653,2025-09-12,P07653,Google Ads,Dental Implant,Clinic A,Appointment Booked,30,Yes,
L07654,2025-07-11,,Google Ads,Root Canal,Clinic B,Contacted - No Appointment,20,No,
L07655,2025-03-10,P07655,Instagram,Dental Implant,Clinic D,Appointment Booked,17,Yes,
L07656,2025-08-07,,Facebook,General Dentistry,Clinic C,Contacted - No Appointment,23,No,
L07657,2025-08-08,,Google Ads,General Dentistry,Clinic D,Contacted - No Appointment,36,No,
L07658,2025-10-19,P07658,Google Organic,Teeth Whitening,Clinic B,Appointment Booked,34,Yes,
L07659,2025-10-03,,Google Ads,Invisalign,Clinic A,Contacted - No Appointment,11,No,
L07660,2025-06-22,,Facebook,Root Canal,Clinic D,Contacted - No Appointment,18,No,
L07661,2025-04-13,,Facebook,Invisalign,Clinic A,Contacted - No Appointment,7,No,
L07662,2025-02-08,P07662,Referral,Invisalign,Clinic D,Appointment Booked,27,Yes,
L07663,2025-10-30,,Google Ads,Root Canal,Clinic B,Contacted - No Appointment,30,No,
L07664,2025-08-08,,Facebook,Teeth Whitening,Clinic A,Contacted - No Appointment,26,No,
L07665,2025-11-02,,Referral,Dental Implant,Clinic C,Not Contacted/Cold,83,No,
L07666,2025-11-13,,Facebook,Invisalign,Clinic D,Contacted - No Appointment,21,No,
L07667,2025-07-19,,Instagram,General Dentistry,Clinic D,Contacted - No Appointment,3,No,
L07668,2025-08-13,,Facebook,Root Canal,Clinic A,Contacted - No Appointment,19,No,
L07669,2025-02-18,,Google Ads,General Dentistry,Clinic A,Contacted - No Appointment,9,No,
L07670,2025-03-05,,Instagram,General Dentistry,Clinic C,Contacted - No Appointment,32,No,
L07671,2025-10-01,,Referral,Root Canal,Clinic C,Contacted - No Appointment,37,No,
L07672,2025-05-18,P07672,Facebook,Invisalign,Clinic C,Appointment Booked,16,Yes,
L07673,2025-01-21,P07673,Instagram,Teeth Whitening,Clinic A,Appointment Booked,19,Yes,
L07674,2025-12-08,P07674,Instagram,Dental Implant,Clinic D,Appointment Booked,23,Yes,2025-11-12
L07675,2025-01-30,,Facebook,Invisalign,Clinic C,Contacted - No Appointment,23,No,
L07676,2025-02-11,,Instagram,Teeth Whitening,Clinic D,Contacted - No Appointment,37,No,
L07677,2025-08-05,,Google Ads,Root Canal,Clinic C,Contacted - No Appointment,22,No,
L07678,2025-12-27,P07678,Facebook,Invisalign,Clinic B,Appointment Booked,18,Yes,
L07679,2025-06-26,P07679,Facebook,Dental Crown,Clinic D,Appointment Booked,16,Yes,2025-07-07
L07680,2025-03-06,,Referral,Teeth Whitening,Clinic C,Contacted - No Appointment,6,No,
L07681,2025-10-30,P07681,Facebook,Dental Implant,Clinic D,Appointment Booked,9,Yes,2025-07-11
L07682,2025-11-23,,Instagram,Invisalign,Clinic D,Contacted - No Appointment,8,No,
L07683,2025-04-02,,Google Ads,Invisalign,Clinic C,Not Contacted/Cold,72,No,
L07684,2025-03-12,P07684,Google Ads,Root Canal,Clinic C,Appointment Booked,18,Yes,
L07685,2025-03-03,,Instagram,Teeth Whitening,Clinic A,Contacted - No Appointment,30,No,
L07686,2025-01-14,P07686,Google Organic,Teeth Whitening,Clinic A,Appointment Booked,27,Yes,
L07687,2025-06-17,,Facebook,Dental Crown,Clinic A,Contacted - No Appointment,3,No,
L07688,2025-12-09,,Facebook,Dental Implant,Clinic A,Contacted - No Appointment,16,No,
L07689,2025-07-15,P07689,Referral,Dental Implant,Clinic A,Appointment Booked,25,Yes,
L07690,2025-07-13,,Google Ads,Invisalign,Clinic B,Contacted - No Appointment,2,No,
L07691,2025-12-23,,Google Organic,Invisalign,Clinic B,Contacted - No Appointment,16,No,
L07692,2025-05-04,,Google Organic,Dental Implant,Clinic B,Contacted - No Appointment,31,No,
L07693,2025-09-07,,Google Organic,Root Canal,Clinic A,Contacted - No Appointment,14,No,
L07694,2025-06-15,,Referral,Dental Implant,Clinic A,Contacted - No Appointment,28,No,
L07695,2025-06-09,,Google Organic,Teeth Whitening,Clinic C,Contacted - No Appointment,9,No,
L07696,2025-06-30,P07696,Facebook,Teeth Whitening,Clinic C,Appointment Booked,14,Yes,2025-01-07
L07697,2025-01-17,P07697,Facebook,Dental Crown,Clinic B,Appointment Booked,30,Yes,
L07698,2025-04-22,P07698,Facebook,Dental Implant,Clinic C,Appointment Booked,17,Yes,2025-06-05
L07699,2025-05-13,,Google Ads,General Dentistry,Clinic D,Contacted - No Appointment,7,No,
L07700,2025-01-02,,Referral,General Dentistry,Clinic B,Contacted - No Appointment,32,No,
L07701,2025-07-07,P07701,Google Ads,Invisalign,Clinic C,Appointment Booked,23,Yes,
L07702,2025-12-18,P07702,Google Organic,Teeth Whitening,Clinic D,Appointment Booked,10,Yes,2026-01-01
L07703,2025-08-02,,Google Organic,General Dentistry,Clinic D,Contacted - No Appointment,29,No,
L07704,2025-01-14,,Google Organic,Root Canal,Clinic B,Contacted - No Appointment,15,No,
L07705,2025-04-12,,Instagram,Invisalign,Clinic C,Contacted - No Appointment,43,No,
L07706,2025-06-24,,Google Organic,Root Canal,Clinic A,Contacted - No Appointment,36,No,
L07707,2025-05-06,,Facebook,Root Canal,Clinic C,Contacted - No Appointment,19,No,
L07708,2025-04-21,P07708,Google Organic,Root Canal,Clinic D,Appointment Booked,26,Yes,
L07709,2025-04-01,,Facebook,General Dentistry,Clinic C,Contacted - No Appointment,41,No,
L07710,2025-07-14,,Referral,Teeth Whitening,Clinic D,Contacted - No Appointment,19,No,
L07711,2025-06-05,,Google Ads,Invisalign,Clinic B,Contacted - No Appointment,3,No,
L07712,2025-06-09,,Facebook,Dental Crown,Clinic D,Contacted - No Appointment,26,No,
L07713,2025-08-12,,Facebook,Dental Crown,Clinic C,Contacted - No Appointment,32,No,
L07714,2025-03-21,P07714,Google Organic,Dental Implant,Clinic A,Appointment Booked,33,Yes,
L07715,2025-09-12,,Google Organic,Root Canal,Clinic C,Contacted - No Appointment,9,No,
L07716,2025-01-31,,Google Ads,General Dentistry,Clinic B,Contacted - No Appointment,43,No,
L07717,2025-06-02,,Google Ads,Dental Crown,Clinic A,Not Contacted/Cold,74,No,
L07718,2025-12-03,P07718,Facebook,Invisalign,Clinic D,Appointment Booked,33,Yes,
L07719,2025-06-30,P07719,Facebook,Dental Implant,Clinic B,Appointment Booked,15,Yes,2025-02-07
L07720,2025-02-25,,Facebook,Root Canal,Clinic D,Contacted - No Appointment,24,No,
L07721,2025-11-11,P07721,Facebook,Root Canal,Clinic B,Appointment Booked,28,Yes,
L07722,2025-11-11,P07722,Instagram,Invisalign,Clinic A,Appointment Booked,31,Yes,
L07723,2025-06-26,P07723,Facebook,Dental Crown,Clinic D,Appointment Booked,22,Yes,2025-07-07
L07724,2025-12-12,,Referral,Dental Implant,Clinic B,Contacted - No Appointment,8,No,
L07725,2025-04-30,,Google Ads,Dental Implant,Clinic C,Contacted - No Appointment,30,No,
L07726,2025-10-05,P07726,Instagram,Root Canal,Clinic C,Appointment Booked,11,Yes,2025-06-10
L07727,2025-10-01,,Instagram,Dental Implant,Clinic C,Contacted - No Appointment,15,No,
L07728,2025-02-14,,Google Ads,General Dentistry,Clinic D,Contacted - No Appointment,10,No,
L07729,2025-05-18,P07729,Facebook,Dental Implant,Clinic C,Appointment Booked,7,Yes,
L07730,2025-08-30,,Facebook,Dental Crown,Clinic B,Contacted - No Appointment,14,No,
L07731,2025-01-31,,Google Ads,Root Canal,Clinic D,Contacted - No Appointment,23,No,
L07732,2025-06-19,P07732,Facebook,Root Canal,Clinic A,Appointment Booked,13,Yes,
L07733,2025-04-21,,Facebook,Teeth Whitening,Clinic C,Contacted - No Appointment,9,No,
L07734,2025-09-03,P07734,Google Ads,Root Canal,Clinic D,Appointment Booked,19,Yes,
L07735,2025-06-09,,Facebook,Teeth Whitening,Clinic C,Contacted - No Appointment,4,No,
L07736,2025-08-01,P07736,Facebook,Root Canal,Clinic D,Appointment Booked,2,Yes,2025-10-08
L07737,2025-02-19,,Google Ads,Dental Crown,Clinic C,Contacted - No Appointment,34,No,
L07738,2025-03-07,P07738,Google Ads,Teeth Whitening,Clinic D,Appointment Booked,6,Yes,
L07739,2025-04-04,,Instagram,Dental Crown,Clinic D,Contacted - No Appointment,20,No,
L07740,2025-04-28,,Google Organic,Dental Crown,Clinic B,Contacted - No Appointment,34,No,
L07741,2025-12-04,,Referral,Teeth Whitening,Clinic A,Contacted - No Appointment,20,No,
L07742,2025-03-05,,Google Ads,General Dentistry,Clinic B,Contacted - No Appointment,10,No,
L07743,2025-03-29,,Google Ads,Root Canal,Clinic C,Contacted - No Appointment,19,No,
L07744,2025-02-16,,Google Ads,Dental Crown,Clinic A,Contacted - No Appointment,11,No,
L07745,2025-02-03,,Facebook,Dental Implant,Clinic A,Contacted - No Appointment,14,No,
L07746,2025-04-29,P07746,Instagram,Root Canal,Clinic B,Appointment Booked,5,Yes,2025-12-05
L07747,2025-06-18,P07747,Facebook,Root Canal,Clinic D,Appointment Booked,2,Yes,
L07748,2025-08-04,,Google Organic,General Dentistry,Clinic C,Contacted - No Appointment,13,No,
L07749,2025-12-04,P07749,Google Organic,Root Canal,Clinic B,Appointment Booked,7,Yes,
L07750,2025-03-09,,Referral,Teeth Whitening,Clinic A,Contacted - No Appointment,26,No,
L07751,2025-10-14,,Google Ads,Dental Implant,Clinic B,Contacted - No Appointment,18,No,
L07752,2025-04-04,,Google Ads,Root Canal,Clinic A,Contacted - No Appointment,14,No,
L07753,2025-06-30,P07753,Google Ads,General Dentistry,Clinic A,Appointment Booked,52,Yes,2025-11-07
L07754,2025-06-28,P07754,Google Ads,Invisalign,Clinic D,Appointment Booked,23,Yes,2025-08-07
L07755,2025-08-01,,Referral,Dental Implant,Clinic D,Contacted - No Appointment,21,No,
L07756,2025-04-29,,Facebook,Root Canal,Clinic A,Contacted - No Appointment,42,No,
L07757,2025-12-15,,Instagram,Teeth Whitening,Clinic A,Contacted - No Appointment,9,No,
L07758,2025-11-14,P07758,Facebook,Root Canal,Clinic B,Appointment Booked,12,Yes,
L07759,2025-04-05,,Google Ads,Root Canal,Clinic B,Contacted - No Appointment,8,No,
L07760,2025-02-21,,Google Ads,Dental Crown,Clinic A,Contacted - No Appointment,18,No,
L07761,2025-01-29,P07761,Facebook,Invisalign,Clinic B,Appointment Booked,61,Yes,2025-06-02
L07762,2025-01-02,,Instagram,Teeth Whitening,Clinic A,Contacted - No Appointment,12,No,
L07763,2025-10-17,P07763,Referral,Dental Implant,Clinic D,Appointment Booked,17,Yes,
L07764,2025-03-01,,Instagram,Root Canal,Clinic C,Contacted - No Appointment,6,No,
L07765,2025-05-01,,Facebook,Dental Crown,Clinic C,Contacted - No Appointment,35,No,
L07766,2025-09-08,P07766,Google Ads,General Dentistry,Clinic B,Appointment Booked,47,Yes,2025-09-09
L07767,2025-08-11,,Google Organic,Teeth Whitening,Clinic D,Contacted - No Appointment,13,No,
L07768,2025-09-10,,Google Ads,Teeth Whitening,Clinic D,Not Contacted/Cold,73,No,
L07769,2025-11-03,P07769,Referral,Root Canal,Clinic A,Appointment Booked,3,Yes,
L07770,2025-03-03,P07770,Facebook,Dental Implant,Clinic A,Appointment Booked,15,Yes,2025-09-03
L07771,2025-05-19,,Google Ads,Invisalign,Clinic C,Contacted - No Appointment,12,No,
L07772,2025-07-07,P07772,Facebook,General Dentistry,Clinic A,Appointment Booked,19,Yes,
L07773,2025-08-13,P07773,Referral,General Dentistry,Clinic B,Appointment Booked,31,Yes,
L07774,2025-06-13,,Facebook,General Dentistry,Clinic C,Contacted - No Appointment,45,No,
L07775,2025-06-11,P07775,Google Ads,Dental Implant,Clinic C,Appointment Booked,11,Yes,
L07776,2025-01-18,P07776,Google Ads,Root Canal,Clinic B,Appointment Booked,23,Yes,2025-01-02
L07777,2025-11-27,P07777,Instagram,Dental Crown,Clinic C,Appointment Booked,21,Yes,2025-09-12
L07778,2025-11-07,,Google Ads,Teeth Whitening,Clinic D,Contacted - No Appointment,33,No,
L07779,2025-12-11,,Google Organic,Dental Crown,Clinic A,Contacted - No Appointment,14,No,
L07780,2025-04-10,P07780,Referral,Teeth Whitening,Clinic C,Appointment Booked,10,Yes,2025-11-04
L07781,2025-03-03,,Referral,Root Canal,Clinic A,Contacted - No Appointment,12,No,
L07782,2025-09-05,,Google Ads,Dental Implant,Clinic A,Contacted - No Appointment,28,No,
L07783,2025-04-20,,Instagram,Invisalign,Clinic C,Contacted - No Appointment,4,No,
L07784,2025-10-05,,Google Ads,Dental Implant,Clinic A,Contacted - No Appointment,12,No,
L07785,2025-08-10,P07785,Instagram,Root Canal,Clinic A,Appointment Booked,17,Yes,
L07786,2025-10-21,,Google Organic,Dental Implant,Clinic A,Contacted - No Appointment,23,No,
L07787,2025-12-13,,Facebook,Invisalign,Clinic C,Contacted - No Appointment,22,No,
L07788,2025-10-22,,Referral,Dental Crown,Clinic C,Contacted - No Appointment,8,No,
L07789,2025-12-19,,Google Organic,General Dentistry,Clinic A,Contacted - No Appointment,6,No,
L07790,2025-03-02,,Google Ads,General Dentistry,Clinic C,Contacted - No Appointment,24,No,
L07791,2025-06-23,P07791,Instagram,Invisalign,Clinic A,Appointment Booked,11,Yes,
L07792,2025-05-01,,Google Ads,Dental Implant,Clinic C,Contacted - No Appointment,17,No,
L07793,2025-09-16,P07793,Facebook,Invisalign,Clinic B,Appointment Booked,9,Yes,
L07794,2025-05-24,,Google Ads,General Dentistry,Clinic C,Contacted - No Appointment,9,No,
L07795,2025-05-25,P07795,Referral,Root Canal,Clinic D,Appointment Booked,26,Yes,2025-04-06
L07796,2025-09-07,,Facebook,Invisalign,Clinic D,Contacted - No Appointment,20,No,
L07797,2025-03-21,P07797,Instagram,General Dentistry,Clinic A,Appointment Booked,15,Yes,2025-02-04
L07798,2025-05-28,P07798,Google Organic,Root Canal,Clinic D,Appointment Booked,18,Yes,2025-10-06
L07799,2025-01-12,P07799,Google Organic,General Dentistry,Clinic A,Appointment Booked,12,Yes,
L07800,2025-11-25,,Google Organic,Invisalign,Clinic D,Contacted - No Appointment,19,No,
L07801,2025-11-09,,Google Ads,Root Canal,Clinic B,Contacted - No Appointment,14,No,
L07802,2025-01-31,,Google Organic,Root Canal,Clinic B,Not Contacted/Cold,46,No,
L07803,2025-03-27,,Facebook,General Dentistry,Clinic A,Contacted - No Appointment,12,No,
L07804,2025-11-16,P07804,Instagram,General Dentistry,Clinic A,Appointment Booked,10,Yes,
L07805,2025-06-14,,Google Ads,Dental Crown,Clinic C,Contacted - No Appointment,36,No,
L07806,2025-06-18,,Google Ads,Invisalign,Clinic D,Contacted - No Appointment,15,No,
L07807,2025-02-04,,Referral,Root Canal,Clinic C,Contacted - No Appointment,38,No,
L07808,2025-08-17,,Google Ads,General Dentistry,Clinic C,Contacted - No Appointment,27,No,
L07809,2025-05-24,P07809,Facebook,Dental Crown,Clinic D,Appointment Booked,9,Yes,
L07810,2025-11-26,,Google Ads,Teeth Whitening,Clinic B,Contacted - No Appointment,19,No,
L07811,2025-02-22,,Google Ads,Root Canal,Clinic A,Contacted - No Appointment,7,No,
L07812,2025-10-16,,Google Ads,Root Canal,Clinic A,Contacted - No Appointment,44,No,
L07813,2025-08-01,P07813,Instagram,Root Canal,Clinic B,Appointment Booked,10,Yes,2025-11-08
L07814,2025-08-20,,Referral,Teeth Whitening,Clinic A,Contacted - No Appointment,1,No,
L07815,2025-02-01,P07815,Facebook,General Dentistry,Clinic A,Appointment Booked,8,Yes,2025-08-02
L07816,2025-01-10,,Facebook,Root Canal,Clinic A,Not Contacted/Cold,50,No,
L07817,2025-05-05,,Instagram,Root Canal,Clinic A,Contacted - No Appointment,23,No,
L07818,2025-11-13,,Facebook,Invisalign,Clinic D,Contacted - No Appointment,19,No,
L07819,2025-05-17,,Referral,Dental Implant,Clinic A,Contacted - No Appointment,4,No,
L07820,2025-12-22,,Facebook,General Dentistry,Clinic C,Not Contacted/Cold,52,No,
L07821,2025-01-20,,Facebook,Invisalign,Clinic C,Contacted - No Appointment,40,No,
L07822,2025-09-21,,Facebook,Teeth Whitening,Clinic C,Contacted - No Appointment,8,No,
L07823,2025-07-25,P07823,Google Organic,Teeth Whitening,Clinic A,Appointment Booked,4,Yes,2025-01-08
L07824,2025-06-15,P07824,Instagram,Teeth Whitening,Clinic B,Appointment Booked,30,Yes,
L07825,2025-05-07,,Google Ads,General Dentistry,Clinic A,Contacted - No Appointment,34,No,
L07826,2025-01-19,,Google Ads,Dental Crown,Clinic B,Contacted - No Appointment,24,No,
L07827,2025-04-29,,Referral,General Dentistry,Clinic A,Contacted - No Appointment,40,No,
L07828,2025-10-22,P07828,Google Organic,Dental Implant,Clinic C,Appointment Booked,22,Yes,2025-04-11
L07829,2025-04-26,,Google Ads,Dental Crown,Clinic C,Contacted - No Appointment,11,No,
L07830,2025-09-21,,Google Organic,Teeth Whitening,Clinic C,Contacted - No Appointment,42,No,
L07831,2025-12-02,P07831,Instagram,Invisalign,Clinic B,Appointment Booked,11,Yes,2025-03-12
L07832,2025-06-22,,Facebook,Teeth Whitening,Clinic B,Contacted - No Appointment,18,No,
L07833,2025-12-25,P07833,Google Ads,Teeth Whitening,Clinic D,Appointment Booked,24,Yes,2026-01-01
L07834,2025-10-09,,Google Organic,General Dentistry,Clinic A,Contacted - No Appointment,17,No,
L07835,2025-07-21,,Google Ads,Invisalign,Clinic C,Contacted - No Appointment,45,No,
L07836,2025-05-05,,Google Organic,Dental Crown,Clinic D,Contacted - No Appointment,37,No,
L07837,2025-07-03,,Google Ads,Invisalign,Clinic B,Contacted - No Appointment,11,No,
L07838,2025-11-23,P07838,Google Organic,Teeth Whitening,Clinic B,Appointment Booked,45,Yes,2025-03-12
L07839,2025-04-09,P07839,Google Ads,Root Canal,Clinic B,Appointment Booked,4,Yes,
L07840,2025-12-10,P07840,Google Ads,Dental Crown,Clinic A,Appointment Booked,4,Yes,
L07841,2025-12-12,,Google Ads,Root Canal,Clinic A,Not Contacted/Cold,84,No,
L07842,2025-04-01,,Google Ads,Dental Implant,Clinic A,Contacted - No Appointment,37,No,
L07843,2025-04-22,P07843,Facebook,Dental Implant,Clinic A,Appointment Booked,7,Yes,2025-03-05
L07844,2025-04-04,P07844,Google Ads,Dental Implant,Clinic B,Appointment Booked,15,Yes,2025-12-04
L07845,2025-06-13,P07845,Referral,Dental Crown,Clinic D,Appointment Booked,15,Yes,
L07846,2025-05-22,P07846,Instagram,General Dentistry,Clinic A,Appointment Booked,33,Yes,
L07847,2025-10-03,,Instagram,Dental Implant,Clinic D,Contacted - No Appointment,28,No,
L07848,2025-11-05,,Google Ads,Dental Implant,Clinic D,Contacted - No Appointment,43,No,
L07849,2025-10-25,P07849,Facebook,Root Canal,Clinic D,Appointment Booked,10,Yes,
L07850,2025-02-16,,Google Ads,Teeth Whitening,Clinic D,Contacted - No Appointment,35,No,
L07851,2025-12-29,P07851,Google Organic,Dental Implant,Clinic B,Appointment Booked,9,Yes,
L07852,2025-01-28,,Facebook,Invisalign,Clinic A,Contacted - No Appointment,24,No,
L07853,2025-07-27,,Google Organic,Invisalign,Clinic C,Contacted - No Appointment,24,No,
L07854,2025-05-07,,Facebook,Root Canal,Clinic C,Contacted - No Appointment,17,No,
L07855,2025-01-07,,Referral,Invisalign,Clinic D,Contacted - No Appointment,9,No,
L07856,2025-11-19,,Google Ads,Root Canal,Clinic D,Contacted - No Appointment,26,No,
L07857,2025-02-20,,Google Ads,Teeth Whitening,Clinic B,Contacted - No Appointment,34,No,
L07858,2025-04-06,,Instagram,Dental Crown,Clinic B,Not Contacted/Cold,68,No,
L07859,2025-03-01,P07859,Referral,Dental Implant,Clinic A,Appointment Booked,17,Yes,
L07860,2025-08-08,P07860,Instagram,Dental Crown,Clinic A,Appointment Booked,15,Yes,
L07861,2025-04-25,P07861,Google Ads,Root Canal,Clinic B,Appointment Booked,43,Yes,2025-07-05
L07862,2025-10-20,P07862,Facebook,General Dentistry,Clinic C,Appointment Booked,42,Yes,
L07863,2025-01-05,,Referral,Invisalign,Clinic D,Contacted - No Appointment,5,No,
L07864,2025-06-22,,Google Ads,Teeth Whitening,Clinic B,Contacted - No Appointment,35,No,
L07865,2025-04-27,,Google Ads,Teeth Whitening,Clinic D,Contacted - No Appointment,32,No,
L07866,2025-08-02,,Google Organic,Invisalign,Clinic C,Contacted - No Appointment,16,No,
L07867,2025-07-14,P07867,Referral,General Dentistry,Clinic D,Appointment Booked,22,Yes,
L07868,2025-12-01,,Google Organic,Root Canal,Clinic A,Contacted - No Appointment,5,No,
L07869,2025-09-27,,Referral,Dental Crown,Clinic D,Contacted - No Appointment,34,No,
L07870,2025-09-20,,Google Ads,Dental Implant,Clinic C,Contacted - No Appointment,30,No,
L07871,2025-07-28,,Facebook,Invisalign,Clinic A,Not Contacted/Cold,46,No,
L07872,2025-12-23,,Google Organic,Dental Crown,Clinic A,Contacted - No Appointment,10,No,
L07873,2025-03-02,,Google Organic,Invisalign,Clinic D,Contacted - No Appointment,12,No,
L07874,2025-09-04,P07874,Google Organic,Root Canal,Clinic A,Appointment Booked,17,Yes,2025-08-09
L07875,2025-11-25,P07875,Referral,Root Canal,Clinic B,Appointment Booked,4,Yes,2025-08-12
L07876,2025-05-23,,Facebook,Dental Crown,Clinic B,Contacted - No Appointment,14,No,
L07877,2025-05-06,,Google Ads,Root Canal,Clinic C,Contacted - No Appointment,43,No,
L07878,2025-10-23,,Facebook,Dental Implant,Clinic D,Contacted - No Appointment,25,No,
L07879,2025-11-03,P07879,Google Organic,Dental Crown,Clinic B,Appointment Booked,5,Yes,
L07880,2025-03-31,P07880,Google Ads,Root Canal,Clinic B,Appointment Booked,11,Yes,2025-06-04
L07881,2025-02-06,P07881,Google Organic,Invisalign,Clinic D,Appointment Booked,10,Yes,
L07882,2025-04-25,,Google Ads,Dental Implant,Clinic D,Not Contacted/Cold,52,No,
L07883,2025-08-29,P07883,Google Ads,Invisalign,Clinic D,Appointment Booked,28,Yes,2025-04-09
L07884,2025-06-03,,Facebook,Invisalign,Clinic B,Contacted - No Appointment,43,No,
L07885,2025-08-13,P07885,Google Organic,General Dentistry,Clinic A,Appointment Booked,3,Yes,
L07886,2025-07-31,,Facebook,Root Canal,Clinic B,Contacted - No Appointment,18,No,
L07887,2025-09-30,,Google Organic,Dental Implant,Clinic C,Contacted - No Appointment,10,No,
L07888,2025-12-30,P07888,Facebook,Dental Implant,Clinic A,Appointment Booked,12,Yes,
L07889,2025-01-24,P07889,Google Ads,Dental Implant,Clinic B,Appointment Booked,15,Yes,2025-04-02
L07890,2025-09-18,,Google Ads,Dental Crown,Clinic A,Contacted - No Appointment,16,No,
L07891,2025-10-11,,Google Organic,Invisalign,Clinic B,Contacted - No Appointment,14,No,
L07892,2025-09-06,P07892,Facebook,Root Canal,Clinic D,Appointment Booked,6,Yes,2025-07-09
L07893,2025-05-23,,Referral,Root Canal,Clinic A,Not Contacted/Cold,53,No,
L07894,2025-07-01,,Facebook,Teeth Whitening,Clinic C,Contacted - No Appointment,20,No,
L07895,2025-05-30,,Facebook,Invisalign,Clinic D,Not Contacted/Cold,64,No,
L07896,2025-09-28,,Facebook,Root Canal,Clinic A,Contacted - No Appointment,41,No,
L07897,2025-08-04,,Google Ads,Teeth Whitening,Clinic C,Contacted - No Appointment,12,No,
L07898,2025-01-17,,Instagram,Root Canal,Clinic D,Contacted - No Appointment,40,No,
L07899,2025-03-15,,Instagram,Teeth Whitening,Clinic D,Contacted - No Appointment,7,No,
L07900,2025-09-18,,Google Organic,Dental Crown,Clinic A,Contacted - No Appointment,12,No,
L07901,2025-08-06,P07901,Google Ads,Root Canal,Clinic A,Appointment Booked,15,Yes,2025-09-08
L07902,2025-05-02,P07902,Google Ads,Root Canal,Clinic A,Appointment Booked,19,Yes,2025-03-05
L07903,2025-09-12,P07903,Google Ads,General Dentistry,Clinic C,Appointment Booked,13,Yes,
L07904,2025-11-16,P07904,Google Ads,Dental Crown,Clinic C,Appointment Booked,17,Yes,
L07905,2025-08-28,P07905,Facebook,General Dentistry,Clinic C,Appointment Booked,23,Yes,2025-01-09
L07906,2025-03-30,P07906,Referral,Dental Implant,Clinic B,Appointment Booked,18,Yes,2025-04-04
L07907,2025-03-09,P07907,Instagram,Root Canal,Clinic A,Appointment Booked,16,Yes,
L07908,2025-12-17,P07908,Google Organic,General Dentistry,Clinic C,Appointment Booked,37,Yes,
L07909,2025-07-22,P07909,Facebook,Invisalign,Clinic B,Appointment Booked,40,Yes,2025-04-08
L07910,2025-09-10,,Google Ads,General Dentistry,Clinic C,Contacted - No Appointment,26,No,
L07911,2025-11-09,,Google Ads,Dental Implant,Clinic B,Contacted - No Appointment,9,No,
L07912,2025-09-21,,Google Ads,General Dentistry,Clinic B,Contacted - No Appointment,7,No,
L07913,2025-10-17,,Instagram,Root Canal,Clinic B,Contacted - No Appointment,19,No,
L07914,2025-06-12,,Facebook,Dental Implant,Clinic A,Contacted - No Appointment,11,No,
L07915,2025-04-21,P07915,Referral,General Dentistry,Clinic B,Appointment Booked,23,Yes,
L07916,2025-04-20,,Referral,Invisalign,Clinic A,Contacted - No Appointment,8,No,
L07917,2025-11-16,,Facebook,Dental Implant,Clinic B,Contacted - No Appointment,41,No,
L07918,2025-02-14,,Google Organic,Dental Implant,Clinic A,Not Contacted/Cold,54,No,
L07919,2025-09-10,,Instagram,Dental Crown,Clinic A,Contacted - No Appointment,19,No,
L07920,2025-12-04,P07920,Google Ads,General Dentistry,Clinic C,Appointment Booked,15,Yes,2025-10-12
L07921,2025-11-02,,Referral,Dental Implant,Clinic B,Not Contacted/Cold,58,No,
L07922,2025-06-10,,Google Ads,Root Canal,Clinic C,Contacted - No Appointment,30,No,
L07923,2025-10-06,,Google Organic,Invisalign,Clinic C,Not Contacted/Cold,51,No,
L07924,2025-07-08,P07924,Facebook,Teeth Whitening,Clinic C,Appointment Booked,18,Yes,2025-09-07
L07925,2025-06-05,P07925,Facebook,Dental Implant,Clinic D,Appointment Booked,9,Yes,
L07926,2025-09-22,,Facebook,Invisalign,Clinic A,Contacted - No Appointment,19,No,
L07927,2025-02-17,,Referral,Invisalign,Clinic C,Contacted - No Appointment,37,No,
L07928,2025-11-07,P07928,Google Ads,Dental Crown,Clinic D,Appointment Booked,30,Yes,
L07929,2025-07-30,,Google Ads,General Dentistry,Clinic D,Contacted - No Appointment,17,No,
L07930,2025-02-22,P07930,Facebook,Root Canal,Clinic A,Appointment Booked,7,Yes,
L07931,2025-05-07,P07931,Google Ads,Dental Implant,Clinic B,Appointment Booked,15,Yes,
L07932,2025-10-27,P07932,Google Organic,Dental Crown,Clinic A,Appointment Booked,7,Yes,
L07933,2025-05-22,,Google Organic,Teeth Whitening,Clinic C,Not Contacted/Cold,58,No,
L07934,2025-09-08,,Referral,Dental Implant,Clinic C,Contacted - No Appointment,2,No,
L07935,2025-06-28,,Google Organic,Dental Implant,Clinic B,Contacted - No Appointment,10,No,
L07936,2025-02-13,,Referral,Invisalign,Clinic C,Contacted - No Appointment,15,No,
L07937,2025-02-17,P07937,Google Organic,Teeth Whitening,Clinic C,Appointment Booked,29,Yes,
L07938,2025-06-12,P07938,Referral,Dental Crown,Clinic B,Appointment Booked,23,Yes,
L07939,2025-09-30,,Google Ads,Root Canal,Clinic D,Contacted - No Appointment,4,No,
L07940,2025-11-16,P07940,Facebook,Invisalign,Clinic D,Appointment Booked,11,Yes,
L07941,2025-03-21,P07941,Referral,Invisalign,Clinic A,Appointment Booked,14,Yes,
L07942,2025-01-29,,Google Organic,General Dentistry,Clinic C,Contacted - No Appointment,14,No,
L07943,2025-04-04,,Referral,Invisalign,Clinic A,Contacted - No Appointment,22,No,
L07944,2025-05-22,P07944,Google Ads,General Dentistry,Clinic C,Appointment Booked,44,Yes,
L07945,2025-06-12,,Referral,Dental Crown,Clinic D,Contacted - No Appointment,5,No,
L07946,2025-10-15,P07946,Google Organic,Dental Implant,Clinic D,Appointment Booked,21,Yes,
L07947,2025-06-17,P07947,Google Ads,Root Canal,Clinic B,Appointment Booked,7,Yes,
L07948,2025-11-15,,Google Ads,General Dentistry,Clinic B,Contacted - No Appointment,34,No,
L07949,2025-10-22,,Google Ads,Root Canal,Clinic A,Contacted - No Appointment,25,No,
L07950,2025-04-09,P07950,Referral,General Dentistry,Clinic C,Appointment Booked,4,Yes,
L07951,2025-10-10,,Instagram,Invisalign,Clinic A,Contacted - No Appointment,32,No,
L07952,2025-11-15,,Referral,Dental Crown,Clinic C,Contacted - No Appointment,21,No,
L07953,2025-04-03,,Facebook,General Dentistry,Clinic A,Contacted - No Appointment,4,No,
L07954,2025-12-20,,Referral,General Dentistry,Clinic B,Contacted - No Appointment,17,No,
L07955,2025-10-04,P07955,Facebook,Root Canal,Clinic A,Appointment Booked,25,Yes,
L07956,2025-08-26,,Google Ads,Dental Crown,Clinic D,Not Contacted/Cold,91,No,
L07957,2025-11-16,P07957,Google Ads,Dental Implant,Clinic C,Appointment Booked,8,Yes,
L07958,2025-08-25,P07958,Referral,Invisalign,Clinic B,Appointment Booked,3,Yes,
L07959,2025-06-07,,Facebook,Invisalign,Clinic A,Contacted - No Appointment,11,No,
L07960,2025-06-26,P07960,Google Ads,Dental Implant,Clinic C,Appointment Booked,23,Yes,2025-05-07
L07961,2025-04-23,P07961,Google Ads,Invisalign,Clinic A,Appointment Booked,23,Yes,2025-02-05
L07962,2025-09-29,,Google Ads,Invisalign,Clinic C,Contacted - No Appointment,19,No,
L07963,2025-10-14,,Referral,General Dentistry,Clinic D,Contacted - No Appointment,18,No,
L07964,2025-12-03,,Facebook,Dental Crown,Clinic C,Contacted - No Appointment,16,No,
L07965,2025-01-23,,Instagram,Root Canal,Clinic C,Contacted - No Appointment,15,No,
L07966,2025-03-13,,Referral,General Dentistry,Clinic C,Not Contacted/Cold,46,No,
L07967,2025-02-07,,Facebook,Dental Implant,Clinic D,Contacted - No Appointment,9,No,
L07968,2025-01-10,,Google Organic,Root Canal,Clinic D,Contacted - No Appointment,12,No,
L07969,2025-08-10,,Facebook,Dental Crown,Clinic C,Contacted - No Appointment,5,No,
L07970,2025-08-17,P07970,Referral,Dental Implant,Clinic B,Appointment Booked,24,Yes,
L07971,2025-06-21,,Google Ads,Teeth Whitening,Clinic B,Contacted - No Appointment,36,No,
L07972,2025-12-17,,Google Organic,Dental Implant,Clinic A,Contacted - No Appointment,19,No,
L07973,2025-08-14,,Instagram,Dental Implant,Clinic C,Not Contacted/Cold,48,No,
L07974,2025-08-03,P07974,Google Ads,Dental Implant,Clinic B,Appointment Booked,17,Yes,2025-10-08
L07975,2025-11-11,,Facebook,General Dentistry,Clinic A,Contacted - No Appointment,5,No,
L07976,2025-12-02,,Facebook,Dental Crown,Clinic A,Contacted - No Appointment,27,No,
L07977,2025-04-23,P07977,Google Ads,Dental Crown,Clinic B,Appointment Booked,3,Yes,2025-01-05
L07978,2025-03-02,P07978,Instagram,Dental Crown,Clinic D,Appointment Booked,10,Yes,2025-11-03
L07979,2025-02-14,,Referral,Invisalign,Clinic C,Contacted - No Appointment,16,No,
L07980,2025-05-30,P07980,Instagram,Dental Crown,Clinic C,Appointment Booked,9,Yes,2025-05-06
L07981,2025-07-15,,Facebook,Root Canal,Clinic B,Not Contacted/Cold,74,No,
L07982,2025-01-17,,Google Ads,Dental Implant,Clinic C,Contacted - No Appointment,19,No,
L07983,2025-05-07,P07983,Google Ads,Dental Crown,Clinic B,Appointment Booked,18,Yes,2025-10-05
L07984,2025-03-13,,Facebook,Dental Implant,Clinic C,Contacted - No Appointment,26,No,
L07985,2025-04-26,P07985,Referral,Invisalign,Clinic A,Appointment Booked,9,Yes,2025-05-05
L07986,2025-05-29,,Referral,Teeth Whitening,Clinic B,Contacted - No Appointment,28,No,
L07987,2025-02-11,P07987,Facebook,Dental Crown,Clinic B,Appointment Booked,32,Yes,
L07988,2025-02-12,,Facebook,Dental Crown,Clinic B,Contacted - No Appointment,26,No,
L07989,2025-08-20,,Instagram,Root Canal,Clinic D,Not Contacted/Cold,77,No,
L07990,2025-01-13,,Google Organic,Root Canal,Clinic A,Contacted - No Appointment,12,No,
L07991,2025-04-01,,Google Organic,Dental Crown,Clinic B,Contacted - No Appointment,17,No,
L07992,2025-06-29,,Google Organic,Teeth Whitening,Clinic B,Contacted - No Appointment,5,No,
L07993,2025-04-02,,Google Ads,Root Canal,Clinic D,Contacted - No Appointment,15,No,
L07994,2025-05-31,,Referral,General Dentistry,Clinic B,Contacted - No Appointment,18,No,
L07995,2025-02-18,,Google Ads,General Dentistry,Clinic C,Contacted - No Appointment,24,No,
L07996,2025-04-17,,Facebook,Root Canal,Clinic D,Contacted - No Appointment,18,No,
L07997,2025-01-25,P07997,Referral,General Dentistry,Clinic B,Appointment Booked,9,Yes,2025-04-02
L07998,2025-04-01,,Facebook,Root Canal,Clinic B,Contacted - No Appointment,26,No,
L07999,2025-11-09,,Google Ads,Root Canal,Clinic B,Contacted - No Appointment,23,No,
L08000,2025-02-25,,Google Ads,Dental Implant,Clinic D,Contacted - No Appointment,16,No,
L08001,2025-07-06,,Instagram,Dental Crown,Clinic A,Contacted - No Appointment,12,No,
L08002,2025-11-15,P08002,Google Ads,General Dentistry,Clinic B,Appointment Booked,10,Yes,
L08003,2025-12-06,,Facebook,Teeth Whitening,Clinic C,Contacted - No Appointment,43,No,
L08004,2025-05-19,,Facebook,Teeth Whitening,Clinic C,Contacted - No Appointment,31,No,
L08005,2025-10-11,P08005,Google Organic,Dental Implant,Clinic B,Appointment Booked,30,Yes,
L08006,2025-05-24,P08006,Google Ads,Root Canal,Clinic C,Appointment Booked,18,Yes,2025-02-06
L08007,2025-07-12,P08007,Google Organic,Invisalign,Clinic A,Appointment Booked,35,Yes,
L08008,2025-07-17,P08008,Facebook,Invisalign,Clinic B,Appointment Booked,21,Yes,
L08009,2025-09-30,P08009,Instagram,Dental Crown,Clinic B,Appointment Booked,17,Yes,2025-08-10
L08010,2025-05-25,,Google Ads,Root Canal,Clinic D,Contacted - No Appointment,9,No,
L08011,2025-03-15,,Instagram,Dental Crown,Clinic B,Contacted - No Appointment,18,No,
L08012,2025-08-01,P08012,Google Organic,Root Canal,Clinic D,Appointment Booked,2,Yes,2025-08-08
L08013,2025-08-23,,Google Ads,Invisalign,Clinic C,Contacted - No Appointment,35,No,
L08014,2025-08-29,P08014,Google Organic,Dental Implant,Clinic A,Appointment Booked,8,Yes,2025-02-09
L08015,2025-11-28,,Referral,General Dentistry,Clinic C,Contacted - No Appointment,10,No,
L08016,2025-12-20,,Google Ads,Dental Implant,Clinic A,Contacted - No Appointment,14,No,
L08017,2025-03-28,P08017,Instagram,Dental Implant,Clinic D,Appointment Booked,10,Yes,2025-09-04
L08018,2025-07-31,P08018,Instagram,General Dentistry,Clinic D,Appointment Booked,25,Yes,2025-11-08
L08019,2025-11-02,,Google Ads,General Dentistry,Clinic B,Contacted - No Appointment,38,No,
L08020,2025-11-15,P08020,Facebook,Teeth Whitening,Clinic A,Appointment Booked,40,Yes,
L08021,2025-03-02,,Referral,Dental Implant,Clinic B,Contacted - No Appointment,15,No,
L08022,2025-11-21,,Instagram,Invisalign,Clinic B,Contacted - No Appointment,11,No,
L08023,2025-02-27,,Referral,General Dentistry,Clinic B,Contacted - No Appointment,36,No,
L08024,2025-11-20,P08024,Google Organic,Teeth Whitening,Clinic B,Appointment Booked,7,Yes,2025-03-12
L08025,2025-06-16,,Google Ads,Dental Crown,Clinic C,Contacted - No Appointment,33,No,
L08026,2025-12-06,P08026,Google Ads,Invisalign,Clinic A,Appointment Booked,25,Yes,
L08027,2025-03-29,P08027,Google Organic,Dental Implant,Clinic D,Appointment Booked,24,Yes,2025-01-04
L08028,2025-10-10,,Instagram,Dental Implant,Clinic D,Contacted - No Appointment,11,No,
L08029,2025-01-11,P08029,Google Ads,Dental Crown,Clinic B,Appointment Booked,31,Yes,
L08030,2025-12-28,P08030,Instagram,Dental Implant,Clinic D,Appointment Booked,19,Yes,2026-03-01
L08031,2025-07-07,,Google Organic,General Dentistry,Clinic A,Contacted - No Appointment,32,No,
L08032,2025-05-22,P08032,Google Organic,Invisalign,Clinic A,Appointment Booked,5,Yes,
L08033,2025-07-02,,Google Ads,Teeth Whitening,Clinic C,Contacted - No Appointment,2,No,
L08034,2025-05-30,,Google Ads,Dental Implant,Clinic B,Not Contacted/Cold,64,No,
L08035,2025-05-17,P08035,Referral,Root Canal,Clinic C,Appointment Booked,4,Yes,
L08036,2025-06-03,,Referral,Dental Implant,Clinic D,Contacted - No Appointment,43,No,
L08037,2025-08-05,P08037,Facebook,Teeth Whitening,Clinic D,Appointment Booked,29,Yes,
L08038,2025-04-06,,Google Organic,Dental Crown,Clinic C,Contacted - No Appointment,31,No,
L08039,2025-09-07,P08039,Google Ads,Dental Implant,Clinic D,Appointment Booked,3,Yes,
L08040,2025-05-04,,Google Ads,General Dentistry,Clinic A,Contacted - No Appointment,27,No,
L08041,2025-01-12,,Google Ads,Root Canal,Clinic A,Contacted - No Appointment,18,No,
L08042,2025-04-13,P08042,Google Ads,General Dentistry,Clinic C,Appointment Booked,7,Yes,
L08043,2025-11-26,,Referral,General Dentistry,Clinic B,Contacted - No Appointment,12,No,
L08044,2025-09-13,P08044,Instagram,General Dentistry,Clinic B,Appointment Booked,16,Yes,
L08045,2025-02-27,,Google Ads,Dental Implant,Clinic B,Contacted - No Appointment,15,No,
L08046,2025-02-04,,Google Organic,Dental Implant,Clinic C,Not Contacted/Cold,53,No,
L08047,2025-05-04,,Google Organic,General Dentistry,Clinic A,Contacted - No Appointment,14,No,
L08048,2025-01-16,,Google Ads,Root Canal,Clinic C,Contacted - No Appointment,39,No,
L08049,2025-09-29,,Instagram,Invisalign,Clinic A,Contacted - No Appointment,23,No,
L08050,2025-04-13,,Google Organic,Teeth Whitening,Clinic A,Contacted - No Appointment,4,No,
L08051,2025-05-05,P08051,Google Organic,Invisalign,Clinic B,Appointment Booked,6,Yes,2025-07-05
L08052,2025-01-14,,Google Organic,Teeth Whitening,Clinic A,Contacted - No Appointment,5,No,
L08053,2025-04-27,,Google Ads,General Dentistry,Clinic D,Contacted - No Appointment,23,No,
L08054,2025-09-11,P08054,Facebook,Teeth Whitening,Clinic A,Appointment Booked,27,Yes,
L08055,2025-03-27,P08055,Google Organic,Invisalign,Clinic A,Appointment Booked,11,Yes,
L08056,2025-01-27,,Referral,Root Canal,Clinic C,Contacted - No Appointment,30,No,
L08057,2025-01-21,P08057,Google Ads,Root Canal,Clinic B,Appointment Booked,23,Yes,
L08058,2025-04-21,,Google Ads,Root Canal,Clinic A,Contacted - No Appointment,33,No,
L08059,2025-04-24,P08059,Referral,Dental Implant,Clinic A,Appointment Booked,23,Yes,
L08060,2025-06-30,,Facebook,Root Canal,Clinic D,Contacted - No Appointment,28,No,
L08061,2025-06-18,P08061,Facebook,Root Canal,Clinic C,Appointment Booked,13,Yes,
L08062,2025-11-25,P08062,Facebook,Root Canal,Clinic B,Appointment Booked,19,Yes,2025-04-12
L08063,2025-12-22,,Facebook,Teeth Whitening,Clinic B,Contacted - No Appointment,10,No,
L08064,2025-05-19,,Facebook,Root Canal,Clinic B,Not Contacted/Cold,54,No,
L08065,2025-01-07,,Instagram,Invisalign,Clinic B,Contacted - No Appointment,29,No,
L08066,2025-06-17,P08066,Google Ads,Dental Crown,Clinic C,Appointment Booked,22,Yes,
L08067,2025-04-19,P08067,Referral,Teeth Whitening,Clinic D,Appointment Booked,5,Yes,
L08068,2025-09-25,,Referral,Invisalign,Clinic A,Contacted - No Appointment,38,No,
L08069,2025-09-20,,Referral,Dental Crown,Clinic D,Contacted - No Appointment,43,No,
L08070,2025-06-24,,Referral,Dental Implant,Clinic A,Contacted - No Appointment,7,No,
L08071,2025-06-14,,Instagram,Invisalign,Clinic A,Contacted - No Appointment,18,No,
L08072,2025-03-30,,Google Ads,General Dentistry,Clinic A,Contacted - No Appointment,21,No,
L08073,2025-03-02,P08073,Google Ads,General Dentistry,Clinic A,Appointment Booked,9,Yes,2025-05-03
L08074,2025-08-28,,Google Ads,Dental Crown,Clinic D,Contacted - No Appointment,13,No,
L08075,2025-12-14,P08075,Facebook,Teeth Whitening,Clinic B,Appointment Booked,12,Yes,
L08076,2025-02-08,,Facebook,General Dentistry,Clinic A,Contacted - No Appointment,37,No,
L08077,2025-02-02,,Referral,General Dentistry,Clinic D,Not Contacted/Cold,50,No,
L08078,2025-02-08,,Facebook,Root Canal,Clinic D,Contacted - No Appointment,16,No,
L08079,2025-05-06,P08079,Facebook,Dental Crown,Clinic D,Appointment Booked,26,Yes,2025-10-05
L08080,2025-06-21,P08080,Google Organic,Root Canal,Clinic D,Appointment Booked,4,Yes,
L08081,2025-11-07,P08081,Google Ads,Dental Implant,Clinic A,Appointment Booked,42,Yes,
L08082,2025-05-14,P08082,Referral,Root Canal,Clinic D,Appointment Booked,27,Yes,
L08083,2025-01-19,,Facebook,Teeth Whitening,Clinic C,Contacted - No Appointment,21,No,
L08084,2025-08-09,,Google Ads,Teeth Whitening,Clinic D,Contacted - No Appointment,17,No,
L08085,2025-08-23,,Referral,General Dentistry,Clinic D,Contacted - No Appointment,10,No,
L08086,2025-02-04,,Instagram,Dental Implant,Clinic B,Contacted - No Appointment,37,No,
L08087,2025-09-05,P08087,Facebook,Root Canal,Clinic D,Appointment Booked,28,Yes,2025-08-09
L08088,2025-08-21,,Instagram,Dental Implant,Clinic B,Contacted - No Appointment,33,No,
L08089,2025-09-17,,Google Organic,Invisalign,Clinic B,Contacted - No Appointment,20,No,
L08090,2025-02-06,,Google Ads,General Dentistry,Clinic A,Contacted - No Appointment,40,No,
L08091,2025-11-17,,Referral,Root Canal,Clinic D,Contacted - No Appointment,11,No,
L08092,2025-10-21,P08092,Referral,Teeth Whitening,Clinic B,Appointment Booked,47,Yes,
L08093,2025-10-24,,Instagram,Dental Implant,Clinic C,Contacted - No Appointment,39,No,
L08094,2025-11-29,,Google Organic,Root Canal,Clinic B,Contacted - No Appointment,23,No,
L08095,2025-01-10,,Referral,Dental Crown,Clinic D,Contacted - No Appointment,9,No,
L08096,2025-09-11,,Facebook,Dental Implant,Clinic B,Contacted - No Appointment,37,No,
L08097,2025-04-04,P08097,Referral,Invisalign,Clinic D,Appointment Booked,10,Yes,2025-07-04
L08098,2025-01-07,,Google Organic,Dental Implant,Clinic D,Contacted - No Appointment,15,No,
L08099,2025-12-09,,Facebook,Dental Crown,Clinic B,Contacted - No Appointment,6,No,
L08100,2025-08-07,,Google Organic,General Dentistry,Clinic B,Contacted - No Appointment,9,No,
L08101,2025-12-23,P08101,Facebook,General Dentistry,Clinic C,Appointment Booked,21,Yes,
L08102,2025-04-28,,Google Ads,General Dentistry,Clinic D,Not Contacted/Cold,50,No,
L08103,2025-02-19,P08103,Google Organic,General Dentistry,Clinic D,Appointment Booked,25,Yes,
L08104,2025-06-15,,Instagram,General Dentistry,Clinic A,Contacted - No Appointment,26,No,
L08105,2025-02-03,,Google Organic,Dental Crown,Clinic D,Contacted - No Appointment,25,No,
L08106,2025-10-23,,Google Ads,Root Canal,Clinic B,Contacted - No Appointment,28,No,
L08107,2025-12-19,P08107,Facebook,Root Canal,Clinic C,Appointment Booked,30,Yes,
L08108,2025-04-15,,Google Organic,Teeth Whitening,Clinic D,Contacted - No Appointment,37,No,
L08109,2025-10-11,P08109,Referral,Invisalign,Clinic A,Appointment Booked,44,Yes,
L08110,2025-03-30,P08110,Referral,Dental Implant,Clinic D,Appointment Booked,12,Yes,2025-03-04
L08111,2025-07-17,P08111,Referral,General Dentistry,Clinic C,Appointment Booked,35,Yes,
L08112,2025-11-05,P08112,Google Ads,Dental Implant,Clinic D,Appointment Booked,50,Yes,2025-08-11
L08113,2025-01-21,,Google Organic,General Dentistry,Clinic A,Contacted - No Appointment,14,No,
L08114,2025-04-16,P08114,Google Ads,Teeth Whitening,Clinic B,Appointment Booked,9,Yes,
L08115,2025-09-26,P08115,Google Ads,Invisalign,Clinic D,Appointment Booked,38,Yes,2025-02-10
L08116,2025-12-20,,Google Ads,Dental Crown,Clinic A,Not Contacted/Cold,48,No,
L08117,2025-09-10,,Referral,Teeth Whitening,Clinic A,Contacted - No Appointment,15,No,
L08118,2025-12-27,,Google Ads,Invisalign,Clinic D,Contacted - No Appointment,44,No,
L08119,2025-03-15,P08119,Google Ads,Teeth Whitening,Clinic B,Appointment Booked,43,Yes,
L08120,2025-03-20,,Google Ads,Teeth Whitening,Clinic D,Contacted - No Appointment,17,No,
L08121,2025-01-09,,Instagram,Invisalign,Clinic A,Contacted - No Appointment,12,No,
L08122,2025-07-01,P08122,Referral,Dental Implant,Clinic B,Appointment Booked,13,Yes,
L08123,2025-10-27,P08123,Facebook,Invisalign,Clinic D,Appointment Booked,22,Yes,2025-10-11
L08124,2025-07-23,,Facebook,Invisalign,Clinic C,Contacted - No Appointment,11,No,
L08125,2025-04-13,,Google Ads,Dental Implant,Clinic C,Contacted - No Appointment,8,No,
L08126,2025-11-28,,Google Ads,Teeth Whitening,Clinic C,Contacted - No Appointment,12,No,
L08127,2025-03-18,,Google Ads,Root Canal,Clinic D,Contacted - No Appointment,36,No,
L08128,2025-06-26,,Facebook,General Dentistry,Clinic A,Contacted - No Appointment,18,No,
L08129,2025-05-25,,Instagram,Invisalign,Clinic B,Contacted - No Appointment,10,No,
L08130,2025-10-06,,Google Ads,Root Canal,Clinic A,Contacted - No Appointment,22,No,
L08131,2025-12-26,,Google Organic,Dental Crown,Clinic C,Contacted - No Appointment,24,No,
L08132,2025-10-07,,Referral,General Dentistry,Clinic A,Contacted - No Appointment,7,No,
L08133,2025-10-10,,Google Ads,Root Canal,Clinic B,Contacted - No Appointment,2,No,
L08134,2025-11-18,,Google Ads,Root Canal,Clinic B,Contacted - No Appointment,4,No,
L08135,2025-09-15,,Google Organic,General Dentistry,Clinic A,Contacted - No Appointment,13,No,
L08136,2025-06-06,P08136,Google Ads,Invisalign,Clinic A,Appointment Booked,43,Yes,2025-07-06
L08137,2025-01-04,,Facebook,Dental Implant,Clinic C,Not Contacted/Cold,51,No,
L08138,2025-08-28,,Facebook,Root Canal,Clinic B,Contacted - No Appointment,4,No,
L08139,2025-12-02,P08139,Referral,Teeth Whitening,Clinic D,Appointment Booked,27,Yes,2025-08-12
L08140,2025-01-04,,Instagram,Dental Implant,Clinic C,Contacted - No Appointment,10,No,
L08141,2025-09-17,P08141,Google Ads,Dental Crown,Clinic A,Appointment Booked,11,Yes,
L08142,2025-08-28,,Google Ads,Dental Crown,Clinic C,Contacted - No Appointment,15,No,
L08143,2025-12-10,,Google Ads,General Dentistry,Clinic A,Contacted - No Appointment,13,No,
L08144,2025-04-12,,Facebook,Invisalign,Clinic D,Contacted - No Appointment,11,No,
L08145,2025-01-29,P08145,Facebook,Invisalign,Clinic D,Appointment Booked,33,Yes,2025-02-02
L08146,2025-06-25,,Google Organic,Root Canal,Clinic C,Contacted - No Appointment,19,No,
L08147,2025-02-22,P08147,Facebook,Root Canal,Clinic C,Appointment Booked,15,Yes,2025-04-03
L08148,2025-03-28,,Facebook,Teeth Whitening,Clinic A,Contacted - No Appointment,11,No,
L08149,2025-11-21,,Facebook,Dental Crown,Clinic B,Contacted - No Appointment,35,No,
L08150,2025-02-02,,Google Ads,Teeth Whitening,Clinic D,Contacted - No Appointment,9,No,
L08151,2025-03-30,P08151,Referral,General Dentistry,Clinic A,Appointment Booked,9,Yes,2025-06-04
L08152,2025-03-06,,Google Ads,General Dentistry,Clinic B,Contacted - No Appointment,15,No,
L08153,2025-09-26,,Google Ads,Root Canal,Clinic B,Contacted - No Appointment,37,No,
L08154,2025-09-14,,Google Ads,General Dentistry,Clinic C,Not Contacted/Cold,48,No,
L08155,2025-12-20,P08155,Facebook,Invisalign,Clinic B,Appointment Booked,17,Yes,
L08156,2025-09-01,P08156,Referral,Teeth Whitening,Clinic D,Appointment Booked,9,Yes,2025-09-09
L08157,2025-08-14,,Google Ads,Root Canal,Clinic A,Not Contacted/Cold,52,No,
L08158,2025-05-20,,Facebook,Teeth Whitening,Clinic B,Not Contacted/Cold,65,No,
L08159,2025-11-19,,Google Ads,Root Canal,Clinic C,Contacted - No Appointment,25,No,
L08160,2025-10-20,,Google Organic,Teeth Whitening,Clinic A,Contacted - No Appointment,43,No,
L08161,2025-04-16,,Instagram,General Dentistry,Clinic C,Contacted - No Appointment,11,No,
L08162,2025-03-06,,Google Organic,Teeth Whitening,Clinic A,Contacted - No Appointment,10,No,
L08163,2025-01-11,,Facebook,Teeth Whitening,Clinic A,Contacted - No Appointment,20,No,
L08164,2025-07-15,,Referral,Dental Implant,Clinic A,Contacted - No Appointment,18,No,
L08165,2025-05-03,,Facebook,Invisalign,Clinic D,Not Contacted/Cold,54,No,
L08166,2025-11-26,,Facebook,General Dentistry,Clinic C,Contacted - No Appointment,14,No,
L08167,2025-04-09,P08167,Google Organic,Dental Crown,Clinic D,Appointment Booked,17,Yes,
L08168,2025-01-17,P08168,Facebook,Dental Crown,Clinic B,Appointment Booked,30,Yes,
L08169,2025-08-04,,Google Ads,Root Canal,Clinic C,Contacted - No Appointment,28,No,
L08170,2025-08-14,P08170,Facebook,Dental Implant,Clinic B,Appointment Booked,7,Yes,
L08171,2025-12-20,P08171,Google Ads,Root Canal,Clinic D,Appointment Booked,36,Yes,2026-02-01
L08172,2025-04-27,,Facebook,Root Canal,Clinic C,Contacted - No Appointment,11,No,
L08173,2025-08-26,,Instagram,Invisalign,Clinic C,Not Contacted/Cold,48,No,
L08174,2025-01-06,P08174,Google Ads,Dental Implant,Clinic A,Appointment Booked,24,Yes,
L08175,2025-12-14,,Instagram,Root Canal,Clinic C,Contacted - No Appointment,19,No,
L08176,2025-04-09,,Referral,Dental Crown,Clinic B,Not Contacted/Cold,56,No,
L08177,2025-07-13,P08177,Facebook,Invisalign,Clinic D,Appointment Booked,8,Yes,
L08178,2025-07-31,P08178,Google Ads,Dental Crown,Clinic A,Appointment Booked,6,Yes,2025-07-08
L08179,2025-08-01,P08179,Referral,General Dentistry,Clinic B,Appointment Booked,43,Yes,2025-10-08
L08180,2025-04-24,P08180,Google Organic,Root Canal,Clinic B,Appointment Booked,38,Yes,
L08181,2025-12-23,,Google Ads,General Dentistry,Clinic A,Not Contacted/Cold,60,No,
L08182,2025-06-11,,Facebook,General Dentistry,Clinic A,Contacted - No Appointment,40,No,
L08183,2025-07-13,,Google Organic,Dental Implant,Clinic D,Contacted - No Appointment,22,No,
L08184,2025-12-20,,Instagram,Dental Implant,Clinic C,Contacted - No Appointment,11,No,
L08185,2025-12-01,P08185,Instagram,Root Canal,Clinic D,Appointment Booked,28,Yes,2025-11-12
L08186,2025-02-07,P08186,Instagram,Dental Crown,Clinic D,Appointment Booked,14,Yes,
L08187,2025-09-06,P08187,Google Organic,Root Canal,Clinic B,Appointment Booked,5,Yes,
L08188,2025-06-09,,Facebook,Invisalign,Clinic C,Contacted - No Appointment,10,No,
L08189,2025-11-28,,Google Organic,Dental Crown,Clinic A,Contacted - No Appointment,11,No,
L08190,2025-08-22,P08190,Referral,Dental Implant,Clinic D,Appointment Booked,26,Yes,
L08191,2025-10-10,P08191,Facebook,General Dentistry,Clinic B,Appointment Booked,5,Yes,
L08192,2025-10-11,,Google Organic,Invisalign,Clinic B,Contacted - No Appointment,6,No,
L08193,2025-04-28,P08193,Google Ads,General Dentistry,Clinic B,Appointment Booked,12,Yes,2025-08-05
L08194,2025-02-11,,Google Ads,Dental Implant,Clinic B,Contacted - No Appointment,10,No,
L08195,2025-11-15,,Referral,Invisalign,Clinic A,Contacted - No Appointment,22,No,
L08196,2025-06-26,,Google Ads,Invisalign,Clinic B,Contacted - No Appointment,14,No,
L08197,2025-08-28,P08197,Google Ads,General Dentistry,Clinic D,Appointment Booked,15,Yes,2025-10-09
L08198,2025-06-24,,Facebook,Dental Implant,Clinic D,Contacted - No Appointment,32,No,
L08199,2025-04-30,P08199,Facebook,Dental Crown,Clinic B,Appointment Booked,36,Yes,2025-03-05
L08200,2025-05-31,P08200,Instagram,General Dentistry,Clinic B,Appointment Booked,11,Yes,
L08201,2025-11-21,P08201,Google Ads,Dental Crown,Clinic D,Appointment Booked,26,Yes,2025-05-12
L08202,2025-06-08,,Google Ads,Root Canal,Clinic A,Contacted - No Appointment,9,No,
L08203,2025-01-15,P08203,Facebook,General Dentistry,Clinic D,Appointment Booked,32,Yes,
L08204,2025-11-28,,Facebook,General Dentistry,Clinic A,Contacted - No Appointment,8,No,
L08205,2025-07-27,P08205,Instagram,Root Canal,Clinic C,Appointment Booked,38,Yes,2025-04-08
L08206,2025-04-01,P08206,Instagram,Dental Crown,Clinic C,Appointment Booked,3,Yes,2025-09-04
L08207,2025-06-23,,Facebook,General Dentistry,Clinic C,Contacted - No Appointment,8,No,
L08208,2025-07-31,,Google Ads,General Dentistry,Clinic D,Contacted - No Appointment,12,No,
L08209,2025-08-06,,Google Organic,Root Canal,Clinic A,Contacted - No Appointment,14,No,
L08210,2025-09-06,P08210,Google Ads,General Dentistry,Clinic B,Appointment Booked,7,Yes,
L08211,2025-04-11,,Google Ads,Invisalign,Clinic C,Contacted - No Appointment,12,No,
L08212,2025-10-05,P08212,Google Organic,Root Canal,Clinic D,Appointment Booked,16,Yes,
L08213,2025-08-04,P08213,Google Ads,Dental Implant,Clinic A,Appointment Booked,3,Yes,2025-05-08
L08214,2025-04-20,,Facebook,Invisalign,Clinic D,Contacted - No Appointment,23,No,
L08215,2025-03-14,P08215,Facebook,Dental Crown,Clinic B,Appointment Booked,23,Yes,
L08216,2025-09-03,,Facebook,Root Canal,Clinic A,Contacted - No Appointment,37,No,
L08217,2025-10-20,,Facebook,Invisalign,Clinic D,Not Contacted/Cold,78,No,
L08218,2025-11-21,,Referral,Root Canal,Clinic A,Contacted - No Appointment,8,No,
L08219,2025-04-23,,Facebook,Root Canal,Clinic C,Contacted - No Appointment,42,No,
L08220,2025-02-02,P08220,Instagram,General Dentistry,Clinic A,Appointment Booked,6,Yes,
L08221,2025-06-12,,Referral,General Dentistry,Clinic B,Contacted - No Appointment,15,No,
L08222,2025-11-06,,Instagram,Root Canal,Clinic C,Contacted - No Appointment,24,No,
L08223,2025-02-27,,Instagram,General Dentistry,Clinic C,Contacted - No Appointment,24,No,
L08224,2025-11-07,P08224,Instagram,Invisalign,Clinic B,Appointment Booked,36,Yes,
L08225,2025-12-08,P08225,Facebook,Dental Crown,Clinic B,Appointment Booked,13,Yes,2025-12-12
L08226,2025-12-26,,Google Organic,General Dentistry,Clinic A,Contacted - No Appointment,20,No,
L08227,2025-10-17,,Google Ads,Root Canal,Clinic B,Contacted - No Appointment,21,No,
L08228,2025-04-07,P08228,Referral,Dental Crown,Clinic D,Appointment Booked,47,Yes,
L08229,2025-10-31,,Instagram,Invisalign,Clinic D,Contacted - No Appointment,18,No,
L08230,2025-12-02,,Google Organic,Invisalign,Clinic A,Contacted - No Appointment,13,No,
L08231,2025-05-26,,Google Ads,Dental Crown,Clinic A,Contacted - No Appointment,33,No,
L08232,2025-02-13,,Referral,General Dentistry,Clinic D,Contacted - No Appointment,18,No,
L08233,2025-07-01,P08233,Google Ads,Root Canal,Clinic C,Appointment Booked,37,Yes,2025-02-07
L08234,2025-04-11,,Google Organic,General Dentistry,Clinic C,Contacted - No Appointment,37,No,
L08235,2025-11-23,,Facebook,General Dentistry,Clinic D,Contacted - No Appointment,4,No,
L08236,2025-08-08,,Google Organic,Invisalign,Clinic B,Not Contacted/Cold,74,No,
L08237,2025-09-13,P08237,Instagram,Root Canal,Clinic B,Appointment Booked,6,Yes,
L08238,2025-06-10,,Google Ads,Dental Crown,Clinic D,Contacted - No Appointment,21,No,
L08239,2025-08-18,,Facebook,Root Canal,Clinic C,Contacted - No Appointment,11,No,
L08240,2025-04-21,P08240,Google Ads,Dental Implant,Clinic A,Appointment Booked,11,Yes,2025-02-05
L08241,2025-07-02,P08241,Instagram,General Dentistry,Clinic A,Appointment Booked,8,Yes,2025-11-07
L08242,2025-01-05,,Google Organic,Teeth Whitening,Clinic A,Contacted - No Appointment,34,No,
L08243,2025-04-07,P08243,Google Ads,Root Canal,Clinic D,Appointment Booked,14,Yes,
L08244,2025-11-04,,Facebook,Dental Crown,Clinic B,Contacted - No Appointment,41,No,
L08245,2025-12-21,P08245,Instagram,Dental Implant,Clinic A,Appointment Booked,14,Yes,
L08246,2025-09-16,P08246,Google Ads,Root Canal,Clinic D,Appointment Booked,13,Yes,
L08247,2025-01-03,,Referral,General Dentistry,Clinic A,Contacted - No Appointment,9,No,
L08248,2025-08-20,,Facebook,General Dentistry,Clinic A,Contacted - No Appointment,17,No,
L08249,2025-11-17,P08249,Google Ads,Invisalign,Clinic A,Appointment Booked,3,Yes,
L08250,2025-01-26,,Google Ads,Root Canal,Clinic A,Contacted - No Appointment,40,No,
L08251,2025-07-28,P08251,Facebook,Dental Crown,Clinic B,Appointment Booked,24,Yes,2025-01-08
L08252,2025-10-16,,Facebook,Invisalign,Clinic D,Contacted - No Appointment,19,No,
L08253,2025-11-13,,Google Ads,Dental Implant,Clinic D,Contacted - No Appointment,3,No,
L08254,2025-02-06,,Google Ads,Root Canal,Clinic B,Contacted - No Appointment,9,No,
L08255,2025-03-01,P08255,Instagram,Dental Crown,Clinic B,Appointment Booked,2,Yes,2025-08-03
L08256,2025-05-31,P08256,Instagram,Dental Implant,Clinic C,Appointment Booked,7,Yes,2025-03-06
L08257,2025-08-14,P08257,Google Ads,Dental Implant,Clinic A,Appointment Booked,17,Yes,
L08258,2025-01-18,,Instagram,Invisalign,Clinic A,Contacted - No Appointment,25,No,
L08259,2025-09-19,P08259,Referral,Invisalign,Clinic D,Appointment Booked,9,Yes,
L08260,2025-03-10,,Referral,Root Canal,Clinic A,Contacted - No Appointment,8,No,
L08261,2025-08-14,P08261,Referral,Invisalign,Clinic A,Appointment Booked,30,Yes,
L08262,2025-01-29,P08262,Google Organic,Invisalign,Clinic B,Appointment Booked,19,Yes,
L08263,2025-03-16,,Google Ads,General Dentistry,Clinic B,Contacted - No Appointment,32,No,
L08264,2025-12-27,P08264,Google Ads,Dental Implant,Clinic A,Appointment Booked,46,Yes,2026-10-01
L08265,2025-11-24,,Facebook,Root Canal,Clinic A,Contacted - No Appointment,22,No,
L08266,2025-09-16,P08266,Instagram,General Dentistry,Clinic B,Appointment Booked,12,Yes,
L08267,2025-07-27,P08267,Referral,Dental Crown,Clinic C,Appointment Booked,15,Yes,
L08268,2025-08-21,,Google Ads,Teeth Whitening,Clinic A,Contacted - No Appointment,16,No,
L08269,2025-04-28,,Facebook,Root Canal,Clinic B,Contacted - No Appointment,15,No,
L08270,2025-06-28,,Instagram,Dental Implant,Clinic C,Contacted - No Appointment,24,No,
L08271,2025-12-08,P08271,Facebook,Dental Crown,Clinic D,Appointment Booked,19,Yes,2025-10-12
L08272,2025-10-06,,Facebook,Dental Crown,Clinic B,Contacted - No Appointment,8,No,
L08273,2025-05-29,P08273,Google Ads,Dental Implant,Clinic A,Appointment Booked,6,Yes,2025-01-06
L08274,2025-04-15,,Referral,Root Canal,Clinic B,Contacted - No Appointment,17,No,
L08275,2025-04-21,,Facebook,General Dentistry,Clinic C,Contacted - No Appointment,2,No,
L08276,2025-05-23,,Facebook,Invisalign,Clinic A,Contacted - No Appointment,38,No,
L08277,2025-09-25,,Google Ads,Root Canal,Clinic B,Contacted - No Appointment,11,No,
L08278,2025-05-06,P08278,Facebook,Root Canal,Clinic A,Appointment Booked,51,Yes,
L08279,2025-10-27,,Google Ads,Teeth Whitening,Clinic A,Contacted - No Appointment,42,No,
L08280,2025-05-07,,Google Ads,General Dentistry,Clinic B,Contacted - No Appointment,43,No,
L08281,2025-09-28,P08281,Google Ads,Teeth Whitening,Clinic B,Appointment Booked,12,Yes,2025-05-10
L08282,2025-06-09,P08282,Google Ads,Root Canal,Clinic D,Appointment Booked,6,Yes,
L08283,2025-07-23,,Instagram,Dental Implant,Clinic C,Contacted - No Appointment,24,No,
L08284,2025-12-22,,Facebook,Invisalign,Clinic B,Contacted - No Appointment,28,No,
L08285,2025-01-17,P08285,Referral,Dental Crown,Clinic B,Appointment Booked,6,Yes,
L08286,2025-02-01,,Google Ads,Teeth Whitening,Clinic B,Not Contacted/Cold,76,No,
L08287,2025-08-20,,Google Ads,General Dentistry,Clinic A,Contacted - No Appointment,8,No,
L08288,2025-10-09,P08288,Referral,Root Canal,Clinic D,Appointment Booked,12,Yes,
L08289,2025-03-29,,Google Ads,Dental Crown,Clinic D,Contacted - No Appointment,29,No,
L08290,2025-01-03,P08290,Google Ads,Root Canal,Clinic A,Appointment Booked,27,Yes,
L08291,2025-05-29,P08291,Google Ads,Dental Implant,Clinic A,Appointment Booked,15,Yes,2025-06-06
L08292,2025-11-12,,Google Organic,Root Canal,Clinic A,Contacted - No Appointment,14,No,
L08293,2025-07-11,,Google Organic,Root Canal,Clinic C,Contacted - No Appointment,14,No,
L08294,2025-01-28,P08294,Facebook,General Dentistry,Clinic C,Appointment Booked,38,Yes,2025-06-02
L08295,2025-01-20,,Instagram,Root Canal,Clinic D,Contacted - No Appointment,23,No,
L08296,2025-05-01,P08296,Facebook,General Dentistry,Clinic D,Appointment Booked,10,Yes,
L08297,2025-12-23,P08297,Referral,Root Canal,Clinic B,Appointment Booked,17,Yes,2026-02-01
L08298,2025-05-17,P08298,Google Ads,Invisalign,Clinic C,Appointment Booked,33,Yes,
L08299,2025-11-04,P08299,Google Organic,Invisalign,Clinic C,Appointment Booked,12,Yes,
L08300,2025-12-06,,Google Ads,Dental Implant,Clinic C,Contacted - No Appointment,25,No,
L08301,2025-02-28,,Facebook,Root Canal,Clinic B,Contacted - No Appointment,12,No,
L08302,2025-01-01,,Google Ads,Dental Implant,Clinic C,Contacted - No Appointment,7,No,
L08303,2025-01-17,P08303,Google Organic,Root Canal,Clinic C,Appointment Booked,14,Yes,
L08304,2025-08-18,,Google Organic,General Dentistry,Clinic C,Contacted - No Appointment,22,No,
L08305,2025-11-09,P08305,Facebook,Dental Crown,Clinic C,Appointment Booked,75,Yes,
L08306,2025-12-20,P08306,Google Organic,Teeth Whitening,Clinic C,Appointment Booked,18,Yes,
L08307,2025-02-03,,Instagram,Dental Implant,Clinic C,Contacted - No Appointment,16,No,
L08308,2025-05-05,,Google Organic,Root Canal,Clinic C,Contacted - No Appointment,11,No,
L08309,2025-07-02,P08309,Google Ads,Invisalign,Clinic C,Appointment Booked,21,Yes,2025-11-07
L08310,2025-10-21,P08310,Facebook,General Dentistry,Clinic B,Appointment Booked,17,Yes,
L08311,2025-10-01,P08311,Google Ads,Invisalign,Clinic A,Appointment Booked,14,Yes,2025-04-10
L08312,2025-02-14,P08312,Facebook,Root Canal,Clinic A,Appointment Booked,11,Yes,
L08313,2025-10-12,,Google Organic,Dental Crown,Clinic C,Contacted - No Appointment,2,No,
L08314,2025-06-20,,Google Organic,Root Canal,Clinic C,Contacted - No Appointment,25,No,
L08315,2025-09-21,,Google Organic,General Dentistry,Clinic D,Contacted - No Appointment,14,No,
L08316,2025-03-24,,Facebook,Invisalign,Clinic B,Contacted - No Appointment,6,No,
L08317,2025-05-25,P08317,Instagram,Root Canal,Clinic B,Appointment Booked,15,Yes,
L08318,2025-03-01,P08318,Facebook,Teeth Whitening,Clinic A,Appointment Booked,14,Yes,
L08319,2025-02-22,P08319,Referral,Root Canal,Clinic A,Appointment Booked,2,Yes,2025-05-03
L08320,2025-04-24,P08320,Facebook,Root Canal,Clinic D,Appointment Booked,5,Yes,2025-08-05
L08321,2025-12-28,,Instagram,Dental Implant,Clinic A,Contacted - No Appointment,5,No,
L08322,2025-10-29,P08322,Google Organic,Teeth Whitening,Clinic C,Appointment Booked,55,Yes,2025-06-11
L08323,2025-10-15,,Referral,General Dentistry,Clinic C,Contacted - No Appointment,24,No,
L08324,2025-08-03,P08324,Facebook,Dental Crown,Clinic B,Appointment Booked,11,Yes,2025-05-08
L08325,2025-12-16,,Facebook,General Dentistry,Clinic D,Contacted - No Appointment,14,No,
L08326,2025-10-23,,Facebook,Root Canal,Clinic B,Contacted - No Appointment,17,No,
L08327,2025-09-06,,Facebook,Invisalign,Clinic B,Contacted - No Appointment,31,No,
L08328,2025-01-12,,Instagram,Dental Implant,Clinic D,Contacted - No Appointment,36,No,
L08329,2025-09-03,P08329,Referral,Dental Crown,Clinic D,Appointment Booked,44,Yes,2025-10-09
L08330,2025-08-12,,Google Ads,Root Canal,Clinic A,Contacted - No Appointment,6,No,
L08331,2025-11-08,P08331,Instagram,Teeth Whitening,Clinic A,Appointment Booked,15,Yes,2025-12-11
L08332,2025-12-29,,Referral,Dental Crown,Clinic A,Contacted - No Appointment,12,No,
L08333,2025-09-30,,Google Ads,General Dentistry,Clinic B,Contacted - No Appointment,7,No,
L08334,2025-12-17,,Facebook,Root Canal,Clinic D,Not Contacted/Cold,46,No,
L08335,2025-03-18,,Referral,Root Canal,Clinic C,Contacted - No Appointment,40,No,
L08336,2025-09-03,,Referral,Invisalign,Clinic B,Contacted - No Appointment,31,No,
L08337,2025-07-22,P08337,Facebook,Root Canal,Clinic D,Appointment Booked,42,Yes,
L08338,2025-08-15,,Google Ads,General Dentistry,Clinic B,Contacted - No Appointment,12,No,
L08339,2025-12-23,,Google Ads,Dental Implant,Clinic B,Contacted - No Appointment,22,No,
L08340,2025-07-10,,Instagram,General Dentistry,Clinic D,Contacted - No Appointment,41,No,
L08341,2025-03-29,,Google Ads,General Dentistry,Clinic D,Contacted - No Appointment,33,No,
L08342,2025-11-21,,Google Ads,Dental Crown,Clinic D,Contacted - No Appointment,36,No,
L08343,2025-03-27,,Google Organic,Invisalign,Clinic C,Contacted - No Appointment,27,No,
L08344,2025-07-13,P08344,Google Organic,Invisalign,Clinic D,Appointment Booked,22,Yes,
L08345,2025-08-02,,Google Organic,Invisalign,Clinic A,Contacted - No Appointment,13,No,
L08346,2025-03-12,,Google Ads,Dental Implant,Clinic C,Contacted - No Appointment,37,No,
L08347,2025-07-18,P08347,Google Ads,Root Canal,Clinic D,Appointment Booked,44,Yes,
L08348,2025-10-28,,Google Organic,Dental Implant,Clinic B,Contacted - No Appointment,11,No,
L08349,2025-08-04,,Google Organic,Teeth Whitening,Clinic D,Contacted - No Appointment,17,No,
L08350,2025-08-12,,Google Organic,Root Canal,Clinic B,Contacted - No Appointment,11,No,
L08351,2025-04-30,,Referral,Invisalign,Clinic A,Contacted - No Appointment,31,No,
L08352,2025-06-28,,Referral,Root Canal,Clinic D,Not Contacted/Cold,50,No,
L08353,2025-06-13,P08353,Facebook,General Dentistry,Clinic A,Appointment Booked,24,Yes,
L08354,2025-09-25,,Facebook,Dental Crown,Clinic C,Contacted - No Appointment,23,No,
L08355,2025-04-05,,Instagram,Root Canal,Clinic A,Not Contacted/Cold,71,No,
L08356,2025-01-10,,Instagram,Teeth Whitening,Clinic D,Contacted - No Appointment,23,No,
L08357,2025-06-12,,Facebook,Teeth Whitening,Clinic B,Contacted - No Appointment,26,No,
L08358,2025-05-04,,Google Organic,General Dentistry,Clinic A,Contacted - No Appointment,42,No,
L08359,2025-06-29,,Google Ads,Invisalign,Clinic A,Contacted - No Appointment,20,No,
L08360,2025-07-16,,Google Organic,General Dentistry,Clinic D,Contacted - No Appointment,36,No,
L08361,2025-03-15,,Google Ads,Invisalign,Clinic C,Contacted - No Appointment,29,No,
L08362,2025-08-17,,Facebook,General Dentistry,Clinic C,Contacted - No Appointment,9,No,
L08363,2025-08-05,,Referral,Invisalign,Clinic B,Contacted - No Appointment,1,No,
L08364,2025-02-09,P08364,Google Ads,General Dentistry,Clinic B,Appointment Booked,6,Yes,2025-12-02
L08365,2025-05-08,,Facebook,General Dentistry,Clinic A,Contacted - No Appointment,20,No,
L08366,2025-12-22,,Google Ads,Dental Implant,Clinic C,Contacted - No Appointment,40,No,
L08367,2025-05-21,P08367,Referral,General Dentistry,Clinic A,Appointment Booked,18,Yes,
L08368,2025-09-16,,Google Organic,Dental Implant,Clinic D,Contacted - No Appointment,18,No,
L08369,2025-05-20,,Referral,Invisalign,Clinic D,Contacted - No Appointment,15,No,
L08370,2025-07-12,P08370,Referral,Root Canal,Clinic B,Appointment Booked,13,Yes,
L08371,2025-10-24,,Google Organic,General Dentistry,Clinic A,Not Contacted/Cold,91,No,
L08372,2025-09-14,,Google Ads,Root Canal,Clinic D,Contacted - No Appointment,22,No,
L08373,2025-08-03,,Facebook,Dental Crown,Clinic A,Contacted - No Appointment,13,No,
L08374,2025-12-26,,Facebook,Dental Crown,Clinic A,Contacted - No Appointment,22,No,
L08375,2025-09-27,,Instagram,General Dentistry,Clinic A,Contacted - No Appointment,23,No,
L08376,2025-08-04,P08376,Google Organic,Teeth Whitening,Clinic C,Appointment Booked,9,Yes,
L08377,2025-06-03,,Google Ads,Invisalign,Clinic D,Not Contacted/Cold,46,No,
L08378,2025-11-07,P08378,Google Ads,Invisalign,Clinic B,Appointment Booked,15,Yes,
L08379,2025-02-27,,Facebook,Dental Implant,Clinic A,Not Contacted/Cold,46,No,
L08380,2025-01-02,P08380,Google Ads,Dental Crown,Clinic B,Appointment Booked,13,Yes,
L08381,2025-10-31,,Google Organic,Invisalign,Clinic C,Contacted - No Appointment,11,No,
L08382,2025-09-20,,Instagram,Invisalign,Clinic A,Not Contacted/Cold,55,No,
L08383,2025-03-22,P08383,Google Organic,General Dentistry,Clinic A,Appointment Booked,47,Yes,
L08384,2025-09-16,,Google Ads,Invisalign,Clinic D,Contacted - No Appointment,14,No,
L08385,2025-05-29,P08385,Referral,Dental Crown,Clinic D,Appointment Booked,13,Yes,2025-12-06
L08386,2025-06-24,,Google Ads,Root Canal,Clinic D,Contacted - No Appointment,29,No,
L08387,2025-11-24,,Facebook,Dental Implant,Clinic D,Contacted - No Appointment,7,No,
L08388,2025-05-05,P08388,Google Organic,Root Canal,Clinic A,Appointment Booked,26,Yes,
L08389,2025-10-18,P08389,Google Ads,Root Canal,Clinic A,Appointment Booked,42,Yes,
L08390,2025-12-14,P08390,Google Ads,General Dentistry,Clinic B,Appointment Booked,15,Yes,
L08391,2025-11-27,,Google Ads,Invisalign,Clinic B,Contacted - No Appointment,44,No,
L08392,2025-01-05,,Instagram,Root Canal,Clinic D,Contacted - No Appointment,39,No,
L08393,2025-12-24,P08393,Referral,Teeth Whitening,Clinic D,Appointment Booked,27,Yes,2026-07-01
L08394,2025-03-29,,Instagram,Teeth Whitening,Clinic C,Not Contacted/Cold,72,No,
L08395,2025-08-14,,Instagram,Teeth Whitening,Clinic A,Contacted - No Appointment,7,No,
L08396,2025-06-12,P08396,Facebook,General Dentistry,Clinic D,Appointment Booked,7,Yes,
L08397,2025-08-01,,Google Ads,Teeth Whitening,Clinic D,Contacted - No Appointment,43,No,
L08398,2025-12-03,P08398,Google Ads,Root Canal,Clinic A,Appointment Booked,7,Yes,2025-12-12
L08399,2025-07-31,,Referral,General Dentistry,Clinic D,Contacted - No Appointment,17,No,
L08400,2025-03-11,,Google Ads,Root Canal,Clinic B,Contacted - No Appointment,22,No,
L08401,2025-07-20,P08401,Referral,Invisalign,Clinic A,Appointment Booked,42,Yes,
L08402,2025-06-16,P08402,Google Ads,Invisalign,Clinic C,Appointment Booked,20,Yes,
L08403,2025-05-02,P08403,Google Organic,Invisalign,Clinic C,Appointment Booked,6,Yes,2025-07-05
L08404,2025-05-07,P08404,Referral,Dental Implant,Clinic A,Appointment Booked,29,Yes,
L08405,2025-09-01,P08405,Facebook,Invisalign,Clinic B,Appointment Booked,31,Yes,2025-07-09
L08406,2025-11-02,P08406,Google Organic,Dental Implant,Clinic D,Appointment Booked,20,Yes,2025-11-11
L08407,2025-12-23,,Facebook,General Dentistry,Clinic C,Contacted - No Appointment,15,No,
L08408,2025-01-23,,Facebook,General Dentistry,Clinic C,Contacted - No Appointment,38,No,
L08409,2025-02-02,P08409,Google Ads,Dental Crown,Clinic A,Appointment Booked,25,Yes,2025-08-02
L08410,2025-09-24,,Google Organic,General Dentistry,Clinic A,Contacted - No Appointment,18,No,
L08411,2025-02-06,,Google Ads,Invisalign,Clinic B,Contacted - No Appointment,41,No,
L08412,2025-10-01,,Google Ads,General Dentistry,Clinic A,Contacted - No Appointment,18,No,
L08413,2025-07-09,P08413,Referral,Root Canal,Clinic A,Appointment Booked,20,Yes,
L08414,2025-06-01,P08414,Facebook,Dental Implant,Clinic A,Appointment Booked,11,Yes,2025-02-06
L08415,2025-01-19,,Facebook,Dental Implant,Clinic C,Contacted - No Appointment,39,No,
L08416,2025-08-27,,Referral,Invisalign,Clinic B,Contacted - No Appointment,18,No,
L08417,2025-06-25,P08417,Facebook,Dental Implant,Clinic D,Appointment Booked,13,Yes,2025-05-07
L08418,2025-10-11,P08418,Facebook,Invisalign,Clinic A,Appointment Booked,33,Yes,
L08419,2025-09-08,P08419,Google Organic,Dental Implant,Clinic B,Appointment Booked,10,Yes,2025-10-09
L08420,2025-11-07,,Facebook,Invisalign,Clinic A,Contacted - No Appointment,21,No,
L08421,2025-10-03,,Google Ads,Invisalign,Clinic B,Contacted - No Appointment,20,No,
L08422,2025-11-20,,Facebook,General Dentistry,Clinic A,Contacted - No Appointment,39,No,
L08423,2025-10-21,P08423,Google Organic,Invisalign,Clinic D,Appointment Booked,19,Yes,
L08424,2025-06-02,,Google Ads,Invisalign,Clinic D,Contacted - No Appointment,37,No,
L08425,2025-12-11,,Facebook,Dental Crown,Clinic B,Contacted - No Appointment,24,No,
L08426,2025-11-22,,Facebook,General Dentistry,Clinic A,Contacted - No Appointment,16,No,
L08427,2025-11-18,,Google Ads,Root Canal,Clinic C,Not Contacted/Cold,76,No,
L08428,2025-03-14,P08428,Instagram,General Dentistry,Clinic D,Appointment Booked,21,Yes,
L08429,2025-07-21,,Google Ads,Invisalign,Clinic A,Contacted - No Appointment,38,No,
L08430,2025-03-29,,Instagram,Invisalign,Clinic C,Contacted - No Appointment,17,No,
L08431,2025-08-06,,Facebook,Invisalign,Clinic D,Contacted - No Appointment,2,No,
L08432,2025-01-20,,Google Ads,Dental Crown,Clinic D,Contacted - No Appointment,27,No,
L08433,2025-01-12,P08433,Google Ads,Root Canal,Clinic D,Appointment Booked,5,Yes,
L08434,2025-09-25,,Google Ads,Dental Crown,Clinic D,Contacted - No Appointment,18,No,
L08435,2025-01-26,,Google Ads,Invisalign,Clinic D,Contacted - No Appointment,18,No,
L08436,2025-11-04,P08436,Instagram,Teeth Whitening,Clinic B,Appointment Booked,4,Yes,2025-06-11
L08437,2025-11-30,P08437,Google Organic,Invisalign,Clinic C,Appointment Booked,20,Yes,2025-05-12
L08438,2025-06-04,,Google Ads,Root Canal,Clinic D,Contacted - No Appointment,17,No,
L08439,2025-07-17,,Instagram,Dental Crown,Clinic C,Contacted - No Appointment,16,No,
L08440,2025-06-28,P08440,Referral,Dental Crown,Clinic D,Appointment Booked,13,Yes,2025-05-07
L08441,2025-05-06,P08441,Google Ads,Invisalign,Clinic A,Appointment Booked,17,Yes,2025-10-05
L08442,2025-06-25,,Facebook,General Dentistry,Clinic B,Contacted - No Appointment,27,No,
L08443,2025-05-25,P08443,Google Organic,Teeth Whitening,Clinic B,Appointment Booked,49,Yes,
L08444,2025-11-05,,Google Ads,Invisalign,Clinic B,Contacted - No Appointment,25,No,
L08445,2025-09-30,,Google Organic,General Dentistry,Clinic A,Contacted - No Appointment,31,No,
L08446,2025-02-03,,Referral,Dental Crown,Clinic C,Contacted - No Appointment,9,No,
L08447,2025-06-22,,Google Ads,Root Canal,Clinic A,Not Contacted/Cold,55,No,
L08448,2025-07-01,,Google Organic,Dental Implant,Clinic C,Contacted - No Appointment,6,No,
L08449,2025-04-23,P08449,Facebook,Root Canal,Clinic C,Appointment Booked,35,Yes,2025-04-05
L08450,2025-02-25,P08450,Google Ads,Dental Implant,Clinic A,Appointment Booked,7,Yes,2025-11-03
L08451,2025-01-19,P08451,Facebook,Root Canal,Clinic A,Appointment Booked,2,Yes,2025-01-02
L08452,2025-10-13,,Google Ads,Root Canal,Clinic C,Contacted - No Appointment,5,No,
L08453,2025-06-29,,Facebook,Teeth Whitening,Clinic D,Not Contacted/Cold,66,No,
L08454,2025-10-23,P08454,Google Ads,Invisalign,Clinic D,Appointment Booked,14,Yes,2025-05-11
L08455,2025-03-14,P08455,Google Organic,General Dentistry,Clinic D,Appointment Booked,26,Yes,
L08456,2025-02-18,P08456,Facebook,Invisalign,Clinic D,Appointment Booked,16,Yes,2025-04-03
L08457,2025-04-15,,Facebook,Root Canal,Clinic C,Contacted - No Appointment,8,No,
L08458,2025-12-11,,Google Ads,Teeth Whitening,Clinic D,Contacted - No Appointment,31,No,
L08459,2025-04-27,P08459,Facebook,Dental Crown,Clinic D,Appointment Booked,23,Yes,
L08460,2025-04-24,,Google Ads,Invisalign,Clinic D,Contacted - No Appointment,15,No,
L08461,2025-08-13,P08461,Google Organic,Root Canal,Clinic A,Appointment Booked,17,Yes,
L08462,2025-12-05,P08462,Google Ads,Invisalign,Clinic D,Appointment Booked,9,Yes,2025-08-12
L08463,2025-04-18,P08463,Instagram,Dental Crown,Clinic B,Appointment Booked,35,Yes,
L08464,2025-01-02,,Google Ads,Invisalign,Clinic D,Contacted - No Appointment,15,No,
L08465,2025-06-27,P08465,Instagram,Teeth Whitening,Clinic A,Appointment Booked,24,Yes,2025-04-07
L08466,2025-06-08,,Facebook,Dental Crown,Clinic B,Contacted - No Appointment,10,No,
L08467,2025-04-08,P08467,Facebook,Dental Implant,Clinic B,Appointment Booked,5,Yes,
L08468,2025-09-30,,Google Organic,Invisalign,Clinic B,Contacted - No Appointment,23,No,
L08469,2025-07-04,P08469,Facebook,Invisalign,Clinic A,Appointment Booked,22,Yes,
L08470,2025-04-23,P08470,Google Organic,Root Canal,Clinic D,Appointment Booked,20,Yes,2025-01-05
L08471,2025-11-29,P08471,Google Organic,Root Canal,Clinic A,Appointment Booked,27,Yes,
L08472,2025-12-04,P08472,Facebook,Root Canal,Clinic B,Appointment Booked,14,Yes,2025-09-12
L08473,2025-10-13,,Referral,Teeth Whitening,Clinic A,Contacted - No Appointment,14,No,
L08474,2025-03-31,,Google Organic,Invisalign,Clinic C,Not Contacted/Cold,53,No,
L08475,2025-12-20,,Facebook,General Dentistry,Clinic A,Contacted - No Appointment,11,No,
L08476,2025-02-24,P08476,Google Ads,Invisalign,Clinic A,Appointment Booked,16,Yes,
L08477,2025-01-28,,Instagram,Invisalign,Clinic B,Contacted - No Appointment,35,No,
L08478,2025-06-07,,Facebook,Dental Crown,Clinic C,Contacted - No Appointment,29,No,
L08479,2025-03-15,P08479,Facebook,Teeth Whitening,Clinic A,Appointment Booked,18,Yes,
L08480,2025-06-15,P08480,Instagram,Root Canal,Clinic A,Appointment Booked,16,Yes,
L08481,2025-03-22,P08481,Instagram,Teeth Whitening,Clinic A,Appointment Booked,13,Yes,
L08482,2025-08-21,P08482,Google Organic,General Dentistry,Clinic D,Appointment Booked,28,Yes,
L08483,2025-04-06,P08483,Google Organic,Teeth Whitening,Clinic B,Appointment Booked,24,Yes,
L08484,2025-03-27,P08484,Google Ads,Dental Implant,Clinic C,Appointment Booked,8,Yes,2025-05-04
L08485,2025-11-10,,Google Ads,General Dentistry,Clinic A,Contacted - No Appointment,28,No,
L08486,2025-01-23,,Instagram,Teeth Whitening,Clinic B,Contacted - No Appointment,28,No,
L08487,2025-01-15,,Facebook,Dental Crown,Clinic A,Contacted - No Appointment,20,No,
L08488,2025-04-13,,Google Organic,Teeth Whitening,Clinic A,Contacted - No Appointment,18,No,
L08489,2025-07-04,,Google Ads,General Dentistry,Clinic B,Not Contacted/Cold,61,No,
L08490,2025-08-18,,Google Ads,Root Canal,Clinic B,Contacted - No Appointment,18,No,
L08491,2025-08-31,,Instagram,Dental Implant,Clinic A,Contacted - No Appointment,15,No,
L08492,2025-10-28,P08492,Facebook,Root Canal,Clinic C,Appointment Booked,25,Yes,2025-08-11
L08493,2025-06-19,,Google Ads,Dental Implant,Clinic D,Contacted - No Appointment,13,No,
L08494,2025-06-21,,Facebook,Invisalign,Clinic B,Contacted - No Appointment,20,No,
L08495,2025-09-28,,Google Ads,Dental Crown,Clinic C,Contacted - No Appointment,26,No,
L08496,2025-04-03,,Google Ads,Invisalign,Clinic D,Not Contacted/Cold,54,No,
L08497,2025-08-03,,Google Ads,Dental Crown,Clinic D,Contacted - No Appointment,21,No,
L08498,2025-12-17,,Instagram,General Dentistry,Clinic B,Contacted - No Appointment,28,No,
L08499,2025-05-02,,Referral,Root Canal,Clinic C,Contacted - No Appointment,14,No,
L08500,2025-07-16,,Google Ads,General Dentistry,Clinic A,Contacted - No Appointment,31,No,
L08501,2025-06-01,,Google Ads,Dental Implant,Clinic C,Contacted - No Appointment,33,No,
L08502,2025-02-12,,Google Organic,General Dentistry,Clinic B,Contacted - No Appointment,32,No,
L08503,2025-04-12,,Referral,General Dentistry,Clinic A,Contacted - No Appointment,19,No,
L08504,2025-12-04,P08504,Google Ads,Invisalign,Clinic B,Appointment Booked,21,Yes,
L08505,2025-04-04,,Facebook,Invisalign,Clinic A,Contacted - No Appointment,20,No,
L08506,2025-02-19,,Google Ads,Invisalign,Clinic C,Contacted - No Appointment,9,No,
L08507,2025-12-23,,Google Ads,Teeth Whitening,Clinic B,Contacted - No Appointment,26,No,
L08508,2025-06-12,,Instagram,General Dentistry,Clinic C,Contacted - No Appointment,8,No,
L08509,2025-10-28,P08509,Referral,Invisalign,Clinic A,Appointment Booked,21,Yes,2025-02-11
L08510,2025-08-19,,Google Organic,Dental Crown,Clinic A,Contacted - No Appointment,19,No,
L08511,2025-02-16,,Referral,Dental Implant,Clinic C,Contacted - No Appointment,37,No,
L08512,2025-07-24,P08512,Facebook,Root Canal,Clinic D,Appointment Booked,18,Yes,2025-04-08
L08513,2025-08-28,P08513,Referral,General Dentistry,Clinic A,Appointment Booked,47,Yes,2025-07-09
L08514,2025-07-24,P08514,Google Ads,Dental Implant,Clinic B,Appointment Booked,17,Yes,2025-01-08
L08515,2025-03-30,P08515,Google Ads,General Dentistry,Clinic D,Appointment Booked,8,Yes,2025-08-04
L08516,2025-08-11,P08516,Google Organic,General Dentistry,Clinic A,Appointment Booked,4,Yes,
L08517,2025-06-02,,Facebook,General Dentistry,Clinic D,Not Contacted/Cold,49,No,
L08518,2025-01-19,,Facebook,Dental Implant,Clinic C,Contacted - No Appointment,7,No,
L08519,2025-08-13,,Google Organic,Invisalign,Clinic B,Contacted - No Appointment,19,No,
L08520,2025-08-20,P08520,Facebook,Dental Implant,Clinic B,Appointment Booked,9,Yes,
L08521,2025-09-23,,Instagram,Teeth Whitening,Clinic B,Contacted - No Appointment,32,No,
L08522,2025-05-16,P08522,Google Ads,Dental Crown,Clinic B,Appointment Booked,17,Yes,
L08523,2025-06-16,,Google Organic,Dental Implant,Clinic D,Contacted - No Appointment,1,No,
L08524,2025-07-13,,Facebook,Teeth Whitening,Clinic C,Not Contacted/Cold,48,No,
L08525,2025-09-26,,Facebook,Invisalign,Clinic C,Contacted - No Appointment,11,No,
L08526,2025-11-11,,Google Ads,Dental Implant,Clinic D,Contacted - No Appointment,20,No,
L08527,2025-04-14,P08527,Google Organic,Root Canal,Clinic A,Appointment Booked,19,Yes,
L08528,2025-05-31,,Instagram,Dental Implant,Clinic C,Contacted - No Appointment,7,No,
L08529,2025-12-03,,Google Ads,Invisalign,Clinic B,Contacted - No Appointment,34,No,
L08530,2025-06-04,,Google Ads,Root Canal,Clinic D,Contacted - No Appointment,8,No,
L08531,2025-12-24,P08531,Google Ads,General Dentistry,Clinic B,Appointment Booked,48,Yes,
L08532,2025-06-27,,Instagram,Teeth Whitening,Clinic C,Contacted - No Appointment,21,No,
L08533,2025-04-13,P08533,Facebook,Root Canal,Clinic D,Appointment Booked,16,Yes,
L08534,2025-06-15,,Google Ads,Teeth Whitening,Clinic B,Contacted - No Appointment,19,No,
L08535,2025-08-25,,Google Organic,Dental Crown,Clinic A,Contacted - No Appointment,15,No,
L08536,2025-03-18,P08536,Referral,Invisalign,Clinic C,Appointment Booked,24,Yes,
L08537,2025-03-11,,Google Ads,Teeth Whitening,Clinic B,Contacted - No Appointment,8,No,
L08538,2025-09-20,P08538,Facebook,Dental Crown,Clinic C,Appointment Booked,51,Yes,
L08539,2025-10-24,,Instagram,Dental Crown,Clinic D,Contacted - No Appointment,18,No,
L08540,2025-01-06,P08540,Instagram,Dental Crown,Clinic B,Appointment Booked,20,Yes,
L08541,2025-08-25,P08541,Google Ads,Dental Crown,Clinic B,Appointment Booked,14,Yes,
L08542,2025-10-10,P08542,Google Ads,Root Canal,Clinic C,Appointment Booked,25,Yes,2025-11-10
L08543,2025-04-27,,Google Ads,General Dentistry,Clinic A,Contacted - No Appointment,26,No,
L08544,2025-12-27,P08544,Instagram,Dental Implant,Clinic A,Appointment Booked,27,Yes,2026-02-01
L08545,2025-08-13,,Instagram,General Dentistry,Clinic D,Contacted - No Appointment,8,No,
L08546,2025-05-01,,Google Ads,Invisalign,Clinic C,Contacted - No Appointment,6,No,
L08547,2025-12-03,,Facebook,Dental Implant,Clinic A,Contacted - No Appointment,37,No,
L08548,2025-08-28,,Facebook,Dental Crown,Clinic A,Contacted - No Appointment,43,No,
L08549,2025-11-04,P08549,Google Organic,Root Canal,Clinic C,Appointment Booked,9,Yes,
L08550,2025-02-16,,Google Ads,Teeth Whitening,Clinic D,Contacted - No Appointment,11,No,
L08551,2025-04-05,P08551,Facebook,Root Canal,Clinic D,Appointment Booked,6,Yes,
L08552,2025-08-26,,Google Organic,Dental Crown,Clinic B,Contacted - No Appointment,23,No,
L08553,2025-09-22,,Google Organic,Invisalign,Clinic D,Contacted - No Appointment,14,No,
L08554,2025-02-28,,Instagram,Invisalign,Clinic C,Contacted - No Appointment,7,No,
L08555,2025-11-11,P08555,Google Ads,Root Canal,Clinic C,Appointment Booked,4,Yes,
L08556,2025-01-03,P08556,Google Organic,Dental Crown,Clinic C,Appointment Booked,11,Yes,
L08557,2025-04-20,,Google Organic,Dental Crown,Clinic A,Contacted - No Appointment,16,No,
L08558,2025-05-31,P08558,Google Organic,Dental Crown,Clinic D,Appointment Booked,5,Yes,2025-06-06
L08559,2025-09-06,P08559,Google Ads,General Dentistry,Clinic A,Appointment Booked,8,Yes,2025-09-09
L08560,2025-08-22,,Google Ads,Dental Crown,Clinic A,Not Contacted/Cold,46,No,
L08561,2025-09-30,P08561,Google Organic,General Dentistry,Clinic D,Appointment Booked,6,Yes,2025-09-10
L08562,2025-01-12,P08562,Referral,Dental Implant,Clinic C,Appointment Booked,12,Yes,
L08563,2025-03-02,,Google Organic,Dental Implant,Clinic D,Contacted - No Appointment,12,No,
L08564,2025-04-20,,Google Organic,Invisalign,Clinic C,Contacted - No Appointment,32,No,
L08565,2025-08-07,,Facebook,Dental Implant,Clinic B,Contacted - No Appointment,2,No,
L08566,2025-01-05,P08566,Facebook,Root Canal,Clinic D,Appointment Booked,30,Yes,
L08567,2025-02-09,P08567,Google Organic,Root Canal,Clinic A,Appointment Booked,66,Yes,
L08568,2025-08-09,,Google Organic,Dental Crown,Clinic D,Contacted - No Appointment,19,No,
L08569,2025-04-10,,Google Organic,Teeth Whitening,Clinic A,Contacted - No Appointment,31,No,
L08570,2025-11-23,,Referral,General Dentistry,Clinic D,Contacted - No Appointment,38,No,
L08571,2025-06-08,,Facebook,General Dentistry,Clinic A,Contacted - No Appointment,18,No,
L08572,2025-12-09,P08572,Google Ads,Dental Implant,Clinic C,Appointment Booked,11,Yes,
L08573,2025-09-05,,Referral,Invisalign,Clinic D,Contacted - No Appointment,17,No,
L08574,2025-10-06,,Google Ads,Invisalign,Clinic B,Contacted - No Appointment,26,No,
L08575,2025-08-30,P08575,Google Organic,Dental Implant,Clinic C,Appointment Booked,12,Yes,2025-06-09
L08576,2025-06-05,P08576,Referral,Root Canal,Clinic D,Appointment Booked,1,Yes,
L08577,2025-11-20,P08577,Facebook,Dental Crown,Clinic C,Appointment Booked,9,Yes,2025-03-12
L08578,2025-12-03,P08578,Google Organic,Invisalign,Clinic D,Appointment Booked,21,Yes,2025-12-12
L08579,2025-02-01,,Facebook,Teeth Whitening,Clinic B,Contacted - No Appointment,20,No,
L08580,2025-06-22,P08580,Google Organic,Teeth Whitening,Clinic A,Appointment Booked,8,Yes,
L08581,2025-01-12,P08581,Google Ads,Dental Implant,Clinic A,Appointment Booked,12,Yes,
L08582,2025-05-26,,Instagram,Root Canal,Clinic A,Contacted - No Appointment,4,No,
L08583,2025-07-26,,Google Organic,General Dentistry,Clinic A,Contacted - No Appointment,16,No,
L08584,2025-06-21,,Facebook,Root Canal,Clinic C,Contacted - No Appointment,13,No,
L08585,2025-08-22,,Google Organic,Invisalign,Clinic A,Contacted - No Appointment,14,No,
L08586,2025-01-22,P08586,Referral,Invisalign,Clinic A,Appointment Booked,64,Yes,
L08587,2025-05-26,,Google Organic,Invisalign,Clinic A,Contacted - No Appointment,19,No,
L08588,2025-10-12,,Referral,Dental Implant,Clinic D,Contacted - No Appointment,6,No,
L08589,2025-05-18,,Facebook,Teeth Whitening,Clinic C,Contacted - No Appointment,23,No,
L08590,2025-08-01,P08590,Facebook,Dental Implant,Clinic B,Appointment Booked,14,Yes,2025-03-08
L08591,2025-05-17,,Google Ads,Invisalign,Clinic D,Contacted - No Appointment,10,No,
L08592,2025-11-10,P08592,Referral,Dental Implant,Clinic A,Appointment Booked,17,Yes,
L08593,2025-08-25,P08593,Google Ads,Teeth Whitening,Clinic D,Appointment Booked,42,Yes,
L08594,2025-12-15,,Facebook,Dental Implant,Clinic C,Contacted - No Appointment,4,No,
L08595,2025-07-03,P08595,Google Ads,Invisalign,Clinic A,Appointment Booked,2,Yes,2025-09-07
L08596,2025-08-10,,Facebook,Dental Crown,Clinic C,Contacted - No Appointment,10,No,
L08597,2025-11-25,P08597,Referral,Root Canal,Clinic D,Appointment Booked,15,Yes,2025-02-12
L08598,2025-10-05,,Facebook,Invisalign,Clinic B,Contacted - No Appointment,14,No,
L08599,2025-06-21,P08599,Referral,Invisalign,Clinic D,Appointment Booked,13,Yes,2025-04-07
L08600,2025-08-17,,Facebook,Teeth Whitening,Clinic A,Contacted - No Appointment,10,No,
L08601,2025-02-08,P08601,Referral,General Dentistry,Clinic B,Appointment Booked,33,Yes,
L08602,2025-05-31,P08602,Facebook,Invisalign,Clinic A,Appointment Booked,21,Yes,2025-06-06
L08603,2025-06-11,,Facebook,Dental Implant,Clinic A,Contacted - No Appointment,37,No,
L08604,2025-10-09,,Facebook,Dental Implant,Clinic A,Contacted - No Appointment,2,No,
L08605,2025-12-09,,Facebook,Teeth Whitening,Clinic D,Contacted - No Appointment,13,No,
L08606,2025-12-05,P08606,Google Ads,Dental Crown,Clinic A,Appointment Booked,19,Yes,
L08607,2025-06-25,,Google Ads,Teeth Whitening,Clinic B,Contacted - No Appointment,6,No,
L08608,2025-06-14,,Google Ads,Dental Crown,Clinic C,Contacted - No Appointment,14,No,
L08609,2025-04-17,P08609,Facebook,General Dentistry,Clinic D,Appointment Booked,24,Yes,
L08610,2025-05-30,,Instagram,General Dentistry,Clinic D,Contacted - No Appointment,44,No,
L08611,2025-09-01,,Facebook,Teeth Whitening,Clinic D,Contacted - No Appointment,44,No,
L08612,2025-06-01,,Google Organic,Root Canal,Clinic D,Contacted - No Appointment,40,No,
L08613,2025-10-26,,Referral,Invisalign,Clinic D,Not Contacted/Cold,48,No,
L08614,2025-03-05,P08614,Facebook,Root Canal,Clinic D,Appointment Booked,2,Yes,
L08615,2025-06-19,P08615,Facebook,Root Canal,Clinic C,Appointment Booked,4,Yes,
L08616,2025-11-13,P08616,Google Ads,Dental Crown,Clinic A,Appointment Booked,12,Yes,
L08617,2025-04-29,,Facebook,Invisalign,Clinic B,Contacted - No Appointment,7,No,
L08618,2025-05-07,P08618,Google Organic,Dental Crown,Clinic C,Appointment Booked,21,Yes,2025-12-05
L08619,2025-06-05,P08619,Google Ads,Root Canal,Clinic B,Appointment Booked,60,Yes,
L08620,2025-03-14,,Google Ads,Dental Crown,Clinic B,Contacted - No Appointment,3,No,
L08621,2025-06-07,,Facebook,Invisalign,Clinic C,Contacted - No Appointment,11,No,
L08622,2025-02-16,P08622,Google Organic,Root Canal,Clinic D,Appointment Booked,16,Yes,
L08623,2025-03-25,,Instagram,Invisalign,Clinic A,Contacted - No Appointment,4,No,
L08624,2025-04-16,,Referral,General Dentistry,Clinic D,Contacted - No Appointment,28,No,
L08625,2025-06-14,,Referral,Root Canal,Clinic C,Contacted - No Appointment,17,No,
L08626,2025-12-01,,Google Ads,Invisalign,Clinic D,Contacted - No Appointment,12,No,
L08627,2025-08-28,P08627,Google Ads,Dental Implant,Clinic D,Appointment Booked,23,Yes,2025-08-09
L08628,2025-03-31,,Facebook,Dental Crown,Clinic D,Contacted - No Appointment,31,No,
L08629,2025-03-30,,Facebook,Invisalign,Clinic C,Contacted - No Appointment,20,No,
L08630,2025-11-12,P08630,Facebook,General Dentistry,Clinic A,Appointment Booked,20,Yes,
L08631,2025-08-01,,Google Ads,Root Canal,Clinic C,Contacted - No Appointment,17,No,
L08632,2025-08-09,,Google Ads,Invisalign,Clinic D,Contacted - No Appointment,21,No,
L08633,2025-11-06,,Google Ads,Dental Crown,Clinic D,Contacted - No Appointment,36,No,
L08634,2025-07-25,,Referral,Invisalign,Clinic D,Not Contacted/Cold,62,No,
L08635,2025-03-05,,Referral,General Dentistry,Clinic A,Not Contacted/Cold,77,No,
L08636,2025-01-25,,Google Ads,Invisalign,Clinic C,Contacted - No Appointment,21,No,
L08637,2025-12-08,P08637,Google Ads,General Dentistry,Clinic B,Appointment Booked,21,Yes,
L08638,2025-10-05,,Google Ads,Dental Crown,Clinic A,Contacted - No Appointment,38,No,
L08639,2025-08-04,P08639,Referral,General Dentistry,Clinic A,Appointment Booked,8,Yes,2025-10-08
L08640,2025-12-21,,Referral,Dental Implant,Clinic A,Not Contacted/Cold,52,No,
L08641,2025-07-25,,Google Ads,Invisalign,Clinic D,Contacted - No Appointment,20,No,
L08642,2025-10-09,P08642,Facebook,Teeth Whitening,Clinic A,Appointment Booked,6,Yes,
L08643,2025-07-10,,Facebook,Dental Crown,Clinic B,Contacted - No Appointment,3,No,
L08644,2025-12-06,P08644,Facebook,Invisalign,Clinic D,Appointment Booked,10,Yes,
L08645,2025-01-13,,Google Organic,Root Canal,Clinic B,Contacted - No Appointment,13,No,
L08646,2025-10-29,P08646,Facebook,Invisalign,Clinic A,Appointment Booked,20,Yes,2025-06-11
L08647,2025-10-04,P08647,Referral,Dental Crown,Clinic B,Appointment Booked,40,Yes,2025-09-10
L08648,2025-05-21,,Google Ads,Invisalign,Clinic A,Contacted - No Appointment,24,No,
L08649,2025-07-06,,Google Organic,Invisalign,Clinic A,Contacted - No Appointment,32,No,
L08650,2025-03-29,,Facebook,Invisalign,Clinic A,Contacted - No Appointment,27,No,
L08651,2025-05-22,P08651,Facebook,Root Canal,Clinic C,Appointment Booked,5,Yes,
L08652,2025-01-02,,Google Organic,Invisalign,Clinic A,Contacted - No Appointment,16,No,
L08653,2025-06-23,P08653,Referral,General Dentistry,Clinic B,Appointment Booked,7,Yes,
L08654,2025-12-09,,Google Organic,Dental Implant,Clinic D,Contacted - No Appointment,17,No,
L08655,2025-01-29,,Google Organic,General Dentistry,Clinic B,Contacted - No Appointment,15,No,
L08656,2025-09-21,,Google Organic,Root Canal,Clinic D,Contacted - No Appointment,14,No,
L08657,2025-09-11,,Facebook,Root Canal,Clinic B,Contacted - No Appointment,39,No,
L08658,2025-08-23,,Google Organic,Invisalign,Clinic B,Contacted - No Appointment,23,No,
L08659,2025-05-18,,Google Organic,Dental Crown,Clinic D,Not Contacted/Cold,48,No,
L08660,2025-03-10,,Facebook,Dental Crown,Clinic A,Contacted - No Appointment,13,No,
L08661,2025-05-18,,Facebook,Root Canal,Clinic A,Contacted - No Appointment,9,No,
L08662,2025-03-09,,Google Organic,Dental Implant,Clinic C,Contacted - No Appointment,7,No,
L08663,2025-02-28,P08663,Google Organic,General Dentistry,Clinic B,Appointment Booked,33,Yes,2025-01-03
L08664,2025-10-02,,Facebook,General Dentistry,Clinic D,Contacted - No Appointment,12,No,
L08665,2025-09-19,,Google Organic,Root Canal,Clinic D,Contacted - No Appointment,17,No,
L08666,2025-04-12,,Google Organic,Dental Crown,Clinic B,Contacted - No Appointment,2,No,
L08667,2025-09-13,,Google Ads,Root Canal,Clinic C,Contacted - No Appointment,45,No,
L08668,2025-08-12,P08668,Google Organic,Invisalign,Clinic B,Appointment Booked,33,Yes,
L08669,2025-01-05,P08669,Google Ads,Dental Implant,Clinic D,Appointment Booked,6,Yes,2025-11-01
L08670,2025-12-18,,Google Ads,Root Canal,Clinic D,Contacted - No Appointment,27,No,
L08671,2025-11-01,P08671,Instagram,Teeth Whitening,Clinic D,Appointment Booked,20,Yes,2025-09-11
L08672,2025-02-04,P08672,Referral,Dental Implant,Clinic A,Appointment Booked,46,Yes,
L08673,2025-05-28,P08673,Google Ads,Dental Crown,Clinic D,Appointment Booked,13,Yes,2025-07-06
L08674,2025-10-29,,Google Organic,General Dentistry,Clinic B,Contacted - No Appointment,19,No,
L08675,2025-03-04,,Facebook,Invisalign,Clinic A,Contacted - No Appointment,43,No,
L08676,2025-04-01,,Referral,Invisalign,Clinic D,Contacted - No Appointment,17,No,
L08677,2025-10-29,,Google Organic,Teeth Whitening,Clinic A,Contacted - No Appointment,20,No,
L08678,2025-12-27,,Referral,Invisalign,Clinic D,Contacted - No Appointment,21,No,
L08679,2025-07-22,,Google Organic,Invisalign,Clinic A,Contacted - No Appointment,41,No,
L08680,2025-01-22,P08680,Google Organic,Root Canal,Clinic D,Appointment Booked,9,Yes,2025-02-02
L08681,2025-01-19,,Google Ads,Root Canal,Clinic B,Not Contacted/Cold,47,No,
L08682,2025-01-21,,Facebook,General Dentistry,Clinic B,Contacted - No Appointment,20,No,
L08683,2025-04-08,P08683,Google Ads,Dental Crown,Clinic A,Appointment Booked,78,Yes,2025-12-04
L08684,2025-12-12,,Google Organic,Root Canal,Clinic C,Not Contacted/Cold,53,No,
L08685,2025-11-13,P08685,Google Ads,Root Canal,Clinic B,Appointment Booked,21,Yes,
L08686,2025-11-29,,Google Ads,General Dentistry,Clinic C,Contacted - No Appointment,18,No,
L08687,2025-04-19,,Referral,Dental Implant,Clinic A,Contacted - No Appointment,11,No,
L08688,2025-04-06,P08688,Google Organic,Invisalign,Clinic A,Appointment Booked,15,Yes,2025-12-04
L08689,2025-07-23,,Referral,General Dentistry,Clinic A,Contacted - No Appointment,6,No,
L08690,2025-07-10,P08690,Google Ads,General Dentistry,Clinic B,Appointment Booked,2,Yes,
L08691,2025-10-18,,Facebook,Dental Implant,Clinic D,Not Contacted/Cold,49,No,
L08692,2025-11-05,P08692,Google Ads,Dental Implant,Clinic D,Appointment Booked,24,Yes,
L08693,2025-04-26,P08693,Google Ads,Root Canal,Clinic A,Appointment Booked,28,Yes,2025-03-05
L08694,2025-10-19,,Google Ads,Dental Implant,Clinic C,Contacted - No Appointment,17,No,
L08695,2025-10-03,P08695,Facebook,Dental Crown,Clinic D,Appointment Booked,13,Yes,
L08696,2025-08-27,,Google Ads,Dental Implant,Clinic B,Contacted - No Appointment,26,No,
L08697,2025-05-03,P08697,Instagram,Dental Implant,Clinic B,Appointment Booked,7,Yes,
L08698,2025-12-03,P08698,Facebook,Root Canal,Clinic C,Appointment Booked,57,Yes,2025-10-12
L08699,2025-01-16,P08699,Google Ads,General Dentistry,Clinic A,Appointment Booked,22,Yes,
L08700,2025-11-21,P08700,Google Organic,Root Canal,Clinic A,Appointment Booked,22,Yes,
L08701,2025-11-12,,Google Organic,Root Canal,Clinic A,Contacted - No Appointment,32,No,
L08702,2025-12-01,,Google Organic,General Dentistry,Clinic C,Contacted - No Appointment,38,No,
L08703,2025-12-03,,Facebook,Root Canal,Clinic A,Contacted - No Appointment,14,No,
L08704,2025-09-23,,Referral,Root Canal,Clinic A,Contacted - No Appointment,6,No,
L08705,2025-04-21,P08705,Referral,Root Canal,Clinic B,Appointment Booked,13,Yes,2025-05-05
L08706,2025-01-30,,Instagram,Invisalign,Clinic A,Contacted - No Appointment,7,No,
L08707,2025-12-16,,Facebook,Root Canal,Clinic A,Contacted - No Appointment,17,No,
L08708,2025-07-29,P08708,Google Ads,Root Canal,Clinic D,Appointment Booked,10,Yes,2025-06-08
L08709,2025-01-12,P08709,Google Organic,Invisalign,Clinic A,Appointment Booked,26,Yes,
L08710,2025-01-26,,Instagram,Dental Implant,Clinic C,Contacted - No Appointment,6,No,
L08711,2025-08-26,,Referral,Invisalign,Clinic B,Not Contacted/Cold,52,No,
L08712,2025-04-12,,Instagram,Root Canal,Clinic C,Contacted - No Appointment,24,No,
L08713,2025-06-10,P08713,Referral,Dental Implant,Clinic C,Appointment Booked,25,Yes,
L08714,2025-03-26,,Referral,Dental Implant,Clinic A,Contacted - No Appointment,20,No,
L08715,2025-06-16,,Referral,General Dentistry,Clinic D,Contacted - No Appointment,36,No,
L08716,2025-03-23,,Facebook,Root Canal,Clinic B,Contacted - No Appointment,19,No,
L08717,2025-06-14,,Google Ads,Dental Implant,Clinic D,Contacted - No Appointment,16,No,
L08718,2025-06-08,P08718,Google Organic,Dental Crown,Clinic B,Appointment Booked,20,Yes,
L08719,2025-05-17,,Google Organic,Dental Implant,Clinic D,Contacted - No Appointment,18,No,
L08720,2025-02-01,,Google Ads,Teeth Whitening,Clinic D,Contacted - No Appointment,11,No,
L08721,2025-07-18,,Google Organic,Teeth Whitening,Clinic D,Not Contacted/Cold,46,No,
L08722,2025-01-30,,Instagram,Dental Crown,Clinic C,Contacted - No Appointment,22,No,
L08723,2025-08-21,P08723,Google Ads,Teeth Whitening,Clinic B,Appointment Booked,16,Yes,
L08724,2025-03-13,P08724,Facebook,Dental Implant,Clinic D,Appointment Booked,8,Yes,
L08725,2025-05-20,P08725,Referral,Teeth Whitening,Clinic D,Appointment Booked,2,Yes,
L08726,2025-11-08,P08726,Facebook,Dental Implant,Clinic D,Appointment Booked,30,Yes,
L08727,2025-07-27,,Google Organic,Invisalign,Clinic B,Contacted - No Appointment,14,No,
L08728,2025-07-10,,Google Ads,General Dentistry,Clinic D,Contacted - No Appointment,12,No,
L08729,2025-07-08,,Google Organic,Root Canal,Clinic A,Contacted - No Appointment,34,No,
L08730,2025-05-25,,Referral,General Dentistry,Clinic C,Contacted - No Appointment,1,No,
L08731,2025-01-02,P08731,Facebook,Dental Implant,Clinic A,Appointment Booked,3,Yes,2025-09-01
L08732,2025-12-12,P08732,Facebook,Root Canal,Clinic B,Appointment Booked,13,Yes,
L08733,2025-05-05,P08733,Instagram,Dental Implant,Clinic D,Appointment Booked,19,Yes,
L08734,2025-03-27,,Referral,Dental Crown,Clinic A,Contacted - No Appointment,11,No,
L08735,2025-01-16,,Google Ads,Dental Implant,Clinic C,Contacted - No Appointment,17,No,
L08736,2025-06-29,,Facebook,Dental Implant,Clinic C,Contacted - No Appointment,13,No,
L08737,2025-03-10,P08737,Google Ads,Invisalign,Clinic A,Appointment Booked,22,Yes,
L08738,2025-08-01,P08738,Facebook,Teeth Whitening,Clinic B,Appointment Booked,9,Yes,2025-04-08
L08739,2025-11-26,,Facebook,Dental Implant,Clinic C,Contacted - No Appointment,25,No,
L08740,2025-11-16,P08740,Referral,General Dentistry,Clinic A,Appointment Booked,5,Yes,
L08741,2025-06-09,,Facebook,Dental Implant,Clinic D,Contacted - No Appointment,12,No,
L08742,2025-05-11,P08742,Instagram,Dental Implant,Clinic D,Appointment Booked,29,Yes,
L08743,2025-03-17,,Referral,Root Canal,Clinic A,Not Contacted/Cold,52,No,
L08744,2025-03-22,P08744,Facebook,General Dentistry,Clinic A,Appointment Booked,41,Yes,
L08745,2025-06-27,P08745,Google Organic,Dental Implant,Clinic B,Appointment Booked,8,Yes,2025-11-07
L08746,2025-10-16,P08746,Google Organic,Dental Implant,Clinic C,Appointment Booked,19,Yes,
L08747,2025-01-16,,Facebook,Teeth Whitening,Clinic B,Contacted - No Appointment,29,No,
L08748,2025-01-30,,Google Ads,Invisalign,Clinic A,Contacted - No Appointment,20,No,
L08749,2025-01-24,P08749,Facebook,Teeth Whitening,Clinic C,Appointment Booked,8,Yes,
L08750,2025-10-28,,Facebook,Invisalign,Clinic D,Contacted - No Appointment,6,No,
L08751,2025-12-29,,Google Ads,Root Canal,Clinic B,Contacted - No Appointment,7,No,
L08752,2025-06-05,P08752,Referral,Invisalign,Clinic B,Appointment Booked,48,Yes,2025-12-06
L08753,2025-11-13,P08753,Facebook,Root Canal,Clinic D,Appointment Booked,24,Yes,
L08754,2025-11-20,P08754,Referral,Teeth Whitening,Clinic C,Appointment Booked,19,Yes,2025-04-12
L08755,2025-09-03,,Google Ads,Teeth Whitening,Clinic C,Contacted - No Appointment,34,No,
L08756,2025-11-25,,Referral,Root Canal,Clinic C,Contacted - No Appointment,20,No,
L08757,2025-08-19,P08757,Google Organic,General Dentistry,Clinic D,Appointment Booked,21,Yes,
L08758,2025-08-15,,Google Organic,Invisalign,Clinic C,Contacted - No Appointment,16,No,
L08759,2025-07-24,,Facebook,Invisalign,Clinic D,Contacted - No Appointment,3,No,
L08760,2025-03-11,,Facebook,Dental Crown,Clinic C,Contacted - No Appointment,9,No,
L08761,2025-12-29,,Instagram,Dental Crown,Clinic C,Contacted - No Appointment,13,No,
L08762,2025-04-13,,Google Organic,Dental Implant,Clinic B,Contacted - No Appointment,30,No,
L08763,2025-02-21,,Google Organic,Dental Crown,Clinic B,Contacted - No Appointment,33,No,
L08764,2025-05-05,,Google Ads,Root Canal,Clinic D,Contacted - No Appointment,4,No,
L08765,2025-08-12,,Referral,Teeth Whitening,Clinic B,Contacted - No Appointment,11,No,
L08766,2025-11-17,,Referral,Teeth Whitening,Clinic C,Contacted - No Appointment,17,No,
L08767,2025-06-13,P08767,Instagram,Dental Crown,Clinic A,Appointment Booked,6,Yes,
L08768,2025-05-25,P08768,Google Ads,Dental Implant,Clinic D,Appointment Booked,29,Yes,
L08769,2025-09-19,P08769,Google Organic,Dental Crown,Clinic A,Appointment Booked,37,Yes,
L08770,2025-09-16,P08770,Facebook,Teeth Whitening,Clinic D,Appointment Booked,89,Yes,
L08771,2025-05-18,P08771,Google Organic,Invisalign,Clinic C,Appointment Booked,16,Yes,
L08772,2025-12-16,,Google Organic,Root Canal,Clinic A,Contacted - No Appointment,17,No,
L08773,2025-03-15,,Google Ads,General Dentistry,Clinic C,Contacted - No Appointment,42,No,
L08774,2025-04-07,,Instagram,Invisalign,Clinic B,Contacted - No Appointment,39,No,
L08775,2025-10-08,P08775,Facebook,Invisalign,Clinic B,Appointment Booked,27,Yes,
L08776,2025-10-07,,Referral,Invisalign,Clinic B,Contacted - No Appointment,12,No,
L08777,2025-07-25,,Google Ads,Dental Crown,Clinic A,Contacted - No Appointment,11,No,
L08778,2025-01-17,,Google Ads,General Dentistry,Clinic D,Contacted - No Appointment,15,No,
L08779,2025-09-02,,Referral,Dental Crown,Clinic A,Contacted - No Appointment,19,No,
L08780,2025-06-18,P08780,Google Ads,Invisalign,Clinic C,Appointment Booked,24,Yes,2025-02-07
L08781,2025-06-07,P08781,Google Organic,Dental Crown,Clinic B,Appointment Booked,26,Yes,
L08782,2025-03-24,P08782,Facebook,Dental Crown,Clinic C,Appointment Booked,21,Yes,
L08783,2025-09-02,P08783,Instagram,Dental Crown,Clinic B,Appointment Booked,13,Yes,
L08784,2025-04-11,,Instagram,Dental Implant,Clinic C,Contacted - No Appointment,4,No,
L08785,2025-10-02,P08785,Facebook,Dental Crown,Clinic C,Appointment Booked,29,Yes,2025-06-10
L08786,2025-08-22,P08786,Referral,Root Canal,Clinic C,Appointment Booked,20,Yes,
L08787,2025-03-31,,Google Ads,Dental Implant,Clinic A,Contacted - No Appointment,18,No,
L08788,2025-10-04,P08788,Facebook,Root Canal,Clinic C,Appointment Booked,15,Yes,2025-05-10
L08789,2025-02-01,,Facebook,General Dentistry,Clinic B,Not Contacted/Cold,71,No,
L08790,2025-11-04,,Instagram,Invisalign,Clinic A,Contacted - No Appointment,44,No,
L08791,2025-11-01,,Facebook,General Dentistry,Clinic B,Contacted - No Appointment,30,No,
L08792,2025-09-19,P08792,Google Ads,Dental Implant,Clinic B,Appointment Booked,25,Yes,
L08793,2025-06-01,P08793,Referral,Teeth Whitening,Clinic B,Appointment Booked,20,Yes,2025-03-06
L08794,2025-10-23,P08794,Facebook,Dental Implant,Clinic C,Appointment Booked,9,Yes,2025-04-11
L08795,2025-12-09,P08795,Facebook,Invisalign,Clinic B,Appointment Booked,14,Yes,
L08796,2025-04-09,P08796,Facebook,Dental Crown,Clinic B,Appointment Booked,40,Yes,
L08797,2025-03-22,P08797,Google Ads,Dental Crown,Clinic A,Appointment Booked,19,Yes,
L08798,2025-11-26,,Google Ads,Teeth Whitening,Clinic C,Contacted - No Appointment,44,No,
L08799,2025-02-23,P08799,Google Ads,Dental Crown,Clinic C,Appointment Booked,20,Yes,2025-02-03
L08800,2025-12-17,,Google Ads,Dental Crown,Clinic B,Contacted - No Appointment,3,No,
L08801,2025-01-16,,Google Ads,General Dentistry,Clinic C,Contacted - No Appointment,29,No,
L08802,2025-08-10,,Facebook,Root Canal,Clinic C,Contacted - No Appointment,20,No,
L08803,2025-07-09,,Instagram,Invisalign,Clinic B,Not Contacted/Cold,75,No,
L08804,2025-09-12,P08804,Instagram,Dental Implant,Clinic C,Appointment Booked,16,Yes,
L08805,2025-01-20,,Google Ads,Root Canal,Clinic C,Contacted - No Appointment,15,No,
L08806,2025-08-09,,Referral,Teeth Whitening,Clinic C,Contacted - No Appointment,15,No,
L08807,2025-03-25,,Google Organic,Dental Implant,Clinic B,Contacted - No Appointment,12,No,
L08808,2025-01-16,,Referral,Dental Implant,Clinic A,Contacted - No Appointment,40,No,
L08809,2025-03-25,P08809,Facebook,Dental Implant,Clinic A,Appointment Booked,110,Yes,2025-04-04
L08810,2025-09-01,P08810,Instagram,Dental Crown,Clinic C,Appointment Booked,22,Yes,2025-08-09
L08811,2025-08-15,,Google Ads,Invisalign,Clinic D,Contacted - No Appointment,30,No,
L08812,2025-09-01,,Google Organic,Dental Implant,Clinic B,Contacted - No Appointment,16,No,
L08813,2025-06-20,,Google Ads,Dental Crown,Clinic A,Not Contacted/Cold,58,No,
L08814,2025-11-27,P08814,Facebook,Teeth Whitening,Clinic D,Appointment Booked,26,Yes,2025-03-12
L08815,2025-12-14,,Facebook,Invisalign,Clinic D,Contacted - No Appointment,15,No,
L08816,2025-04-16,,Instagram,Dental Crown,Clinic D,Contacted - No Appointment,39,No,
L08817,2025-02-26,,Instagram,Dental Implant,Clinic C,Contacted - No Appointment,20,No,
L08818,2025-09-09,P08818,Google Ads,General Dentistry,Clinic D,Appointment Booked,4,Yes,
L08819,2025-08-15,,Facebook,Invisalign,Clinic A,Contacted - No Appointment,8,No,
L08820,2025-01-27,,Referral,General Dentistry,Clinic A,Contacted - No Appointment,6,No,
L08821,2025-07-27,,Referral,General Dentistry,Clinic A,Contacted - No Appointment,43,No,
L08822,2025-04-25,,Instagram,Teeth Whitening,Clinic C,Contacted - No Appointment,12,No,
L08823,2025-12-09,P08823,Instagram,Dental Implant,Clinic A,Appointment Booked,7,Yes,
L08824,2025-06-26,,Google Ads,Root Canal,Clinic B,Contacted - No Appointment,26,No,
L08825,2025-04-05,P08825,Google Ads,Dental Implant,Clinic B,Appointment Booked,24,Yes,2025-08-04
L08826,2025-10-05,P08826,Google Ads,General Dentistry,Clinic B,Appointment Booked,39,Yes,2025-06-10
L08827,2025-03-31,P08827,Facebook,Teeth Whitening,Clinic D,Appointment Booked,47,Yes,2025-10-04
L08828,2025-11-26,,Google Organic,General Dentistry,Clinic A,Contacted - No Appointment,16,No,
L08829,2025-03-23,,Facebook,Dental Crown,Clinic B,Not Contacted/Cold,54,No,
L08830,2025-03-04,,Google Ads,Root Canal,Clinic D,Contacted - No Appointment,41,No,
L08831,2025-03-12,P08831,Facebook,Root Canal,Clinic A,Appointment Booked,3,Yes,
L08832,2025-01-03,,Google Ads,Root Canal,Clinic C,Contacted - No Appointment,29,No,
L08833,2025-01-23,,Google Organic,Root Canal,Clinic D,Contacted - No Appointment,10,No,
L08834,2025-02-25,P08834,Google Ads,Dental Crown,Clinic D,Appointment Booked,9,Yes,2025-04-03
L08835,2025-04-17,P08835,Facebook,General Dentistry,Clinic D,Appointment Booked,52,Yes,
L08836,2025-08-19,,Google Organic,Dental Crown,Clinic B,Contacted - No Appointment,40,No,
L08837,2025-05-15,P08837,Google Ads,General Dentistry,Clinic C,Appointment Booked,43,Yes,
L08838,2025-02-13,,Google Ads,General Dentistry,Clinic A,Contacted - No Appointment,19,No,
L08839,2025-07-11,P08839,Instagram,Root Canal,Clinic A,Appointment Booked,5,Yes,
L08840,2025-01-12,,Google Ads,Invisalign,Clinic A,Contacted - No Appointment,5,No,
L08841,2025-12-12,,Instagram,Dental Crown,Clinic B,Contacted - No Appointment,9,No,
L08842,2025-02-16,P08842,Google Organic,Root Canal,Clinic D,Appointment Booked,42,Yes,
L08843,2025-09-14,,Facebook,Dental Implant,Clinic B,Contacted - No Appointment,15,No,
L08844,2025-01-07,P08844,Facebook,Root Canal,Clinic C,Appointment Booked,51,Yes,2025-08-01
L08845,2025-01-08,,Referral,General Dentistry,Clinic B,Contacted - No Appointment,12,No,
L08846,2025-01-06,P08846,Facebook,Dental Implant,Clinic B,Appointment Booked,59,Yes,
L08847,2025-04-06,,Referral,Dental Crown,Clinic D,Contacted - No Appointment,37,No,
L08848,2025-07-06,P08848,Google Ads,General Dentistry,Clinic B,Appointment Booked,10,Yes,2025-11-07
L08849,2025-05-22,P08849,Google Organic,Dental Crown,Clinic C,Appointment Booked,21,Yes,
L08850,2025-06-07,,Instagram,Dental Crown,Clinic B,Contacted - No Appointment,40,No,
L08851,2025-11-10,,Referral,Teeth Whitening,Clinic A,Contacted - No Appointment,22,No,
L08852,2025-09-11,,Google Ads,Root Canal,Clinic B,Contacted - No Appointment,15,No,
L08853,2025-03-01,P08853,Google Ads,Dental Implant,Clinic D,Appointment Booked,14,Yes,2025-10-03
L08854,2025-09-20,,Google Ads,General Dentistry,Clinic A,Contacted - No Appointment,12,No,
L08855,2025-07-20,,Referral,Root Canal,Clinic A,Contacted - No Appointment,11,No,
L08856,2025-12-11,,Facebook,Dental Crown,Clinic A,Contacted - No Appointment,18,No,
L08857,2025-09-20,,Referral,Root Canal,Clinic D,Contacted - No Appointment,8,No,
L08858,2025-02-12,P08858,Google Ads,Dental Implant,Clinic C,Appointment Booked,14,Yes,
L08859,2025-05-02,,Google Ads,General Dentistry,Clinic C,Contacted - No Appointment,31,No,
L08860,2025-04-08,,Google Ads,Teeth Whitening,Clinic B,Contacted - No Appointment,10,No,
L08861,2025-05-30,P08861,Instagram,Dental Implant,Clinic D,Appointment Booked,7,Yes,2025-04-06
L08862,2025-08-16,P08862,Google Organic,General Dentistry,Clinic D,Appointment Booked,7,Yes,
L08863,2025-09-10,,Facebook,Teeth Whitening,Clinic D,Contacted - No Appointment,14,No,
L08864,2025-05-14,,Referral,Root Canal,Clinic D,Contacted - No Appointment,8,No,
L08865,2025-04-02,P08865,Google Ads,Dental Crown,Clinic C,Appointment Booked,17,Yes,
L08866,2025-07-25,,Google Organic,Dental Implant,Clinic B,Contacted - No Appointment,25,No,
L08867,2025-01-04,,Google Organic,Dental Crown,Clinic D,Contacted - No Appointment,11,No,
L08868,2025-01-07,P08868,Google Ads,Dental Implant,Clinic D,Appointment Booked,5,Yes,
L08869,2025-03-03,,Google Ads,Root Canal,Clinic A,Not Contacted/Cold,50,No,
L08870,2025-12-24,,Facebook,Dental Crown,Clinic A,Contacted - No Appointment,17,No,
L08871,2025-08-04,,Google Ads,General Dentistry,Clinic D,Contacted - No Appointment,19,No,
L08872,2025-07-07,,Referral,Teeth Whitening,Clinic B,Contacted - No Appointment,32,No,
L08873,2025-04-17,P08873,Referral,Invisalign,Clinic D,Appointment Booked,7,Yes,
L08874,2025-11-18,,Google Organic,General Dentistry,Clinic B,Contacted - No Appointment,12,No,
L08875,2025-11-03,,Google Organic,Dental Crown,Clinic A,Contacted - No Appointment,19,No,
L08876,2025-10-29,,Google Ads,Dental Crown,Clinic A,Contacted - No Appointment,25,No,
L08877,2025-12-12,,Google Ads,Dental Implant,Clinic A,Contacted - No Appointment,18,No,
L08878,2025-01-13,,Google Organic,General Dentistry,Clinic A,Contacted - No Appointment,21,No,
L08879,2025-04-29,,Instagram,General Dentistry,Clinic B,Contacted - No Appointment,18,No,
L08880,2025-02-23,,Google Organic,Teeth Whitening,Clinic C,Contacted - No Appointment,17,No,
L08881,2025-02-28,P08881,Google Organic,General Dentistry,Clinic D,Appointment Booked,2,Yes,2025-12-03
L08882,2025-06-01,P08882,Facebook,Invisalign,Clinic B,Appointment Booked,27,Yes,2025-05-06
L08883,2025-10-02,P08883,Google Ads,General Dentistry,Clinic C,Appointment Booked,5,Yes,2025-09-10
L08884,2025-12-09,,Google Organic,Root Canal,Clinic C,Not Contacted/Cold,57,No,
L08885,2025-09-21,,Facebook,Dental Implant,Clinic C,Contacted - No Appointment,13,No,
L08886,2025-08-23,,Google Organic,Dental Crown,Clinic C,Contacted - No Appointment,15,No,
L08887,2025-11-29,P08887,Facebook,Dental Crown,Clinic A,Appointment Booked,21,Yes,2025-01-12
L08888,2025-12-06,,Google Ads,Invisalign,Clinic A,Contacted - No Appointment,43,No,
L08889,2025-07-04,,Google Ads,Dental Implant,Clinic A,Contacted - No Appointment,20,No,
L08890,2025-05-08,P08890,Google Organic,Invisalign,Clinic A,Appointment Booked,4,Yes,
L08891,2025-02-23,P08891,Instagram,Root Canal,Clinic C,Appointment Booked,17,Yes,2025-09-03
L08892,2025-05-02,P08892,Facebook,Dental Implant,Clinic A,Appointment Booked,8,Yes,2025-08-05
L08893,2025-04-13,P08893,Facebook,Invisalign,Clinic D,Appointment Booked,9,Yes,
L08894,2025-11-28,,Facebook,Root Canal,Clinic D,Contacted - No Appointment,9,No,
L08895,2025-04-15,,Google Ads,General Dentistry,Clinic D,Contacted - No Appointment,25,No,
L08896,2025-01-24,P08896,Facebook,Teeth Whitening,Clinic D,Appointment Booked,27,Yes,2025-06-02
L08897,2025-08-18,,Google Ads,Invisalign,Clinic B,Contacted - No Appointment,31,No,
L08898,2025-07-04,P08898,Facebook,General Dentistry,Clinic B,Appointment Booked,12,Yes,
L08899,2025-11-17,,Facebook,Dental Crown,Clinic A,Contacted - No Appointment,20,No,
L08900,2025-08-10,,Google Ads,Root Canal,Clinic D,Contacted - No Appointment,28,No,
L08901,2025-06-18,,Facebook,Root Canal,Clinic D,Not Contacted/Cold,52,No,
L08902,2025-11-28,P08902,Facebook,Root Canal,Clinic D,Appointment Booked,5,Yes,
L08903,2025-01-21,P08903,Google Ads,Invisalign,Clinic B,Appointment Booked,21,Yes,
L08904,2025-05-06,P08904,Referral,Root Canal,Clinic D,Appointment Booked,8,Yes,
L08905,2025-08-16,,Google Ads,Root Canal,Clinic A,Contacted - No Appointment,25,No,
L08906,2025-10-26,,Instagram,Root Canal,Clinic A,Contacted - No Appointment,6,No,
L08907,2025-11-16,,Google Ads,Teeth Whitening,Clinic D,Contacted - No Appointment,21,No,
L08908,2025-03-04,P08908,Google Organic,Root Canal,Clinic B,Appointment Booked,12,Yes,
L08909,2025-12-22,P08909,Referral,Teeth Whitening,Clinic D,Appointment Booked,4,Yes,2026-03-01
L08910,2025-07-03,P08910,Facebook,Dental Crown,Clinic A,Appointment Booked,13,Yes,
L08911,2025-01-11,,Google Organic,General Dentistry,Clinic D,Contacted - No Appointment,17,No,
L08912,2025-10-24,,Google Ads,Root Canal,Clinic B,Not Contacted/Cold,46,No,
L08913,2025-06-26,,Google Ads,General Dentistry,Clinic D,Contacted - No Appointment,20,No,
L08914,2025-06-29,P08914,Facebook,General Dentistry,Clinic D,Appointment Booked,13,Yes,2025-06-07
L08915,2025-03-14,,Facebook,Dental Crown,Clinic D,Contacted - No Appointment,8,No,
L08916,2025-06-11,P08916,Facebook,Dental Crown,Clinic B,Appointment Booked,46,Yes,
L08917,2025-06-19,,Facebook,Dental Implant,Clinic D,Contacted - No Appointment,15,No,
L08918,2025-04-01,P08918,Facebook,General Dentistry,Clinic A,Appointment Booked,39,Yes,
L08919,2025-12-24,,Google Organic,Dental Implant,Clinic A,Contacted - No Appointment,15,No,
L08920,2025-12-14,,Google Ads,Dental Crown,Clinic B,Contacted - No Appointment,14,No,
L08921,2025-10-04,,Google Ads,Invisalign,Clinic D,Contacted - No Appointment,17,No,
L08922,2025-09-08,P08922,Facebook,Root Canal,Clinic B,Appointment Booked,31,Yes,
L08923,2025-02-15,P08923,Facebook,Dental Crown,Clinic D,Appointment Booked,15,Yes,
L08924,2025-01-19,P08924,Google Ads,General Dentistry,Clinic C,Appointment Booked,23,Yes,
L08925,2025-08-22,,Google Ads,Root Canal,Clinic A,Not Contacted/Cold,59,No,
L08926,2025-11-13,P08926,Facebook,General Dentistry,Clinic D,Appointment Booked,11,Yes,
L08927,2025-05-12,,Google Ads,Dental Crown,Clinic A,Contacted - No Appointment,16,No,
L08928,2025-03-11,,Referral,Dental Implant,Clinic D,Contacted - No Appointment,36,No,
L08929,2025-10-11,P08929,Google Ads,Invisalign,Clinic B,Appointment Booked,32,Yes,
L08930,2025-12-25,,Google Ads,Teeth Whitening,Clinic B,Contacted - No Appointment,16,No,
L08931,2025-11-02,,Facebook,Dental Implant,Clinic B,Contacted - No Appointment,40,No,
L08932,2025-01-30,P08932,Referral,Root Canal,Clinic A,Appointment Booked,14,Yes,
L08933,2025-06-05,P08933,Instagram,Dental Implant,Clinic B,Appointment Booked,22,Yes,
L08934,2025-10-30,P08934,Facebook,Root Canal,Clinic A,Appointment Booked,31,Yes,2025-12-11
L08935,2025-12-04,,Google Ads,Teeth Whitening,Clinic A,Not Contacted/Cold,57,No,
L08936,2025-07-29,P08936,Facebook,Root Canal,Clinic A,Appointment Booked,47,Yes,2025-02-08
L08937,2025-12-15,,Google Ads,Dental Implant,Clinic B,Contacted - No Appointment,15,No,
L08938,2025-11-11,,Instagram,Invisalign,Clinic D,Contacted - No Appointment,35,No,
L08939,2025-10-10,,Instagram,Root Canal,Clinic C,Contacted - No Appointment,41,No,
L08940,2025-09-18,,Google Ads,Dental Implant,Clinic D,Contacted - No Appointment,9,No,
L08941,2025-11-09,,Google Ads,Dental Crown,Clinic C,Contacted - No Appointment,27,No,
L08942,2025-02-12,P08942,Google Organic,Dental Crown,Clinic C,Appointment Booked,12,Yes,
L08943,2025-12-01,,Instagram,Dental Implant,Clinic C,Contacted - No Appointment,24,No,
L08944,2025-04-25,,Google Organic,Root Canal,Clinic B,Contacted - No Appointment,39,No,
L08945,2025-09-15,,Google Ads,Root Canal,Clinic C,Contacted - No Appointment,3,No,
L08946,2025-06-15,,Instagram,Invisalign,Clinic A,Not Contacted/Cold,51,No,
L08947,2025-07-13,,Google Ads,Dental Crown,Clinic D,Not Contacted/Cold,49,No,
L08948,2025-04-03,P08948,Google Ads,Invisalign,Clinic D,Appointment Booked,35,Yes,2025-04-04
L08949,2025-02-27,P08949,Instagram,Root Canal,Clinic A,Appointment Booked,13,Yes,2025-07-03
L08950,2025-02-14,P08950,Google Organic,Teeth Whitening,Clinic D,Appointment Booked,46,Yes,
L08951,2025-02-16,P08951,Facebook,Dental Implant,Clinic A,Appointment Booked,31,Yes,
L08952,2025-12-08,,Google Organic,Dental Crown,Clinic A,Not Contacted/Cold,58,No,
L08953,2025-06-07,P08953,Google Organic,Root Canal,Clinic A,Appointment Booked,16,Yes,
L08954,2025-02-08,,Facebook,Invisalign,Clinic D,Contacted - No Appointment,5,No,
L08955,2025-05-31,,Referral,Teeth Whitening,Clinic D,Contacted - No Appointment,19,No,
L08956,2025-04-11,,Facebook,Dental Crown,Clinic D,Contacted - No Appointment,25,No,
L08957,2025-10-15,,Instagram,Root Canal,Clinic A,Contacted - No Appointment,23,No,
L08958,2025-09-18,P08958,Facebook,Dental Crown,Clinic B,Appointment Booked,11,Yes,2025-01-10
L08959,2025-07-21,P08959,Facebook,Teeth Whitening,Clinic C,Appointment Booked,18,Yes,
L08960,2025-01-14,P08960,Google Organic,General Dentistry,Clinic A,Appointment Booked,17,Yes,
L08961,2025-06-18,P08961,Google Ads,Dental Crown,Clinic C,Appointment Booked,19,Yes,
L08962,2025-10-03,,Google Ads,General Dentistry,Clinic A,Contacted - No Appointment,34,No,
L08963,2025-10-15,,Referral,Dental Implant,Clinic A,Contacted - No Appointment,3,No,
L08964,2025-02-08,P08964,Google Organic,Root Canal,Clinic B,Appointment Booked,21,Yes,
L08965,2025-03-21,,Facebook,Invisalign,Clinic C,Contacted - No Appointment,23,No,
L08966,2025-03-01,,Google Ads,Dental Implant,Clinic A,Contacted - No Appointment,7,No,
L08967,2025-04-16,,Google Organic,Root Canal,Clinic A,Contacted - No Appointment,28,No,
L08968,2025-01-05,,Google Ads,Teeth Whitening,Clinic A,Contacted - No Appointment,23,No,
L08969,2025-04-17,,Facebook,Root Canal,Clinic A,Contacted - No Appointment,45,No,
L08970,2025-01-12,,Google Ads,Dental Crown,Clinic A,Contacted - No Appointment,9,No,
L08971,2025-01-29,P08971,Instagram,Root Canal,Clinic B,Appointment Booked,7,Yes,2025-02-02
L08972,2025-04-06,,Google Ads,Root Canal,Clinic C,Not Contacted/Cold,55,No,
L08973,2025-03-28,P08973,Instagram,Invisalign,Clinic B,Appointment Booked,13,Yes,2025-03-04
L08974,2025-09-21,P08974,Google Organic,Root Canal,Clinic D,Appointment Booked,39,Yes,
L08975,2025-12-14,,Facebook,Invisalign,Clinic C,Contacted - No Appointment,19,No,
L08976,2025-04-15,,Google Ads,Dental Crown,Clinic A,Contacted - No Appointment,20,No,
L08977,2025-04-28,,Google Ads,Dental Implant,Clinic A,Contacted - No Appointment,12,No,
L08978,2025-11-27,,Facebook,Dental Implant,Clinic D,Contacted - No Appointment,17,No,
L08979,2025-10-24,P08979,Facebook,Dental Crown,Clinic A,Appointment Booked,7,Yes,2025-04-11
L08980,2025-01-12,P08980,Instagram,Root Canal,Clinic A,Appointment Booked,9,Yes,
L08981,2025-09-13,,Google Ads,Root Canal,Clinic A,Contacted - No Appointment,24,No,
L08982,2025-06-08,,Google Organic,Dental Implant,Clinic C,Contacted - No Appointment,25,No,
L08983,2025-06-02,P08983,Google Organic,Root Canal,Clinic C,Appointment Booked,24,Yes,2025-12-06
L08984,2025-05-11,,Facebook,Teeth Whitening,Clinic D,Contacted - No Appointment,37,No,
L08985,2025-07-02,,Facebook,General Dentistry,Clinic D,Contacted - No Appointment,30,No,
L08986,2025-02-16,,Google Organic,Teeth Whitening,Clinic B,Contacted - No Appointment,7,No,
L08987,2025-09-20,,Google Organic,Dental Implant,Clinic B,Contacted - No Appointment,4,No,
L08988,2025-10-04,,Referral,Dental Crown,Clinic B,Contacted - No Appointment,32,No,
L08989,2025-03-15,,Facebook,Invisalign,Clinic A,Contacted - No Appointment,7,No,
L08990,2025-01-01,,Referral,Invisalign,Clinic A,Contacted - No Appointment,22,No,
L08991,2025-04-26,,Google Ads,Invisalign,Clinic A,Contacted - No Appointment,10,No,
L08992,2025-08-26,P08992,Facebook,Teeth Whitening,Clinic A,Appointment Booked,11,Yes,2025-02-09
L08993,2025-06-24,,Facebook,Dental Crown,Clinic A,Contacted - No Appointment,18,No,
L08994,2025-01-14,P08994,Facebook,Dental Crown,Clinic B,Appointment Booked,10,Yes,
L08995,2025-11-04,,Instagram,Dental Crown,Clinic D,Contacted - No Appointment,14,No,
L08996,2025-08-24,,Google Ads,Invisalign,Clinic C,Contacted - No Appointment,19,No,
L08997,2025-05-08,P08997,Referral,Root Canal,Clinic D,Appointment Booked,35,Yes,
L08998,2025-04-29,,Instagram,Dental Crown,Clinic B,Contacted - No Appointment,37,No,
L08999,2025-11-09,,Referral,Dental Crown,Clinic B,Contacted - No Appointment,35,No,
L09000,2025-09-27,,Google Ads,Teeth Whitening,Clinic B,Contacted - No Appointment,11,No,
L09001,2025-03-09,P09001,Instagram,Invisalign,Clinic A,Appointment Booked,9,Yes,
L09002,2025-07-17,P09002,Facebook,Teeth Whitening,Clinic A,Appointment Booked,12,Yes,
L09003,2025-11-04,P09003,Facebook,Root Canal,Clinic D,Appointment Booked,10,Yes,
L09004,2025-07-09,,Google Organic,Dental Crown,Clinic D,Contacted - No Appointment,38,No,
L09005,2025-01-25,,Google Ads,Root Canal,Clinic A,Contacted - No Appointment,22,No,
L09006,2025-09-11,P09006,Google Ads,General Dentistry,Clinic A,Appointment Booked,33,Yes,
L09007,2025-05-03,P09007,Google Organic,Dental Implant,Clinic B,Appointment Booked,6,Yes,
L09008,2025-05-27,,Facebook,Dental Crown,Clinic A,Contacted - No Appointment,37,No,
L09009,2025-11-23,,Google Ads,Dental Crown,Clinic B,Contacted - No Appointment,8,No,
L09010,2025-12-21,P09010,Facebook,Dental Implant,Clinic A,Appointment Booked,17,Yes,
L09011,2025-10-31,P09011,Facebook,Dental Implant,Clinic B,Appointment Booked,25,Yes,2025-03-11
L09012,2025-09-25,,Google Organic,Teeth Whitening,Clinic B,Contacted - No Appointment,31,No,
L09013,2025-07-30,,Google Ads,Dental Implant,Clinic B,Contacted - No Appointment,23,No,
L09014,2025-07-14,,Instagram,Invisalign,Clinic A,Contacted - No Appointment,22,No,
L09015,2025-08-05,,Instagram,General Dentistry,Clinic B,Contacted - No Appointment,8,No,
L09016,2025-05-26,,Google Organic,Teeth Whitening,Clinic D,Contacted - No Appointment,11,No,
L09017,2025-07-04,,Referral,Invisalign,Clinic B,Contacted - No Appointment,14,No,
L09018,2025-06-19,P09018,Facebook,Dental Crown,Clinic D,Appointment Booked,27,Yes,
L09019,2025-04-13,P09019,Facebook,Root Canal,Clinic D,Appointment Booked,11,Yes,
L09020,2025-12-25,,Google Ads,General Dentistry,Clinic D,Contacted - No Appointment,32,No,
L09021,2025-05-15,,Facebook,Teeth Whitening,Clinic D,Contacted - No Appointment,26,No,
L09022,2025-08-14,,Google Ads,General Dentistry,Clinic C,Contacted - No Appointment,22,No,
L09023,2025-10-01,,Google Organic,Invisalign,Clinic D,Contacted - No Appointment,12,No,
L09024,2025-01-07,,Google Organic,Dental Crown,Clinic A,Contacted - No Appointment,20,No,
L09025,2025-06-30,P09025,Facebook,Dental Implant,Clinic B,Appointment Booked,4,Yes,2025-07-07
L09026,2025-11-09,P09026,Google Ads,Dental Implant,Clinic D,Appointment Booked,17,Yes,2025-11-11
L09027,2025-07-06,P09027,Google Ads,Teeth Whitening,Clinic D,Appointment Booked,2,Yes,
L09028,2025-10-07,P09028,Referral,Dental Implant,Clinic D,Appointment Booked,19,Yes,2025-09-10
L09029,2025-06-24,,Referral,Dental Crown,Clinic D,Contacted - No Appointment,22,No,
L09030,2025-12-03,,Google Ads,General Dentistry,Clinic D,Contacted - No Appointment,17,No,
L09031,2025-10-07,P09031,Instagram,Root Canal,Clinic C,Appointment Booked,8,Yes,
L09032,2025-04-04,,Google Ads,Dental Implant,Clinic D,Contacted - No Appointment,36,No,
L09033,2025-06-16,,Google Ads,Teeth Whitening,Clinic C,Contacted - No Appointment,20,No,
L09034,2025-03-26,P09034,Google Ads,General Dentistry,Clinic D,Appointment Booked,16,Yes,
L09035,2025-11-09,,Instagram,Teeth Whitening,Clinic D,Contacted - No Appointment,14,No,
L09036,2025-09-11,,Google Ads,Dental Crown,Clinic D,Contacted - No Appointment,5,No,
L09037,2025-09-04,,Google Ads,Invisalign,Clinic C,Contacted - No Appointment,11,No,
L09038,2025-09-02,,Google Ads,Dental Implant,Clinic B,Contacted - No Appointment,20,No,
L09039,2025-12-20,P09039,Facebook,Dental Crown,Clinic A,Appointment Booked,31,Yes,
L09040,2025-02-21,P09040,Instagram,Invisalign,Clinic D,Appointment Booked,12,Yes,2025-05-03
L09041,2025-01-09,,Google Ads,General Dentistry,Clinic C,Contacted - No Appointment,38,No,
L09042,2025-06-02,P09042,Referral,Root Canal,Clinic B,Appointment Booked,19,Yes,2025-05-06
L09043,2025-03-17,,Google Ads,Root Canal,Clinic A,Not Contacted/Cold,54,No,
L09044,2025-07-22,,Facebook,Teeth Whitening,Clinic D,Contacted - No Appointment,32,No,
L09045,2025-04-28,P09045,Google Ads,Teeth Whitening,Clinic D,Appointment Booked,52,Yes,
L09046,2025-03-29,P09046,Google Ads,Dental Crown,Clinic D,Appointment Booked,22,Yes,
L09047,2025-12-28,P09047,Google Ads,General Dentistry,Clinic C,Appointment Booked,12,Yes,
L09048,2025-11-08,,Google Ads,General Dentistry,Clinic B,Contacted - No Appointment,16,No,
L09049,2025-02-07,P09049,Referral,General Dentistry,Clinic B,Appointment Booked,14,Yes,2025-12-02
L09050,2025-10-01,,Google Organic,General Dentistry,Clinic A,Contacted - No Appointment,18,No,
L09051,2025-01-28,,Referral,Teeth Whitening,Clinic D,Contacted - No Appointment,14,No,
L09052,2025-12-03,,Google Ads,Dental Crown,Clinic A,Contacted - No Appointment,44,No,
L09053,2025-05-06,,Facebook,Dental Implant,Clinic C,Contacted - No Appointment,40,No,
L09054,2025-06-04,P09054,Google Ads,Invisalign,Clinic B,Appointment Booked,10,Yes,2025-07-06
L09055,2025-01-26,P09055,Google Organic,Dental Implant,Clinic C,Appointment Booked,25,Yes,2025-05-02
L09056,2025-02-13,,Referral,Dental Implant,Clinic D,Contacted - No Appointment,43,No,
L09057,2025-02-08,,Google Organic,Root Canal,Clinic A,Contacted - No Appointment,10,No,
L09058,2025-01-17,P09058,Google Ads,Dental Implant,Clinic D,Appointment Booked,7,Yes,
L09059,2025-07-20,,Facebook,General Dentistry,Clinic A,Contacted - No Appointment,14,No,
L09060,2025-08-01,P09060,Google Ads,Teeth Whitening,Clinic A,Appointment Booked,6,Yes,2025-08-08
L09061,2025-12-25,P09061,Google Ads,Dental Implant,Clinic B,Appointment Booked,43,Yes,
L09062,2025-03-09,,Google Ads,Invisalign,Clinic A,Contacted - No Appointment,22,No,
L09063,2025-03-21,P09063,Google Ads,Teeth Whitening,Clinic D,Appointment Booked,4,Yes,
L09064,2025-11-17,,Facebook,Teeth Whitening,Clinic C,Contacted - No Appointment,21,No,
L09065,2025-05-03,,Facebook,General Dentistry,Clinic A,Contacted - No Appointment,44,No,
L09066,2025-05-21,P09066,Facebook,General Dentistry,Clinic A,Appointment Booked,17,Yes,
L09067,2025-01-29,,Google Organic,General Dentistry,Clinic C,Contacted - No Appointment,18,No,
L09068,2025-07-03,P09068,Google Ads,Root Canal,Clinic D,Appointment Booked,28,Yes,2025-12-07
L09069,2025-10-11,,Google Ads,Invisalign,Clinic B,Contacted - No Appointment,30,No,
L09070,2025-02-20,,Instagram,Teeth Whitening,Clinic C,Contacted - No Appointment,16,No,
L09071,2025-12-20,,Instagram,Invisalign,Clinic D,Contacted - No Appointment,39,No,
L09072,2025-01-17,P09072,Google Ads,Teeth Whitening,Clinic C,Appointment Booked,9,Yes,
L09073,2025-08-22,,Referral,Root Canal,Clinic A,Contacted - No Appointment,13,No,
L09074,2025-06-01,P09074,Facebook,Teeth Whitening,Clinic C,Appointment Booked,12,Yes,2025-11-06
L09075,2025-11-25,,Facebook,Invisalign,Clinic C,Contacted - No Appointment,27,No,
L09076,2025-02-28,,Facebook,Root Canal,Clinic C,Not Contacted/Cold,47,No,
L09077,2025-03-31,,Facebook,Dental Crown,Clinic C,Contacted - No Appointment,37,No,
L09078,2025-03-21,,Instagram,General Dentistry,Clinic D,Contacted - No Appointment,11,No,
L09079,2025-11-27,P09079,Facebook,Invisalign,Clinic A,Appointment Booked,72,Yes,2025-06-12
L09080,2025-04-27,,Google Ads,General Dentistry,Clinic D,Contacted - No Appointment,8,No,
L09081,2025-05-13,,Referral,Teeth Whitening,Clinic C,Contacted - No Appointment,8,No,
L09082,2025-06-27,P09082,Facebook,Teeth Whitening,Clinic C,Appointment Booked,8,Yes,2025-04-07
L09083,2025-08-13,,Google Organic,Teeth Whitening,Clinic A,Contacted - No Appointment,12,No,
L09084,2025-01-23,P09084,Facebook,Dental Crown,Clinic B,Appointment Booked,32,Yes,2025-01-02
L09085,2025-09-26,,Facebook,Invisalign,Clinic D,Contacted - No Appointment,32,No,
L09086,2025-09-05,,Google Ads,Invisalign,Clinic C,Contacted - No Appointment,8,No,
L09087,2025-01-29,P09087,Google Organic,General Dentistry,Clinic A,Appointment Booked,9,Yes,2025-10-02
L09088,2025-06-28,,Google Organic,Teeth Whitening,Clinic C,Contacted - No Appointment,28,No,
L09089,2025-06-25,P09089,Google Ads,Invisalign,Clinic A,Appointment Booked,10,Yes,2025-01-07
L09090,2025-08-20,,Google Ads,Dental Crown,Clinic D,Contacted - No Appointment,8,No,
L09091,2025-10-07,,Referral,Root Canal,Clinic D,Contacted - No Appointment,41,No,
L09092,2025-01-22,,Referral,Dental Implant,Clinic A,Contacted - No Appointment,1,No,
L09093,2025-03-04,P09093,Facebook,Root Canal,Clinic D,Appointment Booked,27,Yes,2025-10-03
L09094,2025-06-27,P09094,Facebook,Invisalign,Clinic D,Appointment Booked,27,Yes,
L09095,2025-04-20,,Google Organic,Dental Implant,Clinic B,Contacted - No Appointment,26,No,
L09096,2025-11-21,,Google Ads,Root Canal,Clinic C,Contacted - No Appointment,13,No,
L09097,2025-01-01,P09097,Instagram,Dental Crown,Clinic B,Appointment Booked,11,Yes,2025-06-01
L09098,2025-11-28,P09098,Facebook,Dental Implant,Clinic C,Appointment Booked,40,Yes,
L09099,2025-12-23,P09099,Google Organic,Root Canal,Clinic B,Appointment Booked,47,Yes,
L09100,2025-03-01,P09100,Google Ads,Invisalign,Clinic B,Appointment Booked,13,Yes,2025-12-03
L09101,2025-05-21,P09101,Instagram,Dental Implant,Clinic B,Appointment Booked,10,Yes,
L09102,2025-08-09,,Instagram,Dental Implant,Clinic A,Contacted - No Appointment,1,No,
L09103,2025-08-07,,Google Organic,Dental Implant,Clinic D,Contacted - No Appointment,38,No,
L09104,2025-04-09,P09104,Google Organic,Invisalign,Clinic B,Appointment Booked,26,Yes,2025-10-04
L09105,2025-01-04,,Referral,Teeth Whitening,Clinic B,Contacted - No Appointment,30,No,
L09106,2025-08-12,,Referral,Root Canal,Clinic D,Contacted - No Appointment,27,No,
L09107,2025-05-16,,Facebook,Dental Implant,Clinic B,Contacted - No Appointment,16,No,
L09108,2025-03-07,,Google Ads,Dental Implant,Clinic C,Contacted - No Appointment,23,No,
L09109,2025-04-04,,Instagram,Invisalign,Clinic D,Contacted - No Appointment,24,No,
L09110,2025-09-09,P09110,Referral,Teeth Whitening,Clinic D,Appointment Booked,44,Yes,
L09111,2025-12-21,,Google Ads,Root Canal,Clinic A,Contacted - No Appointment,43,No,
L09112,2025-12-28,P09112,Instagram,Dental Implant,Clinic B,Appointment Booked,6,Yes,2026-11-01
L09113,2025-07-24,P09113,Google Ads,Root Canal,Clinic D,Appointment Booked,2,Yes,
L09114,2025-03-10,P09114,Google Ads,Dental Crown,Clinic B,Appointment Booked,4,Yes,
L09115,2025-12-05,P09115,Google Organic,Dental Implant,Clinic B,Appointment Booked,14,Yes,
L09116,2025-06-04,,Google Organic,Dental Crown,Clinic A,Not Contacted/Cold,46,No,
L09117,2025-03-17,P09117,Instagram,Root Canal,Clinic A,Appointment Booked,26,Yes,
L09118,2025-05-31,P09118,Referral,Dental Implant,Clinic C,Appointment Booked,31,Yes,2025-09-06
L09119,2025-04-05,,Google Ads,Dental Crown,Clinic D,Contacted - No Appointment,16,No,
L09120,2025-04-18,P09120,Google Ads,Teeth Whitening,Clinic D,Appointment Booked,5,Yes,
L09121,2025-06-12,,Referral,Dental Crown,Clinic D,Contacted - No Appointment,45,No,
L09122,2025-12-24,P09122,Facebook,Invisalign,Clinic A,Appointment Booked,49,Yes,2026-07-01
L09123,2025-01-29,P09123,Google Ads,Root Canal,Clinic A,Appointment Booked,14,Yes,2025-02-02
L09124,2025-02-08,,Google Organic,Root Canal,Clinic D,Contacted - No Appointment,7,No,
L09125,2025-05-12,,Referral,Teeth Whitening,Clinic B,Contacted - No Appointment,16,No,
L09126,2025-06-05,,Google Organic,Dental Crown,Clinic B,Contacted - No Appointment,38,No,
L09127,2025-03-16,P09127,Google Organic,Dental Implant,Clinic D,Appointment Booked,22,Yes,
L09128,2025-07-03,,Google Ads,Dental Crown,Clinic C,Contacted - No Appointment,17,No,
L09129,2025-03-27,,Google Ads,Dental Crown,Clinic A,Contacted - No Appointment,36,No,
L09130,2025-02-17,,Referral,Root Canal,Clinic D,Contacted - No Appointment,21,No,
L09131,2025-10-09,,Instagram,General Dentistry,Clinic D,Contacted - No Appointment,11,No,
L09132,2025-01-15,,Google Ads,General Dentistry,Clinic A,Contacted - No Appointment,23,No,
L09133,2025-05-08,P09133,Facebook,Dental Implant,Clinic D,Appointment Booked,3,Yes,
L09134,2025-07-22,,Google Organic,General Dentistry,Clinic B,Not Contacted/Cold,64,No,
L09135,2025-07-07,,Google Ads,Root Canal,Clinic C,Contacted - No Appointment,31,No,
L09136,2025-01-24,,Instagram,Teeth Whitening,Clinic D,Contacted - No Appointment,3,No,
L09137,2025-06-10,,Google Ads,Teeth Whitening,Clinic D,Contacted - No Appointment,14,No,
L09138,2025-01-25,P09138,Facebook,Root Canal,Clinic B,Appointment Booked,25,Yes,
L09139,2025-03-24,,Google Organic,Root Canal,Clinic A,Contacted - No Appointment,26,No,
L09140,2025-02-13,,Google Ads,General Dentistry,Clinic A,Contacted - No Appointment,30,No,
L09141,2025-12-07,,Google Ads,Invisalign,Clinic C,Contacted - No Appointment,16,No,
L09142,2025-12-14,P09142,Referral,Invisalign,Clinic A,Appointment Booked,59,Yes,
L09143,2025-07-20,,Google Organic,Root Canal,Clinic B,Not Contacted/Cold,64,No,
L09144,2025-07-27,P09144,Facebook,General Dentistry,Clinic A,Appointment Booked,38,Yes,2025-02-08
L09145,2025-11-01,,Google Ads,General Dentistry,Clinic B,Contacted - No Appointment,23,No,
L09146,2025-04-06,P09146,Facebook,Invisalign,Clinic A,Appointment Booked,7,Yes,
L09147,2025-04-08,P09147,Instagram,General Dentistry,Clinic D,Appointment Booked,21,Yes,
L09148,2025-05-07,,Google Ads,Invisalign,Clinic A,Not Contacted/Cold,71,No,
L09149,2025-09-30,,Facebook,General Dentistry,Clinic B,Contacted - No Appointment,24,No,
L09150,2025-06-29,P09150,Facebook,Dental Crown,Clinic D,Appointment Booked,22,Yes,2025-03-07
L09151,2025-04-14,P09151,Facebook,Dental Implant,Clinic C,Appointment Booked,19,Yes,
L09152,2025-02-22,,Google Ads,Dental Implant,Clinic A,Contacted - No Appointment,11,No,
L09153,2025-11-21,,Google Ads,Dental Implant,Clinic A,Contacted - No Appointment,11,No,
L09154,2025-01-22,P09154,Referral,Invisalign,Clinic C,Appointment Booked,34,Yes,2025-01-02
L09155,2025-02-20,,Referral,Teeth Whitening,Clinic B,Contacted - No Appointment,30,No,
L09156,2025-11-16,P09156,Facebook,Invisalign,Clinic D,Appointment Booked,6,Yes,
L09157,2025-02-26,,Google Organic,General Dentistry,Clinic B,Not Contacted/Cold,50,No,
L09158,2025-07-18,,Instagram,Dental Crown,Clinic B,Contacted - No Appointment,31,No,
L09159,2025-12-06,,Google Ads,Dental Crown,Clinic B,Not Contacted/Cold,69,No,
L09160,2025-05-03,,Google Ads,Invisalign,Clinic C,Contacted - No Appointment,11,No,
L09161,2025-11-16,P09161,Facebook,General Dentistry,Clinic D,Appointment Booked,36,Yes,
L09162,2025-11-22,P09162,Instagram,Dental Crown,Clinic A,Appointment Booked,9,Yes,2025-01-12
L09163,2025-07-15,,Instagram,General Dentistry,Clinic C,Contacted - No Appointment,3,No,
L09164,2025-02-24,,Referral,General Dentistry,Clinic A,Contacted - No Appointment,36,No,
L09165,2025-09-02,P09165,Google Organic,Dental Implant,Clinic B,Appointment Booked,8,Yes,2025-04-09
L09166,2025-07-09,P09166,Referral,Dental Implant,Clinic D,Appointment Booked,27,Yes,2025-12-07
L09167,2025-09-08,,Referral,Teeth Whitening,Clinic B,Contacted - No Appointment,24,No,
L09168,2025-08-16,,Google Organic,General Dentistry,Clinic D,Contacted - No Appointment,15,No,
L09169,2025-09-15,,Facebook,Dental Crown,Clinic C,Contacted - No Appointment,9,No,
L09170,2025-10-28,,Google Ads,Root Canal,Clinic D,Contacted - No Appointment,34,No,
L09171,2025-11-27,,Instagram,Dental Crown,Clinic D,Contacted - No Appointment,19,No,
L09172,2025-12-29,,Google Organic,Invisalign,Clinic A,Contacted - No Appointment,2,No,
L09173,2025-06-17,P09173,Facebook,Invisalign,Clinic A,Appointment Booked,21,Yes,
L09174,2025-10-29,,Google Organic,Root Canal,Clinic B,Contacted - No Appointment,5,No,
L09175,2025-05-29,P09175,Referral,Invisalign,Clinic A,Appointment Booked,14,Yes,2025-01-06
L09176,2025-12-10,,Instagram,Root Canal,Clinic B,Contacted - No Appointment,21,No,
L09177,2025-07-28,,Facebook,General Dentistry,Clinic B,Contacted - No Appointment,1,No,
L09178,2025-04-16,P09178,Google Organic,General Dentistry,Clinic D,Appointment Booked,11,Yes,
L09179,2025-09-28,P09179,Google Ads,General Dentistry,Clinic B,Appointment Booked,16,Yes,2025-01-10
L09180,2025-01-05,,Google Ads,Teeth Whitening,Clinic D,Contacted - No Appointment,32,No,
L09181,2025-09-01,P09181,Google Organic,Root Canal,Clinic D,Appointment Booked,40,Yes,2025-04-09
L09182,2025-06-20,P09182,Google Organic,Teeth Whitening,Clinic D,Appointment Booked,25,Yes,2025-03-07
L09183,2025-05-13,,Facebook,General Dentistry,Clinic A,Contacted - No Appointment,44,No,
L09184,2025-07-06,,Referral,General Dentistry,Clinic B,Contacted - No Appointment,30,No,
L09185,2025-12-24,P09185,Facebook,Dental Crown,Clinic B,Appointment Booked,4,Yes,
L09186,2025-10-18,,Instagram,Invisalign,Clinic B,Contacted - No Appointment,34,No,
L09187,2025-11-08,P09187,Instagram,Dental Implant,Clinic B,Appointment Booked,6,Yes,
L09188,2025-03-24,,Google Ads,Dental Implant,Clinic D,Contacted - No Appointment,38,No,
L09189,2025-02-25,,Google Ads,General Dentistry,Clinic B,Contacted - No Appointment,36,No,
L09190,2025-12-20,P09190,Referral,Root Canal,Clinic C,Appointment Booked,23,Yes,
L09191,2025-05-21,,Google Ads,General Dentistry,Clinic D,Contacted - No Appointment,19,No,
L09192,2025-06-14,,Google Ads,Root Canal,Clinic A,Contacted - No Appointment,18,No,
L09193,2025-03-22,,Facebook,Dental Crown,Clinic B,Contacted - No Appointment,31,No,
L09194,2025-01-08,,Google Ads,Dental Implant,Clinic D,Contacted - No Appointment,13,No,
L09195,2025-04-25,,Referral,Invisalign,Clinic A,Contacted - No Appointment,13,No,
L09196,2025-04-18,,Google Ads,Root Canal,Clinic C,Contacted - No Appointment,19,No,
L09197,2025-08-17,P09197,Instagram,Dental Crown,Clinic A,Appointment Booked,10,Yes,
L09198,2025-05-01,,Facebook,Dental Implant,Clinic D,Contacted - No Appointment,18,No,
L09199,2025-10-07,,Google Organic,Teeth Whitening,Clinic B,Contacted - No Appointment,41,No,
L09200,2025-10-23,,Instagram,Root Canal,Clinic B,Contacted - No Appointment,7,No,
L09201,2025-09-01,P09201,Facebook,Teeth Whitening,Clinic C,Appointment Booked,2,Yes,2025-09-09
L09202,2025-04-10,,Referral,Dental Implant,Clinic A,Contacted - No Appointment,9,No,
L09203,2025-10-02,,Google Ads,Dental Crown,Clinic B,Contacted - No Appointment,31,No,
L09204,2025-05-24,P09204,Instagram,Invisalign,Clinic B,Appointment Booked,23,Yes,
L09205,2025-07-10,,Referral,Teeth Whitening,Clinic B,Contacted - No Appointment,6,No,
L09206,2025-12-02,,Google Organic,Root Canal,Clinic C,Contacted - No Appointment,26,No,
L09207,2025-04-10,P09207,Google Organic,Dental Crown,Clinic C,Appointment Booked,23,Yes,2025-11-04
L09208,2025-06-26,P09208,Google Ads,General Dentistry,Clinic C,Appointment Booked,40,Yes,
L09209,2025-09-06,,Google Ads,Dental Implant,Clinic C,Contacted - No Appointment,30,No,
L09210,2025-07-02,,Google Ads,Dental Implant,Clinic B,Contacted - No Appointment,38,No,
L09211,2025-02-11,P09211,Referral,Teeth Whitening,Clinic A,Appointment Booked,8,Yes,
L09212,2025-10-21,,Referral,Dental Crown,Clinic D,Contacted - No Appointment,6,No,
L09213,2025-05-16,,Facebook,Invisalign,Clinic D,Contacted - No Appointment,12,No,
L09214,2025-03-18,P09214,Google Ads,Root Canal,Clinic A,Appointment Booked,12,Yes,
L09215,2025-12-18,,Google Ads,Dental Implant,Clinic B,Contacted - No Appointment,16,No,
L09216,2025-12-15,,Facebook,Invisalign,Clinic B,Contacted - No Appointment,7,No,
L09217,2025-07-23,P09217,Facebook,Root Canal,Clinic C,Appointment Booked,10,Yes,
L09218,2025-10-08,,Google Organic,General Dentistry,Clinic C,Not Contacted/Cold,58,No,
L09219,2025-01-21,P09219,Referral,Root Canal,Clinic A,Appointment Booked,22,Yes,
L09220,2025-09-28,,Google Organic,Dental Crown,Clinic C,Contacted - No Appointment,20,No,
L09221,2025-03-27,P09221,Instagram,General Dentistry,Clinic A,Appointment Booked,26,Yes,2025-10-04
L09222,2025-02-28,P09222,Google Organic,Invisalign,Clinic B,Appointment Booked,7,Yes,2025-11-03
L09223,2025-09-13,P09223,Google Organic,Teeth Whitening,Clinic D,Appointment Booked,5,Yes,
L09224,2025-05-30,P09224,Facebook,General Dentistry,Clinic B,Appointment Booked,19,Yes,
L09225,2025-04-05,,Facebook,Invisalign,Clinic A,Contacted - No Appointment,4,No,
L09226,2025-07-14,P09226,Google Ads,Root Canal,Clinic D,Appointment Booked,8,Yes,
L09227,2025-11-04,,Google Organic,General Dentistry,Clinic D,Contacted - No Appointment,2,No,
L09228,2025-07-15,,Referral,General Dentistry,Clinic D,Contacted - No Appointment,35,No,
L09229,2025-01-31,P09229,Instagram,Invisalign,Clinic B,Appointment Booked,23,Yes,
L09230,2025-12-17,,Referral,Dental Implant,Clinic A,Contacted - No Appointment,12,No,
L09231,2025-03-04,,Google Ads,Invisalign,Clinic D,Not Contacted/Cold,67,No,
L09232,2025-08-21,,Google Organic,Root Canal,Clinic C,Contacted - No Appointment,37,No,
L09233,2025-05-22,,Referral,Root Canal,Clinic D,Contacted - No Appointment,21,No,
L09234,2025-01-05,,Instagram,Dental Crown,Clinic B,Contacted - No Appointment,43,No,
L09235,2025-06-06,P09235,Referral,General Dentistry,Clinic B,Appointment Booked,17,Yes,
L09236,2025-06-13,,Instagram,Invisalign,Clinic D,Contacted - No Appointment,22,No,
L09237,2025-11-29,P09237,Google Ads,General Dentistry,Clinic C,Appointment Booked,20,Yes,2025-07-12
L09238,2025-11-17,,Google Ads,Dental Implant,Clinic A,Contacted - No Appointment,15,No,
L09239,2025-04-28,,Instagram,Dental Implant,Clinic A,Contacted - No Appointment,16,No,
L09240,2025-08-05,,Referral,Root Canal,Clinic B,Not Contacted/Cold,66,No,
L09241,2025-02-28,,Google Ads,Dental Implant,Clinic A,Contacted - No Appointment,27,No,
L09242,2025-12-20,,Instagram,Root Canal,Clinic B,Contacted - No Appointment,45,No,
L09243,2025-10-21,P09243,Google Organic,General Dentistry,Clinic B,Appointment Booked,8,Yes,
L09244,2025-11-13,,Google Ads,Invisalign,Clinic D,Contacted - No Appointment,14,No,
L09245,2025-07-19,,Google Ads,Teeth Whitening,Clinic B,Contacted - No Appointment,7,No,
L09246,2025-12-26,,Facebook,Invisalign,Clinic D,Contacted - No Appointment,37,No,
L09247,2025-08-23,,Google Ads,Dental Implant,Clinic A,Contacted - No Appointment,40,No,
L09248,2025-08-28,,Google Ads,Dental Crown,Clinic C,Contacted - No Appointment,26,No,
L09249,2025-07-12,,Google Ads,General Dentistry,Clinic A,Not Contacted/Cold,82,No,
L09250,2025-03-11,,Google Ads,Root Canal,Clinic C,Contacted - No Appointment,39,No,
L09251,2025-08-31,,Instagram,Dental Crown,Clinic D,Contacted - No Appointment,20,No,
L09252,2025-04-21,P09252,Google Organic,General Dentistry,Clinic D,Appointment Booked,20,Yes,
L09253,2025-06-23,,Google Organic,Teeth Whitening,Clinic C,Contacted - No Appointment,27,No,
L09254,2025-10-27,,Facebook,Invisalign,Clinic B,Contacted - No Appointment,41,No,
L09255,2025-06-13,,Referral,Teeth Whitening,Clinic D,Contacted - No Appointment,29,No,
L09256,2025-12-27,,Referral,Root Canal,Clinic D,Contacted - No Appointment,13,No,
L09257,2025-10-03,,Referral,Teeth Whitening,Clinic D,Contacted - No Appointment,13,No,
L09258,2025-01-21,P09258,Facebook,Root Canal,Clinic B,Appointment Booked,24,Yes,
L09259,2025-04-10,P09259,Referral,Dental Implant,Clinic D,Appointment Booked,12,Yes,
L09260,2025-03-06,,Google Organic,Dental Crown,Clinic A,Not Contacted/Cold,48,No,
L09261,2025-05-12,P09261,Facebook,Root Canal,Clinic A,Appointment Booked,24,Yes,
L09262,2025-08-09,,Google Ads,Root Canal,Clinic A,Contacted - No Appointment,6,No,
L09263,2025-02-01,,Google Organic,General Dentistry,Clinic B,Contacted - No Appointment,18,No,
L09264,2025-08-07,,Google Ads,General Dentistry,Clinic D,Contacted - No Appointment,20,No,
L09265,2025-08-07,P09265,Google Ads,Root Canal,Clinic D,Appointment Booked,40,Yes,
L09266,2025-06-20,,Facebook,Root Canal,Clinic D,Contacted - No Appointment,19,No,
L09267,2025-01-01,,Google Organic,Root Canal,Clinic C,Not Contacted/Cold,73,No,
L09268,2025-04-04,,Referral,Root Canal,Clinic C,Contacted - No Appointment,30,No,
L09269,2025-08-20,P09269,Instagram,General Dentistry,Clinic C,Appointment Booked,6,Yes,
L09270,2025-09-08,P09270,Google Organic,Dental Crown,Clinic B,Appointment Booked,15,Yes,
L09271,2025-09-21,P09271,Facebook,Invisalign,Clinic D,Appointment Booked,13,Yes,
L09272,2025-12-03,,Google Organic,Root Canal,Clinic C,Contacted - No Appointment,21,No,
L09273,2025-06-12,,Facebook,Dental Crown,Clinic C,Not Contacted/Cold,60,No,
L09274,2025-09-27,,Referral,Dental Crown,Clinic C,Contacted - No Appointment,10,No,
L09275,2025-04-11,,Facebook,Dental Crown,Clinic D,Contacted - No Appointment,4,No,
L09276,2025-04-07,,Facebook,Dental Implant,Clinic A,Contacted - No Appointment,16,No,
L09277,2025-07-05,P09277,Facebook,Dental Implant,Clinic B,Appointment Booked,12,Yes,
L09278,2025-12-01,,Google Organic,Invisalign,Clinic D,Contacted - No Appointment,26,No,
L09279,2025-09-29,,Referral,Root Canal,Clinic B,Contacted - No Appointment,2,No,
L09280,2025-12-24,,Facebook,Dental Implant,Clinic D,Contacted - No Appointment,43,No,
L09281,2025-01-19,P09281,Facebook,Teeth Whitening,Clinic B,Appointment Booked,24,Yes,
L09282,2025-11-26,P09282,Google Organic,Invisalign,Clinic B,Appointment Booked,24,Yes,2025-06-12
L09283,2025-06-22,,Referral,General Dentistry,Clinic D,Contacted - No Appointment,20,No,
L09284,2025-02-16,P09284,Facebook,Dental Implant,Clinic B,Appointment Booked,5,Yes,
L09285,2025-05-14,,Google Ads,Dental Implant,Clinic C,Contacted - No Appointment,20,No,
L09286,2025-05-22,,Facebook,Root Canal,Clinic B,Contacted - No Appointment,13,No,
L09287,2025-01-16,,Instagram,Invisalign,Clinic B,Contacted - No Appointment,3,No,
L09288,2025-11-16,,Facebook,General Dentistry,Clinic C,Contacted - No Appointment,11,No,
L09289,2025-06-20,,Google Ads,Dental Implant,Clinic A,Contacted - No Appointment,36,No,
L09290,2025-10-28,P09290,Google Ads,Root Canal,Clinic D,Appointment Booked,33,Yes,2025-03-11
L09291,2025-09-30,P09291,Google Organic,General Dentistry,Clinic D,Appointment Booked,31,Yes,2025-08-10
L09292,2025-09-11,P09292,Referral,Root Canal,Clinic A,Appointment Booked,27,Yes,
L09293,2025-08-15,P09293,Referral,Dental Implant,Clinic C,Appointment Booked,27,Yes,
L09294,2025-11-11,,Google Organic,Invisalign,Clinic C,Contacted - No Appointment,37,No,
L09295,2025-01-06,,Google Organic,Root Canal,Clinic A,Contacted - No Appointment,14,No,
L09296,2025-07-28,,Google Ads,Invisalign,Clinic B,Contacted - No Appointment,30,No,
L09297,2025-09-14,P09297,Instagram,Root Canal,Clinic B,Appointment Booked,33,Yes,
L09298,2025-07-19,,Google Ads,General Dentistry,Clinic C,Not Contacted/Cold,49,No,
L09299,2025-07-07,,Google Organic,General Dentistry,Clinic C,Contacted - No Appointment,40,No,
L09300,2025-09-17,,Referral,Dental Implant,Clinic C,Not Contacted/Cold,49,No,
L09301,2025-02-15,P09301,Referral,Dental Implant,Clinic D,Appointment Booked,25,Yes,
L09302,2025-11-12,,Facebook,Invisalign,Clinic D,Not Contacted/Cold,48,No,
L09303,2025-05-19,,Google Organic,Dental Crown,Clinic C,Contacted - No Appointment,17,No,
L09304,2025-02-27,P09304,Referral,Root Canal,Clinic D,Appointment Booked,6,Yes,
L09305,2025-03-22,P09305,Google Ads,General Dentistry,Clinic B,Appointment Booked,36,Yes,
L09306,2025-08-06,,Google Organic,Teeth Whitening,Clinic D,Contacted - No Appointment,18,No,
L09307,2025-07-26,,Google Ads,Dental Implant,Clinic C,Contacted - No Appointment,13,No,
L09308,2025-02-24,,Referral,Dental Crown,Clinic D,Contacted - No Appointment,35,No,
L09309,2025-04-19,P09309,Google Ads,Dental Implant,Clinic C,Appointment Booked,22,Yes,
L09310,2025-02-18,,Google Ads,Invisalign,Clinic A,Contacted - No Appointment,11,No,
L09311,2025-03-12,,Google Organic,Dental Implant,Clinic C,Contacted - No Appointment,11,No,
L09312,2025-05-13,,Google Ads,Dental Implant,Clinic B,Contacted - No Appointment,17,No,
L09313,2025-11-08,P09313,Google Ads,Dental Crown,Clinic C,Appointment Booked,27,Yes,2025-11-11
L09314,2025-06-06,,Instagram,Dental Crown,Clinic B,Contacted - No Appointment,14,No,
L09315,2025-05-22,P09315,Google Organic,Dental Implant,Clinic D,Appointment Booked,15,Yes,
L09316,2025-12-09,,Google Ads,General Dentistry,Clinic C,Contacted - No Appointment,36,No,
L09317,2025-02-16,,Google Organic,Root Canal,Clinic C,Contacted - No Appointment,26,No,
L09318,2025-12-10,P09318,Google Organic,Dental Implant,Clinic A,Appointment Booked,7,Yes,
L09319,2025-01-11,,Instagram,Dental Implant,Clinic D,Contacted - No Appointment,11,No,
L09320,2025-11-18,,Instagram,Dental Crown,Clinic D,Contacted - No Appointment,12,No,
L09321,2025-02-05,,Google Ads,General Dentistry,Clinic D,Contacted - No Appointment,16,No,
L09322,2025-11-15,P09322,Facebook,Dental Crown,Clinic B,Appointment Booked,23,Yes,
L09323,2025-01-09,,Google Ads,General Dentistry,Clinic C,Contacted - No Appointment,25,No,
L09324,2025-10-03,,Google Ads,Root Canal,Clinic A,Contacted - No Appointment,19,No,
L09325,2025-12-17,,Facebook,Root Canal,Clinic C,Contacted - No Appointment,35,No,
L09326,2025-08-31,P09326,Facebook,Root Canal,Clinic A,Appointment Booked,15,Yes,2025-09-09
L09327,2025-06-07,,Google Organic,Dental Crown,Clinic C,Contacted - No Appointment,17,No,
L09328,2025-10-04,,Instagram,Root Canal,Clinic C,Contacted - No Appointment,12,No,
L09329,2025-07-08,,Referral,General Dentistry,Clinic B,Contacted - No Appointment,34,No,
L09330,2025-07-08,P09330,Google Ads,Dental Implant,Clinic B,Appointment Booked,8,Yes,
L09331,2025-08-22,P09331,Google Ads,Root Canal,Clinic D,Appointment Booked,15,Yes,
L09332,2025-09-26,,Facebook,Root Canal,Clinic A,Contacted - No Appointment,42,No,
L09333,2025-03-19,P09333,Google Ads,Dental Crown,Clinic D,Appointment Booked,18,Yes,
L09334,2025-03-02,P09334,Google Organic,Invisalign,Clinic A,Appointment Booked,2,Yes,2025-04-03
L09335,2025-11-20,P09335,Facebook,Root Canal,Clinic A,Appointment Booked,8,Yes,2025-03-12
L09336,2025-01-09,P09336,Facebook,Root Canal,Clinic A,Appointment Booked,30,Yes,
L09337,2025-08-22,P09337,Facebook,Dental Crown,Clinic D,Appointment Booked,29,Yes,
L09338,2025-10-04,,Facebook,Teeth Whitening,Clinic B,Not Contacted/Cold,60,No,
L09339,2025-07-24,P09339,Facebook,Teeth Whitening,Clinic D,Appointment Booked,6,Yes,
L09340,2025-07-18,,Google Ads,Invisalign,Clinic C,Contacted - No Appointment,42,No,
L09341,2025-11-28,P09341,Google Ads,General Dentistry,Clinic A,Appointment Booked,48,Yes,2025-11-12
L09342,2025-07-30,,Facebook,General Dentistry,Clinic C,Contacted - No Appointment,13,No,
L09343,2025-06-11,P09343,Google Ads,Invisalign,Clinic A,Appointment Booked,13,Yes,
L09344,2025-08-23,P09344,Google Organic,Invisalign,Clinic D,Appointment Booked,22,Yes,2025-03-09
L09345,2025-10-11,,Google Ads,Invisalign,Clinic A,Contacted - No Appointment,35,No,
L09346,2025-12-16,P09346,Google Ads,Root Canal,Clinic B,Appointment Booked,6,Yes,
L09347,2025-01-02,,Google Ads,General Dentistry,Clinic D,Contacted - No Appointment,28,No,
L09348,2025-01-03,,Facebook,Teeth Whitening,Clinic D,Contacted - No Appointment,5,No,
L09349,2025-10-23,,Google Ads,General Dentistry,Clinic B,Contacted - No Appointment,32,No,
L09350,2025-09-09,,Google Ads,Invisalign,Clinic D,Contacted - No Appointment,17,No,
L09351,2025-12-03,P09351,Facebook,Dental Crown,Clinic A,Appointment Booked,7,Yes,
L09352,2025-11-22,,Facebook,Invisalign,Clinic D,Contacted - No Appointment,16,No,
L09353,2025-04-20,,Google Organic,Dental Implant,Clinic C,Contacted - No Appointment,4,No,
L09354,2025-11-24,P09354,Google Organic,Dental Crown,Clinic A,Appointment Booked,11,Yes,
L09355,2025-11-03,,Google Ads,Dental Implant,Clinic B,Contacted - No Appointment,24,No,
L09356,2025-06-11,,Google Ads,Dental Crown,Clinic A,Not Contacted/Cold,55,No,
L09357,2025-08-25,P09357,Instagram,Dental Crown,Clinic B,Appointment Booked,15,Yes,
L09358,2025-06-27,,Google Organic,Teeth Whitening,Clinic A,Contacted - No Appointment,25,No,
L09359,2025-10-02,P09359,Referral,Dental Implant,Clinic C,Appointment Booked,26,Yes,2025-07-10
L09360,2025-05-30,,Google Ads,Teeth Whitening,Clinic D,Contacted - No Appointment,10,No,
L09361,2025-07-30,,Facebook,General Dentistry,Clinic A,Contacted - No Appointment,23,No,
L09362,2025-08-21,P09362,Google Organic,General Dentistry,Clinic C,Appointment Booked,1,Yes,
L09363,2025-02-10,P09363,Google Organic,Teeth Whitening,Clinic C,Appointment Booked,2,Yes,2025-12-02
L09364,2025-05-29,,Google Ads,Dental Crown,Clinic D,Contacted - No Appointment,11,No,
L09365,2025-10-16,P09365,Google Organic,Root Canal,Clinic B,Appointment Booked,6,Yes,
L09366,2025-07-22,P09366,Google Ads,Teeth Whitening,Clinic C,Appointment Booked,27,Yes,
L09367,2025-07-12,,Google Ads,Teeth Whitening,Clinic B,Contacted - No Appointment,30,No,
L09368,2025-05-03,P09368,Facebook,Dental Crown,Clinic B,Appointment Booked,3,Yes,2025-04-05
L09369,2025-04-20,P09369,Google Ads,Teeth Whitening,Clinic A,Appointment Booked,13,Yes,2025-02-05
L09370,2025-11-02,,Google Organic,Root Canal,Clinic B,Contacted - No Appointment,7,No,
L09371,2025-06-17,P09371,Google Organic,Dental Implant,Clinic A,Appointment Booked,48,Yes,
L09372,2025-08-14,P09372,Google Organic,Dental Crown,Clinic C,Appointment Booked,12,Yes,
L09373,2025-07-08,,Facebook,Invisalign,Clinic B,Contacted - No Appointment,11,No,
L09374,2025-02-04,,Google Ads,Root Canal,Clinic C,Contacted - No Appointment,9,No,
L09375,2025-04-16,,Google Ads,Dental Implant,Clinic A,Contacted - No Appointment,12,No,
L09376,2025-02-03,,Facebook,Root Canal,Clinic D,Not Contacted/Cold,56,No,
L09377,2025-02-02,P09377,Google Organic,Teeth Whitening,Clinic D,Appointment Booked,7,Yes,2025-11-02
L09378,2025-03-13,,Facebook,Root Canal,Clinic A,Contacted - No Appointment,7,No,
L09379,2025-10-01,,Facebook,Dental Implant,Clinic B,Contacted - No Appointment,3,No,
L09380,2025-06-22,,Facebook,Root Canal,Clinic C,Not Contacted/Cold,53,No,
L09381,2025-07-23,,Google Ads,Invisalign,Clinic A,Contacted - No Appointment,10,No,
L09382,2025-04-06,,Instagram,Root Canal,Clinic B,Contacted - No Appointment,12,No,
L09383,2025-05-05,,Facebook,Root Canal,Clinic A,Contacted - No Appointment,23,No,
L09384,2025-02-28,,Google Organic,General Dentistry,Clinic D,Contacted - No Appointment,2,No,
L09385,2025-09-17,,Google Organic,Dental Implant,Clinic D,Contacted - No Appointment,18,No,
L09386,2025-02-10,,Google Ads,Dental Crown,Clinic C,Contacted - No Appointment,15,No,
L09387,2025-05-02,,Facebook,General Dentistry,Clinic C,Contacted - No Appointment,26,No,
L09388,2025-05-02,,Google Organic,General Dentistry,Clinic D,Contacted - No Appointment,16,No,
L09389,2025-10-17,P09389,Google Ads,Dental Implant,Clinic D,Appointment Booked,26,Yes,
L09390,2025-03-29,,Google Organic,Root Canal,Clinic D,Contacted - No Appointment,34,No,
L09391,2025-01-30,P09391,Google Ads,Dental Implant,Clinic A,Appointment Booked,9,Yes,2025-08-02
L09392,2025-09-09,,Facebook,Root Canal,Clinic A,Contacted - No Appointment,42,No,
L09393,2025-03-02,P09393,Referral,Dental Implant,Clinic C,Appointment Booked,23,Yes,2025-09-03
L09394,2025-11-13,,Instagram,General Dentistry,Clinic C,Contacted - No Appointment,3,No,
L09395,2025-12-01,P09395,Facebook,Dental Implant,Clinic A,Appointment Booked,52,Yes,2025-02-12
L09396,2025-05-23,,Google Ads,Root Canal,Clinic A,Contacted - No Appointment,16,No,
L09397,2025-08-06,,Google Ads,Root Canal,Clinic D,Contacted - No Appointment,32,No,
L09398,2025-10-11,,Instagram,General Dentistry,Clinic D,Contacted - No Appointment,26,No,
L09399,2025-03-20,,Facebook,Dental Crown,Clinic B,Contacted - No Appointment,6,No,
L09400,2025-12-28,,Facebook,Invisalign,Clinic D,Contacted - No Appointment,10,No,
L09401,2025-01-25,P09401,Referral,Invisalign,Clinic C,Appointment Booked,16,Yes,2025-01-02
L09402,2025-02-13,P09402,Facebook,Dental Implant,Clinic D,Appointment Booked,32,Yes,
L09403,2025-01-24,,Facebook,Teeth Whitening,Clinic B,Contacted - No Appointment,20,No,
L09404,2025-09-24,P09404,Instagram,Dental Crown,Clinic A,Appointment Booked,16,Yes,2025-08-10
L09405,2025-07-26,,Facebook,Dental Crown,Clinic B,Contacted - No Appointment,20,No,
L09406,2025-12-03,P09406,Facebook,Dental Implant,Clinic B,Appointment Booked,1,Yes,
L09407,2025-02-24,P09407,Facebook,Teeth Whitening,Clinic C,Appointment Booked,15,Yes,2025-07-03
L09408,2025-02-18,,Referral,Dental Crown,Clinic A,Contacted - No Appointment,15,No,
L09409,2025-10-23,,Facebook,General Dentistry,Clinic D,Contacted - No Appointment,15,No,
L09410,2025-03-08,P09410,Facebook,Dental Crown,Clinic A,Appointment Booked,50,Yes,
L09411,2025-07-24,,Instagram,Invisalign,Clinic A,Not Contacted/Cold,75,No,
L09412,2025-05-21,,Google Ads,Root Canal,Clinic C,Contacted - No Appointment,6,No,
L09413,2025-10-21,P09413,Google Organic,Dental Implant,Clinic C,Appointment Booked,10,Yes,
L09414,2025-12-09,P09414,Facebook,Teeth Whitening,Clinic B,Appointment Booked,41,Yes,
L09415,2025-03-02,,Instagram,Teeth Whitening,Clinic D,Contacted - No Appointment,26,No,
L09416,2025-10-11,P09416,Google Organic,Invisalign,Clinic C,Appointment Booked,30,Yes,
L09417,2025-04-06,,Referral,Dental Implant,Clinic C,Contacted - No Appointment,13,No,
L09418,2025-05-11,,Facebook,Dental Implant,Clinic C,Contacted - No Appointment,19,No,
L09419,2025-12-06,,Google Organic,General Dentistry,Clinic A,Contacted - No Appointment,24,No,
L09420,2025-05-15,,Google Ads,Invisalign,Clinic C,Not Contacted/Cold,73,No,
L09421,2025-04-20,,Instagram,Invisalign,Clinic D,Contacted - No Appointment,28,No,
L09422,2025-08-02,,Google Ads,Invisalign,Clinic A,Contacted - No Appointment,37,No,
L09423,2025-08-24,,Google Ads,Root Canal,Clinic B,Contacted - No Appointment,16,No,
L09424,2025-02-11,P09424,Google Ads,Teeth Whitening,Clinic D,Appointment Booked,30,Yes,
L09425,2025-01-01,,Facebook,General Dentistry,Clinic B,Contacted - No Appointment,34,No,
L09426,2025-02-23,P09426,Google Ads,Invisalign,Clinic B,Appointment Booked,25,Yes,2025-07-03
L09427,2025-08-15,P09427,Instagram,Dental Crown,Clinic D,Appointment Booked,4,Yes,
L09428,2025-02-23,,Facebook,Root Canal,Clinic A,Contacted - No Appointment,9,No,
L09429,2025-12-10,P09429,Google Organic,General Dentistry,Clinic A,Appointment Booked,17,Yes,
L09430,2025-02-06,P09430,Google Ads,Invisalign,Clinic D,Appointment Booked,23,Yes,
L09431,2025-07-30,P09431,Google Ads,Dental Implant,Clinic D,Appointment Booked,28,Yes,2025-04-08
L09432,2025-08-07,P09432,Facebook,Root Canal,Clinic B,Appointment Booked,6,Yes,
L09433,2025-04-29,,Facebook,Dental Implant,Clinic C,Contacted - No Appointment,14,No,
L09434,2025-10-15,,Google Ads,Dental Implant,Clinic D,Contacted - No Appointment,23,No,
L09435,2025-07-23,P09435,Referral,Dental Crown,Clinic C,Appointment Booked,27,Yes,2025-01-08
L09436,2025-08-13,P09436,Google Ads,Teeth Whitening,Clinic B,Appointment Booked,22,Yes,
L09437,2025-01-13,,Google Organic,Root Canal,Clinic A,Contacted - No Appointment,10,No,
L09438,2025-05-11,,Google Ads,Dental Crown,Clinic B,Contacted - No Appointment,7,No,
L09439,2025-05-22,,Referral,Root Canal,Clinic D,Contacted - No Appointment,20,No,
L09440,2025-11-04,,Facebook,Dental Crown,Clinic D,Not Contacted/Cold,65,No,
L09441,2025-03-07,P09441,Referral,Dental Crown,Clinic D,Appointment Booked,13,Yes,2025-10-03
L09442,2025-02-15,,Facebook,Dental Crown,Clinic D,Contacted - No Appointment,24,No,
L09443,2025-11-26,,Google Ads,Invisalign,Clinic C,Contacted - No Appointment,8,No,
L09444,2025-09-26,,Facebook,Invisalign,Clinic B,Contacted - No Appointment,15,No,
L09445,2025-03-23,P09445,Facebook,Root Canal,Clinic D,Appointment Booked,33,Yes,
L09446,2025-09-17,P09446,Google Ads,Root Canal,Clinic C,Appointment Booked,12,Yes,
L09447,2025-11-05,,Google Ads,Teeth Whitening,Clinic C,Contacted - No Appointment,16,No,
L09448,2025-11-11,,Google Organic,Root Canal,Clinic A,Contacted - No Appointment,8,No,
L09449,2025-06-26,,Google Ads,Dental Implant,Clinic D,Contacted - No Appointment,35,No,
L09450,2025-07-03,,Facebook,Invisalign,Clinic B,Contacted - No Appointment,25,No,
L09451,2025-03-14,,Facebook,Invisalign,Clinic B,Contacted - No Appointment,18,No,
L09452,2025-04-22,P09452,Google Organic,Teeth Whitening,Clinic C,Appointment Booked,7,Yes,
L09453,2025-02-02,,Google Ads,Root Canal,Clinic C,Contacted - No Appointment,9,No,
L09454,2025-01-25,P09454,Instagram,Teeth Whitening,Clinic A,Appointment Booked,6,Yes,2025-04-02
L09455,2025-10-30,,Google Ads,Root Canal,Clinic D,Contacted - No Appointment,14,No,
L09456,2025-02-18,P09456,Google Ads,General Dentistry,Clinic B,Appointment Booked,6,Yes,
L09457,2025-12-07,,Facebook,General Dentistry,Clinic A,Contacted - No Appointment,18,No,
L09458,2025-05-17,,Referral,Dental Crown,Clinic B,Contacted - No Appointment,30,No,
L09459,2025-11-23,,Google Ads,General Dentistry,Clinic C,Contacted - No Appointment,16,No,
L09460,2025-11-29,,Google Ads,Root Canal,Clinic D,Contacted - No Appointment,9,No,
L09461,2025-04-13,P09461,Instagram,General Dentistry,Clinic D,Appointment Booked,21,Yes,
L09462,2025-08-09,P09462,Facebook,General Dentistry,Clinic D,Appointment Booked,3,Yes,2025-11-08
L09463,2025-01-11,,Instagram,General Dentistry,Clinic A,Contacted - No Appointment,9,No,
L09464,2025-06-14,,Referral,Dental Crown,Clinic A,Contacted - No Appointment,19,No,
L09465,2025-01-22,,Referral,Teeth Whitening,Clinic C,Contacted - No Appointment,8,No,
L09466,2025-06-23,,Facebook,Root Canal,Clinic B,Contacted - No Appointment,20,No,
L09467,2025-07-20,,Facebook,Invisalign,Clinic D,Contacted - No Appointment,17,No,
L09468,2025-06-11,,Referral,Root Canal,Clinic C,Not Contacted/Cold,50,No,
L09469,2025-12-25,,Google Ads,General Dentistry,Clinic D,Contacted - No Appointment,14,No,
L09470,2025-06-08,P09470,Facebook,Dental Implant,Clinic A,Appointment Booked,48,Yes,2025-09-06
L09471,2025-05-19,P09471,Facebook,Dental Crown,Clinic B,Appointment Booked,18,Yes,
L09472,2025-02-08,P09472,Google Ads,Root Canal,Clinic B,Appointment Booked,7,Yes,2025-12-02
L09473,2025-09-07,,Referral,Root Canal,Clinic A,Contacted - No Appointment,14,No,
L09474,2025-04-28,,Google Organic,General Dentistry,Clinic C,Contacted - No Appointment,32,No,
L09475,2025-11-26,,Facebook,General Dentistry,Clinic B,Contacted - No Appointment,28,No,
L09476,2025-10-23,,Google Organic,Dental Crown,Clinic B,Contacted - No Appointment,24,No,
L09477,2025-05-18,,Facebook,Invisalign,Clinic B,Not Contacted/Cold,56,No,
L09478,2025-01-24,P09478,Referral,Root Canal,Clinic A,Appointment Booked,29,Yes,2025-03-02
L09479,2025-09-29,P09479,Google Ads,Root Canal,Clinic C,Appointment Booked,10,Yes,
L09480,2025-06-04,,Google Ads,Root Canal,Clinic B,Contacted - No Appointment,6,No,
L09481,2025-10-27,P09481,Google Ads,Dental Implant,Clinic A,Appointment Booked,25,Yes,2025-04-11
L09482,2025-06-23,P09482,Facebook,Root Canal,Clinic B,Appointment Booked,30,Yes,2025-04-07
L09483,2025-01-20,P09483,Google Ads,Invisalign,Clinic B,Appointment Booked,8,Yes,
L09484,2025-02-02,P09484,Google Ads,Dental Crown,Clinic B,Appointment Booked,28,Yes,2025-05-02
L09485,2025-11-18,P09485,Referral,Invisalign,Clinic A,Appointment Booked,26,Yes,
L09486,2025-04-04,,Referral,Root Canal,Clinic B,Contacted - No Appointment,12,No,
L09487,2025-07-28,P09487,Instagram,Dental Implant,Clinic C,Appointment Booked,29,Yes,2025-06-08
L09488,2025-05-19,,Referral,General Dentistry,Clinic C,Contacted - No Appointment,16,No,
L09489,2025-10-23,,Referral,Root Canal,Clinic D,Contacted - No Appointment,15,No,
L09490,2025-11-11,,Google Organic,Dental Implant,Clinic B,Not Contacted/Cold,53,No,
L09491,2025-11-09,,Facebook,Root Canal,Clinic C,Contacted - No Appointment,11,No,
L09492,2025-01-31,P09492,Referral,General Dentistry,Clinic D,Appointment Booked,13,Yes,2025-07-02
L09493,2025-02-01,,Instagram,Teeth Whitening,Clinic B,Contacted - No Appointment,12,No,
L09494,2025-08-02,,Google Ads,Teeth Whitening,Clinic C,Contacted - No Appointment,43,No,
L09495,2025-12-28,,Facebook,Dental Implant,Clinic B,Contacted - No Appointment,16,No,
L09496,2025-02-13,P09496,Facebook,Dental Crown,Clinic B,Appointment Booked,45,Yes,
L09497,2025-07-04,,Referral,Teeth Whitening,Clinic D,Contacted - No Appointment,23,No,
L09498,2025-03-08,,Instagram,Dental Crown,Clinic A,Contacted - No Appointment,7,No,
L09499,2025-04-29,,Referral,General Dentistry,Clinic B,Contacted - No Appointment,18,No,
L09500,2025-08-28,P09500,Google Organic,Invisalign,Clinic A,Appointment Booked,38,Yes,
L09501,2025-01-06,P09501,Facebook,Invisalign,Clinic B,Appointment Booked,19,Yes,2025-11-01
L09502,2025-04-22,P09502,Google Organic,General Dentistry,Clinic A,Appointment Booked,3,Yes,2025-05-05
L09503,2025-08-10,,Google Ads,Dental Crown,Clinic C,Contacted - No Appointment,10,No,
L09504,2025-12-11,P09504,Facebook,Dental Implant,Clinic D,Appointment Booked,43,Yes,
L09505,2025-11-26,,Google Organic,Root Canal,Clinic D,Contacted - No Appointment,17,No,
L09506,2025-12-28,,Instagram,General Dentistry,Clinic B,Contacted - No Appointment,13,No,
L09507,2025-03-29,P09507,Google Organic,Dental Implant,Clinic D,Appointment Booked,23,Yes,2025-01-04
L09508,2025-08-16,,Google Ads,Dental Implant,Clinic C,Contacted - No Appointment,37,No,
L09509,2025-01-08,,Google Organic,Invisalign,Clinic B,Contacted - No Appointment,27,No,
L09510,2025-08-17,P09510,Google Ads,General Dentistry,Clinic D,Appointment Booked,23,Yes,
L09511,2025-07-03,,Facebook,General Dentistry,Clinic C,Contacted - No Appointment,32,No,
L09512,2025-03-18,,Facebook,Root Canal,Clinic C,Contacted - No Appointment,8,No,
L09513,2025-04-06,,Instagram,Dental Crown,Clinic A,Contacted - No Appointment,10,No,
L09514,2025-09-28,,Google Ads,Invisalign,Clinic B,Not Contacted/Cold,55,No,
L09515,2025-08-30,P09515,Facebook,Invisalign,Clinic D,Appointment Booked,17,Yes,2025-04-09
L09516,2025-09-24,P09516,Instagram,Teeth Whitening,Clinic B,Appointment Booked,7,Yes,
L09517,2025-09-02,,Instagram,Dental Implant,Clinic C,Contacted - No Appointment,8,No,
L09518,2025-06-05,,Facebook,Root Canal,Clinic C,Contacted - No Appointment,31,No,
L09519,2025-05-29,,Facebook,Dental Crown,Clinic D,Contacted - No Appointment,15,No,
L09520,2025-12-27,,Referral,Dental Implant,Clinic B,Contacted - No Appointment,19,No,
L09521,2025-08-18,,Referral,Root Canal,Clinic C,Contacted - No Appointment,19,No,
L09522,2025-11-19,P09522,Facebook,Dental Crown,Clinic A,Appointment Booked,11,Yes,
L09523,2025-09-22,P09523,Facebook,Teeth Whitening,Clinic C,Appointment Booked,26,Yes,2025-05-10
L09524,2025-04-11,,Instagram,Invisalign,Clinic C,Contacted - No Appointment,39,No,
L09525,2025-05-23,P09525,Google Ads,Invisalign,Clinic A,Appointment Booked,1,Yes,2025-02-06
L09526,2025-09-17,P09526,Facebook,Dental Crown,Clinic C,Appointment Booked,20,Yes,
L09527,2025-07-12,P09527,Google Ads,General Dentistry,Clinic B,Appointment Booked,43,Yes,
L09528,2025-10-19,P09528,Google Ads,Invisalign,Clinic A,Appointment Booked,4,Yes,
L09529,2025-06-03,,Instagram,General Dentistry,Clinic B,Contacted - No Appointment,17,No,
L09530,2025-10-28,,Facebook,Teeth Whitening,Clinic A,Contacted - No Appointment,17,No,
L09531,2025-01-04,,Google Ads,General Dentistry,Clinic B,Contacted - No Appointment,41,No,
L09532,2025-02-09,,Referral,Dental Implant,Clinic B,Contacted - No Appointment,7,No,
L09533,2025-01-17,P09533,Referral,Invisalign,Clinic C,Appointment Booked,53,Yes,
L09534,2025-10-30,,Referral,Dental Implant,Clinic D,Contacted - No Appointment,35,No,
L09535,2025-02-01,,Facebook,Root Canal,Clinic C,Contacted - No Appointment,4,No,
L09536,2025-01-20,,Google Ads,General Dentistry,Clinic A,Not Contacted/Cold,68,No,
L09537,2025-11-09,,Google Ads,Dental Implant,Clinic D,Contacted - No Appointment,29,No,
L09538,2025-01-13,,Google Ads,Dental Crown,Clinic C,Contacted - No Appointment,13,No,
L09539,2025-02-14,,Google Ads,Dental Implant,Clinic A,Contacted - No Appointment,6,No,
L09540,2025-08-17,,Referral,Teeth Whitening,Clinic D,Contacted - No Appointment,33,No,
L09541,2025-12-05,,Referral,Invisalign,Clinic A,Contacted - No Appointment,37,No,
L09542,2025-05-12,,Google Organic,Dental Implant,Clinic C,Contacted - No Appointment,10,No,
L09543,2025-02-12,P09543,Google Organic,Invisalign,Clinic B,Appointment Booked,5,Yes,
L09544,2025-07-07,,Instagram,Teeth Whitening,Clinic B,Contacted - No Appointment,36,No,
L09545,2025-03-12,,Google Organic,Dental Implant,Clinic D,Contacted - No Appointment,19,No,
L09546,2025-12-29,P09546,Referral,Invisalign,Clinic B,Appointment Booked,15,Yes,2026-06-01
L09547,2025-05-02,,Instagram,Dental Implant,Clinic A,Contacted - No Appointment,38,No,
L09548,2025-01-30,P09548,Google Ads,General Dentistry,Clinic D,Appointment Booked,17,Yes,2025-10-02
L09549,2025-09-23,,Google Ads,Dental Crown,Clinic D,Contacted - No Appointment,13,No,
L09550,2025-08-02,,Instagram,Teeth Whitening,Clinic C,Contacted - No Appointment,18,No,
L09551,2025-11-17,P09551,Facebook,Dental Crown,Clinic B,Appointment Booked,2,Yes,
L09552,2025-05-31,,Referral,Dental Implant,Clinic A,Contacted - No Appointment,19,No,
L09553,2025-01-02,,Instagram,Dental Crown,Clinic D,Not Contacted/Cold,47,No,
L09554,2025-09-09,,Google Organic,Dental Implant,Clinic A,Contacted - No Appointment,20,No,
L09555,2025-04-10,,Google Ads,Root Canal,Clinic A,Contacted - No Appointment,15,No,
L09556,2025-08-27,,Facebook,Dental Crown,Clinic C,Contacted - No Appointment,38,No,
L09557,2025-10-13,,Facebook,Dental Crown,Clinic A,Contacted - No Appointment,25,No,
L09558,2025-10-16,P09558,Google Organic,Dental Implant,Clinic A,Appointment Booked,33,Yes,
L09559,2025-02-18,,Facebook,Dental Implant,Clinic B,Contacted - No Appointment,17,No,
L09560,2025-02-23,P09560,Referral,Teeth Whitening,Clinic A,Appointment Booked,7,Yes,
L09561,2025-09-23,,Google Organic,Teeth Whitening,Clinic A,Contacted - No Appointment,21,No,
L09562,2025-03-10,,Instagram,Dental Implant,Clinic A,Contacted - No Appointment,41,No,
L09563,2025-03-07,P09563,Referral,Dental Implant,Clinic A,Appointment Booked,36,Yes,
L09564,2025-04-17,P09564,Referral,General Dentistry,Clinic C,Appointment Booked,4,Yes,
L09565,2025-10-11,,Google Ads,Teeth Whitening,Clinic D,Contacted - No Appointment,30,No,
L09566,2025-02-19,P09566,Google Organic,General Dentistry,Clinic B,Appointment Booked,23,Yes,
L09567,2025-12-17,,Google Ads,Invisalign,Clinic B,Contacted - No Appointment,17,No,
L09568,2025-06-16,P09568,Facebook,Root Canal,Clinic A,Appointment Booked,6,Yes,
L09569,2025-10-04,P09569,Google Ads,Invisalign,Clinic A,Appointment Booked,33,Yes,
L09570,2025-03-20,,Instagram,Dental Crown,Clinic A,Contacted - No Appointment,14,No,
L09571,2025-07-16,,Facebook,Dental Implant,Clinic C,Contacted - No Appointment,6,No,
L09572,2025-08-09,,Instagram,Dental Implant,Clinic C,Contacted - No Appointment,18,No,
L09573,2025-10-14,,Google Organic,Dental Implant,Clinic C,Contacted - No Appointment,5,No,
L09574,2025-09-30,,Instagram,Dental Crown,Clinic B,Contacted - No Appointment,18,No,
L09575,2025-05-06,,Google Ads,Root Canal,Clinic A,Contacted - No Appointment,10,No,
L09576,2025-02-18,,Google Organic,Dental Crown,Clinic D,Contacted - No Appointment,42,No,
L09577,2025-09-29,P09577,Instagram,General Dentistry,Clinic B,Appointment Booked,17,Yes,2025-04-10
L09578,2025-11-02,,Facebook,Teeth Whitening,Clinic C,Contacted - No Appointment,27,No,
L09579,2025-02-03,P09579,Referral,Root Canal,Clinic C,Appointment Booked,41,Yes,2025-04-02
L09580,2025-10-11,,Google Ads,General Dentistry,Clinic C,Contacted - No Appointment,22,No,
L09581,2025-10-03,,Facebook,Root Canal,Clinic D,Contacted - No Appointment,28,No,
L09582,2025-04-04,,Google Organic,Dental Implant,Clinic D,Not Contacted/Cold,83,No,
L09583,2025-05-18,,Google Ads,General Dentistry,Clinic C,Contacted - No Appointment,31,No,
L09584,2025-09-10,P09584,Facebook,Dental Implant,Clinic C,Appointment Booked,28,Yes,
L09585,2025-03-18,P09585,Google Organic,Root Canal,Clinic B,Appointment Booked,7,Yes,
L09586,2025-07-15,P09586,Google Ads,Invisalign,Clinic D,Appointment Booked,20,Yes,
L09587,2025-03-04,P09587,Facebook,Root Canal,Clinic B,Appointment Booked,69,Yes,2025-07-03
L09588,2025-01-02,,Instagram,Dental Crown,Clinic A,Contacted - No Appointment,27,No,
L09589,2025-11-22,P09589,Google Organic,Invisalign,Clinic B,Appointment Booked,23,Yes,
L09590,2025-01-23,P09590,Google Organic,Dental Crown,Clinic A,Appointment Booked,17,Yes,
L09591,2025-02-19,,Referral,Teeth Whitening,Clinic B,Contacted - No Appointment,10,No,
L09592,2025-01-27,,Facebook,Invisalign,Clinic C,Contacted - No Appointment,9,No,
L09593,2025-03-10,P09593,Google Organic,Root Canal,Clinic B,Appointment Booked,20,Yes,
L09594,2025-09-01,,Google Organic,Invisalign,Clinic A,Contacted - No Appointment,27,No,
L09595,2025-03-20,,Facebook,General Dentistry,Clinic D,Contacted - No Appointment,10,No,
L09596,2025-01-25,P09596,Referral,Teeth Whitening,Clinic D,Appointment Booked,9,Yes,2025-02-02
L09597,2025-08-14,P09597,Referral,General Dentistry,Clinic D,Appointment Booked,4,Yes,
L09598,2025-02-09,,Google Ads,Dental Implant,Clinic B,Contacted - No Appointment,27,No,
L09599,2025-12-11,P09599,Google Organic,Dental Implant,Clinic D,Appointment Booked,24,Yes,
L09600,2025-03-30,P09600,Google Organic,Dental Implant,Clinic B,Appointment Booked,30,Yes,2025-03-04
L09601,2025-10-17,P09601,Facebook,Dental Implant,Clinic A,Appointment Booked,5,Yes,
L09602,2025-01-21,P09602,Referral,Root Canal,Clinic A,Appointment Booked,9,Yes,2025-04-02
L09603,2025-03-04,P09603,Google Organic,General Dentistry,Clinic B,Appointment Booked,1,Yes,
L09604,2025-05-17,P09604,Instagram,Root Canal,Clinic A,Appointment Booked,8,Yes,
L09605,2025-03-20,P09605,Google Ads,General Dentistry,Clinic D,Appointment Booked,9,Yes,
L09606,2025-04-09,,Facebook,Dental Implant,Clinic A,Contacted - No Appointment,32,No,
L09607,2025-03-06,,Facebook,General Dentistry,Clinic B,Contacted - No Appointment,34,No,
L09608,2025-03-24,,Google Organic,Invisalign,Clinic B,Contacted - No Appointment,14,No,
L09609,2025-03-21,,Instagram,General Dentistry,Clinic B,Not Contacted/Cold,75,No,
L09610,2025-05-17,,Google Ads,Dental Implant,Clinic C,Contacted - No Appointment,38,No,
L09611,2025-06-20,,Facebook,General Dentistry,Clinic A,Contacted - No Appointment,17,No,
L09612,2025-06-22,P09612,Facebook,Invisalign,Clinic D,Appointment Booked,15,Yes,
L09613,2025-05-24,P09613,Google Organic,Invisalign,Clinic B,Appointment Booked,17,Yes,2025-05-06
L09614,2025-12-25,P09614,Google Organic,Root Canal,Clinic C,Appointment Booked,1,Yes,2026-03-01
L09615,2025-09-24,P09615,Facebook,Root Canal,Clinic C,Appointment Booked,9,Yes,
L09616,2025-04-15,,Google Ads,Dental Crown,Clinic D,Not Contacted/Cold,52,No,
L09617,2025-02-25,,Google Ads,General Dentistry,Clinic D,Contacted - No Appointment,18,No,
L09618,2025-07-17,P09618,Google Ads,Dental Crown,Clinic C,Appointment Booked,19,Yes,
L09619,2025-06-28,,Google Organic,Teeth Whitening,Clinic B,Contacted - No Appointment,27,No,
L09620,2025-07-18,,Google Ads,Dental Implant,Clinic B,Contacted - No Appointment,28,No,
L09621,2025-02-05,P09621,Facebook,Dental Crown,Clinic D,Appointment Booked,46,Yes,2025-12-02
L09622,2025-09-14,,Google Organic,Root Canal,Clinic D,Contacted - No Appointment,44,No,
L09623,2025-01-09,,Referral,General Dentistry,Clinic A,Contacted - No Appointment,19,No,
L09624,2025-08-04,P09624,Referral,Root Canal,Clinic B,Appointment Booked,46,Yes,2025-12-08
L09625,2025-08-29,,Referral,Dental Crown,Clinic D,Contacted - No Appointment,26,No,
L09626,2025-10-30,,Google Organic,Invisalign,Clinic B,Contacted - No Appointment,16,No,
L09627,2025-01-13,P09627,Google Organic,Invisalign,Clinic B,Appointment Booked,33,Yes,
L09628,2025-08-10,,Google Organic,Root Canal,Clinic B,Contacted - No Appointment,35,No,
L09629,2025-02-10,,Referral,Invisalign,Clinic C,Contacted - No Appointment,25,No,
L09630,2025-01-25,,Referral,Invisalign,Clinic D,Contacted - No Appointment,25,No,
L09631,2025-11-11,,Facebook,Dental Implant,Clinic B,Not Contacted/Cold,57,No,
L09632,2025-10-22,P09632,Facebook,General Dentistry,Clinic A,Appointment Booked,24,Yes,
L09633,2025-11-09,,Facebook,Dental Implant,Clinic A,Contacted - No Appointment,16,No,
L09634,2025-07-04,,Instagram,General Dentistry,Clinic A,Contacted - No Appointment,10,No,
L09635,2025-09-06,,Google Organic,Dental Implant,Clinic C,Contacted - No Appointment,17,No,
L09636,2025-03-02,,Referral,Dental Implant,Clinic C,Contacted - No Appointment,10,No,
L09637,2025-11-19,,Facebook,Dental Crown,Clinic A,Contacted - No Appointment,14,No,
L09638,2025-05-09,,Facebook,Root Canal,Clinic C,Contacted - No Appointment,11,No,
L09639,2025-10-10,,Referral,Root Canal,Clinic C,Contacted - No Appointment,20,No,
L09640,2025-05-09,,Google Ads,Dental Crown,Clinic A,Contacted - No Appointment,26,No,
L09641,2025-07-15,P09641,Google Ads,Invisalign,Clinic B,Appointment Booked,20,Yes,
L09642,2025-08-13,P09642,Google Organic,Dental Crown,Clinic D,Appointment Booked,27,Yes,
L09643,2025-02-26,P09643,Google Ads,Root Canal,Clinic B,Appointment Booked,8,Yes,
L09644,2025-07-23,P09644,Facebook,Invisalign,Clinic D,Appointment Booked,10,Yes,
L09645,2025-01-24,,Google Ads,General Dentistry,Clinic B,Contacted - No Appointment,7,No,
L09646,2025-08-05,P09646,Google Ads,Teeth Whitening,Clinic D,Appointment Booked,23,Yes,2025-07-08
L09647,2025-11-16,,Instagram,Root Canal,Clinic D,Contacted - No Appointment,41,No,
L09648,2025-11-17,P09648,Facebook,General Dentistry,Clinic C,Appointment Booked,8,Yes,
L09649,2025-10-16,,Facebook,General Dentistry,Clinic D,Contacted - No Appointment,26,No,
L09650,2025-09-26,P09650,Google Ads,Root Canal,Clinic D,Appointment Booked,24,Yes,2025-06-10
L09651,2025-10-21,,Google Organic,Invisalign,Clinic C,Not Contacted/Cold,54,No,
L09652,2025-12-16,,Facebook,General Dentistry,Clinic A,Contacted - No Appointment,40,No,
L09653,2025-01-24,P09653,Facebook,Invisalign,Clinic B,Appointment Booked,22,Yes,
L09654,2025-12-27,,Google Ads,Dental Implant,Clinic D,Not Contacted/Cold,84,No,
L09655,2025-11-30,,Facebook,Invisalign,Clinic C,Contacted - No Appointment,20,No,
L09656,2025-03-05,P09656,Facebook,Teeth Whitening,Clinic A,Appointment Booked,24,Yes,2025-06-03
L09657,2025-06-15,,Facebook,General Dentistry,Clinic A,Contacted - No Appointment,43,No,
L09658,2025-10-19,P09658,Referral,Dental Crown,Clinic C,Appointment Booked,22,Yes,
L09659,2025-09-04,P09659,Referral,General Dentistry,Clinic A,Appointment Booked,23,Yes,2025-06-09
L09660,2025-05-06,,Instagram,Dental Implant,Clinic B,Contacted - No Appointment,13,No,
L09661,2025-09-22,P09661,Google Ads,Dental Implant,Clinic C,Appointment Booked,16,Yes,2025-05-10
L09662,2025-01-14,,Instagram,Dental Crown,Clinic C,Not Contacted/Cold,73,No,
L09663,2025-06-24,P09663,Google Ads,General Dentistry,Clinic A,Appointment Booked,21,Yes,2025-04-07
L09664,2025-10-24,,Google Organic,Root Canal,Clinic A,Contacted - No Appointment,20,No,
L09665,2025-05-24,P09665,Facebook,Dental Implant,Clinic A,Appointment Booked,16,Yes,
L09666,2025-09-24,,Google Organic,Invisalign,Clinic A,Contacted - No Appointment,6,No,
L09667,2025-12-04,,Referral,Invisalign,Clinic C,Contacted - No Appointment,15,No,
L09668,2025-01-21,,Facebook,Invisalign,Clinic B,Contacted - No Appointment,3,No,
L09669,2025-10-22,,Facebook,Dental Implant,Clinic A,Contacted - No Appointment,7,No,
L09670,2025-06-20,,Instagram,General Dentistry,Clinic A,Contacted - No Appointment,22,No,
L09671,2025-03-13,,Google Ads,Root Canal,Clinic A,Contacted - No Appointment,41,No,
L09672,2025-06-30,,Referral,Dental Crown,Clinic D,Contacted - No Appointment,21,No,
L09673,2025-05-13,P09673,Facebook,Dental Implant,Clinic B,Appointment Booked,31,Yes,
L09674,2025-05-25,,Google Ads,Dental Implant,Clinic D,Contacted - No Appointment,10,No,
L09675,2025-07-13,P09675,Google Organic,Dental Crown,Clinic D,Appointment Booked,7,Yes,
L09676,2025-09-25,P09676,Google Ads,General Dentistry,Clinic C,Appointment Booked,8,Yes,2025-03-10
L09677,2025-09-26,P09677,Google Ads,Root Canal,Clinic C,Appointment Booked,13,Yes,2025-09-10
L09678,2025-06-08,,Instagram,General Dentistry,Clinic A,Contacted - No Appointment,7,No,
L09679,2025-02-17,,Google Organic,Teeth Whitening,Clinic C,Contacted - No Appointment,10,No,
L09680,2025-01-26,P09680,Instagram,Dental Implant,Clinic B,Appointment Booked,1,Yes,2025-04-02
L09681,2025-12-21,P09681,Instagram,Invisalign,Clinic D,Appointment Booked,16,Yes,
L09682,2025-07-26,,Google Ads,Dental Crown,Clinic A,Contacted - No Appointment,16,No,
L09683,2025-09-03,,Facebook,Root Canal,Clinic D,Contacted - No Appointment,12,No,
L09684,2025-05-01,,Facebook,Invisalign,Clinic A,Contacted - No Appointment,26,No,
L09685,2025-11-02,,Referral,Root Canal,Clinic D,Not Contacted/Cold,54,No,
L09686,2025-02-08,,Google Ads,Root Canal,Clinic B,Contacted - No Appointment,42,No,
L09687,2025-09-24,,Google Ads,General Dentistry,Clinic C,Contacted - No Appointment,14,No,
L09688,2025-12-20,P09688,Referral,Dental Implant,Clinic B,Appointment Booked,19,Yes,2026-01-01
L09689,2025-08-17,,Referral,Invisalign,Clinic B,Contacted - No Appointment,15,No,
L09690,2025-12-13,,Google Organic,Root Canal,Clinic C,Contacted - No Appointment,37,No,
L09691,2025-03-28,P09691,Google Ads,Dental Crown,Clinic D,Appointment Booked,24,Yes,
L09692,2025-09-14,P09692,Instagram,Dental Crown,Clinic A,Appointment Booked,23,Yes,
L09693,2025-07-18,P09693,Facebook,General Dentistry,Clinic D,Appointment Booked,16,Yes,
L09694,2025-03-13,,Google Organic,Teeth Whitening,Clinic C,Contacted - No Appointment,37,No,
L09695,2025-06-26,P09695,Google Ads,Dental Crown,Clinic D,Appointment Booked,12,Yes,2025-04-07
L09696,2025-02-13,,Google Ads,Invisalign,Clinic B,Contacted - No Appointment,6,No,
L09697,2025-01-21,,Facebook,Root Canal,Clinic B,Contacted - No Appointment,20,No,
L09698,2025-10-11,,Google Ads,Dental Crown,Clinic D,Contacted - No Appointment,26,No,
L09699,2025-12-27,P09699,Google Organic,General Dentistry,Clinic B,Appointment Booked,31,Yes,
L09700,2025-03-12,,Google Organic,General Dentistry,Clinic C,Contacted - No Appointment,23,No,
L09701,2025-07-10,,Google Organic,Dental Crown,Clinic A,Contacted - No Appointment,21,No,
L09702,2025-07-06,,Facebook,Root Canal,Clinic A,Contacted - No Appointment,11,No,
L09703,2025-08-24,,Referral,Dental Implant,Clinic C,Contacted - No Appointment,26,No,
L09704,2025-01-28,,Google Ads,Dental Implant,Clinic C,Contacted - No Appointment,14,No,
L09705,2025-07-20,,Google Ads,Dental Implant,Clinic C,Contacted - No Appointment,18,No,
L09706,2025-09-30,P09706,Facebook,Dental Implant,Clinic A,Appointment Booked,43,Yes,2025-09-10
L09707,2025-02-03,P09707,Google Ads,Root Canal,Clinic B,Appointment Booked,28,Yes,
L09708,2025-12-03,,Google Ads,Invisalign,Clinic B,Contacted - No Appointment,16,No,
L09709,2025-04-16,P09709,Facebook,Dental Crown,Clinic B,Appointment Booked,9,Yes,
L09710,2025-06-24,P09710,Referral,Root Canal,Clinic D,Appointment Booked,7,Yes,2025-02-07
L09711,2025-07-21,P09711,Referral,Dental Crown,Clinic D,Appointment Booked,30,Yes,
L09712,2025-07-29,P09712,Facebook,Root Canal,Clinic A,Appointment Booked,15,Yes,2025-08-08
L09713,2025-10-01,,Google Ads,Invisalign,Clinic D,Contacted - No Appointment,23,No,
L09714,2025-05-03,,Google Ads,General Dentistry,Clinic B,Contacted - No Appointment,6,No,
L09715,2025-03-30,,Facebook,Dental Implant,Clinic C,Contacted - No Appointment,27,No,
L09716,2025-09-22,,Google Ads,General Dentistry,Clinic A,Contacted - No Appointment,3,No,
L09717,2025-03-25,,Google Ads,Invisalign,Clinic C,Contacted - No Appointment,13,No,
L09718,2025-03-01,,Google Organic,Root Canal,Clinic A,Contacted - No Appointment,25,No,
L09719,2025-02-25,P09719,Instagram,Dental Implant,Clinic B,Appointment Booked,16,Yes,
L09720,2025-03-02,,Google Ads,Dental Implant,Clinic A,Contacted - No Appointment,18,No,
L09721,2025-07-27,P09721,Google Organic,Root Canal,Clinic A,Appointment Booked,18,Yes,2025-01-08
L09722,2025-10-07,P09722,Google Organic,Teeth Whitening,Clinic A,Appointment Booked,36,Yes,
L09723,2025-03-06,P09723,Facebook,Invisalign,Clinic A,Appointment Booked,13,Yes,2025-12-03
L09724,2025-02-04,P09724,Google Ads,Dental Crown,Clinic A,Appointment Booked,16,Yes,
L09725,2025-08-08,,Referral,Invisalign,Clinic C,Contacted - No Appointment,3,No,
L09726,2025-01-04,P09726,Instagram,Root Canal,Clinic A,Appointment Booked,3,Yes,
L09727,2025-03-17,,Google Ads,General Dentistry,Clinic C,Contacted - No Appointment,9,No,
L09728,2025-01-19,P09728,Instagram,General Dentistry,Clinic A,Appointment Booked,4,Yes,
L09729,2025-03-13,,Facebook,Root Canal,Clinic D,Not Contacted/Cold,52,No,
L09730,2025-11-14,P09730,Instagram,Invisalign,Clinic D,Appointment Booked,33,Yes,
L09731,2025-08-10,,Facebook,Invisalign,Clinic A,Not Contacted/Cold,64,No,
L09732,2025-04-17,,Facebook,General Dentistry,Clinic C,Contacted - No Appointment,25,No,
L09733,2025-01-06,P09733,Google Organic,Invisalign,Clinic A,Appointment Booked,10,Yes,2025-11-01
L09734,2025-12-01,,Instagram,Teeth Whitening,Clinic D,Contacted - No Appointment,17,No,
L09735,2025-05-23,P09735,Google Ads,Root Canal,Clinic C,Appointment Booked,18,Yes,
L09736,2025-01-03,,Google Ads,General Dentistry,Clinic A,Contacted - No Appointment,35,No,
L09737,2025-11-30,,Facebook,Root Canal,Clinic B,Contacted - No Appointment,22,No,
L09738,2025-04-20,P09738,Facebook,Root Canal,Clinic A,Appointment Booked,10,Yes,
L09739,2025-08-19,,Google Ads,Dental Crown,Clinic B,Contacted - No Appointment,16,No,
L09740,2025-09-04,P09740,Instagram,General Dentistry,Clinic C,Appointment Booked,19,Yes,
L09741,2025-07-12,,Google Ads,General Dentistry,Clinic B,Contacted - No Appointment,13,No,
L09742,2025-08-29,P09742,Google Organic,Teeth Whitening,Clinic B,Appointment Booked,13,Yes,2025-07-09
L09743,2025-04-27,,Google Organic,Teeth Whitening,Clinic A,Contacted - No Appointment,21,No,
L09744,2025-12-02,,Google Ads,Dental Crown,Clinic A,Contacted - No Appointment,10,No,
L09745,2025-02-18,,Instagram,Teeth Whitening,Clinic A,Contacted - No Appointment,10,No,
L09746,2025-11-19,P09746,Referral,General Dentistry,Clinic D,Appointment Booked,21,Yes,2025-01-12
L09747,2025-04-28,,Google Ads,Root Canal,Clinic A,Contacted - No Appointment,12,No,
L09748,2025-06-24,,Referral,Dental Crown,Clinic C,Contacted - No Appointment,28,No,
L09749,2025-01-02,,Instagram,Root Canal,Clinic B,Contacted - No Appointment,17,No,
L09750,2025-09-13,,Instagram,Dental Crown,Clinic A,Contacted - No Appointment,22,No,
L09751,2025-10-21,,Google Ads,General Dentistry,Clinic C,Contacted - No Appointment,30,No,
L09752,2025-01-28,P09752,Google Organic,Root Canal,Clinic B,Appointment Booked,12,Yes,
L09753,2025-11-04,,Facebook,Invisalign,Clinic B,Contacted - No Appointment,32,No,
L09754,2025-12-20,,Google Organic,Root Canal,Clinic C,Not Contacted/Cold,46,No,
L09755,2025-06-05,,Google Organic,Invisalign,Clinic B,Contacted - No Appointment,40,No,
L09756,2025-08-30,P09756,Facebook,Root Canal,Clinic B,Appointment Booked,15,Yes,
L09757,2025-11-27,P09757,Google Ads,General Dentistry,Clinic C,Appointment Booked,20,Yes,2025-11-12
L09758,2025-01-27,P09758,Google Ads,Dental Crown,Clinic C,Appointment Booked,34,Yes,
L09759,2025-12-18,,Google Ads,General Dentistry,Clinic A,Contacted - No Appointment,17,No,
L09760,2025-01-18,,Referral,Dental Implant,Clinic B,Contacted - No Appointment,36,No,
L09761,2025-01-10,,Google Ads,General Dentistry,Clinic A,Not Contacted/Cold,51,No,
L09762,2025-05-11,P09762,Facebook,Dental Crown,Clinic A,Appointment Booked,9,Yes,
L09763,2025-03-29,P09763,Facebook,Dental Implant,Clinic C,Appointment Booked,2,Yes,2025-07-04
L09764,2025-05-02,,Referral,Dental Crown,Clinic D,Contacted - No Appointment,12,No,
L09765,2025-07-07,,Facebook,General Dentistry,Clinic D,Contacted - No Appointment,26,No,
L09766,2025-07-10,,Referral,Dental Implant,Clinic A,Contacted - No Appointment,10,No,
L09767,2025-06-01,P09767,Google Organic,Dental Crown,Clinic B,Appointment Booked,17,Yes,2025-10-06
L09768,2025-01-10,,Referral,General Dentistry,Clinic C,Contacted - No Appointment,14,No,
L09769,2025-10-04,,Google Ads,Dental Implant,Clinic A,Contacted - No Appointment,7,No,
L09770,2025-04-18,P09770,Google Ads,Dental Crown,Clinic D,Appointment Booked,10,Yes,
L09771,2025-07-16,,Google Ads,Root Canal,Clinic C,Contacted - No Appointment,27,No,
L09772,2025-06-10,P09772,Facebook,Invisalign,Clinic D,Appointment Booked,88,Yes,
L09773,2025-02-22,P09773,Google Organic,Dental Crown,Clinic A,Appointment Booked,24,Yes,
L09774,2025-03-18,,Google Ads,Dental Implant,Clinic A,Contacted - No Appointment,15,No,
L09775,2025-02-10,,Google Ads,Teeth Whitening,Clinic D,Not Contacted/Cold,46,No,
L09776,2025-05-15,P09776,Instagram,Dental Implant,Clinic C,Appointment Booked,1,Yes,
L09777,2025-11-05,P09777,Google Ads,Invisalign,Clinic D,Appointment Booked,18,Yes,2025-10-11
L09778,2025-09-15,,Facebook,Root Canal,Clinic A,Contacted - No Appointment,13,No,
L09779,2025-12-10,P09779,Google Ads,Root Canal,Clinic C,Appointment Booked,13,Yes,
L09780,2025-03-18,,Google Organic,Invisalign,Clinic C,Contacted - No Appointment,19,No,
L09781,2025-04-18,,Facebook,General Dentistry,Clinic A,Contacted - No Appointment,14,No,
L09782,2025-06-14,,Instagram,General Dentistry,Clinic C,Contacted - No Appointment,42,No,
L09783,2025-02-21,P09783,Google Ads,General Dentistry,Clinic C,Appointment Booked,17,Yes,
L09784,2025-07-21,,Google Ads,Root Canal,Clinic A,Contacted - No Appointment,32,No,
L09785,2025-05-30,,Google Organic,General Dentistry,Clinic B,Contacted - No Appointment,27,No,
L09786,2025-02-03,,Google Organic,General Dentistry,Clinic C,Contacted - No Appointment,43,No,
L09787,2025-11-24,P09787,Instagram,Root Canal,Clinic B,Appointment Booked,11,Yes,
L09788,2025-09-20,P09788,Instagram,Invisalign,Clinic D,Appointment Booked,15,Yes,2025-04-10
L09789,2025-12-23,,Google Ads,Dental Implant,Clinic B,Contacted - No Appointment,37,No,
L09790,2025-10-15,P09790,Referral,Root Canal,Clinic B,Appointment Booked,9,Yes,
L09791,2025-02-22,P09791,Google Organic,General Dentistry,Clinic D,Appointment Booked,20,Yes,
L09792,2025-08-11,P09792,Instagram,Dental Crown,Clinic D,Appointment Booked,21,Yes,
L09793,2025-12-23,P09793,Referral,Dental Crown,Clinic A,Appointment Booked,17,Yes,2026-04-01
L09794,2025-08-19,,Google Ads,Dental Implant,Clinic D,Contacted - No Appointment,18,No,
L09795,2025-11-15,P09795,Google Organic,Dental Implant,Clinic A,Appointment Booked,13,Yes,
L09796,2025-08-02,,Referral,Root Canal,Clinic A,Contacted - No Appointment,5,No,
L09797,2025-07-29,P09797,Facebook,General Dentistry,Clinic B,Appointment Booked,3,Yes,2025-01-08
L09798,2025-10-29,,Google Ads,Root Canal,Clinic B,Contacted - No Appointment,24,No,
L09799,2025-09-11,P09799,Google Organic,General Dentistry,Clinic D,Appointment Booked,35,Yes,
L09800,2025-01-26,P09800,Google Ads,Dental Implant,Clinic C,Appointment Booked,4,Yes,2025-05-02
L09801,2025-12-22,P09801,Referral,Dental Crown,Clinic D,Appointment Booked,27,Yes,2026-03-01
L09802,2025-01-07,P09802,Google Ads,Dental Crown,Clinic C,Appointment Booked,5,Yes,
L09803,2025-02-22,P09803,Instagram,General Dentistry,Clinic B,Appointment Booked,7,Yes,2025-04-03
L09804,2025-01-17,,Facebook,Dental Implant,Clinic C,Not Contacted/Cold,83,No,
L09805,2025-05-03,,Google Ads,Invisalign,Clinic D,Contacted - No Appointment,27,No,
L09806,2025-10-27,,Referral,Invisalign,Clinic C,Contacted - No Appointment,20,No,
L09807,2025-11-28,P09807,Google Organic,General Dentistry,Clinic D,Appointment Booked,21,Yes,2025-06-12
L09808,2025-11-28,P09808,Facebook,Dental Implant,Clinic D,Appointment Booked,9,Yes,2025-08-12
L09809,2025-04-07,,Google Ads,Dental Implant,Clinic A,Contacted - No Appointment,34,No,
L09810,2025-09-20,,Google Organic,Root Canal,Clinic C,Contacted - No Appointment,30,No,
L09811,2025-07-02,,Google Organic,Root Canal,Clinic D,Contacted - No Appointment,19,No,
L09812,2025-10-23,,Google Organic,General Dentistry,Clinic D,Contacted - No Appointment,24,No,
L09813,2025-11-11,P09813,Instagram,General Dentistry,Clinic A,Appointment Booked,5,Yes,
L09814,2025-01-18,P09814,Google Ads,Root Canal,Clinic B,Appointment Booked,35,Yes,
L09815,2025-07-16,,Referral,General Dentistry,Clinic C,Contacted - No Appointment,16,No,
L09816,2025-09-01,,Google Organic,Teeth Whitening,Clinic A,Contacted - No Appointment,24,No,
L09817,2025-02-16,P09817,Facebook,Invisalign,Clinic C,Appointment Booked,14,Yes,
L09818,2025-11-16,P09818,Facebook,General Dentistry,Clinic A,Appointment Booked,10,Yes,
L09819,2025-09-06,,Instagram,Dental Crown,Clinic B,Contacted - No Appointment,18,No,
L09820,2025-10-29,,Google Organic,Root Canal,Clinic B,Contacted - No Appointment,34,No,
L09821,2025-07-07,P09821,Google Organic,Dental Crown,Clinic C,Appointment Booked,11,Yes,2025-11-07
L09822,2025-03-10,P09822,Referral,Root Canal,Clinic B,Appointment Booked,12,Yes,
L09823,2025-11-13,,Facebook,Dental Implant,Clinic B,Contacted - No Appointment,28,No,
L09824,2025-10-20,,Instagram,Teeth Whitening,Clinic B,Not Contacted/Cold,49,No,
L09825,2025-06-10,,Referral,General Dentistry,Clinic A,Contacted - No Appointment,24,No,
L09826,2025-11-30,P09826,Google Ads,Teeth Whitening,Clinic A,Appointment Booked,5,Yes,2025-10-12
L09827,2025-10-14,,Facebook,Invisalign,Clinic A,Contacted - No Appointment,31,No,
L09828,2025-12-11,,Instagram,General Dentistry,Clinic C,Not Contacted/Cold,56,No,
L09829,2025-04-03,,Referral,Dental Implant,Clinic D,Contacted - No Appointment,16,No,
L09830,2025-03-22,,Google Ads,Invisalign,Clinic A,Contacted - No Appointment,44,No,
L09831,2025-09-11,,Google Ads,Invisalign,Clinic A,Contacted - No Appointment,16,No,
L09832,2025-08-01,,Google Ads,Dental Implant,Clinic C,Contacted - No Appointment,20,No,
L09833,2025-06-28,,Facebook,Root Canal,Clinic B,Contacted - No Appointment,42,No,
L09834,2025-08-18,P09834,Google Ads,Dental Crown,Clinic D,Appointment Booked,14,Yes,
L09835,2025-07-18,,Instagram,General Dentistry,Clinic C,Not Contacted/Cold,50,No,
L09836,2025-09-05,P09836,Referral,General Dentistry,Clinic B,Appointment Booked,10,Yes,
L09837,2025-11-07,,Instagram,Teeth Whitening,Clinic B,Contacted - No Appointment,35,No,
L09838,2025-03-30,P09838,Google Ads,Root Canal,Clinic C,Appointment Booked,16,Yes,2025-03-04
L09839,2025-05-22,,Referral,Teeth Whitening,Clinic A,Contacted - No Appointment,37,No,
L09840,2025-12-13,,Instagram,General Dentistry,Clinic A,Not Contacted/Cold,50,No,
L09841,2025-06-04,P09841,Google Ads,Root Canal,Clinic A,Appointment Booked,21,Yes,2025-08-06
L09842,2025-01-16,P09842,Facebook,Teeth Whitening,Clinic D,Appointment Booked,11,Yes,
L09843,2025-05-17,,Google Organic,Root Canal,Clinic C,Contacted - No Appointment,10,No,
L09844,2025-12-06,P09844,Google Organic,Root Canal,Clinic A,Appointment Booked,10,Yes,
L09845,2025-02-13,,Instagram,Root Canal,Clinic C,Contacted - No Appointment,18,No,
L09846,2025-04-08,P09846,Google Ads,Dental Crown,Clinic B,Appointment Booked,5,Yes,
L09847,2025-11-02,,Google Organic,Teeth Whitening,Clinic C,Contacted - No Appointment,10,No,
L09848,2025-04-20,,Facebook,Root Canal,Clinic A,Contacted - No Appointment,17,No,
L09849,2025-05-30,,Google Organic,Dental Crown,Clinic C,Contacted - No Appointment,39,No,
L09850,2025-04-29,,Instagram,General Dentistry,Clinic D,Contacted - No Appointment,29,No,
L09851,2025-06-03,,Google Ads,General Dentistry,Clinic A,Not Contacted/Cold,61,No,
L09852,2025-11-29,P09852,Google Ads,Invisalign,Clinic B,Appointment Booked,11,Yes,2025-01-12
L09853,2025-08-27,P09853,Google Ads,Invisalign,Clinic A,Appointment Booked,17,Yes,
L09854,2025-06-12,P09854,Google Ads,Dental Crown,Clinic A,Appointment Booked,6,Yes,
L09855,2025-04-01,P09855,Google Ads,Root Canal,Clinic B,Appointment Booked,14,Yes,2025-02-04
L09856,2025-05-17,P09856,Instagram,Dental Implant,Clinic D,Appointment Booked,6,Yes,
L09857,2025-02-02,,Instagram,Invisalign,Clinic D,Contacted - No Appointment,26,No,
L09858,2025-06-24,P09858,Instagram,Teeth Whitening,Clinic A,Appointment Booked,20,Yes,
L09859,2025-11-09,P09859,Instagram,Teeth Whitening,Clinic C,Appointment Booked,13,Yes,
L09860,2025-04-30,,Google Organic,Root Canal,Clinic C,Contacted - No Appointment,21,No,
L09861,2025-01-11,,Referral,Root Canal,Clinic C,Contacted - No Appointment,22,No,
L09862,2025-10-10,P09862,Google Ads,Dental Crown,Clinic B,Appointment Booked,16,Yes,
L09863,2025-09-15,P09863,Instagram,Invisalign,Clinic A,Appointment Booked,23,Yes,
L09864,2025-07-08,P09864,Google Ads,Root Canal,Clinic B,Appointment Booked,30,Yes,2025-10-07
L09865,2025-07-22,P09865,Google Ads,Dental Implant,Clinic B,Appointment Booked,10,Yes,
L09866,2025-09-25,,Instagram,Root Canal,Clinic D,Contacted - No Appointment,45,No,
L09867,2025-02-18,,Facebook,Invisalign,Clinic D,Contacted - No Appointment,20,No,
L09868,2025-08-09,,Google Organic,Dental Crown,Clinic A,Contacted - No Appointment,7,No,
L09869,2025-11-25,,Facebook,Dental Crown,Clinic A,Contacted - No Appointment,45,No,
L09870,2025-08-13,,Google Ads,Root Canal,Clinic D,Contacted - No Appointment,5,No,
L09871,2025-05-23,,Referral,Dental Implant,Clinic C,Contacted - No Appointment,23,No,
L09872,2025-10-30,P09872,Google Ads,Invisalign,Clinic D,Appointment Booked,10,Yes,
L09873,2025-02-15,P09873,Google Ads,Dental Crown,Clinic A,Appointment Booked,8,Yes,
L09874,2025-03-28,,Google Ads,Dental Implant,Clinic C,Contacted - No Appointment,16,No,
L09875,2025-04-16,,Referral,Dental Implant,Clinic C,Contacted - No Appointment,14,No,
L09876,2025-09-06,,Facebook,Dental Crown,Clinic D,Contacted - No Appointment,44,No,
L09877,2025-08-17,,Facebook,Teeth Whitening,Clinic A,Contacted - No Appointment,38,No,
L09878,2025-02-12,P09878,Google Organic,Invisalign,Clinic A,Appointment Booked,6,Yes,
L09879,2025-05-01,P09879,Instagram,Root Canal,Clinic B,Appointment Booked,41,Yes,
L09880,2025-01-12,,Google Organic,General Dentistry,Clinic D,Contacted - No Appointment,4,No,
L09881,2025-12-19,,Facebook,General Dentistry,Clinic D,Not Contacted/Cold,48,No,
L09882,2025-12-22,,Referral,Invisalign,Clinic D,Contacted - No Appointment,31,No,
L09883,2025-07-06,P09883,Google Organic,Teeth Whitening,Clinic D,Appointment Booked,23,Yes,
L09884,2025-06-29,P09884,Facebook,Dental Crown,Clinic A,Appointment Booked,30,Yes,2025-06-07
L09885,2025-02-12,P09885,Facebook,General Dentistry,Clinic A,Appointment Booked,2,Yes,
L09886,2025-02-24,,Referral,Root Canal,Clinic A,Contacted - No Appointment,14,No,
L09887,2025-12-29,P09887,Google Organic,Teeth Whitening,Clinic B,Appointment Booked,18,Yes,
L09888,2025-10-06,,Instagram,Teeth Whitening,Clinic D,Contacted - No Appointment,38,No,
L09889,2025-01-26,,Google Organic,Root Canal,Clinic D,Contacted - No Appointment,34,No,
L09890,2025-09-02,,Instagram,Teeth Whitening,Clinic A,Contacted - No Appointment,22,No,
L09891,2025-12-26,,Google Ads,Invisalign,Clinic C,Contacted - No Appointment,6,No,
L09892,2025-08-25,,Facebook,Dental Implant,Clinic D,Contacted - No Appointment,22,No,
L09893,2025-11-22,P09893,Instagram,Root Canal,Clinic B,Appointment Booked,21,Yes,
L09894,2025-01-17,,Google Ads,General Dentistry,Clinic A,Contacted - No Appointment,35,No,
L09895,2025-12-22,P09895,Facebook,Root Canal,Clinic B,Appointment Booked,17,Yes,2026-02-01
L09896,2025-05-04,P09896,Google Organic,Dental Crown,Clinic B,Appointment Booked,35,Yes,2025-08-05
L09897,2025-06-14,P09897,Google Ads,Dental Crown,Clinic C,Appointment Booked,19,Yes,
L09898,2025-10-22,P09898,Google Ads,Dental Implant,Clinic B,Appointment Booked,16,Yes,
L09899,2025-05-27,P09899,Google Organic,Root Canal,Clinic A,Appointment Booked,20,Yes,2025-03-06
L09900,2025-03-26,,Instagram,Teeth Whitening,Clinic D,Contacted - No Appointment,10,No,
L09901,2025-01-24,,Google Ads,General Dentistry,Clinic C,Contacted - No Appointment,14,No,
L09902,2025-01-29,,Google Organic,Dental Implant,Clinic B,Contacted - No Appointment,30,No,
L09903,2025-06-04,,Instagram,Root Canal,Clinic D,Contacted - No Appointment,18,No,
L09904,2025-08-18,,Facebook,Dental Implant,Clinic A,Contacted - No Appointment,16,No,
L09905,2025-01-13,,Facebook,Invisalign,Clinic A,Contacted - No Appointment,4,No,
L09906,2025-01-15,,Google Ads,Root Canal,Clinic D,Contacted - No Appointment,14,No,
L09907,2025-02-24,,Google Organic,Root Canal,Clinic B,Contacted - No Appointment,22,No,
L09908,2025-11-06,,Facebook,Invisalign,Clinic D,Contacted - No Appointment,17,No,
L09909,2025-01-10,,Instagram,Invisalign,Clinic B,Contacted - No Appointment,37,No,
L09910,2025-02-22,P09910,Referral,Teeth Whitening,Clinic A,Appointment Booked,28,Yes,2025-08-03
L09911,2025-07-10,,Google Ads,General Dentistry,Clinic C,Not Contacted/Cold,48,No,
L09912,2025-03-22,P09912,Google Ads,Invisalign,Clinic A,Appointment Booked,20,Yes,
L09913,2025-03-06,,Google Ads,Dental Crown,Clinic D,Contacted - No Appointment,8,No,
L09914,2025-12-04,,Google Ads,Invisalign,Clinic C,Contacted - No Appointment,26,No,
L09915,2025-01-18,,Instagram,General Dentistry,Clinic D,Contacted - No Appointment,8,No,
L09916,2025-08-04,P09916,Instagram,Dental Crown,Clinic D,Appointment Booked,14,Yes,
L09917,2025-11-02,,Google Ads,Teeth Whitening,Clinic A,Contacted - No Appointment,38,No,
L09918,2025-11-18,,Google Ads,Dental Implant,Clinic D,Contacted - No Appointment,12,No,
L09919,2025-07-15,P09919,Google Ads,Dental Crown,Clinic C,Appointment Booked,9,Yes,
L09920,2025-07-02,,Referral,Root Canal,Clinic C,Contacted - No Appointment,29,No,
L09921,2025-03-01,,Google Organic,Invisalign,Clinic D,Contacted - No Appointment,38,No,
L09922,2025-04-22,P09922,Instagram,Invisalign,Clinic C,Appointment Booked,13,Yes,2025-02-05
L09923,2025-12-27,,Facebook,Dental Crown,Clinic B,Contacted - No Appointment,10,No,
L09924,2025-05-15,,Facebook,Teeth Whitening,Clinic C,Contacted - No Appointment,15,No,
L09925,2025-05-08,P09925,Google Ads,Dental Implant,Clinic B,Appointment Booked,17,Yes,
L09926,2025-07-22,,Referral,Dental Crown,Clinic A,Contacted - No Appointment,25,No,
L09927,2025-01-07,,Google Organic,Dental Implant,Clinic C,Contacted - No Appointment,7,No,
L09928,2025-05-14,P09928,Instagram,Dental Implant,Clinic A,Appointment Booked,6,Yes,
L09929,2025-10-22,,Instagram,Dental Crown,Clinic A,Not Contacted/Cold,53,No,
L09930,2025-06-06,,Facebook,Invisalign,Clinic A,Contacted - No Appointment,25,No,
L09931,2025-05-26,,Google Ads,Root Canal,Clinic C,Contacted - No Appointment,32,No,
L09932,2025-08-02,,Google Ads,Root Canal,Clinic B,Contacted - No Appointment,36,No,
L09933,2025-04-25,P09933,Facebook,Dental Crown,Clinic D,Appointment Booked,30,Yes,2025-08-05
L09934,2025-01-21,P09934,Google Ads,Root Canal,Clinic B,Appointment Booked,10,Yes,
L09935,2025-02-13,,Google Ads,General Dentistry,Clinic B,Contacted - No Appointment,24,No,
L09936,2025-11-14,,Instagram,Root Canal,Clinic B,Contacted - No Appointment,14,No,
L09937,2025-04-02,P09937,Referral,Teeth Whitening,Clinic C,Appointment Booked,2,Yes,
L09938,2025-08-18,,Referral,Invisalign,Clinic B,Contacted - No Appointment,5,No,
L09939,2025-05-11,,Google Ads,Root Canal,Clinic D,Contacted - No Appointment,19,No,
L09940,2025-06-14,,Google Ads,Dental Crown,Clinic D,Contacted - No Appointment,40,No,
L09941,2025-07-15,,Instagram,Invisalign,Clinic D,Contacted - No Appointment,13,No,
L09942,2025-05-31,P09942,Google Organic,Root Canal,Clinic D,Appointment Booked,10,Yes,2025-10-06
L09943,2025-10-11,P09943,Referral,Invisalign,Clinic B,Appointment Booked,9,Yes,
L09944,2025-01-03,P09944,Referral,Dental Implant,Clinic C,Appointment Booked,19,Yes,2025-09-01
L09945,2025-09-08,,Google Organic,Invisalign,Clinic C,Contacted - No Appointment,22,No,
L09946,2025-05-07,,Google Ads,Teeth Whitening,Clinic C,Contacted - No Appointment,11,No,
L09947,2025-02-25,,Google Ads,Teeth Whitening,Clinic D,Contacted - No Appointment,28,No,
L09948,2025-03-07,P09948,Google Ads,Invisalign,Clinic C,Appointment Booked,32,Yes,
L09949,2025-02-26,,Instagram,Root Canal,Clinic D,Contacted - No Appointment,17,No,
L09950,2025-06-30,,Google Ads,Dental Implant,Clinic B,Contacted - No Appointment,33,No,
L09951,2025-01-22,P09951,Google Organic,Invisalign,Clinic D,Appointment Booked,12,Yes,
L09952,2025-09-19,,Google Organic,Teeth Whitening,Clinic C,Contacted - No Appointment,14,No,
L09953,2025-10-13,,Google Ads,Dental Crown,Clinic C,Contacted - No Appointment,40,No,
L09954,2025-09-02,,Referral,Invisalign,Clinic B,Contacted - No Appointment,21,No,
L09955,2025-04-19,P09955,Facebook,Invisalign,Clinic D,Appointment Booked,23,Yes,
L09956,2025-06-23,P09956,Referral,Teeth Whitening,Clinic D,Appointment Booked,6,Yes,2025-07-07
L09957,2025-03-26,,Referral,Invisalign,Clinic A,Contacted - No Appointment,31,No,
L09958,2025-07-19,,Google Ads,Invisalign,Clinic C,Contacted - No Appointment,31,No,
L09959,2025-03-06,,Facebook,Dental Crown,Clinic B,Contacted - No Appointment,28,No,
L09960,2025-12-06,P09960,Google Ads,Dental Crown,Clinic D,Appointment Booked,4,Yes,
L09961,2025-10-04,,Google Organic,Root Canal,Clinic B,Contacted - No Appointment,9,No,
L09962,2025-06-15,,Facebook,General Dentistry,Clinic A,Contacted - No Appointment,15,No,
L09963,2025-11-21,,Referral,Invisalign,Clinic B,Not Contacted/Cold,52,No,
L09964,2025-10-20,P09964,Google Ads,Teeth Whitening,Clinic C,Appointment Booked,9,Yes,
L09965,2025-11-25,P09965,Google Organic,Dental Implant,Clinic A,Appointment Booked,24,Yes,2025-03-12
L09966,2025-03-25,P09966,Referral,Dental Crown,Clinic C,Appointment Booked,30,Yes,2025-01-04
L09967,2025-01-14,P09967,Instagram,General Dentistry,Clinic D,Appointment Booked,22,Yes,
L09968,2025-01-14,,Google Ads,Root Canal,Clinic D,Contacted - No Appointment,23,No,
L09969,2025-01-21,P09969,Instagram,Teeth Whitening,Clinic A,Appointment Booked,22,Yes,
L09970,2025-03-23,P09970,Google Ads,General Dentistry,Clinic D,Appointment Booked,6,Yes,
L09971,2025-08-10,,Google Ads,Dental Implant,Clinic C,Contacted - No Appointment,3,No,
L09972,2025-04-22,,Facebook,Teeth Whitening,Clinic A,Contacted - No Appointment,15,No,
L09973,2025-10-30,,Google Ads,General Dentistry,Clinic A,Contacted - No Appointment,20,No,
L09974,2025-06-20,P09974,Google Organic,Dental Crown,Clinic A,Appointment Booked,10,Yes,
L09975,2025-04-13,P09975,Facebook,Invisalign,Clinic D,Appointment Booked,36,Yes,
L09976,2025-11-04,P09976,Google Organic,Dental Implant,Clinic A,Appointment Booked,23,Yes,2025-11-11
L09977,2025-05-12,P09977,Google Ads,Invisalign,Clinic A,Appointment Booked,23,Yes,
L09978,2025-03-11,,Google Ads,Dental Implant,Clinic D,Contacted - No Appointment,19,No,
L09979,2025-02-18,,Google Ads,Root Canal,Clinic C,Contacted - No Appointment,5,No,
L09980,2025-07-19,P09980,Google Ads,Dental Implant,Clinic D,Appointment Booked,28,Yes,
L09981,2025-07-16,,Facebook,Invisalign,Clinic C,Contacted - No Appointment,24,No,
L09982,2025-10-25,,Instagram,Root Canal,Clinic A,Contacted - No Appointment,9,No,
L09983,2025-02-21,P09983,Referral,Root Canal,Clinic D,Appointment Booked,10,Yes,2025-07-03
L09984,2025-05-04,,Facebook,Dental Crown,Clinic A,Contacted - No Appointment,25,No,
L09985,2025-11-12,P09985,Google Ads,Teeth Whitening,Clinic C,Appointment Booked,13,Yes,
L09986,2025-06-22,P09986,Google Ads,Dental Implant,Clinic C,Appointment Booked,10,Yes,
L09987,2025-10-07,,Referral,Dental Implant,Clinic A,Contacted - No Appointment,10,No,
L09988,2025-04-07,P09988,Google Organic,Dental Implant,Clinic D,Appointment Booked,32,Yes,2025-12-04
L09989,2025-12-25,,Google Organic,Root Canal,Clinic B,Not Contacted/Cold,72,No,
L09990,2025-04-24,P09990,Google Ads,Dental Implant,Clinic A,Appointment Booked,16,Yes,
L09991,2025-12-02,,Google Ads,Teeth Whitening,Clinic D,Contacted - No Appointment,17,No,
L09992,2025-02-14,P09992,Google Ads,Invisalign,Clinic C,Appointment Booked,18,Yes,
L09993,2025-01-27,P09993,Referral,General Dentistry,Clinic C,Appointment Booked,28,Yes,2025-03-02
L09994,2025-06-21,P09994,Google Ads,Root Canal,Clinic C,Appointment Booked,4,Yes,
L09995,2025-06-16,,Instagram,Root Canal,Clinic D,Contacted - No Appointment,15,No,
L09996,2025-09-12,,Facebook,Teeth Whitening,Clinic A,Contacted - No Appointment,3,No,
L09997,2025-11-04,P09997,Facebook,Teeth Whitening,Clinic B,Appointment Booked,11,Yes,
L09998,2025-01-11,P09998,Google Ads,Dental Crown,Clinic B,Appointment Booked,18,Yes,
L09999,2025-10-26,,Instagram,General Dentistry,Clinic A,Not Contacted/Cold,63,No,
L10000,2025-01-07,,Google Ads,Root Canal,Clinic C,Contacted - No Appointment,18,No,
