date,platform,campaign,clinic,spend,impressions,clicks,leads
2025-01-01,Google Ads,Dental Implant,Clinic A,6831.64,109553,6864,26
2025-01-01,Google Ads,Invisalign,Clinic A,7776.42,113786,4413,22
2025-01-01,Google Ads,Root Canal,Clinic A,6365.1,66035,3752,32
2025-01-01,Meta Ads,Dental Crown,Clinic A,7674.99,131842,8084,41
2025-01-01,Meta Ads,Teeth Whitening,Clinic A,2581.42,43571,2704,17
2025-01-01,Meta Ads,General Dentistry,Clinic A,4785.94,54480,1886,54
2025-01-01,Google Ads,Dental Implant,Clinic B,10440.02,120962,3053,37
2025-01-01,Instagram,Invisalign,Clinic B,8595.09,126980,3804,24
2025-01-01,Google Ads,Root Canal,Clinic B,7974.14,82291,2639,47
2025-01-01,Google Ads,Dental Crown,Clinic B,4387.33,65888,3940,27
2025-01-01,Google Ads,Teeth Whitening,Clinic B,2889.49,31481,1472,23
2025-01-01,Google Ads,General Dentistry,Clinic B,5098.24,40952,1024,51
2025-01-01,Meta Ads,Dental Implant,Clinic C,10400.98,165020,7452,34
2025-01-01,Google Ads,Invisalign,Clinic C,8751.77,94251,4899,27
2025-01-01,Meta Ads,Root Canal,Clinic C,7182.82,123872,3640,36
2025-01-01,Meta Ads,Dental Crown,Clinic C,3178.65,47833,1443,12
2025-01-01,Meta Ads,Teeth Whitening,Clinic C,3541.72,36315,1877,30
2025-01-01,Meta Ads,General Dentistry,Clinic C,4792.31,53568,2900,39
2025-01-01,Google Ads,Dental Implant,Clinic D,9533.14,77319,2852,28
2025-01-01,Instagram,Invisalign,Clinic D,8014.34,127835,7820,19
2025-01-01,Meta Ads,Root Canal,Clinic D,5791.24,62370,1678,36
2025-01-01,Google Ads,Dental Crown,Clinic D,4702.42,43704,1435,27
2025-01-01,Google Ads,Teeth Whitening,Clinic D,3693.87,65933,3638,32
2025-01-01,Google Ads,General Dentistry,Clinic D,3851.92,51721,1620,34
2025-01-02,Google Ads,Dental Implant,Clinic A,8151.26,69221,2271,23
2025-01-02,Google Ads,Invisalign,Clinic A,7125.05,113398,5140,22
2025-01-02,Meta Ads,Root Canal,Clinic A,7571.54,81509,4537,39
2025-01-02,Google Ads,Dental Crown,Clinic A,2923.15,41619,1774,11
2025-01-02,Meta Ads,Teeth Whitening,Clinic A,3963.68,40749,2494,33
2025-01-02,Meta Ads,General Dentistry,Clinic A,4954.22,51517,1784,51
2025-01-02,Instagram,Dental Implant,Clinic B,7371.12,92034,5652,26
2025-01-02,Meta Ads,Invisalign,Clinic B,6411.38,97837,3527,17
2025-01-02,Meta Ads,Root Canal,Clinic B,7876.35,82425,4395,49
2025-01-02,Meta Ads,Dental Crown,Clinic B,4479.45,50674,1981,24
2025-01-02,Meta Ads,Teeth Whitening,Clinic B,3980.26,61723,2871,36
2025-01-02,Google Ads,General Dentistry,Clinic B,4051.22,50350,2713,38
2025-01-02,Meta Ads,Dental Implant,Clinic C,8984.84,115135,4899,26
2025-01-02,Google Ads,Invisalign,Clinic C,10744.64,150392,6029,19
2025-01-02,Instagram,Root Canal,Clinic C,7362.92,117898,5141,37
2025-01-02,Meta Ads,Dental Crown,Clinic C,4980.57,73681,4227,32
2025-01-02,Instagram,Teeth Whitening,Clinic C,3181.35,30790,1488,29
2025-01-02,Meta Ads,General Dentistry,Clinic C,5997.48,95533,3032,61
2025-01-02,Meta Ads,Dental Implant,Clinic D,7385.74,75970,3174,25
2025-01-02,Meta Ads,Invisalign,Clinic D,7133.67,108499,6947,18
2025-01-02,Google Ads,Root Canal,Clinic D,5016.13,42624,1369,23
2025-01-02,Google Ads,Dental Crown,Clinic D,5379.72,85397,4190,29
2025-01-02,Meta Ads,Teeth Whitening,Clinic D,2550.45,24953,1212,28
2025-01-02,Meta Ads,General Dentistry,Clinic D,4630.67,72860,2091,48
2025-01-03,Meta Ads,Dental Implant,Clinic A,10893.65,130690,5493,34
2025-01-03,Meta Ads,Invisalign,Clinic A,6860.27,77010,4561,18
2025-01-03,Google Ads,Root Canal,Clinic A,7240.98,76751,2322,38
2025-01-03,Google Ads,Dental Crown,Clinic A,4160.06,52159,3103,22
2025-01-03,Meta Ads,Teeth Whitening,Clinic A,4203.84,37845,1868,39
2025-01-03,Google Ads,General Dentistry,Clinic A,2194.58,23375,1360,16
2025-01-03,Google Ads,Dental Implant,Clinic B,7442.02,91659,2414,36
2025-01-03,Meta Ads,Invisalign,Clinic B,7171.04,87274,4134,19
2025-01-03,Google Ads,Root Canal,Clinic B,7260.28,65380,2237,39
2025-01-03,Google Ads,Dental Crown,Clinic B,4871.89,84049,3674,31
2025-01-03,Meta Ads,Teeth Whitening,Clinic B,3414.74,49196,2541,32
2025-01-03,Google Ads,General Dentistry,Clinic B,5412.24,94513,5762,53
2025-01-03,Instagram,Dental Implant,Clinic C,7042.52,96861,4053,26
2025-01-03,Google Ads,Invisalign,Clinic C,8875.81,141134,5049,30
2025-01-03,Instagram,Root Canal,Clinic C,7146.61,61238,2856,31
2025-01-03,Google Ads,Dental Crown,Clinic C,5780.4,97892,5451,30
2025-01-03,Google Ads,Teeth Whitening,Clinic C,2597.29,38397,1493,25
2025-01-03,Google Ads,General Dentistry,Clinic C,3741.55,55625,1806,38
2025-01-03,Meta Ads,Dental Implant,Clinic D,10994.16,114994,4302,28
2025-01-03,Google Ads,Invisalign,Clinic D,6739.91,67076,2709,10
2025-01-03,Google Ads,Root Canal,Clinic D,7232.33,60090,1977,33
2025-01-03,Meta Ads,Dental Crown,Clinic D,3747.76,55581,2433,23
2025-01-03,Meta Ads,Teeth Whitening,Clinic D,2943.71,30513,1707,30
2025-01-03,Google Ads,General Dentistry,Clinic D,3142.14,47347,2272,24
2025-01-04,Meta Ads,Dental Implant,Clinic A,10651.09,179545,4986,29
2025-01-04,Meta Ads,Invisalign,Clinic A,9303.61,99459,4143,29
2025-01-04,Google Ads,Root Canal,Clinic A,7865.51,125445,5366,40
2025-01-04,Instagram,Dental Crown,Clinic A,4943.57,54859,1536,32
2025-01-04,Google Ads,Teeth Whitening,Clinic A,4365.71,35784,2084,36
2025-01-04,Google Ads,General Dentistry,Clinic A,3417.57,59379,2430,33
2025-01-04,Meta Ads,Dental Implant,Clinic B,8469.35,121599,7828,27
2025-01-04,Meta Ads,Invisalign,Clinic B,6400.07,69364,2929,26
2025-01-04,Google Ads,Root Canal,Clinic B,6393.46,60405,3422,26
2025-01-04,Google Ads,Dental Crown,Clinic B,5169.45,89377,4284,20
2025-01-04,Google Ads,Teeth Whitening,Clinic B,2655.76,26036,801,19
2025-01-04,Meta Ads,General Dentistry,Clinic B,4139.12,42073,1928,40
2025-01-04,Google Ads,Dental Implant,Clinic C,10003.63,148995,5162,27
2025-01-04,Google Ads,Invisalign,Clinic C,9099.63,79102,3116,30
2025-01-04,Meta Ads,Root Canal,Clinic C,5933.69,84861,3084,29
2025-01-04,Google Ads,Dental Crown,Clinic C,6485.47,84200,5114,36
2025-01-04,Google Ads,Teeth Whitening,Clinic C,3673.51,59389,2236,39
2025-01-04,Meta Ads,General Dentistry,Clinic C,4819.48,56676,3280,49
2025-01-04,Meta Ads,Dental Implant,Clinic D,9669.22,80341,3238,31
2025-01-04,Google Ads,Invisalign,Clinic D,10054.52,98954,3067,32
2025-01-04,Google Ads,Root Canal,Clinic D,6954.51,121283,7405,34
2025-01-04,Google Ads,Dental Crown,Clinic D,5709.54,92065,2532,33
2025-01-04,Google Ads,Teeth Whitening,Clinic D,3533.7,42158,2152,37
2025-01-04,Google Ads,General Dentistry,Clinic D,3299.09,31602,1459,28
2025-01-05,Meta Ads,Dental Implant,Clinic A,7463.96,128001,6999,25
2025-01-05,Google Ads,Invisalign,Clinic A,8318.49,94955,3585,21
2025-01-05,Meta Ads,Root Canal,Clinic A,7939.99,106163,3770,36
2025-01-05,Google Ads,Dental Crown,Clinic A,4852.63,76865,4569,28
2025-01-05,Google Ads,Teeth Whitening,Clinic A,4258.76,52554,2510,41
2025-01-05,Google Ads,General Dentistry,Clinic A,5440.82,76311,2324,50
2025-01-05,Instagram,Dental Implant,Clinic B,8397.3,114517,6445,30
2025-01-05,Google Ads,Invisalign,Clinic B,5338.48,83290,3677,23
2025-01-05,Meta Ads,Root Canal,Clinic B,7055.25,93658,4069,40
2025-01-05,Google Ads,Dental Crown,Clinic B,4465.77,63009,3661,21
2025-01-05,Meta Ads,Teeth Whitening,Clinic B,3415.35,58525,2557,28
2025-01-05,Meta Ads,General Dentistry,Clinic B,4502.78,77558,2749,43
2025-01-05,Instagram,Dental Implant,Clinic C,7423.78,76138,2809,24
2025-01-05,Meta Ads,Invisalign,Clinic C,9030.73,152259,8362,25
2025-01-05,Meta Ads,Root Canal,Clinic C,7022.03,66503,2866,31
2025-01-05,Google Ads,Dental Crown,Clinic C,5800.43,64993,1731,34
2025-01-05,Google Ads,Teeth Whitening,Clinic C,3475.37,36422,957,35
2025-01-05,Meta Ads,General Dentistry,Clinic C,4303.89,56642,1935,38
2025-01-05,Google Ads,Dental Implant,Clinic D,9089.48,90934,5467,29
2025-01-05,Meta Ads,Invisalign,Clinic D,8351.77,84796,5407,35
2025-01-05,Instagram,Root Canal,Clinic D,7771.02,71434,4016,38
2025-01-05,Google Ads,Dental Crown,Clinic D,5057.32,60299,1791,20
2025-01-05,Meta Ads,Teeth Whitening,Clinic D,3323.71,34267,2032,24
2025-01-05,Google Ads,General Dentistry,Clinic D,4232.07,41452,1992,45
2025-01-06,Meta Ads,Dental Implant,Clinic A,6558.62,73454,2533,25
2025-01-06,Instagram,Invisalign,Clinic A,9593.97,95379,4908,30
2025-01-06,Meta Ads,Root Canal,Clinic A,5369.52,80381,3974,26
2025-01-06,Meta Ads,Dental Crown,Clinic A,4480.54,63842,3162,21
2025-01-06,Meta Ads,Teeth Whitening,Clinic A,3918.21,42180,1320,37
2025-01-06,Google Ads,General Dentistry,Clinic A,4584.91,42968,2584,45
2025-01-06,Google Ads,Dental Implant,Clinic B,7610.69,68751,1980,23
2025-01-06,Google Ads,Invisalign,Clinic B,5948.89,103074,4994,17
2025-01-06,Instagram,Root Canal,Clinic B,6765.24,117619,3631,40
2025-01-06,Google Ads,Dental Crown,Clinic B,5219.24,83881,3090,31
2025-01-06,Google Ads,Teeth Whitening,Clinic B,3676.17,62772,1750,33
2025-01-06,Google Ads,General Dentistry,Clinic B,5235.02,85054,2755,50
2025-01-06,Meta Ads,Dental Implant,Clinic C,4698.56,62769,2304,15
2025-01-06,Meta Ads,Invisalign,Clinic C,7402.51,130825,4135,21
2025-01-06,Google Ads,Root Canal,Clinic C,5825.28,78545,4696,30
2025-01-06,Instagram,Dental Crown,Clinic C,5577.52,87946,3088,23
2025-01-06,Meta Ads,Teeth Whitening,Clinic C,2642.07,23623,975,18
2025-01-06,Google Ads,General Dentistry,Clinic C,3652.59,44948,2772,31
2025-01-06,Meta Ads,Dental Implant,Clinic D,9112.94,146307,8539,31
2025-01-06,Meta Ads,Invisalign,Clinic D,6763.34,92473,3028,26
2025-01-06,Meta Ads,Root Canal,Clinic D,8145.2,138675,4203,43
2025-01-06,Meta Ads,Dental Crown,Clinic D,4428.66,76480,4203,22
2025-01-06,Meta Ads,Teeth Whitening,Clinic D,4280.97,48822,2168,45
2025-01-06,Google Ads,General Dentistry,Clinic D,3841.29,31634,1993,45
2025-01-07,Meta Ads,Dental Implant,Clinic A,7504.09,69580,4251,27
2025-01-07,Meta Ads,Invisalign,Clinic A,12849.69,133148,8189,32
2025-01-07,Google Ads,Root Canal,Clinic A,7219.37,113525,4572,36
2025-01-07,Google Ads,Dental Crown,Clinic A,5488.15,57847,3507,36
2025-01-07,Meta Ads,Teeth Whitening,Clinic A,3417.34,31719,1965,34
2025-01-07,Meta Ads,General Dentistry,Clinic A,5651.64,71911,2531,63
2025-01-07,Meta Ads,Dental Implant,Clinic B,9708.46,84672,2979,33
2025-01-07,Meta Ads,Invisalign,Clinic B,7006.96,68998,2738,22
2025-01-07,Google Ads,Root Canal,Clinic B,7537.14,125020,5276,44
2025-01-07,Meta Ads,Dental Crown,Clinic B,5039.09,75606,4650,30
2025-01-07,Google Ads,Teeth Whitening,Clinic B,2724.56,46476,2365,23
2025-01-07,Google Ads,General Dentistry,Clinic B,2961.65,28052,905,32
2025-01-07,Meta Ads,Dental Implant,Clinic C,11282.73,118241,7287,38
2025-01-07,Meta Ads,Invisalign,Clinic C,7436.6,128159,5655,15
2025-01-07,Meta Ads,Root Canal,Clinic C,7314.35,121862,6263,38
2025-01-07,Meta Ads,Dental Crown,Clinic C,5423.1,73184,2807,24
2025-01-07,Meta Ads,Teeth Whitening,Clinic C,2378.07,41883,2678,18
2025-01-07,Meta Ads,General Dentistry,Clinic C,5232.36,42201,2004,52
2025-01-07,Google Ads,Dental Implant,Clinic D,4818.39,81605,5303,18
2025-01-07,Google Ads,Invisalign,Clinic D,6871.86,64531,2659,25
2025-01-07,Instagram,Root Canal,Clinic D,4926.08,81091,4842,22
2025-01-07,Google Ads,Dental Crown,Clinic D,5886.23,59167,2623,27
2025-01-07,Google Ads,Teeth Whitening,Clinic D,2812.07,42037,1525,21
2025-01-07,Instagram,General Dentistry,Clinic D,3206.76,36941,1315,28
2025-01-08,Google Ads,Dental Implant,Clinic A,8295.91,128405,4977,24
2025-01-08,Google Ads,Invisalign,Clinic A,7564.89,109192,3836,18
2025-01-08,Google Ads,Root Canal,Clinic A,6582.22,87671,3629,37
2025-01-08,Meta Ads,Dental Crown,Clinic A,5280.55,55508,2374,26
2025-01-08,Meta Ads,Teeth Whitening,Clinic A,3300.01,36492,1006,30
2025-01-08,Instagram,General Dentistry,Clinic A,4447.29,74830,3883,48
2025-01-08,Meta Ads,Dental Implant,Clinic B,11372.18,158088,7836,33
2025-01-08,Google Ads,Invisalign,Clinic B,7524.36,114833,6227,22
2025-01-08,Meta Ads,Root Canal,Clinic B,6663.87,61513,2239,28
2025-01-08,Google Ads,Dental Crown,Clinic B,4088.17,39171,1931,24
2025-01-08,Meta Ads,Teeth Whitening,Clinic B,3857.83,56506,3594,36
2025-01-08,Google Ads,General Dentistry,Clinic B,5799.88,46581,1215,64
2025-01-08,Google Ads,Dental Implant,Clinic C,4519.97,60556,3452,16
2025-01-08,Meta Ads,Invisalign,Clinic C,8068.85,92567,3454,24
2025-01-08,Google Ads,Root Canal,Clinic C,5356.0,46858,2358,21
2025-01-08,Meta Ads,Dental Crown,Clinic C,4254.64,38002,1778,23
2025-01-08,Google Ads,Teeth Whitening,Clinic C,4479.04,55492,2868,43
2025-01-08,Meta Ads,General Dentistry,Clinic C,4948.08,76648,3622,52
2025-01-08,Meta Ads,Dental Implant,Clinic D,5337.73,56901,1498,14
2025-01-08,Meta Ads,Invisalign,Clinic D,6771.03,113662,6241,20
2025-01-08,Google Ads,Root Canal,Clinic D,6348.84,107142,3739,39
2025-01-08,Meta Ads,Dental Crown,Clinic D,6544.74,62594,2896,38
2025-01-08,Google Ads,Teeth Whitening,Clinic D,3741.48,53183,1483,41
2025-01-08,Google Ads,General Dentistry,Clinic D,3443.35,44718,2352,35
2025-01-09,Meta Ads,Dental Implant,Clinic A,9699.14,112819,5884,29
2025-01-09,Google Ads,Invisalign,Clinic A,9801.0,88839,5162,28
2025-01-09,Google Ads,Root Canal,Clinic A,7052.72,73002,2220,33
2025-01-09,Meta Ads,Dental Crown,Clinic A,4922.07,70678,3179,23
2025-01-09,Meta Ads,Teeth Whitening,Clinic A,3702.97,50355,1816,34
2025-01-09,Meta Ads,General Dentistry,Clinic A,3415.31,45391,1175,31
2025-01-09,Meta Ads,Dental Implant,Clinic B,8751.03,118869,3190,28
2025-01-09,Instagram,Invisalign,Clinic B,7778.3,131761,8292,19
2025-01-09,Google Ads,Root Canal,Clinic B,9155.42,110564,4199,47
2025-01-09,Meta Ads,Dental Crown,Clinic B,4565.05,41121,1141,35
2025-01-09,Meta Ads,Teeth Whitening,Clinic B,4467.2,75714,4364,45
2025-01-09,Google Ads,General Dentistry,Clinic B,5010.57,81573,4791,54
2025-01-09,Google Ads,Dental Implant,Clinic C,9598.16,105446,4111,25
2025-01-09,Google Ads,Invisalign,Clinic C,8123.93,108751,4064,24
2025-01-09,Meta Ads,Root Canal,Clinic C,5629.9,61596,2316,28
2025-01-09,Meta Ads,Dental Crown,Clinic C,4538.13,39780,2344,21
2025-01-09,Meta Ads,Teeth Whitening,Clinic C,2284.53,22077,891,13
2025-01-09,Instagram,General Dentistry,Clinic C,4817.13,40809,1528,46
2025-01-09,Meta Ads,Dental Implant,Clinic D,11912.13,107631,5633,37
2025-01-09,Meta Ads,Invisalign,Clinic D,7610.71,129697,6225,27
2025-01-09,Meta Ads,Root Canal,Clinic D,5747.51,89337,4544,27
2025-01-09,Meta Ads,Dental Crown,Clinic D,4514.83,47784,1324,19
2025-01-09,Google Ads,Teeth Whitening,Clinic D,3808.53,53401,2928,31
2025-01-09,Meta Ads,General Dentistry,Clinic D,4504.07,43988,1545,38
2025-01-10,Instagram,Dental Implant,Clinic A,10421.26,86502,3484,37
2025-01-10,Meta Ads,Invisalign,Clinic A,8219.81,77233,3897,22
2025-01-10,Meta Ads,Root Canal,Clinic A,5966.32,64679,3806,34
2025-01-10,Google Ads,Dental Crown,Clinic A,4316.0,72323,4235,26
2025-01-10,Meta Ads,Teeth Whitening,Clinic A,3166.91,29530,1277,28
2025-01-10,Google Ads,General Dentistry,Clinic A,5210.83,44186,2843,48
2025-01-10,Google Ads,Dental Implant,Clinic B,7174.09,100608,2593,20
2025-01-10,Google Ads,Invisalign,Clinic B,8412.31,95018,4038,21
2025-01-10,Instagram,Root Canal,Clinic B,5073.86,47930,1984,25
2025-01-10,Meta Ads,Dental Crown,Clinic B,5453.64,63395,3953,28
2025-01-10,Meta Ads,Teeth Whitening,Clinic B,3952.55,52557,3101,37
2025-01-10,Google Ads,General Dentistry,Clinic B,5466.93,56925,3055,52
2025-01-10,Google Ads,Dental Implant,Clinic C,9867.8,123985,5162,33
2025-01-10,Meta Ads,Invisalign,Clinic C,6744.33,53963,2432,24
2025-01-10,Google Ads,Root Canal,Clinic C,8609.08,93270,4216,46
2025-01-10,Google Ads,Dental Crown,Clinic C,3144.62,36761,1770,15
2025-01-10,Meta Ads,Teeth Whitening,Clinic C,4382.62,40424,1934,34
2025-01-10,Meta Ads,General Dentistry,Clinic C,4671.26,45127,2690,53
2025-01-10,Google Ads,Dental Implant,Clinic D,9563.28,100783,4371,29
2025-01-10,Meta Ads,Invisalign,Clinic D,6788.78,104375,3611,19
2025-01-10,Meta Ads,Root Canal,Clinic D,6628.88,99855,2643,39
2025-01-10,Google Ads,Dental Crown,Clinic D,4516.24,44384,2236,20
2025-01-10,Google Ads,Teeth Whitening,Clinic D,3629.39,42757,2596,37
2025-01-10,Meta Ads,General Dentistry,Clinic D,4961.36,70164,2783,52
2025-01-11,Google Ads,Dental Implant,Clinic A,7297.02,118781,7429,26
2025-01-11,Google Ads,Invisalign,Clinic A,7407.76,86837,2390,22
2025-01-11,Google Ads,Root Canal,Clinic A,8415.07,110987,6939,49
2025-01-11,Meta Ads,Dental Crown,Clinic A,4317.61,57073,1843,20
2025-01-11,Meta Ads,Teeth Whitening,Clinic A,3246.22,48089,1508,30
2025-01-11,Google Ads,General Dentistry,Clinic A,3920.81,52212,2535,41
2025-01-11,Google Ads,Dental Implant,Clinic B,10155.77,128084,6583,27
2025-01-11,Meta Ads,Invisalign,Clinic B,9650.26,120561,4913,30
2025-01-11,Meta Ads,Root Canal,Clinic B,5840.51,94540,3019,42
2025-01-11,Meta Ads,Dental Crown,Clinic B,5394.89,94146,4266,31
2025-01-11,Google Ads,Teeth Whitening,Clinic B,4602.06,37606,1202,41
2025-01-11,Instagram,General Dentistry,Clinic B,4013.94,69821,2567,37
2025-01-11,Google Ads,Dental Implant,Clinic C,8677.51,112281,5323,31
2025-01-11,Meta Ads,Invisalign,Clinic C,7755.95,107575,4559,20
2025-01-11,Google Ads,Root Canal,Clinic C,7021.16,57646,1780,36
2025-01-11,Google Ads,Dental Crown,Clinic C,4840.32,60698,3603,27
2025-01-11,Google Ads,Teeth Whitening,Clinic C,2649.73,30796,1666,18
2025-01-11,Google Ads,General Dentistry,Clinic C,4947.84,60930,3685,51
2025-01-11,Google Ads,Dental Implant,Clinic D,7561.39,63352,1795,31
2025-01-11,Google Ads,Invisalign,Clinic D,6569.48,85588,4777,9
2025-01-11,Google Ads,Root Canal,Clinic D,5367.2,90083,2506,26
2025-01-11,Meta Ads,Dental Crown,Clinic D,6557.63,110817,4276,34
2025-01-11,Google Ads,Teeth Whitening,Clinic D,4035.66,57704,2292,39
2025-01-11,Meta Ads,General Dentistry,Clinic D,4473.45,61423,3763,40
2025-01-12,Instagram,Dental Implant,Clinic A,9271.4,148007,6876,28
2025-01-12,Google Ads,Invisalign,Clinic A,6922.05,101255,2796,15
2025-01-12,Meta Ads,Root Canal,Clinic A,6221.57,76248,3284,29
2025-01-12,Meta Ads,Dental Crown,Clinic A,4817.95,69432,4356,25
2025-01-12,Meta Ads,Teeth Whitening,Clinic A,3726.92,48131,1868,34
2025-01-12,Instagram,General Dentistry,Clinic A,4198.2,67297,2878,41
2025-01-12,Meta Ads,Dental Implant,Clinic B,8441.17,67921,3311,28
2025-01-12,Instagram,Invisalign,Clinic B,4864.91,84597,5444,15
2025-01-12,Meta Ads,Root Canal,Clinic B,7084.11,82752,3176,36
2025-01-12,Meta Ads,Dental Crown,Clinic B,6009.78,52987,2720,32
2025-01-12,Meta Ads,Teeth Whitening,Clinic B,3363.68,36832,1843,34
2025-01-12,Meta Ads,General Dentistry,Clinic B,4232.71,45019,1571,41
2025-01-12,Meta Ads,Dental Implant,Clinic C,13020.2,106075,6870,49
2025-01-12,Meta Ads,Invisalign,Clinic C,6949.84,103850,4818,19
2025-01-12,Meta Ads,Root Canal,Clinic C,5453.44,61558,1582,30
2025-01-12,Instagram,Dental Crown,Clinic C,5000.42,77378,2255,25
2025-01-12,Meta Ads,Teeth Whitening,Clinic C,3721.74,65023,3559,29
2025-01-12,Google Ads,General Dentistry,Clinic C,5132.01,69503,4274,49
2025-01-12,Google Ads,Dental Implant,Clinic D,8286.74,104971,6177,29
2025-01-12,Google Ads,Invisalign,Clinic D,7338.06,96364,4641,27
2025-01-12,Google Ads,Root Canal,Clinic D,4585.93,65713,3524,22
2025-01-12,Meta Ads,Dental Crown,Clinic D,5940.48,47795,2804,41
2025-01-12,Google Ads,Teeth Whitening,Clinic D,2917.35,42660,1622,25
2025-01-12,Google Ads,General Dentistry,Clinic D,5494.29,51010,1559,58
2025-01-13,Meta Ads,Dental Implant,Clinic A,9107.09,137675,6610,32
2025-01-13,Google Ads,Invisalign,Clinic A,6646.89,90808,5158,16
2025-01-13,Instagram,Root Canal,Clinic A,5254.49,68011,3771,32
2025-01-13,Meta Ads,Dental Crown,Clinic A,5165.43,91292,5149,25
2025-01-13,Google Ads,Teeth Whitening,Clinic A,3312.2,49890,2355,24
2025-01-13,Google Ads,General Dentistry,Clinic A,5075.18,51044,1413,52
2025-01-13,Meta Ads,Dental Implant,Clinic B,10864.79,148477,6257,38
2025-01-13,Instagram,Invisalign,Clinic B,7369.1,125828,8146,26
2025-01-13,Google Ads,Root Canal,Clinic B,5879.53,68002,3230,29
2025-01-13,Meta Ads,Dental Crown,Clinic B,6326.43,79616,4202,43
2025-01-13,Meta Ads,Teeth Whitening,Clinic B,4069.11,67558,3249,37
2025-01-13,Google Ads,General Dentistry,Clinic B,4595.14,73865,2009,47
2025-01-13,Instagram,Dental Implant,Clinic C,10770.29,98021,5245,40
2025-01-13,Google Ads,Invisalign,Clinic C,7772.72,63982,2008,20
2025-01-13,Meta Ads,Root Canal,Clinic C,6054.93,98289,4346,33
2025-01-13,Instagram,Dental Crown,Clinic C,4635.94,58281,2650,29
2025-01-13,Meta Ads,Teeth Whitening,Clinic C,3559.89,43806,1691,29
2025-01-13,Google Ads,General Dentistry,Clinic C,4384.55,55009,2459,44
2025-01-13,Meta Ads,Dental Implant,Clinic D,12793.91,153377,8243,44
2025-01-13,Google Ads,Invisalign,Clinic D,8898.19,139296,6978,23
2025-01-13,Meta Ads,Root Canal,Clinic D,6958.44,62430,2517,35
2025-01-13,Meta Ads,Dental Crown,Clinic D,3815.77,60722,3921,29
2025-01-13,Google Ads,Teeth Whitening,Clinic D,3466.7,37696,1947,28
2025-01-13,Meta Ads,General Dentistry,Clinic D,2697.74,27265,914,26
2025-01-14,Google Ads,Dental Implant,Clinic A,7169.64,80731,3390,28
2025-01-14,Instagram,Invisalign,Clinic A,7614.42,83149,5319,19
2025-01-14,Google Ads,Root Canal,Clinic A,4916.31,39955,1541,27
2025-01-14,Meta Ads,Dental Crown,Clinic A,5966.56,99084,2935,36
2025-01-14,Google Ads,Teeth Whitening,Clinic A,3300.37,57661,3617,35
2025-01-14,Google Ads,General Dentistry,Clinic A,4152.5,49971,2931,42
2025-01-14,Google Ads,Dental Implant,Clinic B,8714.42,130428,6705,25
2025-01-14,Meta Ads,Invisalign,Clinic B,5924.43,50768,3181,14
2025-01-14,Google Ads,Root Canal,Clinic B,7626.13,86346,4458,37
2025-01-14,Instagram,Dental Crown,Clinic B,6166.48,109618,5879,31
2025-01-14,Google Ads,Teeth Whitening,Clinic B,3490.77,34661,1182,27
2025-01-14,Meta Ads,General Dentistry,Clinic B,3650.34,34812,897,36
2025-01-14,Google Ads,Dental Implant,Clinic C,9333.3,113379,6199,32
2025-01-14,Google Ads,Invisalign,Clinic C,7187.95,68466,1925,22
2025-01-14,Google Ads,Root Canal,Clinic C,6919.16,71957,3284,34
2025-01-14,Meta Ads,Dental Crown,Clinic C,4057.4,35586,2187,25
2025-01-14,Meta Ads,Teeth Whitening,Clinic C,2972.42,30960,1431,33
2025-01-14,Google Ads,General Dentistry,Clinic C,4965.17,77537,3703,54
2025-01-14,Meta Ads,Dental Implant,Clinic D,11173.74,114573,5987,39
2025-01-14,Meta Ads,Invisalign,Clinic D,12518.04,134218,3554,34
2025-01-14,Meta Ads,Root Canal,Clinic D,6453.85,105707,4990,37
2025-01-14,Instagram,Dental Crown,Clinic D,3694.16,61696,3517,20
2025-01-14,Google Ads,Teeth Whitening,Clinic D,3893.72,45933,2602,39
2025-01-14,Google Ads,General Dentistry,Clinic D,4630.83,77845,2351,40
2025-01-15,Meta Ads,Dental Implant,Clinic A,10334.94,147578,9243,37
2025-01-15,Meta Ads,Invisalign,Clinic A,8411.33,129321,5637,27
2025-01-15,Google Ads,Root Canal,Clinic A,6880.17,80943,3860,33
2025-01-15,Meta Ads,Dental Crown,Clinic A,5045.25,56229,3150,33
2025-01-15,Google Ads,Teeth Whitening,Clinic A,2972.38,34561,2037,30
2025-01-15,Google Ads,General Dentistry,Clinic A,4123.53,65949,3105,46
2025-01-15,Meta Ads,Dental Implant,Clinic B,10506.99,156917,6751,37
2025-01-15,Google Ads,Invisalign,Clinic B,8104.76,128335,8319,27
2025-01-15,Meta Ads,Root Canal,Clinic B,7291.91,78291,2772,36
2025-01-15,Google Ads,Dental Crown,Clinic B,4664.21,53759,2878,24
2025-01-15,Google Ads,Teeth Whitening,Clinic B,3422.83,28108,1254,23
2025-01-15,Instagram,General Dentistry,Clinic B,4078.31,66323,1919,49
2025-01-15,Google Ads,Dental Implant,Clinic C,9767.38,129839,3348,34
2025-01-15,Instagram,Invisalign,Clinic C,7368.09,119275,4976,20
2025-01-15,Google Ads,Root Canal,Clinic C,6271.21,88286,5113,38
2025-01-15,Meta Ads,Dental Crown,Clinic C,4993.65,75151,4603,26
2025-01-15,Meta Ads,Teeth Whitening,Clinic C,2964.64,34288,1008,23
2025-01-15,Meta Ads,General Dentistry,Clinic C,4636.58,61822,2790,48
2025-01-15,Meta Ads,Dental Implant,Clinic D,10495.57,157257,8366,37
2025-01-15,Instagram,Invisalign,Clinic D,8162.99,102443,5091,22
2025-01-15,Meta Ads,Root Canal,Clinic D,7302.23,124867,6152,40
2025-01-15,Instagram,Dental Crown,Clinic D,4357.76,36400,924,26
2025-01-15,Meta Ads,Teeth Whitening,Clinic D,4706.91,77326,2441,43
2025-01-15,Meta Ads,General Dentistry,Clinic D,4870.61,53578,1539,51
2025-01-16,Meta Ads,Dental Implant,Clinic A,8507.26,113219,5934,22
2025-01-16,Meta Ads,Invisalign,Clinic A,9347.02,141426,5229,29
2025-01-16,Instagram,Root Canal,Clinic A,4584.73,63042,2794,33
2025-01-16,Meta Ads,Dental Crown,Clinic A,6285.66,98066,3537,33
2025-01-16,Google Ads,Teeth Whitening,Clinic A,3336.7,27734,1139,31
2025-01-16,Google Ads,General Dentistry,Clinic A,4024.33,62344,3512,38
2025-01-16,Google Ads,Dental Implant,Clinic B,7219.55,93821,3651,24
2025-01-16,Google Ads,Invisalign,Clinic B,6104.96,84447,5247,18
2025-01-16,Google Ads,Root Canal,Clinic B,6989.11,101780,2550,33
2025-01-16,Meta Ads,Dental Crown,Clinic B,4027.27,32348,2066,24
2025-01-16,Meta Ads,Teeth Whitening,Clinic B,2884.93,38625,2075,18
2025-01-16,Google Ads,General Dentistry,Clinic B,2797.13,29018,1416,34
2025-01-16,Meta Ads,Dental Implant,Clinic C,10197.68,93300,5151,35
2025-01-16,Meta Ads,Invisalign,Clinic C,9377.21,84090,4285,22
2025-01-16,Meta Ads,Root Canal,Clinic C,6312.31,77521,4833,37
2025-01-16,Instagram,Dental Crown,Clinic C,4984.82,47902,1721,25
2025-01-16,Meta Ads,Teeth Whitening,Clinic C,4026.5,68557,3201,41
2025-01-16,Instagram,General Dentistry,Clinic C,3248.04,45747,2514,38
2025-01-16,Google Ads,Dental Implant,Clinic D,11324.9,142194,6552,32
2025-01-16,Instagram,Invisalign,Clinic D,8181.27,140953,4855,21
2025-01-16,Google Ads,Root Canal,Clinic D,5757.42,78317,3979,29
2025-01-16,Meta Ads,Dental Crown,Clinic D,4905.09,77706,4330,24
2025-01-16,Google Ads,Teeth Whitening,Clinic D,3645.06,32595,1200,28
2025-01-16,Google Ads,General Dentistry,Clinic D,5199.2,48628,1331,56
2025-01-17,Google Ads,Dental Implant,Clinic A,7628.44,113279,6732,22
2025-01-17,Google Ads,Invisalign,Clinic A,7223.96,70257,4417,15
2025-01-17,Google Ads,Root Canal,Clinic A,6643.86,88869,4468,31
2025-01-17,Instagram,Dental Crown,Clinic A,4000.16,45483,2280,16
2025-01-17,Meta Ads,Teeth Whitening,Clinic A,2104.3,25833,1464,21
2025-01-17,Meta Ads,General Dentistry,Clinic A,3697.9,63289,1671,40
2025-01-17,Meta Ads,Dental Implant,Clinic B,9480.26,106136,4605,32
2025-01-17,Google Ads,Invisalign,Clinic B,7475.72,91807,5933,22
2025-01-17,Instagram,Root Canal,Clinic B,5188.58,54567,2858,24
2025-01-17,Meta Ads,Dental Crown,Clinic B,4377.03,49171,2081,21
2025-01-17,Instagram,Teeth Whitening,Clinic B,3541.16,58843,3173,31
2025-01-17,Google Ads,General Dentistry,Clinic B,5216.35,47767,3080,51
2025-01-17,Google Ads,Dental Implant,Clinic C,9481.92,154398,4094,30
2025-01-17,Google Ads,Invisalign,Clinic C,7979.15,64809,2278,22
2025-01-17,Meta Ads,Root Canal,Clinic C,6132.16,94944,4875,26
2025-01-17,Google Ads,Dental Crown,Clinic C,4961.73,50587,1307,27
2025-01-17,Instagram,Teeth Whitening,Clinic C,3936.94,50584,3231,33
2025-01-17,Google Ads,General Dentistry,Clinic C,3711.7,61998,3121,41
2025-01-17,Meta Ads,Dental Implant,Clinic D,6245.43,54003,2308,20
2025-01-17,Google Ads,Invisalign,Clinic D,6762.25,84811,3696,27
2025-01-17,Meta Ads,Root Canal,Clinic D,6604.66,106511,4836,30
2025-01-17,Google Ads,Dental Crown,Clinic D,5695.14,98765,5999,26
2025-01-17,Meta Ads,Teeth Whitening,Clinic D,2384.9,20133,911,24
2025-01-17,Google Ads,General Dentistry,Clinic D,4145.21,72878,4377,42
2025-01-18,Meta Ads,Dental Implant,Clinic A,9908.45,84561,4354,37
2025-01-18,Meta Ads,Invisalign,Clinic A,8436.34,107889,4736,20
2025-01-18,Google Ads,Root Canal,Clinic A,6818.91,108270,4304,36
2025-01-18,Instagram,Dental Crown,Clinic A,3848.25,68040,3850,18
2025-01-18,Meta Ads,Teeth Whitening,Clinic A,3079.21,30234,1531,26
2025-01-18,Google Ads,General Dentistry,Clinic A,4366.37,71340,3342,45
2025-01-18,Meta Ads,Dental Implant,Clinic B,9843.1,87175,4589,30
2025-01-18,Google Ads,Invisalign,Clinic B,7838.16,129774,4047,16
2025-01-18,Google Ads,Root Canal,Clinic B,9122.65,111314,3968,50
2025-01-18,Google Ads,Dental Crown,Clinic B,6880.02,58763,3180,41
2025-01-18,Instagram,Teeth Whitening,Clinic B,2529.35,36911,2010,14
2025-01-18,Meta Ads,General Dentistry,Clinic B,4548.84,58989,3787,43
2025-01-18,Google Ads,Dental Implant,Clinic C,9312.59,124391,6392,41
2025-01-18,Meta Ads,Invisalign,Clinic C,7100.23,102809,4534,17
2025-01-18,Meta Ads,Root Canal,Clinic C,3357.01,43080,1320,17
2025-01-18,Instagram,Dental Crown,Clinic C,3485.98,52737,3174,21
2025-01-18,Google Ads,Teeth Whitening,Clinic C,3085.83,31391,1801,20
2025-01-18,Meta Ads,General Dentistry,Clinic C,5263.74,68513,3309,53
2025-01-18,Google Ads,Dental Implant,Clinic D,6709.09,118222,3815,20
2025-01-18,Meta Ads,Invisalign,Clinic D,9898.03,134903,7716,29
2025-01-18,Meta Ads,Root Canal,Clinic D,4452.04,35720,1422,14
2025-01-18,Instagram,Dental Crown,Clinic D,5512.29,55137,2461,31
2025-01-18,Google Ads,Teeth Whitening,Clinic D,4177.46,64658,1840,40
2025-01-18,Google Ads,General Dentistry,Clinic D,5484.81,58918,2430,57
2025-01-19,Google Ads,Dental Implant,Clinic A,7034.35,104655,3632,27
2025-01-19,Meta Ads,Invisalign,Clinic A,9538.91,128273,4154,26
2025-01-19,Meta Ads,Root Canal,Clinic A,6485.32,54998,1674,34
2025-01-19,Meta Ads,Dental Crown,Clinic A,5048.15,70823,3876,19
2025-01-19,Meta Ads,Teeth Whitening,Clinic A,1855.67,18481,911,18
2025-01-19,Meta Ads,General Dentistry,Clinic A,4129.42,63578,3184,34
2025-01-19,Meta Ads,Dental Implant,Clinic B,10451.5,149211,6465,29
2025-01-19,Google Ads,Invisalign,Clinic B,7277.08,124344,6858,16
2025-01-19,Instagram,Root Canal,Clinic B,6330.18,84219,2676,38
2025-01-19,Meta Ads,Dental Crown,Clinic B,3942.42,35298,1865,20
2025-01-19,Meta Ads,Teeth Whitening,Clinic B,3234.3,35728,1925,29
2025-01-19,Google Ads,General Dentistry,Clinic B,4529.05,71688,4244,52
2025-01-19,Meta Ads,Dental Implant,Clinic C,8876.79,99307,4502,26
2025-01-19,Instagram,Invisalign,Clinic C,7761.77,75910,3744,27
2025-01-19,Meta Ads,Root Canal,Clinic C,7645.98,70078,3529,34
2025-01-19,Instagram,Dental Crown,Clinic C,6421.92,92195,2316,35
2025-01-19,Google Ads,Teeth Whitening,Clinic C,2612.19,36908,1825,19
2025-01-19,Google Ads,General Dentistry,Clinic C,4975.04,79639,2602,44
2025-01-19,Meta Ads,Dental Implant,Clinic D,10861.96,127153,4549,35
2025-01-19,Meta Ads,Invisalign,Clinic D,10293.97,95362,4495,26
2025-01-19,Google Ads,Root Canal,Clinic D,5573.84,99881,2702,30
2025-01-19,Google Ads,Dental Crown,Clinic D,5168.46,68909,3484,27
2025-01-19,Meta Ads,Teeth Whitening,Clinic D,3901.77,54136,3294,36
2025-01-19,Meta Ads,General Dentistry,Clinic D,4809.23,63414,1761,51
2025-01-20,Meta Ads,Dental Implant,Clinic A,12681.24,185378,9600,43
2025-01-20,Meta Ads,Invisalign,Clinic A,8847.86,142701,6194,27
2025-01-20,Google Ads,Root Canal,Clinic A,5099.75,84631,4558,29
2025-01-20,Meta Ads,Dental Crown,Clinic A,5788.68,76878,2747,26
2025-01-20,Meta Ads,Teeth Whitening,Clinic A,2649.34,29281,998,24
2025-01-20,Google Ads,General Dentistry,Clinic A,4111.98,61432,3893,36
2025-01-20,Google Ads,Dental Implant,Clinic B,8312.01,104875,3739,21
2025-01-20,Google Ads,Invisalign,Clinic B,5094.22,62468,3798,20
2025-01-20,Meta Ads,Root Canal,Clinic B,4828.9,59327,3528,22
2025-01-20,Instagram,Dental Crown,Clinic B,3876.0,66454,2045,19
2025-01-20,Google Ads,Teeth Whitening,Clinic B,3693.62,44642,1628,28
2025-01-20,Meta Ads,General Dentistry,Clinic B,5197.61,57303,1453,50
2025-01-20,Google Ads,Dental Implant,Clinic C,11238.36,96359,5615,37
2025-01-20,Meta Ads,Invisalign,Clinic C,8320.77,113248,4456,21
2025-01-20,Google Ads,Root Canal,Clinic C,8372.6,74801,4432,40
2025-01-20,Google Ads,Dental Crown,Clinic C,3900.76,34780,1363,23
2025-01-20,Meta Ads,Teeth Whitening,Clinic C,3457.7,41703,1755,27
2025-01-20,Instagram,General Dentistry,Clinic C,5482.11,62982,1788,55
2025-01-20,Google Ads,Dental Implant,Clinic D,10179.03,88681,4661,34
2025-01-20,Meta Ads,Invisalign,Clinic D,6319.4,55010,1539,20
2025-01-20,Google Ads,Root Canal,Clinic D,6044.05,64349,2983,30
2025-01-20,Instagram,Dental Crown,Clinic D,4827.16,41813,2710,28
2025-01-20,Google Ads,Teeth Whitening,Clinic D,3520.09,59361,2545,33
2025-01-20,Meta Ads,General Dentistry,Clinic D,3285.37,51376,1397,33
2025-01-21,Google Ads,Dental Implant,Clinic A,9012.9,79101,2634,34
2025-01-21,Google Ads,Invisalign,Clinic A,6878.46,103998,5343,17
2025-01-21,Google Ads,Root Canal,Clinic A,4403.88,50081,2405,21
2025-01-21,Instagram,Dental Crown,Clinic A,4825.1,57572,2632,30
2025-01-21,Google Ads,Teeth Whitening,Clinic A,3575.91,49516,2129,29
2025-01-21,Google Ads,General Dentistry,Clinic A,4617.25,74627,4712,48
2025-01-21,Meta Ads,Dental Implant,Clinic B,8186.79,81368,3082,24
2025-01-21,Google Ads,Invisalign,Clinic B,7272.35,111064,6791,25
2025-01-21,Google Ads,Root Canal,Clinic B,5799.15,63512,2060,28
2025-01-21,Meta Ads,Dental Crown,Clinic B,4038.92,55881,1862,24
2025-01-21,Google Ads,Teeth Whitening,Clinic B,4571.32,52396,2909,45
2025-01-21,Meta Ads,General Dentistry,Clinic B,4675.18,47687,2619,49
2025-01-21,Google Ads,Dental Implant,Clinic C,9668.2,165406,4576,30
2025-01-21,Google Ads,Invisalign,Clinic C,8825.7,120976,6997,25
2025-01-21,Instagram,Root Canal,Clinic C,8491.65,124183,6439,45
2025-01-21,Meta Ads,Dental Crown,Clinic C,5832.49,83856,3790,40
2025-01-21,Google Ads,Teeth Whitening,Clinic C,2922.57,27113,1601,32
2025-01-21,Google Ads,General Dentistry,Clinic C,5924.35,85766,2696,60
2025-01-21,Google Ads,Dental Implant,Clinic D,9326.7,90744,5792,23
2025-01-21,Meta Ads,Invisalign,Clinic D,10506.8,129858,5687,33
2025-01-21,Instagram,Root Canal,Clinic D,7242.76,126763,6529,44
2025-01-21,Google Ads,Dental Crown,Clinic D,4887.08,84292,2257,25
2025-01-21,Google Ads,Teeth Whitening,Clinic D,3182.83,31379,1808,33
2025-01-21,Meta Ads,General Dentistry,Clinic D,3038.53,44822,2665,32
2025-01-22,Meta Ads,Dental Implant,Clinic A,6432.36,106442,5071,26
2025-01-22,Instagram,Invisalign,Clinic A,9129.19,158408,6330,21
2025-01-22,Instagram,Root Canal,Clinic A,5115.85,82183,2911,18
2025-01-22,Meta Ads,Dental Crown,Clinic A,5683.34,89567,2332,25
2025-01-22,Google Ads,Teeth Whitening,Clinic A,3395.45,51486,3343,34
2025-01-22,Google Ads,General Dentistry,Clinic A,2883.47,38150,1127,30
2025-01-22,Google Ads,Dental Implant,Clinic B,8857.31,109989,4200,26
2025-01-22,Instagram,Invisalign,Clinic B,6351.5,68123,4160,15
2025-01-22,Meta Ads,Root Canal,Clinic B,5105.49,87770,4955,31
2025-01-22,Meta Ads,Dental Crown,Clinic B,4636.49,80300,3305,24
2025-01-22,Google Ads,Teeth Whitening,Clinic B,2931.82,49113,3111,33
2025-01-22,Google Ads,General Dentistry,Clinic B,4133.27,34269,920,39
2025-01-22,Meta Ads,Dental Implant,Clinic C,9775.11,132354,5840,29
2025-01-22,Meta Ads,Invisalign,Clinic C,6882.98,81536,2633,15
2025-01-22,Google Ads,Root Canal,Clinic C,6040.02,55155,1458,28
2025-01-22,Google Ads,Dental Crown,Clinic C,4053.39,72695,2615,23
2025-01-22,Google Ads,Teeth Whitening,Clinic C,3925.81,34972,1400,36
2025-01-22,Instagram,General Dentistry,Clinic C,3988.3,67400,3520,42
2025-01-22,Google Ads,Dental Implant,Clinic D,8994.42,136092,4864,27
2025-01-22,Google Ads,Invisalign,Clinic D,8202.25,128221,7208,21
2025-01-22,Meta Ads,Root Canal,Clinic D,6076.63,73934,2254,40
2025-01-22,Meta Ads,Dental Crown,Clinic D,4948.37,75754,3235,24
2025-01-22,Meta Ads,Teeth Whitening,Clinic D,3769.45,34965,1633,38
2025-01-22,Google Ads,General Dentistry,Clinic D,4973.28,59008,3286,45
2025-01-23,Meta Ads,Dental Implant,Clinic A,8531.66,91275,2829,25
2025-01-23,Meta Ads,Invisalign,Clinic A,10061.87,169241,7906,22
2025-01-23,Google Ads,Root Canal,Clinic A,6136.37,83690,5112,37
2025-01-23,Meta Ads,Dental Crown,Clinic A,6104.78,56988,3507,30
2025-01-23,Instagram,Teeth Whitening,Clinic A,2780.46,34813,1459,26
2025-01-23,Google Ads,General Dentistry,Clinic A,4054.29,54957,2881,37
2025-01-23,Instagram,Dental Implant,Clinic B,7961.3,73007,4567,24
2025-01-23,Google Ads,Invisalign,Clinic B,6448.03,79009,3553,14
2025-01-23,Meta Ads,Root Canal,Clinic B,5431.15,75960,2443,24
2025-01-23,Google Ads,Dental Crown,Clinic B,4312.86,68818,3666,21
2025-01-23,Google Ads,Teeth Whitening,Clinic B,2786.88,23776,1150,24
2025-01-23,Google Ads,General Dentistry,Clinic B,4267.16,63155,2264,41
2025-01-23,Instagram,Dental Implant,Clinic C,8019.81,132465,6344,23
2025-01-23,Google Ads,Invisalign,Clinic C,5316.9,81717,2297,17
2025-01-23,Instagram,Root Canal,Clinic C,8522.84,128239,4120,44
2025-01-23,Instagram,Dental Crown,Clinic C,4389.09,57964,3731,22
2025-01-23,Google Ads,Teeth Whitening,Clinic C,3455.85,56492,2609,33
2025-01-23,Google Ads,General Dentistry,Clinic C,5250.32,85686,4388,54
2025-01-23,Google Ads,Dental Implant,Clinic D,12618.22,213209,6691,44
2025-01-23,Google Ads,Invisalign,Clinic D,6848.63,67325,2268,12
2025-01-23,Meta Ads,Root Canal,Clinic D,8705.1,147767,5112,34
2025-01-23,Google Ads,Dental Crown,Clinic D,5961.36,81220,3562,27
2025-01-23,Meta Ads,Teeth Whitening,Clinic D,4351.34,52661,3192,39
2025-01-23,Google Ads,General Dentistry,Clinic D,4716.66,56114,2425,44
2025-01-24,Meta Ads,Dental Implant,Clinic A,10517.34,131544,6298,34
2025-01-24,Google Ads,Invisalign,Clinic A,5838.53,60436,1906,5
2025-01-24,Google Ads,Root Canal,Clinic A,7479.52,83230,3915,44
2025-01-24,Meta Ads,Dental Crown,Clinic A,5404.37,49939,1573,33
2025-01-24,Google Ads,Teeth Whitening,Clinic A,2754.89,34833,2021,28
2025-01-24,Instagram,General Dentistry,Clinic A,4714.79,66892,2334,49
2025-01-24,Instagram,Dental Implant,Clinic B,9760.8,138882,8719,29
2025-01-24,Google Ads,Invisalign,Clinic B,9898.32,96425,4200,23
2025-01-24,Google Ads,Root Canal,Clinic B,8098.59,81289,3031,44
2025-01-24,Google Ads,Dental Crown,Clinic B,6005.29,97669,6232,41
2025-01-24,Instagram,Teeth Whitening,Clinic B,3581.38,56931,2923,28
2025-01-24,Instagram,General Dentistry,Clinic B,2860.68,23632,605,22
2025-01-24,Meta Ads,Dental Implant,Clinic C,12379.37,128525,7650,39
2025-01-24,Instagram,Invisalign,Clinic C,6202.65,63028,3152,21
2025-01-24,Instagram,Root Canal,Clinic C,7871.8,107481,5587,42
2025-01-24,Meta Ads,Dental Crown,Clinic C,6425.9,76869,4701,37
2025-01-24,Meta Ads,Teeth Whitening,Clinic C,4092.37,49650,2894,40
2025-01-24,Instagram,General Dentistry,Clinic C,4191.1,66496,2898,43
2025-01-24,Meta Ads,Dental Implant,Clinic D,6928.93,64239,2038,19
2025-01-24,Meta Ads,Invisalign,Clinic D,8362.53,137724,6415,18
2025-01-24,Instagram,Root Canal,Clinic D,6196.01,103716,5020,35
2025-01-24,Google Ads,Dental Crown,Clinic D,5621.27,82937,4763,33
2025-01-24,Instagram,Teeth Whitening,Clinic D,3758.49,64899,3542,36
2025-01-24,Meta Ads,General Dentistry,Clinic D,4763.8,82395,2067,46
2025-01-25,Instagram,Dental Implant,Clinic A,9845.43,126758,4475,30
2025-01-25,Meta Ads,Invisalign,Clinic A,9351.5,141276,4318,26
2025-01-25,Google Ads,Root Canal,Clinic A,5523.47,80998,4922,24
2025-01-25,Meta Ads,Dental Crown,Clinic A,4271.19,56484,2551,28
2025-01-25,Meta Ads,Teeth Whitening,Clinic A,2187.2,22832,803,20
2025-01-25,Instagram,General Dentistry,Clinic A,5418.87,47218,1349,52
2025-01-25,Meta Ads,Dental Implant,Clinic B,10663.24,177246,9788,35
2025-01-25,Meta Ads,Invisalign,Clinic B,8460.46,112261,3995,25
2025-01-25,Meta Ads,Root Canal,Clinic B,5199.54,50522,2530,24
2025-01-25,Google Ads,Dental Crown,Clinic B,6309.32,100559,3780,31
2025-01-25,Meta Ads,Teeth Whitening,Clinic B,2391.97,41229,1249,18
2025-01-25,Google Ads,General Dentistry,Clinic B,3683.2,60711,3580,29
2025-01-25,Meta Ads,Dental Implant,Clinic C,7348.36,99183,3328,26
2025-01-25,Google Ads,Invisalign,Clinic C,6615.41,58932,2726,21
2025-01-25,Google Ads,Root Canal,Clinic C,7469.41,73965,2981,40
2025-01-25,Instagram,Dental Crown,Clinic C,4334.16,51229,2829,25
2025-01-25,Meta Ads,Teeth Whitening,Clinic C,4100.8,35239,2255,43
2025-01-25,Google Ads,General Dentistry,Clinic C,3558.56,57951,3680,33
2025-01-25,Google Ads,Dental Implant,Clinic D,10599.99,140756,4110,31
2025-01-25,Instagram,Invisalign,Clinic D,5770.79,74431,3350,19
2025-01-25,Meta Ads,Root Canal,Clinic D,9879.58,117898,3636,51
2025-01-25,Meta Ads,Dental Crown,Clinic D,5446.9,44770,1843,31
2025-01-25,Instagram,Teeth Whitening,Clinic D,3581.49,52727,2847,31
2025-01-25,Instagram,General Dentistry,Clinic D,4370.53,51363,2120,45
2025-01-26,Google Ads,Dental Implant,Clinic A,9358.26,120680,7615,30
2025-01-26,Google Ads,Invisalign,Clinic A,8121.75,124770,4204,21
2025-01-26,Meta Ads,Root Canal,Clinic A,6909.84,71296,2736,38
2025-01-26,Google Ads,Dental Crown,Clinic A,5579.51,99792,3123,24
2025-01-26,Meta Ads,Teeth Whitening,Clinic A,3424.06,36122,948,27
2025-01-26,Instagram,General Dentistry,Clinic A,5920.76,84091,2601,61
2025-01-26,Google Ads,Dental Implant,Clinic B,11061.67,156087,7463,39
2025-01-26,Meta Ads,Invisalign,Clinic B,9173.63,111112,5773,22
2025-01-26,Google Ads,Root Canal,Clinic B,5852.27,68089,3796,33
2025-01-26,Google Ads,Dental Crown,Clinic B,4432.93,53546,2549,22
2025-01-26,Google Ads,Teeth Whitening,Clinic B,4439.72,75070,2952,37
2025-01-26,Meta Ads,General Dentistry,Clinic B,3415.13,50576,1769,35
2025-01-26,Meta Ads,Dental Implant,Clinic C,8893.72,75963,4139,34
2025-01-26,Google Ads,Invisalign,Clinic C,7601.46,82904,4481,19
2025-01-26,Google Ads,Root Canal,Clinic C,6539.04,99671,5354,44
2025-01-26,Google Ads,Dental Crown,Clinic C,4765.27,45753,2899,22
2025-01-26,Instagram,Teeth Whitening,Clinic C,3212.08,37730,2294,29
2025-01-26,Google Ads,General Dentistry,Clinic C,3557.08,57808,3507,37
2025-01-26,Meta Ads,Dental Implant,Clinic D,6664.74,100443,4433,28
2025-01-26,Meta Ads,Invisalign,Clinic D,8593.24,120913,3336,24
2025-01-26,Meta Ads,Root Canal,Clinic D,6198.9,91699,5670,33
2025-01-26,Google Ads,Dental Crown,Clinic D,3560.82,56061,2703,22
2025-01-26,Google Ads,Teeth Whitening,Clinic D,4388.43,52305,3084,39
2025-01-26,Google Ads,General Dentistry,Clinic D,3921.4,34845,1489,34
2025-01-27,Meta Ads,Dental Implant,Clinic A,8702.85,86793,5208,25
2025-01-27,Meta Ads,Invisalign,Clinic A,7802.38,89056,3432,23
2025-01-27,Google Ads,Root Canal,Clinic A,5677.83,61775,1660,33
2025-01-27,Instagram,Dental Crown,Clinic A,4691.41,61962,2745,28
2025-01-27,Google Ads,Teeth Whitening,Clinic A,2867.31,35385,1008,26
2025-01-27,Meta Ads,General Dentistry,Clinic A,4612.4,69518,3325,44
2025-01-27,Google Ads,Dental Implant,Clinic B,10912.87,157939,4739,33
2025-01-27,Meta Ads,Invisalign,Clinic B,6265.62,97449,5672,18
2025-01-27,Google Ads,Root Canal,Clinic B,4931.67,42336,2517,31
2025-01-27,Meta Ads,Dental Crown,Clinic B,5306.24,69637,2235,21
2025-01-27,Google Ads,Teeth Whitening,Clinic B,3292.34,56270,3614,30
2025-01-27,Meta Ads,General Dentistry,Clinic B,3600.67,60118,2176,29
2025-01-27,Google Ads,Dental Implant,Clinic C,8240.05,140682,6869,29
2025-01-27,Meta Ads,Invisalign,Clinic C,9047.67,119771,4035,32
2025-01-27,Meta Ads,Root Canal,Clinic C,6420.06,61509,3933,27
2025-01-27,Google Ads,Dental Crown,Clinic C,4432.86,46812,1959,27
2025-01-27,Meta Ads,Teeth Whitening,Clinic C,3981.52,33731,2132,37
2025-01-27,Google Ads,General Dentistry,Clinic C,3780.69,62035,3690,40
2025-01-27,Meta Ads,Dental Implant,Clinic D,11133.56,186379,10163,35
2025-01-27,Instagram,Invisalign,Clinic D,10140.37,139111,6194,33
2025-01-27,Meta Ads,Root Canal,Clinic D,8442.55,146413,5845,46
2025-01-27,Google Ads,Dental Crown,Clinic D,5017.05,46728,2506,26
2025-01-27,Meta Ads,Teeth Whitening,Clinic D,3729.13,49754,2530,40
2025-01-27,Meta Ads,General Dentistry,Clinic D,4856.19,64885,1908,49
2025-01-28,Google Ads,Dental Implant,Clinic A,8885.79,91083,3926,20
2025-01-28,Google Ads,Invisalign,Clinic A,9156.46,163495,5305,22
2025-01-28,Google Ads,Root Canal,Clinic A,5097.34,51180,1549,24
2025-01-28,Instagram,Dental Crown,Clinic A,3805.42,40264,1956,24
2025-01-28,Meta Ads,Teeth Whitening,Clinic A,3011.36,32842,936,22
2025-01-28,Google Ads,General Dentistry,Clinic A,6194.99,75376,4849,63
2025-01-28,Meta Ads,Dental Implant,Clinic B,8085.62,99556,2490,30
2025-01-28,Google Ads,Invisalign,Clinic B,7086.7,116121,6031,18
2025-01-28,Instagram,Root Canal,Clinic B,4065.02,43244,1834,21
2025-01-28,Google Ads,Dental Crown,Clinic B,5293.37,83845,3170,32
2025-01-28,Meta Ads,Teeth Whitening,Clinic B,2867.69,43718,2194,30
2025-01-28,Google Ads,General Dentistry,Clinic B,5617.77,73460,2575,62
2025-01-28,Google Ads,Dental Implant,Clinic C,9665.98,161340,7025,28
2025-01-28,Google Ads,Invisalign,Clinic C,7243.59,100973,2828,24
2025-01-28,Meta Ads,Root Canal,Clinic C,3739.16,64868,2896,14
2025-01-28,Google Ads,Dental Crown,Clinic C,6970.63,118116,6161,41
2025-01-28,Meta Ads,Teeth Whitening,Clinic C,3051.42,45785,2312,30
2025-01-28,Google Ads,General Dentistry,Clinic C,4798.39,84985,4634,45
2025-01-28,Meta Ads,Dental Implant,Clinic D,8173.28,113262,2973,24
2025-01-28,Meta Ads,Invisalign,Clinic D,7618.27,85338,2496,17
2025-01-28,Meta Ads,Root Canal,Clinic D,6010.51,74795,3635,31
2025-01-28,Google Ads,Dental Crown,Clinic D,3482.37,36900,2096,22
2025-01-28,Google Ads,Teeth Whitening,Clinic D,4240.15,72521,2727,36
2025-01-28,Google Ads,General Dentistry,Clinic D,5946.35,82522,4334,60
2025-01-29,Meta Ads,Dental Implant,Clinic A,8774.21,110096,4762,24
2025-01-29,Instagram,Invisalign,Clinic A,9491.09,160998,4350,20
2025-01-29,Meta Ads,Root Canal,Clinic A,5655.71,63655,2382,32
2025-01-29,Google Ads,Dental Crown,Clinic A,4554.28,49658,3103,22
2025-01-29,Meta Ads,Teeth Whitening,Clinic A,3886.79,66964,2754,33
2025-01-29,Google Ads,General Dentistry,Clinic A,3667.56,36727,1169,33
2025-01-29,Meta Ads,Dental Implant,Clinic B,8728.79,71116,2612,25
2025-01-29,Meta Ads,Invisalign,Clinic B,3838.28,30803,1534,6
2025-01-29,Meta Ads,Root Canal,Clinic B,5750.23,53369,2273,34
2025-01-29,Google Ads,Dental Crown,Clinic B,4280.4,40157,1710,26
2025-01-29,Meta Ads,Teeth Whitening,Clinic B,3120.34,38664,2454,26
2025-01-29,Instagram,General Dentistry,Clinic B,5282.37,53009,2119,55
2025-01-29,Meta Ads,Dental Implant,Clinic C,7895.92,99301,3128,28
2025-01-29,Meta Ads,Invisalign,Clinic C,8864.27,135833,4260,27
2025-01-29,Meta Ads,Root Canal,Clinic C,7628.89,80172,3529,38
2025-01-29,Meta Ads,Dental Crown,Clinic C,3748.69,36017,1889,21
2025-01-29,Google Ads,Teeth Whitening,Clinic C,4474.17,46224,1394,31
2025-01-29,Meta Ads,General Dentistry,Clinic C,3775.7,38148,1672,36
2025-01-29,Google Ads,Dental Implant,Clinic D,7110.36,119048,5009,20
2025-01-29,Meta Ads,Invisalign,Clinic D,7433.62,119949,5589,22
2025-01-29,Meta Ads,Root Canal,Clinic D,5275.22,65160,1865,25
2025-01-29,Instagram,Dental Crown,Clinic D,5280.8,91850,2840,27
2025-01-29,Google Ads,Teeth Whitening,Clinic D,4082.14,34183,951,41
2025-01-29,Google Ads,General Dentistry,Clinic D,3980.89,55271,2138,40
2025-01-30,Meta Ads,Dental Implant,Clinic A,10065.32,84310,5302,36
2025-01-30,Meta Ads,Invisalign,Clinic A,8353.8,107272,5812,27
2025-01-30,Google Ads,Root Canal,Clinic A,6521.57,62207,3067,35
2025-01-30,Google Ads,Dental Crown,Clinic A,6155.03,54819,1452,30
2025-01-30,Meta Ads,Teeth Whitening,Clinic A,3066.96,33970,1684,22
2025-01-30,Google Ads,General Dentistry,Clinic A,4799.48,78524,4812,48
2025-01-30,Instagram,Dental Implant,Clinic B,10972.47,142074,5084,34
2025-01-30,Meta Ads,Invisalign,Clinic B,7368.25,110864,4046,19
2025-01-30,Google Ads,Root Canal,Clinic B,5814.49,98439,4194,36
2025-01-30,Google Ads,Dental Crown,Clinic B,6073.99,49230,2618,32
2025-01-30,Google Ads,Teeth Whitening,Clinic B,3318.01,37790,2021,33
2025-01-30,Meta Ads,General Dentistry,Clinic B,3334.34,47025,1277,37
2025-01-30,Instagram,Dental Implant,Clinic C,5995.01,99563,3780,18
2025-01-30,Instagram,Invisalign,Clinic C,9513.4,90553,4472,32
2025-01-30,Google Ads,Root Canal,Clinic C,5965.2,69126,3046,32
2025-01-30,Meta Ads,Dental Crown,Clinic C,6203.61,64764,2233,37
2025-01-30,Google Ads,Teeth Whitening,Clinic C,3114.88,52087,3318,27
2025-01-30,Meta Ads,General Dentistry,Clinic C,3626.55,38301,2047,29
2025-01-30,Google Ads,Dental Implant,Clinic D,6558.06,63520,2991,25
2025-01-30,Google Ads,Invisalign,Clinic D,8745.33,146234,6784,26
2025-01-30,Instagram,Root Canal,Clinic D,7027.92,105718,2867,33
2025-01-30,Google Ads,Dental Crown,Clinic D,5054.87,73226,4680,25
2025-01-30,Meta Ads,Teeth Whitening,Clinic D,3958.29,57828,3601,36
2025-01-30,Meta Ads,General Dentistry,Clinic D,5185.88,70140,2662,57
2025-01-31,Instagram,Dental Implant,Clinic A,7810.88,118104,5534,24
2025-01-31,Google Ads,Invisalign,Clinic A,7430.46,64182,1644,23
2025-01-31,Instagram,Root Canal,Clinic A,4931.46,67418,3001,24
2025-01-31,Instagram,Dental Crown,Clinic A,4706.31,70486,2853,28
2025-01-31,Google Ads,Teeth Whitening,Clinic A,4390.59,58745,3242,34
2025-01-31,Google Ads,General Dentistry,Clinic A,5378.46,43197,2157,52
2025-01-31,Meta Ads,Dental Implant,Clinic B,10458.17,160605,7908,33
2025-01-31,Google Ads,Invisalign,Clinic B,9378.75,143486,6886,28
2025-01-31,Meta Ads,Root Canal,Clinic B,7788.77,112072,4026,43
2025-01-31,Meta Ads,Dental Crown,Clinic B,5231.53,68586,2719,31
2025-01-31,Google Ads,Teeth Whitening,Clinic B,3957.0,37862,1160,42
2025-01-31,Google Ads,General Dentistry,Clinic B,3571.18,29292,1127,40
2025-01-31,Meta Ads,Dental Implant,Clinic C,10134.54,125634,5899,28
2025-01-31,Meta Ads,Invisalign,Clinic C,7016.75,95967,3925,19
2025-01-31,Google Ads,Root Canal,Clinic C,6839.02,74139,3451,37
2025-01-31,Instagram,Dental Crown,Clinic C,5387.15,96064,3683,37
2025-01-31,Google Ads,Teeth Whitening,Clinic C,4264.25,48484,1411,35
2025-01-31,Meta Ads,General Dentistry,Clinic C,4926.73,85737,4413,47
2025-01-31,Google Ads,Dental Implant,Clinic D,6821.43,114653,5918,21
2025-01-31,Google Ads,Invisalign,Clinic D,8896.79,142111,8785,16
2025-01-31,Google Ads,Root Canal,Clinic D,6300.34,81092,5255,25
2025-01-31,Google Ads,Dental Crown,Clinic D,3547.7,38580,1097,22
2025-01-31,Meta Ads,Teeth Whitening,Clinic D,3373.57,56825,2520,37
2025-01-31,Google Ads,General Dentistry,Clinic D,3827.56,42735,2764,35
2025-02-01,Google Ads,Dental Implant,Clinic A,6135.17,57887,2942,21
2025-02-01,Meta Ads,Invisalign,Clinic A,4969.72,78489,2314,14
2025-02-01,Google Ads,Root Canal,Clinic A,8257.62,96634,5720,44
2025-02-01,Meta Ads,Dental Crown,Clinic A,4612.05,66681,3983,29
2025-02-01,Meta Ads,Teeth Whitening,Clinic A,2910.53,47031,2600,28
2025-02-01,Instagram,General Dentistry,Clinic A,5043.0,48524,2792,51
2025-02-01,Instagram,Dental Implant,Clinic B,9701.05,167488,4820,37
2025-02-01,Google Ads,Invisalign,Clinic B,7532.15,116658,6417,18
2025-02-01,Google Ads,Root Canal,Clinic B,8117.05,143411,7156,42
2025-02-01,Meta Ads,Dental Crown,Clinic B,7152.02,64291,2506,32
2025-02-01,Meta Ads,Teeth Whitening,Clinic B,2969.34,52592,1325,21
2025-02-01,Google Ads,General Dentistry,Clinic B,3189.41,47090,1740,34
2025-02-01,Meta Ads,Dental Implant,Clinic C,9686.94,82327,4676,36
2025-02-01,Google Ads,Invisalign,Clinic C,10034.41,160925,7279,33
2025-02-01,Google Ads,Root Canal,Clinic C,9815.44,159161,5284,56
2025-02-01,Meta Ads,Dental Crown,Clinic C,6206.55,70488,3760,31
2025-02-01,Meta Ads,Teeth Whitening,Clinic C,4804.62,72442,3805,47
2025-02-01,Meta Ads,General Dentistry,Clinic C,4163.61,42249,2696,43
2025-02-01,Meta Ads,Dental Implant,Clinic D,9699.92,170367,4348,34
2025-02-01,Google Ads,Invisalign,Clinic D,9673.2,173277,6550,27
2025-02-01,Google Ads,Root Canal,Clinic D,6821.82,86394,5108,35
2025-02-01,Google Ads,Dental Crown,Clinic D,5129.14,63379,2830,26
2025-02-01,Instagram,Teeth Whitening,Clinic D,4392.37,37726,1666,39
2025-02-01,Meta Ads,General Dentistry,Clinic D,4223.41,65023,2103,39
2025-02-02,Google Ads,Dental Implant,Clinic A,10249.91,160200,8982,32
2025-02-02,Google Ads,Invisalign,Clinic A,10401.4,122517,5654,32
2025-02-02,Google Ads,Root Canal,Clinic A,8096.5,122922,3211,39
2025-02-02,Instagram,Dental Crown,Clinic A,5399.54,70836,3185,28
2025-02-02,Google Ads,Teeth Whitening,Clinic A,2509.46,43043,1367,26
2025-02-02,Meta Ads,General Dentistry,Clinic A,5976.32,57229,2331,56
2025-02-02,Google Ads,Dental Implant,Clinic B,8993.09,78379,2014,30
2025-02-02,Meta Ads,Invisalign,Clinic B,8732.32,75656,2894,34
2025-02-02,Google Ads,Root Canal,Clinic B,5719.71,78529,2862,36
2025-02-02,Meta Ads,Dental Crown,Clinic B,4119.41,62511,3529,24
2025-02-02,Meta Ads,Teeth Whitening,Clinic B,3476.39,31434,1269,31
2025-02-02,Google Ads,General Dentistry,Clinic B,4061.38,57502,1975,41
2025-02-02,Google Ads,Dental Implant,Clinic C,11055.8,152371,7956,31
2025-02-02,Instagram,Invisalign,Clinic C,7440.11,79298,3842,15
2025-02-02,Google Ads,Root Canal,Clinic C,7993.67,107990,6320,42
2025-02-02,Meta Ads,Dental Crown,Clinic C,6324.87,80250,4269,35
2025-02-02,Google Ads,Teeth Whitening,Clinic C,3301.26,35758,1469,32
2025-02-02,Instagram,General Dentistry,Clinic C,4147.98,55656,2449,44
2025-02-02,Meta Ads,Dental Implant,Clinic D,8874.01,154994,8120,28
2025-02-02,Meta Ads,Invisalign,Clinic D,7842.08,99937,3935,24
2025-02-02,Google Ads,Root Canal,Clinic D,6827.86,110193,2965,36
2025-02-02,Google Ads,Dental Crown,Clinic D,3461.96,32892,1530,22
2025-02-02,Meta Ads,Teeth Whitening,Clinic D,2650.48,46552,2227,28
2025-02-02,Meta Ads,General Dentistry,Clinic D,3931.19,47906,2991,31
2025-02-03,Meta Ads,Dental Implant,Clinic A,8562.95,73272,3346,26
2025-02-03,Google Ads,Invisalign,Clinic A,7640.84,120086,5459,20
2025-02-03,Meta Ads,Root Canal,Clinic A,7975.42,106724,3043,40
2025-02-03,Google Ads,Dental Crown,Clinic A,6916.64,119511,3865,42
2025-02-03,Meta Ads,Teeth Whitening,Clinic A,3787.99,50202,1684,35
2025-02-03,Meta Ads,General Dentistry,Clinic A,4881.26,62695,1991,47
2025-02-03,Meta Ads,Dental Implant,Clinic B,9805.31,100280,3959,32
2025-02-03,Google Ads,Invisalign,Clinic B,7179.68,107432,4946,23
2025-02-03,Meta Ads,Root Canal,Clinic B,7134.48,68480,2316,42
2025-02-03,Meta Ads,Dental Crown,Clinic B,4818.7,43700,1997,27
2025-02-03,Google Ads,Teeth Whitening,Clinic B,2730.22,40436,2030,24
2025-02-03,Meta Ads,General Dentistry,Clinic B,3428.63,29256,1576,35
2025-02-03,Google Ads,Dental Implant,Clinic C,7828.82,74297,2700,22
2025-02-03,Meta Ads,Invisalign,Clinic C,11156.99,110608,5359,41
2025-02-03,Meta Ads,Root Canal,Clinic C,5219.11,68015,3131,25
2025-02-03,Meta Ads,Dental Crown,Clinic C,6473.67,66708,3617,39
2025-02-03,Meta Ads,Teeth Whitening,Clinic C,4736.16,61629,2836,39
2025-02-03,Google Ads,General Dentistry,Clinic C,4228.57,55735,2262,47
2025-02-03,Meta Ads,Dental Implant,Clinic D,8766.84,128756,8052,27
2025-02-03,Meta Ads,Invisalign,Clinic D,6431.46,59371,2079,25
2025-02-03,Google Ads,Root Canal,Clinic D,8761.25,124292,5372,41
2025-02-03,Google Ads,Dental Crown,Clinic D,3589.99,35699,1869,23
2025-02-03,Meta Ads,Teeth Whitening,Clinic D,3102.94,37281,1725,27
2025-02-03,Instagram,General Dentistry,Clinic D,5542.92,55575,2990,59
2025-02-04,Meta Ads,Dental Implant,Clinic A,8152.64,107195,3578,29
2025-02-04,Google Ads,Invisalign,Clinic A,8736.72,133539,3704,28
2025-02-04,Meta Ads,Root Canal,Clinic A,2891.75,35066,2071,12
2025-02-04,Google Ads,Dental Crown,Clinic A,4553.87,44189,1317,18
2025-02-04,Meta Ads,Teeth Whitening,Clinic A,4489.33,47037,1617,48
2025-02-04,Instagram,General Dentistry,Clinic A,5417.28,63843,3750,55
2025-02-04,Meta Ads,Dental Implant,Clinic B,11130.83,192076,6444,33
2025-02-04,Meta Ads,Invisalign,Clinic B,7069.1,85276,4351,20
2025-02-04,Google Ads,Root Canal,Clinic B,6450.83,76376,3723,28
2025-02-04,Google Ads,Dental Crown,Clinic B,5713.0,51797,2397,28
2025-02-04,Google Ads,Teeth Whitening,Clinic B,4305.4,39974,1518,35
2025-02-04,Meta Ads,General Dentistry,Clinic B,3741.71,35771,1005,46
2025-02-04,Google Ads,Dental Implant,Clinic C,9545.99,158079,5633,32
2025-02-04,Google Ads,Invisalign,Clinic C,8068.73,98717,3051,27
2025-02-04,Google Ads,Root Canal,Clinic C,8401.67,114056,6610,50
2025-02-04,Meta Ads,Dental Crown,Clinic C,3275.41,32106,804,17
2025-02-04,Google Ads,Teeth Whitening,Clinic C,4066.51,54105,3024,45
2025-02-04,Google Ads,General Dentistry,Clinic C,5280.3,60142,2029,59
2025-02-04,Meta Ads,Dental Implant,Clinic D,8922.24,134729,7696,32
2025-02-04,Google Ads,Invisalign,Clinic D,8498.76,71625,4425,23
2025-02-04,Meta Ads,Root Canal,Clinic D,7559.14,73131,4473,46
2025-02-04,Google Ads,Dental Crown,Clinic D,7785.08,130049,3366,48
2025-02-04,Google Ads,Teeth Whitening,Clinic D,2691.9,37058,2086,26
2025-02-04,Google Ads,General Dentistry,Clinic D,5090.35,54131,1387,53
2025-02-05,Google Ads,Dental Implant,Clinic A,8428.54,138151,6479,32
2025-02-05,Google Ads,Invisalign,Clinic A,8689.82,100089,2853,31
2025-02-05,Google Ads,Root Canal,Clinic A,7161.23,109421,5496,33
2025-02-05,Google Ads,Dental Crown,Clinic A,6578.22,96032,5370,34
2025-02-05,Google Ads,Teeth Whitening,Clinic A,3708.92,37746,2191,33
2025-02-05,Meta Ads,General Dentistry,Clinic A,4226.21,55370,2146,37
2025-02-05,Google Ads,Dental Implant,Clinic B,9850.38,146584,6414,26
2025-02-05,Instagram,Invisalign,Clinic B,8776.66,111960,2865,26
2025-02-05,Meta Ads,Root Canal,Clinic B,6678.06,91349,5846,40
2025-02-05,Google Ads,Dental Crown,Clinic B,5021.49,63457,1955,33
2025-02-05,Meta Ads,Teeth Whitening,Clinic B,3330.56,52074,2512,35
2025-02-05,Google Ads,General Dentistry,Clinic B,4677.8,78509,2846,48
2025-02-05,Instagram,Dental Implant,Clinic C,8073.4,69261,4212,24
2025-02-05,Meta Ads,Invisalign,Clinic C,7817.65,95777,4024,28
2025-02-05,Google Ads,Root Canal,Clinic C,5794.15,84524,3850,31
2025-02-05,Meta Ads,Dental Crown,Clinic C,4536.34,46022,2374,31
2025-02-05,Google Ads,Teeth Whitening,Clinic C,3532.85,42186,2532,30
2025-02-05,Meta Ads,General Dentistry,Clinic C,5452.16,61917,3921,56
2025-02-05,Google Ads,Dental Implant,Clinic D,9182.55,142276,8985,29
2025-02-05,Google Ads,Invisalign,Clinic D,10138.62,96150,5684,30
2025-02-05,Google Ads,Root Canal,Clinic D,6034.26,61726,2723,32
2025-02-05,Google Ads,Dental Crown,Clinic D,4907.76,62507,3575,31
2025-02-05,Google Ads,Teeth Whitening,Clinic D,5212.55,73348,3740,40
2025-02-05,Meta Ads,General Dentistry,Clinic D,3053.96,52532,3050,28
2025-02-06,Google Ads,Dental Implant,Clinic A,6115.67,88232,3979,20
2025-02-06,Google Ads,Invisalign,Clinic A,6648.57,70490,1852,22
2025-02-06,Meta Ads,Root Canal,Clinic A,5902.52,87110,3381,41
2025-02-06,Meta Ads,Dental Crown,Clinic A,3683.94,57102,2459,21
2025-02-06,Google Ads,Teeth Whitening,Clinic A,2922.1,45626,1965,27
2025-02-06,Meta Ads,General Dentistry,Clinic A,4238.63,41539,1140,38
2025-02-06,Instagram,Dental Implant,Clinic B,7523.16,78703,2610,29
2025-02-06,Google Ads,Invisalign,Clinic B,9397.04,128569,6991,33
2025-02-06,Google Ads,Root Canal,Clinic B,5511.35,76481,4766,27
2025-02-06,Meta Ads,Dental Crown,Clinic B,6822.18,122274,5587,40
2025-02-06,Meta Ads,Teeth Whitening,Clinic B,3100.29,53779,1585,28
2025-02-06,Meta Ads,General Dentistry,Clinic B,4780.52,47828,1463,46
2025-02-06,Google Ads,Dental Implant,Clinic C,11172.35,174557,6655,37
2025-02-06,Google Ads,Invisalign,Clinic C,10088.79,167680,7360,37
2025-02-06,Instagram,Root Canal,Clinic C,6943.71,76678,4337,35
2025-02-06,Meta Ads,Dental Crown,Clinic C,4704.75,70641,4164,27
2025-02-06,Meta Ads,Teeth Whitening,Clinic C,4668.22,46519,1565,45
2025-02-06,Google Ads,General Dentistry,Clinic C,4199.13,46145,2852,43
2025-02-06,Meta Ads,Dental Implant,Clinic D,8471.63,127274,6061,35
2025-02-06,Google Ads,Invisalign,Clinic D,6004.78,54881,2127,26
2025-02-06,Instagram,Root Canal,Clinic D,7502.57,70466,2063,45
2025-02-06,Google Ads,Dental Crown,Clinic D,5826.74,97732,5925,25
2025-02-06,Meta Ads,Teeth Whitening,Clinic D,2538.66,44120,2287,24
2025-02-06,Meta Ads,General Dentistry,Clinic D,5097.26,49362,1329,49
2025-02-07,Google Ads,Dental Implant,Clinic A,7394.84,106400,5089,28
2025-02-07,Google Ads,Invisalign,Clinic A,7083.8,86540,2794,19
2025-02-07,Google Ads,Root Canal,Clinic A,5763.94,82184,4791,32
2025-02-07,Instagram,Dental Crown,Clinic A,6286.38,78879,3518,36
2025-02-07,Meta Ads,Teeth Whitening,Clinic A,4261.82,67565,3356,43
2025-02-07,Instagram,General Dentistry,Clinic A,4814.11,74639,4071,48
2025-02-07,Meta Ads,Dental Implant,Clinic B,7303.89,64491,2426,26
2025-02-07,Meta Ads,Invisalign,Clinic B,7128.79,108993,3343,23
2025-02-07,Google Ads,Root Canal,Clinic B,6029.49,73357,2064,41
2025-02-07,Meta Ads,Dental Crown,Clinic B,3465.42,58630,2081,16
2025-02-07,Instagram,Teeth Whitening,Clinic B,4870.05,67843,3539,43
2025-02-07,Google Ads,General Dentistry,Clinic B,4285.76,38319,2456,44
2025-02-07,Meta Ads,Dental Implant,Clinic C,10693.63,130616,5283,37
2025-02-07,Instagram,Invisalign,Clinic C,6974.62,77266,4631,19
2025-02-07,Google Ads,Root Canal,Clinic C,5348.5,82675,3768,31
2025-02-07,Meta Ads,Dental Crown,Clinic C,4404.09,38020,2206,22
2025-02-07,Meta Ads,Teeth Whitening,Clinic C,4020.8,65687,2004,34
2025-02-07,Meta Ads,General Dentistry,Clinic C,4264.77,52462,2571,35
2025-02-07,Google Ads,Dental Implant,Clinic D,9349.29,164600,8512,29
2025-02-07,Meta Ads,Invisalign,Clinic D,8578.34,121047,6022,20
2025-02-07,Instagram,Root Canal,Clinic D,7581.72,84410,3023,42
2025-02-07,Google Ads,Dental Crown,Clinic D,5644.37,64463,1975,35
2025-02-07,Meta Ads,Teeth Whitening,Clinic D,2742.15,25897,1600,23
2025-02-07,Google Ads,General Dentistry,Clinic D,5584.42,67464,2975,50
2025-02-08,Meta Ads,Dental Implant,Clinic A,6849.28,80075,3519,15
2025-02-08,Google Ads,Invisalign,Clinic A,8960.45,97329,4971,25
2025-02-08,Meta Ads,Root Canal,Clinic A,6258.63,60116,3600,39
2025-02-08,Meta Ads,Dental Crown,Clinic A,6147.93,109198,4518,34
2025-02-08,Google Ads,Teeth Whitening,Clinic A,3319.21,29400,1151,36
2025-02-08,Meta Ads,General Dentistry,Clinic A,5097.4,48253,1677,52
2025-02-08,Google Ads,Dental Implant,Clinic B,11745.79,166660,8777,44
2025-02-08,Meta Ads,Invisalign,Clinic B,8350.46,90277,2530,21
2025-02-08,Google Ads,Root Canal,Clinic B,5864.12,97422,4526,24
2025-02-08,Google Ads,Dental Crown,Clinic B,5586.97,66420,2730,23
2025-02-08,Google Ads,Teeth Whitening,Clinic B,4040.92,34871,1612,42
2025-02-08,Google Ads,General Dentistry,Clinic B,5132.44,59662,3017,48
2025-02-08,Google Ads,Dental Implant,Clinic C,9012.05,74312,3455,33
2025-02-08,Google Ads,Invisalign,Clinic C,8602.23,88291,2962,19
2025-02-08,Meta Ads,Root Canal,Clinic C,6025.42,72802,1971,30
2025-02-08,Instagram,Dental Crown,Clinic C,4736.7,48534,3072,26
2025-02-08,Meta Ads,Teeth Whitening,Clinic C,2623.75,31930,1068,19
2025-02-08,Meta Ads,General Dentistry,Clinic C,5841.9,61595,1543,58
2025-02-08,Instagram,Dental Implant,Clinic D,7651.69,69152,2931,25
2025-02-08,Meta Ads,Invisalign,Clinic D,9725.21,109803,2945,26
2025-02-08,Google Ads,Root Canal,Clinic D,7294.05,131145,5828,35
2025-02-08,Google Ads,Dental Crown,Clinic D,4704.33,50460,2251,30
2025-02-08,Meta Ads,Teeth Whitening,Clinic D,3234.9,40250,2347,23
2025-02-08,Meta Ads,General Dentistry,Clinic D,5069.55,70602,2138,54
2025-02-09,Meta Ads,Dental Implant,Clinic A,11533.5,182084,6822,41
2025-02-09,Google Ads,Invisalign,Clinic A,5047.03,53424,2995,16
2025-02-09,Meta Ads,Root Canal,Clinic A,7107.86,79020,3009,40
2025-02-09,Meta Ads,Dental Crown,Clinic A,4587.08,71830,2674,29
2025-02-09,Google Ads,Teeth Whitening,Clinic A,4004.64,40375,2345,40
2025-02-09,Meta Ads,General Dentistry,Clinic A,4384.73,49487,2919,49
2025-02-09,Meta Ads,Dental Implant,Clinic B,8862.09,157357,6320,30
2025-02-09,Google Ads,Invisalign,Clinic B,7952.61,92686,2907,20
2025-02-09,Meta Ads,Root Canal,Clinic B,6205.71,80528,3875,34
2025-02-09,Google Ads,Dental Crown,Clinic B,4933.21,87948,3237,30
2025-02-09,Google Ads,Teeth Whitening,Clinic B,4285.68,50930,1650,40
2025-02-09,Meta Ads,General Dentistry,Clinic B,5225.82,55515,2625,49
2025-02-09,Instagram,Dental Implant,Clinic C,9881.97,105285,5414,30
2025-02-09,Google Ads,Invisalign,Clinic C,8474.49,118209,4853,21
2025-02-09,Google Ads,Root Canal,Clinic C,5118.03,59342,2874,26
2025-02-09,Instagram,Dental Crown,Clinic C,3737.15,65259,1699,20
2025-02-09,Meta Ads,Teeth Whitening,Clinic C,4052.19,45839,1932,33
2025-02-09,Meta Ads,General Dentistry,Clinic C,3872.62,47592,1969,32
2025-02-09,Google Ads,Dental Implant,Clinic D,7046.96,60440,3260,23
2025-02-09,Meta Ads,Invisalign,Clinic D,8688.71,153686,3851,29
2025-02-09,Google Ads,Root Canal,Clinic D,5264.04,84224,3289,22
2025-02-09,Meta Ads,Dental Crown,Clinic D,5964.4,84447,3399,34
2025-02-09,Meta Ads,Teeth Whitening,Clinic D,5328.91,60491,1516,54
2025-02-09,Google Ads,General Dentistry,Clinic D,4007.46,40019,2570,38
2025-02-10,Google Ads,Dental Implant,Clinic A,13563.39,184466,4960,49
2025-02-10,Meta Ads,Invisalign,Clinic A,8323.71,133498,4001,18
2025-02-10,Meta Ads,Root Canal,Clinic A,5413.12,94491,3548,24
2025-02-10,Meta Ads,Dental Crown,Clinic A,4287.16,75045,2517,23
2025-02-10,Google Ads,Teeth Whitening,Clinic A,3482.19,32881,1650,22
2025-02-10,Meta Ads,General Dentistry,Clinic A,5374.37,70623,4140,49
2025-02-10,Meta Ads,Dental Implant,Clinic B,9066.91,93734,5800,19
2025-02-10,Google Ads,Invisalign,Clinic B,6142.37,91038,4843,16
2025-02-10,Meta Ads,Root Canal,Clinic B,8140.77,109866,6316,40
2025-02-10,Google Ads,Dental Crown,Clinic B,3936.6,62605,1947,21
2025-02-10,Google Ads,Teeth Whitening,Clinic B,3482.44,62168,2680,34
2025-02-10,Meta Ads,General Dentistry,Clinic B,3797.66,35426,1822,41
2025-02-10,Meta Ads,Dental Implant,Clinic C,6837.8,96913,5370,23
2025-02-10,Google Ads,Invisalign,Clinic C,4222.75,65658,3216,9
2025-02-10,Google Ads,Root Canal,Clinic C,8169.76,66989,2214,44
2025-02-10,Meta Ads,Dental Crown,Clinic C,4646.31,45678,1288,26
2025-02-10,Meta Ads,Teeth Whitening,Clinic C,2876.94,36501,941,28
2025-02-10,Google Ads,General Dentistry,Clinic C,4175.16,42796,2448,40
2025-02-10,Instagram,Dental Implant,Clinic D,8336.03,119052,6472,28
2025-02-10,Google Ads,Invisalign,Clinic D,7136.62,79268,3625,13
2025-02-10,Google Ads,Root Canal,Clinic D,8452.23,106577,3561,42
2025-02-10,Meta Ads,Dental Crown,Clinic D,3789.5,43868,1605,13
2025-02-10,Meta Ads,Teeth Whitening,Clinic D,3861.49,49492,2986,32
2025-02-10,Instagram,General Dentistry,Clinic D,3624.28,47306,1694,34
2025-02-11,Google Ads,Dental Implant,Clinic A,7599.78,98688,4943,16
2025-02-11,Google Ads,Invisalign,Clinic A,6967.76,105244,6134,17
2025-02-11,Meta Ads,Root Canal,Clinic A,7595.39,84999,4852,39
2025-02-11,Meta Ads,Dental Crown,Clinic A,4956.13,60324,1903,28
2025-02-11,Google Ads,Teeth Whitening,Clinic A,3330.13,47303,2605,34
2025-02-11,Google Ads,General Dentistry,Clinic A,5060.65,46917,1232,51
2025-02-11,Meta Ads,Dental Implant,Clinic B,9423.59,115006,6419,30
2025-02-11,Meta Ads,Invisalign,Clinic B,10843.69,123124,7751,32
2025-02-11,Google Ads,Root Canal,Clinic B,8344.72,119851,7770,40
2025-02-11,Meta Ads,Dental Crown,Clinic B,4502.21,40818,1610,23
2025-02-11,Google Ads,Teeth Whitening,Clinic B,4107.13,73498,3039,38
2025-02-11,Meta Ads,General Dentistry,Clinic B,5482.51,48811,1444,63
2025-02-11,Instagram,Dental Implant,Clinic C,10921.27,176354,5002,41
2025-02-11,Google Ads,Invisalign,Clinic C,9102.95,92389,4867,21
2025-02-11,Google Ads,Root Canal,Clinic C,8015.51,92031,3245,41
2025-02-11,Meta Ads,Dental Crown,Clinic C,4225.97,54876,2135,30
2025-02-11,Meta Ads,Teeth Whitening,Clinic C,2164.96,29694,933,23
2025-02-11,Google Ads,General Dentistry,Clinic C,3885.4,56760,3235,39
2025-02-11,Instagram,Dental Implant,Clinic D,9077.05,87569,3047,28
2025-02-11,Meta Ads,Invisalign,Clinic D,6950.4,81447,2307,17
2025-02-11,Google Ads,Root Canal,Clinic D,6021.49,100601,3703,29
2025-02-11,Google Ads,Dental Crown,Clinic D,5450.09,96458,5281,27
2025-02-11,Meta Ads,Teeth Whitening,Clinic D,3067.13,46964,2584,31
2025-02-11,Google Ads,General Dentistry,Clinic D,3002.47,34756,1678,32
2025-02-12,Google Ads,Dental Implant,Clinic A,8576.87,122150,6005,28
2025-02-12,Meta Ads,Invisalign,Clinic A,11500.8,154600,7107,38
2025-02-12,Instagram,Root Canal,Clinic A,6075.8,95174,3336,41
2025-02-12,Google Ads,Dental Crown,Clinic A,4722.98,51646,2158,26
2025-02-12,Meta Ads,Teeth Whitening,Clinic A,2146.28,24537,614,22
2025-02-12,Instagram,General Dentistry,Clinic A,3966.01,32531,2058,34
2025-02-12,Meta Ads,Dental Implant,Clinic B,8520.97,126911,6288,32
2025-02-12,Google Ads,Invisalign,Clinic B,8354.38,138993,3568,25
2025-02-12,Google Ads,Root Canal,Clinic B,6992.68,62404,3885,31
2025-02-12,Meta Ads,Dental Crown,Clinic B,5317.56,76091,2575,34
2025-02-12,Instagram,Teeth Whitening,Clinic B,2867.43,48220,2871,33
2025-02-12,Google Ads,General Dentistry,Clinic B,4332.8,52953,1504,45
2025-02-12,Meta Ads,Dental Implant,Clinic C,10457.81,165318,10071,35
2025-02-12,Instagram,Invisalign,Clinic C,7676.39,66793,3326,23
2025-02-12,Google Ads,Root Canal,Clinic C,6122.34,87257,4712,30
2025-02-12,Meta Ads,Dental Crown,Clinic C,3700.26,54244,2971,16
2025-02-12,Google Ads,Teeth Whitening,Clinic C,3213.99,40181,2358,21
2025-02-12,Google Ads,General Dentistry,Clinic C,5359.36,76660,3042,56
2025-02-12,Google Ads,Dental Implant,Clinic D,11664.31,123364,4744,43
2025-02-12,Meta Ads,Invisalign,Clinic D,7286.31,126297,6330,22
2025-02-12,Meta Ads,Root Canal,Clinic D,7256.7,124872,3446,34
2025-02-12,Meta Ads,Dental Crown,Clinic D,5302.13,83971,3930,22
2025-02-12,Google Ads,Teeth Whitening,Clinic D,2897.61,33248,1573,27
2025-02-12,Instagram,General Dentistry,Clinic D,3742.41,62743,2136,41
2025-02-13,Google Ads,Dental Implant,Clinic A,7260.93,111061,5666,31
2025-02-13,Meta Ads,Invisalign,Clinic A,7099.01,118745,3320,19
2025-02-13,Google Ads,Root Canal,Clinic A,5238.69,53781,1928,23
2025-02-13,Instagram,Dental Crown,Clinic A,5057.58,66995,1804,29
2025-02-13,Meta Ads,Teeth Whitening,Clinic A,3344.38,40937,1592,29
2025-02-13,Google Ads,General Dentistry,Clinic A,5014.95,55345,2332,56
2025-02-13,Meta Ads,Dental Implant,Clinic B,8671.05,118582,7416,27
2025-02-13,Google Ads,Invisalign,Clinic B,5965.47,96147,4731,20
2025-02-13,Google Ads,Root Canal,Clinic B,8691.92,88093,3405,47
2025-02-13,Google Ads,Dental Crown,Clinic B,4853.23,64937,2477,24
2025-02-13,Meta Ads,Teeth Whitening,Clinic B,3223.19,41513,1373,25
2025-02-13,Google Ads,General Dentistry,Clinic B,4524.28,75540,2702,47
2025-02-13,Meta Ads,Dental Implant,Clinic C,8284.13,118025,7025,33
2025-02-13,Google Ads,Invisalign,Clinic C,9537.99,98326,4645,25
2025-02-13,Google Ads,Root Canal,Clinic C,7949.43,109581,6889,46
2025-02-13,Google Ads,Dental Crown,Clinic C,4964.08,72565,2608,32
2025-02-13,Google Ads,Teeth Whitening,Clinic C,3044.37,36236,974,30
2025-02-13,Meta Ads,General Dentistry,Clinic C,5009.55,84712,4507,51
2025-02-13,Google Ads,Dental Implant,Clinic D,6705.38,62335,3920,16
2025-02-13,Meta Ads,Invisalign,Clinic D,6624.68,84128,2857,13
2025-02-13,Google Ads,Root Canal,Clinic D,6503.68,112437,6503,29
2025-02-13,Meta Ads,Dental Crown,Clinic D,3898.11,48571,1383,29
2025-02-13,Google Ads,Teeth Whitening,Clinic D,3310.76,28274,1456,34
2025-02-13,Meta Ads,General Dentistry,Clinic D,4124.05,56640,2766,35
2025-02-14,Meta Ads,Dental Implant,Clinic A,8018.89,65937,2860,25
2025-02-14,Google Ads,Invisalign,Clinic A,8252.22,114335,4717,25
2025-02-14,Google Ads,Root Canal,Clinic A,7958.03,131925,7120,44
2025-02-14,Instagram,Dental Crown,Clinic A,3743.32,33927,2197,22
2025-02-14,Google Ads,Teeth Whitening,Clinic A,3440.0,53254,3228,29
2025-02-14,Google Ads,General Dentistry,Clinic A,5289.24,68959,1961,50
2025-02-14,Instagram,Dental Implant,Clinic B,8535.51,69057,1968,28
2025-02-14,Meta Ads,Invisalign,Clinic B,4993.12,52392,2372,13
2025-02-14,Google Ads,Root Canal,Clinic B,4752.24,78813,4348,30
2025-02-14,Google Ads,Dental Crown,Clinic B,4911.42,71641,3840,22
2025-02-14,Meta Ads,Teeth Whitening,Clinic B,4469.82,70922,2214,43
2025-02-14,Instagram,General Dentistry,Clinic B,3892.2,37142,992,35
2025-02-14,Meta Ads,Dental Implant,Clinic C,8977.95,80080,2145,29
2025-02-14,Instagram,Invisalign,Clinic C,7454.29,93819,5603,25
2025-02-14,Meta Ads,Root Canal,Clinic C,6925.54,97499,3971,44
2025-02-14,Meta Ads,Dental Crown,Clinic C,5995.14,61069,2129,33
2025-02-14,Google Ads,Teeth Whitening,Clinic C,4585.69,47622,2480,44
2025-02-14,Meta Ads,General Dentistry,Clinic C,3610.5,60721,2901,33
2025-02-14,Meta Ads,Dental Implant,Clinic D,7622.87,78736,4615,17
2025-02-14,Google Ads,Invisalign,Clinic D,6985.96,122491,6136,17
2025-02-14,Meta Ads,Root Canal,Clinic D,6387.38,102829,4905,33
2025-02-14,Google Ads,Dental Crown,Clinic D,4114.58,39240,1911,33
2025-02-14,Google Ads,Teeth Whitening,Clinic D,3785.4,63265,2656,39
2025-02-14,Meta Ads,General Dentistry,Clinic D,4725.92,64838,3056,53
2025-02-15,Meta Ads,Dental Implant,Clinic A,8890.32,151206,8670,35
2025-02-15,Meta Ads,Invisalign,Clinic A,8125.77,131787,4569,26
2025-02-15,Google Ads,Root Canal,Clinic A,5161.71,74050,2080,31
2025-02-15,Instagram,Dental Crown,Clinic A,4753.56,60659,3432,26
2025-02-15,Meta Ads,Teeth Whitening,Clinic A,2831.1,48303,3103,25
2025-02-15,Google Ads,General Dentistry,Clinic A,4598.86,61344,2978,42
2025-02-15,Google Ads,Dental Implant,Clinic B,9171.37,87260,3372,28
2025-02-15,Meta Ads,Invisalign,Clinic B,8301.94,125750,3474,17
2025-02-15,Meta Ads,Root Canal,Clinic B,5411.51,81516,3051,28
2025-02-15,Google Ads,Dental Crown,Clinic B,5336.57,73647,2340,22
2025-02-15,Instagram,Teeth Whitening,Clinic B,2747.12,27106,808,21
2025-02-15,Instagram,General Dentistry,Clinic B,5372.34,64548,2684,56
2025-02-15,Instagram,Dental Implant,Clinic C,8014.93,79761,2895,22
2025-02-15,Meta Ads,Invisalign,Clinic C,9061.92,76904,3013,24
2025-02-15,Meta Ads,Root Canal,Clinic C,8041.72,90360,3593,44
2025-02-15,Instagram,Dental Crown,Clinic C,4414.68,44824,1311,30
2025-02-15,Meta Ads,Teeth Whitening,Clinic C,4037.48,63654,3921,42
2025-02-15,Meta Ads,General Dentistry,Clinic C,3497.33,52943,1846,33
2025-02-15,Meta Ads,Dental Implant,Clinic D,7458.11,78656,2805,23
2025-02-15,Google Ads,Invisalign,Clinic D,6796.96,81002,4837,16
2025-02-15,Google Ads,Root Canal,Clinic D,7131.97,119423,4342,30
2025-02-15,Google Ads,Dental Crown,Clinic D,4533.74,74877,3235,30
2025-02-15,Meta Ads,Teeth Whitening,Clinic D,2865.6,33096,1147,26
2025-02-15,Meta Ads,General Dentistry,Clinic D,4511.72,53727,1419,41
2025-02-16,Instagram,Dental Implant,Clinic A,7969.68,110977,4024,25
2025-02-16,Google Ads,Invisalign,Clinic A,9865.8,130947,4949,31
2025-02-16,Meta Ads,Root Canal,Clinic A,5832.54,72545,3549,31
2025-02-16,Google Ads,Dental Crown,Clinic A,3185.37,53128,2368,15
2025-02-16,Google Ads,Teeth Whitening,Clinic A,3429.38,59295,2949,32
2025-02-16,Meta Ads,General Dentistry,Clinic A,3844.1,65030,3759,38
2025-02-16,Meta Ads,Dental Implant,Clinic B,8929.18,78406,4872,27
2025-02-16,Meta Ads,Invisalign,Clinic B,8300.36,76241,2350,18
2025-02-16,Google Ads,Root Canal,Clinic B,6653.42,75044,1878,39
2025-02-16,Google Ads,Dental Crown,Clinic B,3104.96,39877,1157,17
2025-02-16,Instagram,Teeth Whitening,Clinic B,4231.79,58280,3425,38
2025-02-16,Google Ads,General Dentistry,Clinic B,4084.65,44773,2814,36
2025-02-16,Google Ads,Dental Implant,Clinic C,9091.98,148704,6060,31
2025-02-16,Google Ads,Invisalign,Clinic C,8210.01,145464,4324,21
2025-02-16,Meta Ads,Root Canal,Clinic C,6090.27,95358,5184,33
2025-02-16,Meta Ads,Dental Crown,Clinic C,5523.29,50560,2392,24
2025-02-16,Instagram,Teeth Whitening,Clinic C,3689.0,45575,1726,32
2025-02-16,Google Ads,General Dentistry,Clinic C,3352.66,58339,2014,34
2025-02-16,Meta Ads,Dental Implant,Clinic D,5861.26,96831,3130,22
2025-02-16,Meta Ads,Invisalign,Clinic D,8230.62,117737,4191,25
2025-02-16,Google Ads,Root Canal,Clinic D,6699.06,74889,2821,42
2025-02-16,Instagram,Dental Crown,Clinic D,4707.94,75051,2556,28
2025-02-16,Meta Ads,Teeth Whitening,Clinic D,3721.94,50457,1498,31
2025-02-16,Meta Ads,General Dentistry,Clinic D,4069.48,50760,3226,38
2025-02-17,Instagram,Dental Implant,Clinic A,9485.9,123059,4920,32
2025-02-17,Instagram,Invisalign,Clinic A,10481.46,114451,3641,38
2025-02-17,Meta Ads,Root Canal,Clinic A,4863.0,46798,2171,21
2025-02-17,Meta Ads,Dental Crown,Clinic A,4762.8,61519,2207,26
2025-02-17,Google Ads,Teeth Whitening,Clinic A,4635.17,61127,3030,45
2025-02-17,Meta Ads,General Dentistry,Clinic A,4261.67,34497,2217,41
2025-02-17,Google Ads,Dental Implant,Clinic B,9888.77,148827,6398,35
2025-02-17,Meta Ads,Invisalign,Clinic B,9516.61,129809,7211,25
2025-02-17,Instagram,Root Canal,Clinic B,4137.04,68496,2341,25
2025-02-17,Google Ads,Dental Crown,Clinic B,5097.42,86265,4103,25
2025-02-17,Google Ads,Teeth Whitening,Clinic B,4637.28,72272,2810,45
2025-02-17,Google Ads,General Dentistry,Clinic B,4518.08,71237,3236,44
2025-02-17,Google Ads,Dental Implant,Clinic C,10920.26,123480,6045,30
2025-02-17,Instagram,Invisalign,Clinic C,7264.31,121605,4370,19
2025-02-17,Instagram,Root Canal,Clinic C,6203.86,88603,3198,37
2025-02-17,Google Ads,Dental Crown,Clinic C,2691.84,47643,2329,18
2025-02-17,Meta Ads,Teeth Whitening,Clinic C,3759.97,32197,1594,31
2025-02-17,Meta Ads,General Dentistry,Clinic C,3289.14,40907,2398,32
2025-02-17,Meta Ads,Dental Implant,Clinic D,11574.12,189143,5877,42
2025-02-17,Meta Ads,Invisalign,Clinic D,7852.91,94461,5885,28
2025-02-17,Meta Ads,Root Canal,Clinic D,7058.14,70443,1794,41
2025-02-17,Google Ads,Dental Crown,Clinic D,4635.9,40466,2600,23
2025-02-17,Meta Ads,Teeth Whitening,Clinic D,4038.3,61143,3070,33
2025-02-17,Instagram,General Dentistry,Clinic D,3474.9,44570,2336,36
2025-02-18,Meta Ads,Dental Implant,Clinic A,7909.4,90153,5327,19
2025-02-18,Google Ads,Invisalign,Clinic A,8234.29,82151,3166,21
2025-02-18,Google Ads,Root Canal,Clinic A,5098.57,69124,2976,27
2025-02-18,Google Ads,Dental Crown,Clinic A,6836.21,68329,3178,36
2025-02-18,Meta Ads,Teeth Whitening,Clinic A,3553.95,62753,3578,26
2025-02-18,Meta Ads,General Dentistry,Clinic A,4637.87,82858,2632,52
2025-02-18,Meta Ads,Dental Implant,Clinic B,10521.73,88319,3387,38
2025-02-18,Google Ads,Invisalign,Clinic B,7833.98,97339,5641,26
2025-02-18,Meta Ads,Root Canal,Clinic B,7751.96,104014,5079,35
2025-02-18,Meta Ads,Dental Crown,Clinic B,4794.73,52362,2468,22
2025-02-18,Instagram,Teeth Whitening,Clinic B,4598.18,43275,1883,35
2025-02-18,Instagram,General Dentistry,Clinic B,4564.6,71599,1799,48
2025-02-18,Meta Ads,Dental Implant,Clinic C,7579.12,128932,7244,30
2025-02-18,Meta Ads,Invisalign,Clinic C,8719.68,120197,3076,31
2025-02-18,Google Ads,Root Canal,Clinic C,7248.38,99478,5258,42
2025-02-18,Meta Ads,Dental Crown,Clinic C,4867.04,53916,2138,31
2025-02-18,Meta Ads,Teeth Whitening,Clinic C,3613.36,45284,2506,29
2025-02-18,Google Ads,General Dentistry,Clinic C,3940.21,36480,1689,39
2025-02-18,Google Ads,Dental Implant,Clinic D,10294.04,109091,6451,34
2025-02-18,Meta Ads,Invisalign,Clinic D,5479.15,74425,4710,18
2025-02-18,Google Ads,Root Canal,Clinic D,7149.78,105704,3338,33
2025-02-18,Meta Ads,Dental Crown,Clinic D,4811.78,62428,3944,26
2025-02-18,Google Ads,Teeth Whitening,Clinic D,2473.25,20247,1305,24
2025-02-18,Meta Ads,General Dentistry,Clinic D,5188.28,48963,1628,56
2025-02-19,Google Ads,Dental Implant,Clinic A,7789.33,134148,4407,14
2025-02-19,Google Ads,Invisalign,Clinic A,9158.77,144414,7023,25
2025-02-19,Google Ads,Root Canal,Clinic A,5788.92,100116,6148,26
2025-02-19,Google Ads,Dental Crown,Clinic A,5673.59,70706,1877,30
2025-02-19,Google Ads,Teeth Whitening,Clinic A,3865.71,47339,1638,35
2025-02-19,Google Ads,General Dentistry,Clinic A,3634.48,39836,1778,37
2025-02-19,Meta Ads,Dental Implant,Clinic B,9772.51,122468,7568,32
2025-02-19,Google Ads,Invisalign,Clinic B,8848.71,130509,4042,25
2025-02-19,Meta Ads,Root Canal,Clinic B,5654.47,92628,4843,25
2025-02-19,Google Ads,Dental Crown,Clinic B,5009.76,52611,1374,27
2025-02-19,Google Ads,Teeth Whitening,Clinic B,2955.29,31399,1889,33
2025-02-19,Meta Ads,General Dentistry,Clinic B,3076.27,40212,2216,29
2025-02-19,Google Ads,Dental Implant,Clinic C,11458.07,185253,6236,41
2025-02-19,Google Ads,Invisalign,Clinic C,8577.58,153259,9632,22
2025-02-19,Google Ads,Root Canal,Clinic C,7050.43,117633,3699,40
2025-02-19,Meta Ads,Dental Crown,Clinic C,5974.04,91337,3281,42
2025-02-19,Google Ads,Teeth Whitening,Clinic C,2286.96,24159,1568,20
2025-02-19,Google Ads,General Dentistry,Clinic C,3908.74,50696,3029,34
2025-02-19,Google Ads,Dental Implant,Clinic D,6512.44,103998,5103,27
2025-02-19,Meta Ads,Invisalign,Clinic D,6623.76,59951,2668,20
2025-02-19,Meta Ads,Root Canal,Clinic D,5570.26,83560,2796,24
2025-02-19,Meta Ads,Dental Crown,Clinic D,5754.83,69188,2312,32
2025-02-19,Google Ads,Teeth Whitening,Clinic D,2848.31,44154,2152,22
2025-02-19,Meta Ads,General Dentistry,Clinic D,4233.37,73164,4221,51
2025-02-20,Google Ads,Dental Implant,Clinic A,6279.0,97053,3763,18
2025-02-20,Meta Ads,Invisalign,Clinic A,6778.02,54847,3553,17
2025-02-20,Google Ads,Root Canal,Clinic A,6953.28,72033,2998,38
2025-02-20,Meta Ads,Dental Crown,Clinic A,4103.44,71774,2777,28
2025-02-20,Google Ads,Teeth Whitening,Clinic A,3783.65,31366,1845,31
2025-02-20,Google Ads,General Dentistry,Clinic A,5463.36,88188,3615,52
2025-02-20,Meta Ads,Dental Implant,Clinic B,10898.42,145390,8543,40
2025-02-20,Meta Ads,Invisalign,Clinic B,7328.95,77460,2369,23
2025-02-20,Meta Ads,Root Canal,Clinic B,7337.85,86414,3451,37
2025-02-20,Google Ads,Dental Crown,Clinic B,5107.57,52385,2834,29
2025-02-20,Google Ads,Teeth Whitening,Clinic B,2446.47,40380,1835,22
2025-02-20,Instagram,General Dentistry,Clinic B,4600.5,68728,3873,56
2025-02-20,Google Ads,Dental Implant,Clinic C,11484.75,138677,3717,38
2025-02-20,Google Ads,Invisalign,Clinic C,7145.98,69667,2548,22
2025-02-20,Google Ads,Root Canal,Clinic C,7331.57,121542,7790,31
2025-02-20,Meta Ads,Dental Crown,Clinic C,4909.17,78033,4877,29
2025-02-20,Google Ads,Teeth Whitening,Clinic C,4212.97,46986,1206,34
2025-02-20,Meta Ads,General Dentistry,Clinic C,4100.33,70139,2339,37
2025-02-20,Instagram,Dental Implant,Clinic D,10282.03,172414,7174,33
2025-02-20,Instagram,Invisalign,Clinic D,7404.39,98529,2712,30
2025-02-20,Meta Ads,Root Canal,Clinic D,5297.87,80283,3197,24
2025-02-20,Meta Ads,Dental Crown,Clinic D,5144.48,52585,3175,17
2025-02-20,Meta Ads,Teeth Whitening,Clinic D,3332.72,44507,1946,29
2025-02-20,Instagram,General Dentistry,Clinic D,4845.53,75905,3344,47
2025-02-21,Meta Ads,Dental Implant,Clinic A,9686.65,87330,2742,35
2025-02-21,Meta Ads,Invisalign,Clinic A,8459.35,115113,5581,17
2025-02-21,Meta Ads,Root Canal,Clinic A,5026.28,66273,2969,24
2025-02-21,Google Ads,Dental Crown,Clinic A,6493.25,60623,2985,45
2025-02-21,Google Ads,Teeth Whitening,Clinic A,3998.03,44320,1723,37
2025-02-21,Meta Ads,General Dentistry,Clinic A,4483.65,43459,2711,47
2025-02-21,Google Ads,Dental Implant,Clinic B,12412.37,130640,7366,33
2025-02-21,Meta Ads,Invisalign,Clinic B,8475.36,143636,3765,33
2025-02-21,Meta Ads,Root Canal,Clinic B,8128.33,136175,6617,49
2025-02-21,Meta Ads,Dental Crown,Clinic B,4473.26,40833,1573,25
2025-02-21,Meta Ads,Teeth Whitening,Clinic B,3675.29,36795,1178,27
2025-02-21,Google Ads,General Dentistry,Clinic B,4427.09,37564,2264,44
2025-02-21,Google Ads,Dental Implant,Clinic C,10424.67,162171,9221,35
2025-02-21,Meta Ads,Invisalign,Clinic C,8364.92,74060,4753,27
2025-02-21,Google Ads,Root Canal,Clinic C,5388.06,52081,2959,26
2025-02-21,Google Ads,Dental Crown,Clinic C,4585.01,53653,2832,23
2025-02-21,Meta Ads,Teeth Whitening,Clinic C,4099.52,32919,1724,41
2025-02-21,Meta Ads,General Dentistry,Clinic C,4408.26,38733,1263,41
2025-02-21,Meta Ads,Dental Implant,Clinic D,9214.08,90168,5365,28
2025-02-21,Instagram,Invisalign,Clinic D,7404.49,125254,5229,21
2025-02-21,Google Ads,Root Canal,Clinic D,5741.86,74992,4103,34
2025-02-21,Google Ads,Dental Crown,Clinic D,4135.88,56818,1847,26
2025-02-21,Meta Ads,Teeth Whitening,Clinic D,4355.89,77182,4957,38
2025-02-21,Google Ads,General Dentistry,Clinic D,4048.85,58530,2971,39
2025-02-22,Meta Ads,Dental Implant,Clinic A,8836.43,106694,5394,31
2025-02-22,Meta Ads,Invisalign,Clinic A,9168.77,78133,4317,25
2025-02-22,Google Ads,Root Canal,Clinic A,7888.84,89112,5434,41
2025-02-22,Google Ads,Dental Crown,Clinic A,5947.67,63093,3850,36
2025-02-22,Google Ads,Teeth Whitening,Clinic A,3947.27,32801,1517,36
2025-02-22,Google Ads,General Dentistry,Clinic A,4018.35,68419,2875,37
2025-02-22,Google Ads,Dental Implant,Clinic B,8655.44,131862,6129,30
2025-02-22,Meta Ads,Invisalign,Clinic B,8795.32,150032,4356,21
2025-02-22,Google Ads,Root Canal,Clinic B,6452.27,68963,2498,26
2025-02-22,Meta Ads,Dental Crown,Clinic B,4322.23,49484,3156,28
2025-02-22,Instagram,Teeth Whitening,Clinic B,2578.21,45621,2496,27
2025-02-22,Meta Ads,General Dentistry,Clinic B,4847.68,67056,2645,53
2025-02-22,Google Ads,Dental Implant,Clinic C,10264.05,172211,7071,23
2025-02-22,Instagram,Invisalign,Clinic C,8529.13,71553,3292,23
2025-02-22,Google Ads,Root Canal,Clinic C,5960.76,88296,3593,30
2025-02-22,Instagram,Dental Crown,Clinic C,4576.53,65320,1805,32
2025-02-22,Meta Ads,Teeth Whitening,Clinic C,3040.34,45070,1981,28
2025-02-22,Google Ads,General Dentistry,Clinic C,4186.55,43303,1599,48
2025-02-22,Meta Ads,Dental Implant,Clinic D,11599.52,132662,4498,40
2025-02-22,Meta Ads,Invisalign,Clinic D,6681.02,67054,4124,13
2025-02-22,Google Ads,Root Canal,Clinic D,6054.58,99059,5630,37
2025-02-22,Google Ads,Dental Crown,Clinic D,4000.45,64847,3828,28
2025-02-22,Google Ads,Teeth Whitening,Clinic D,5074.83,68209,2392,43
2025-02-22,Google Ads,General Dentistry,Clinic D,3810.05,44603,2339,35
2025-02-23,Meta Ads,Dental Implant,Clinic A,11774.18,189818,5959,40
2025-02-23,Google Ads,Invisalign,Clinic A,9270.25,124382,3820,24
2025-02-23,Google Ads,Root Canal,Clinic A,6190.23,65324,3445,35
2025-02-23,Meta Ads,Dental Crown,Clinic A,6275.33,77188,4064,33
2025-02-23,Meta Ads,Teeth Whitening,Clinic A,3303.91,51885,2716,32
2025-02-23,Meta Ads,General Dentistry,Clinic A,3816.79,32421,1899,47
2025-02-23,Instagram,Dental Implant,Clinic B,6589.36,95358,2848,20
2025-02-23,Google Ads,Invisalign,Clinic B,9442.82,152426,4767,22
2025-02-23,Instagram,Root Canal,Clinic B,7412.86,70406,3049,39
2025-02-23,Google Ads,Dental Crown,Clinic B,5631.88,92892,5273,30
2025-02-23,Google Ads,Teeth Whitening,Clinic B,2725.88,43436,1768,21
2025-02-23,Instagram,General Dentistry,Clinic B,3630.31,62799,3536,34
2025-02-23,Meta Ads,Dental Implant,Clinic C,9135.62,145739,6709,23
2025-02-23,Meta Ads,Invisalign,Clinic C,7686.66,102955,4894,23
2025-02-23,Google Ads,Root Canal,Clinic C,8004.24,138434,6970,39
2025-02-23,Meta Ads,Dental Crown,Clinic C,5211.15,70668,3491,26
2025-02-23,Google Ads,Teeth Whitening,Clinic C,2803.49,42980,2227,21
2025-02-23,Google Ads,General Dentistry,Clinic C,4137.42,62231,3868,37
2025-02-23,Google Ads,Dental Implant,Clinic D,5312.38,73170,3667,19
2025-02-23,Meta Ads,Invisalign,Clinic D,9337.35,149576,9712,25
2025-02-23,Google Ads,Root Canal,Clinic D,6625.35,104907,6553,33
2025-02-23,Google Ads,Dental Crown,Clinic D,5041.55,59229,2006,32
2025-02-23,Meta Ads,Teeth Whitening,Clinic D,4292.9,56308,2000,32
2025-02-23,Meta Ads,General Dentistry,Clinic D,5288.15,63962,1676,50
2025-02-24,Meta Ads,Dental Implant,Clinic A,7830.32,127625,8234,26
2025-02-24,Meta Ads,Invisalign,Clinic A,9244.4,122098,5245,24
2025-02-24,Google Ads,Root Canal,Clinic A,8199.81,87150,2915,49
2025-02-24,Google Ads,Dental Crown,Clinic A,4042.14,43495,1366,21
2025-02-24,Instagram,Teeth Whitening,Clinic A,4798.76,82694,3275,45
2025-02-24,Meta Ads,General Dentistry,Clinic A,4452.04,79671,3036,42
2025-02-24,Instagram,Dental Implant,Clinic B,8142.65,67511,2444,31
2025-02-24,Google Ads,Invisalign,Clinic B,8967.5,117708,5049,25
2025-02-24,Google Ads,Root Canal,Clinic B,5561.53,87467,3992,38
2025-02-24,Instagram,Dental Crown,Clinic B,4562.56,42705,1109,26
2025-02-24,Google Ads,Teeth Whitening,Clinic B,3453.46,35962,1615,28
2025-02-24,Google Ads,General Dentistry,Clinic B,4907.45,70531,3355,49
2025-02-24,Meta Ads,Dental Implant,Clinic C,8568.51,106237,6627,26
2025-02-24,Meta Ads,Invisalign,Clinic C,8025.29,87426,3370,19
2025-02-24,Google Ads,Root Canal,Clinic C,8833.21,137758,7275,44
2025-02-24,Meta Ads,Dental Crown,Clinic C,4659.39,47273,1350,29
2025-02-24,Google Ads,Teeth Whitening,Clinic C,2765.57,25735,1016,23
2025-02-24,Instagram,General Dentistry,Clinic C,4060.57,50395,1458,43
2025-02-24,Meta Ads,Dental Implant,Clinic D,8028.85,140341,6824,28
2025-02-24,Meta Ads,Invisalign,Clinic D,8165.73,126364,4361,29
2025-02-24,Google Ads,Root Canal,Clinic D,5393.1,96055,5950,26
2025-02-24,Google Ads,Dental Crown,Clinic D,5115.71,61323,3250,19
2025-02-24,Meta Ads,Teeth Whitening,Clinic D,4665.76,38430,979,45
2025-02-24,Google Ads,General Dentistry,Clinic D,3727.61,64121,1804,40
2025-02-25,Meta Ads,Dental Implant,Clinic A,9678.97,169677,4448,26
2025-02-25,Meta Ads,Invisalign,Clinic A,4897.53,71237,3326,15
2025-02-25,Google Ads,Root Canal,Clinic A,6143.79,78045,4922,39
2025-02-25,Meta Ads,Dental Crown,Clinic A,5384.66,74347,4197,31
2025-02-25,Google Ads,Teeth Whitening,Clinic A,3856.6,66572,1777,31
2025-02-25,Meta Ads,General Dentistry,Clinic A,4466.89,65984,2719,42
2025-02-25,Google Ads,Dental Implant,Clinic B,7322.12,62102,2157,25
2025-02-25,Meta Ads,Invisalign,Clinic B,8541.92,125265,5747,28
2025-02-25,Google Ads,Root Canal,Clinic B,5820.25,65997,4233,32
2025-02-25,Meta Ads,Dental Crown,Clinic B,6071.58,94839,3607,33
2025-02-25,Meta Ads,Teeth Whitening,Clinic B,4182.58,66364,2344,37
2025-02-25,Meta Ads,General Dentistry,Clinic B,3657.14,32246,1506,33
2025-02-25,Google Ads,Dental Implant,Clinic C,9401.15,143185,4927,29
2025-02-25,Instagram,Invisalign,Clinic C,8932.32,71789,4604,27
2025-02-25,Instagram,Root Canal,Clinic C,6907.37,97541,2961,36
2025-02-25,Meta Ads,Dental Crown,Clinic C,3236.34,33534,1534,20
2025-02-25,Meta Ads,Teeth Whitening,Clinic C,3659.22,44470,2236,37
2025-02-25,Meta Ads,General Dentistry,Clinic C,5436.06,96690,4823,60
2025-02-25,Meta Ads,Dental Implant,Clinic D,8765.17,152756,9683,24
2025-02-25,Google Ads,Invisalign,Clinic D,5529.36,87957,5197,14
2025-02-25,Google Ads,Root Canal,Clinic D,7444.27,112372,3512,40
2025-02-25,Meta Ads,Dental Crown,Clinic D,5398.41,61192,1667,26
2025-02-25,Google Ads,Teeth Whitening,Clinic D,3625.72,38277,2455,32
2025-02-25,Google Ads,General Dentistry,Clinic D,4689.11,61770,3239,45
2025-02-26,Meta Ads,Dental Implant,Clinic A,9408.22,103753,5633,30
2025-02-26,Meta Ads,Invisalign,Clinic A,9438.37,151997,9238,32
2025-02-26,Google Ads,Root Canal,Clinic A,4853.4,78326,4987,23
2025-02-26,Google Ads,Dental Crown,Clinic A,6380.98,91633,5278,34
2025-02-26,Google Ads,Teeth Whitening,Clinic A,2423.43,41881,1507,20
2025-02-26,Google Ads,General Dentistry,Clinic A,4577.37,77732,3998,49
2025-02-26,Google Ads,Dental Implant,Clinic B,6953.51,60157,2403,22
2025-02-26,Instagram,Invisalign,Clinic B,8073.5,109684,6815,26
2025-02-26,Meta Ads,Root Canal,Clinic B,7104.81,100309,5269,39
2025-02-26,Meta Ads,Dental Crown,Clinic B,3788.58,36974,1447,17
2025-02-26,Meta Ads,Teeth Whitening,Clinic B,4578.92,76899,3927,44
2025-02-26,Google Ads,General Dentistry,Clinic B,4615.35,76088,2615,49
2025-02-26,Meta Ads,Dental Implant,Clinic C,10315.33,137762,7816,36
2025-02-26,Instagram,Invisalign,Clinic C,6748.92,116255,7349,20
2025-02-26,Meta Ads,Root Canal,Clinic C,7326.12,88410,5618,45
2025-02-26,Google Ads,Dental Crown,Clinic C,4534.89,70438,2222,29
2025-02-26,Google Ads,Teeth Whitening,Clinic C,3552.2,45867,2526,34
2025-02-26,Google Ads,General Dentistry,Clinic C,6834.22,122331,6999,67
2025-02-26,Google Ads,Dental Implant,Clinic D,9025.59,93023,5501,36
2025-02-26,Google Ads,Invisalign,Clinic D,7366.05,130939,7439,20
2025-02-26,Google Ads,Root Canal,Clinic D,4031.66,33559,2083,20
2025-02-26,Meta Ads,Dental Crown,Clinic D,4384.05,53984,3178,25
2025-02-26,Google Ads,Teeth Whitening,Clinic D,1793.85,26746,923,13
2025-02-26,Google Ads,General Dentistry,Clinic D,5541.68,85994,2999,60
2025-02-27,Google Ads,Dental Implant,Clinic A,8584.56,104557,4573,29
2025-02-27,Google Ads,Invisalign,Clinic A,9243.1,99026,4536,26
2025-02-27,Google Ads,Root Canal,Clinic A,7466.94,109615,5206,30
2025-02-27,Instagram,Dental Crown,Clinic A,6236.87,66621,3482,31
2025-02-27,Instagram,Teeth Whitening,Clinic A,3601.34,63498,3868,34
2025-02-27,Google Ads,General Dentistry,Clinic A,2770.22,22909,1000,26
2025-02-27,Google Ads,Dental Implant,Clinic B,8899.96,91881,5734,27
2025-02-27,Meta Ads,Invisalign,Clinic B,8949.58,77454,2759,31
2025-02-27,Meta Ads,Root Canal,Clinic B,4554.03,41167,1144,20
2025-02-27,Google Ads,Dental Crown,Clinic B,5428.39,61935,1699,34
2025-02-27,Google Ads,Teeth Whitening,Clinic B,2756.38,43071,2435,24
2025-02-27,Google Ads,General Dentistry,Clinic B,4577.51,80673,4558,52
2025-02-27,Meta Ads,Dental Implant,Clinic C,7066.13,119673,5668,25
2025-02-27,Meta Ads,Invisalign,Clinic C,5636.14,90859,5405,18
2025-02-27,Google Ads,Root Canal,Clinic C,4994.73,51872,1993,25
2025-02-27,Instagram,Dental Crown,Clinic C,6117.73,106861,6053,41
2025-02-27,Google Ads,Teeth Whitening,Clinic C,3278.07,36187,2111,27
2025-02-27,Meta Ads,General Dentistry,Clinic C,4589.89,41727,1331,41
2025-02-27,Google Ads,Dental Implant,Clinic D,8595.07,147475,8115,31
2025-02-27,Meta Ads,Invisalign,Clinic D,7160.19,127732,7527,23
2025-02-27,Instagram,Root Canal,Clinic D,6291.05,109570,4186,35
2025-02-27,Meta Ads,Dental Crown,Clinic D,4611.44,46292,2814,30
2025-02-27,Google Ads,Teeth Whitening,Clinic D,3907.97,62713,3747,26
2025-02-27,Meta Ads,General Dentistry,Clinic D,5403.93,68468,3242,54
2025-02-28,Google Ads,Dental Implant,Clinic A,9143.94,139680,4877,32
2025-02-28,Meta Ads,Invisalign,Clinic A,6568.97,107085,6272,18
2025-02-28,Google Ads,Root Canal,Clinic A,4729.66,62259,2773,21
2025-02-28,Meta Ads,Dental Crown,Clinic A,4287.6,65314,4183,20
2025-02-28,Instagram,Teeth Whitening,Clinic A,3987.01,43688,1780,31
2025-02-28,Instagram,General Dentistry,Clinic A,4383.53,59414,2332,42
2025-02-28,Instagram,Dental Implant,Clinic B,11823.7,177599,10372,39
2025-02-28,Meta Ads,Invisalign,Clinic B,9611.81,139702,7326,27
2025-02-28,Google Ads,Root Canal,Clinic B,7438.05,79262,3535,34
2025-02-28,Meta Ads,Dental Crown,Clinic B,5338.44,72803,2195,23
2025-02-28,Google Ads,Teeth Whitening,Clinic B,4084.1,63276,1628,29
2025-02-28,Google Ads,General Dentistry,Clinic B,5255.54,67298,3057,50
2025-02-28,Google Ads,Dental Implant,Clinic C,9556.04,162322,8771,31
2025-02-28,Google Ads,Invisalign,Clinic C,10826.29,129328,5946,31
2025-02-28,Google Ads,Root Canal,Clinic C,5656.05,97551,3876,32
2025-02-28,Google Ads,Dental Crown,Clinic C,4845.65,57588,2198,32
2025-02-28,Google Ads,Teeth Whitening,Clinic C,3817.22,48388,2074,42
2025-02-28,Google Ads,General Dentistry,Clinic C,4319.34,76547,3807,48
2025-02-28,Meta Ads,Dental Implant,Clinic D,10420.67,150264,5028,38
2025-02-28,Google Ads,Invisalign,Clinic D,7321.88,85116,4011,17
2025-02-28,Meta Ads,Root Canal,Clinic D,6530.37,68622,4113,28
2025-02-28,Meta Ads,Dental Crown,Clinic D,4952.5,82144,3567,27
2025-02-28,Meta Ads,Teeth Whitening,Clinic D,3730.15,35742,995,34
2025-02-28,Google Ads,General Dentistry,Clinic D,4023.01,52338,2787,41
2025-03-01,Meta Ads,Dental Implant,Clinic A,11658.39,204023,5328,35
2025-03-01,Meta Ads,Invisalign,Clinic A,5869.54,65017,3802,17
2025-03-01,Meta Ads,Root Canal,Clinic A,5719.48,86497,2870,37
2025-03-01,Google Ads,Dental Crown,Clinic A,4710.75,80304,3255,21
2025-03-01,Google Ads,Teeth Whitening,Clinic A,3954.67,41295,2366,37
2025-03-01,Google Ads,General Dentistry,Clinic A,4358.18,37773,2247,37
2025-03-01,Meta Ads,Dental Implant,Clinic B,7081.96,68461,3625,27
2025-03-01,Google Ads,Invisalign,Clinic B,6830.13,83768,2544,18
2025-03-01,Google Ads,Root Canal,Clinic B,9006.53,111621,3576,41
2025-03-01,Google Ads,Dental Crown,Clinic B,5342.4,43587,2594,27
2025-03-01,Meta Ads,Teeth Whitening,Clinic B,4078.2,62409,2309,38
2025-03-01,Meta Ads,General Dentistry,Clinic B,4239.07,67246,4023,42
2025-03-01,Meta Ads,Dental Implant,Clinic C,4589.28,69703,2343,13
2025-03-01,Meta Ads,Invisalign,Clinic C,6529.84,105076,3359,15
2025-03-01,Meta Ads,Root Canal,Clinic C,6636.14,70299,3030,37
2025-03-01,Meta Ads,Dental Crown,Clinic C,4940.96,52241,2822,35
2025-03-01,Google Ads,Teeth Whitening,Clinic C,4244.95,57664,1870,35
2025-03-01,Meta Ads,General Dentistry,Clinic C,5193.17,66405,3240,48
2025-03-01,Meta Ads,Dental Implant,Clinic D,9652.76,160923,9759,28
2025-03-01,Meta Ads,Invisalign,Clinic D,8121.87,85675,4404,24
2025-03-01,Instagram,Root Canal,Clinic D,4945.23,87357,4862,22
2025-03-01,Google Ads,Dental Crown,Clinic D,3633.56,39490,1125,21
2025-03-01,Google Ads,Teeth Whitening,Clinic D,2979.21,50339,2819,27
2025-03-01,Google Ads,General Dentistry,Clinic D,2910.8,29068,962,35
2025-03-02,Meta Ads,Dental Implant,Clinic A,9576.16,167879,5585,31
2025-03-02,Instagram,Invisalign,Clinic A,6064.87,54775,1483,15
2025-03-02,Meta Ads,Root Canal,Clinic A,5932.82,85502,4433,37
2025-03-02,Google Ads,Dental Crown,Clinic A,4406.49,48183,2341,26
2025-03-02,Meta Ads,Teeth Whitening,Clinic A,3927.93,33369,2139,42
2025-03-02,Meta Ads,General Dentistry,Clinic A,4664.57,47223,2942,47
2025-03-02,Instagram,Dental Implant,Clinic B,10479.02,182088,9859,39
2025-03-02,Google Ads,Invisalign,Clinic B,5076.73,69588,2931,11
2025-03-02,Google Ads,Root Canal,Clinic B,5009.89,82696,3135,30
2025-03-02,Meta Ads,Dental Crown,Clinic B,5371.18,74449,2992,31
2025-03-02,Meta Ads,Teeth Whitening,Clinic B,3240.29,29891,1443,31
2025-03-02,Meta Ads,General Dentistry,Clinic B,4052.94,36011,1088,33
2025-03-02,Meta Ads,Dental Implant,Clinic C,7490.56,131973,4407,24
2025-03-02,Google Ads,Invisalign,Clinic C,10727.87,140308,8024,24
2025-03-02,Google Ads,Root Canal,Clinic C,4957.46,45053,1751,24
2025-03-02,Google Ads,Dental Crown,Clinic C,5614.71,68262,4166,26
2025-03-02,Google Ads,Teeth Whitening,Clinic C,4123.85,62182,2397,43
2025-03-02,Instagram,General Dentistry,Clinic C,5183.49,67051,1793,56
2025-03-02,Google Ads,Dental Implant,Clinic D,9850.23,144113,7504,28
2025-03-02,Meta Ads,Invisalign,Clinic D,8071.36,84875,4060,22
2025-03-02,Meta Ads,Root Canal,Clinic D,5360.65,61931,3820,32
2025-03-02,Meta Ads,Dental Crown,Clinic D,5493.57,49841,2549,24
2025-03-02,Meta Ads,Teeth Whitening,Clinic D,3169.05,50144,1765,22
2025-03-02,Meta Ads,General Dentistry,Clinic D,5224.79,43392,1532,50
2025-03-03,Google Ads,Dental Implant,Clinic A,8719.95,117335,4069,32
2025-03-03,Google Ads,Invisalign,Clinic A,5739.58,99229,4371,19
2025-03-03,Google Ads,Root Canal,Clinic A,5280.55,61550,3702,25
2025-03-03,Google Ads,Dental Crown,Clinic A,4702.54,80245,4147,31
2025-03-03,Google Ads,Teeth Whitening,Clinic A,3852.9,68485,3599,30
2025-03-03,Meta Ads,General Dentistry,Clinic A,5272.52,92224,4311,61
2025-03-03,Meta Ads,Dental Implant,Clinic B,9319.5,157287,4075,37
2025-03-03,Google Ads,Invisalign,Clinic B,7718.42,134061,7782,22
2025-03-03,Google Ads,Root Canal,Clinic B,7936.0,90551,5366,37
2025-03-03,Google Ads,Dental Crown,Clinic B,4867.2,61004,1936,32
2025-03-03,Instagram,Teeth Whitening,Clinic B,2790.57,23229,1039,23
2025-03-03,Google Ads,General Dentistry,Clinic B,5238.64,67996,1817,51
2025-03-03,Google Ads,Dental Implant,Clinic C,8975.74,108214,6718,32
2025-03-03,Meta Ads,Invisalign,Clinic C,9295.1,99623,4255,23
2025-03-03,Meta Ads,Root Canal,Clinic C,6691.8,87315,2448,37
2025-03-03,Meta Ads,Dental Crown,Clinic C,5154.08,79610,4028,20
2025-03-03,Google Ads,Teeth Whitening,Clinic C,2696.81,25649,867,22
2025-03-03,Instagram,General Dentistry,Clinic C,4914.26,64202,1607,50
2025-03-03,Google Ads,Dental Implant,Clinic D,9632.36,96483,2804,30
2025-03-03,Meta Ads,Invisalign,Clinic D,8020.05,91386,5561,16
2025-03-03,Meta Ads,Root Canal,Clinic D,7796.75,119035,6827,40
2025-03-03,Instagram,Dental Crown,Clinic D,4468.95,60621,2807,22
2025-03-03,Meta Ads,Teeth Whitening,Clinic D,3341.21,44368,1932,25
2025-03-03,Google Ads,General Dentistry,Clinic D,4375.05,61077,2574,43
2025-03-04,Google Ads,Dental Implant,Clinic A,10309.01,104134,5613,36
2025-03-04,Google Ads,Invisalign,Clinic A,8612.9,77283,4903,22
2025-03-04,Google Ads,Root Canal,Clinic A,8341.23,87481,3582,44
2025-03-04,Google Ads,Dental Crown,Clinic A,6120.9,101107,4696,35
2025-03-04,Meta Ads,Teeth Whitening,Clinic A,3787.02,30468,999,31
2025-03-04,Meta Ads,General Dentistry,Clinic A,3809.53,61945,2963,31
2025-03-04,Google Ads,Dental Implant,Clinic B,10924.89,140449,8428,35
2025-03-04,Google Ads,Invisalign,Clinic B,4811.08,66936,3214,16
2025-03-04,Meta Ads,Root Canal,Clinic B,3511.18,60054,2145,24
2025-03-04,Google Ads,Dental Crown,Clinic B,4425.68,46424,2404,20
2025-03-04,Meta Ads,Teeth Whitening,Clinic B,4016.9,43888,1822,34
2025-03-04,Meta Ads,General Dentistry,Clinic B,4754.25,75793,4040,59
2025-03-04,Instagram,Dental Implant,Clinic C,10473.32,105435,3421,41
2025-03-04,Google Ads,Invisalign,Clinic C,5771.44,47551,2063,20
2025-03-04,Instagram,Root Canal,Clinic C,5501.5,69758,2158,25
2025-03-04,Meta Ads,Dental Crown,Clinic C,4636.7,67637,4093,27
2025-03-04,Instagram,Teeth Whitening,Clinic C,2761.14,40289,2191,25
2025-03-04,Meta Ads,General Dentistry,Clinic C,4635.77,58694,2647,48
2025-03-04,Google Ads,Dental Implant,Clinic D,9166.42,75150,2071,29
2025-03-04,Google Ads,Invisalign,Clinic D,7956.74,80775,4917,25
2025-03-04,Meta Ads,Root Canal,Clinic D,8158.54,101257,5488,39
2025-03-04,Google Ads,Dental Crown,Clinic D,4881.65,54654,2689,22
2025-03-04,Meta Ads,Teeth Whitening,Clinic D,3643.36,41598,2250,34
2025-03-04,Meta Ads,General Dentistry,Clinic D,4723.88,44888,1262,49
2025-03-05,Meta Ads,Dental Implant,Clinic A,7267.35,116107,4646,22
2025-03-05,Google Ads,Invisalign,Clinic A,9243.49,133840,4751,21
2025-03-05,Google Ads,Root Canal,Clinic A,7102.81,114630,4402,36
2025-03-05,Meta Ads,Dental Crown,Clinic A,5386.7,77487,3546,29
2025-03-05,Meta Ads,Teeth Whitening,Clinic A,3055.06,46213,1310,23
2025-03-05,Google Ads,General Dentistry,Clinic A,5639.92,76642,3321,56
2025-03-05,Google Ads,Dental Implant,Clinic B,9195.16,135661,4157,32
2025-03-05,Google Ads,Invisalign,Clinic B,7636.42,66167,2584,25
2025-03-05,Google Ads,Root Canal,Clinic B,6797.57,67440,4215,28
2025-03-05,Instagram,Dental Crown,Clinic B,5729.52,74549,2609,26
2025-03-05,Instagram,Teeth Whitening,Clinic B,3883.07,44086,2558,30
2025-03-05,Meta Ads,General Dentistry,Clinic B,4122.97,33444,1132,45
2025-03-05,Meta Ads,Dental Implant,Clinic C,7145.52,89293,3213,19
2025-03-05,Meta Ads,Invisalign,Clinic C,9364.61,117153,4275,20
2025-03-05,Google Ads,Root Canal,Clinic C,4768.4,54628,1451,25
2025-03-05,Meta Ads,Dental Crown,Clinic C,5082.75,48029,1694,37
2025-03-05,Meta Ads,Teeth Whitening,Clinic C,5241.53,48915,2152,57
2025-03-05,Meta Ads,General Dentistry,Clinic C,4083.7,55676,2636,44
2025-03-05,Google Ads,Dental Implant,Clinic D,6724.86,76207,4782,21
2025-03-05,Meta Ads,Invisalign,Clinic D,8282.04,148964,4723,21
2025-03-05,Meta Ads,Root Canal,Clinic D,6902.89,104062,6388,37
2025-03-05,Google Ads,Dental Crown,Clinic D,5288.46,64436,2054,28
2025-03-05,Meta Ads,Teeth Whitening,Clinic D,3299.25,58276,2850,29
2025-03-05,Meta Ads,General Dentistry,Clinic D,4173.23,42666,1666,41
2025-03-06,Instagram,Dental Implant,Clinic A,8368.81,85388,3861,29
2025-03-06,Meta Ads,Invisalign,Clinic A,9228.52,160594,4802,24
2025-03-06,Meta Ads,Root Canal,Clinic A,6063.72,98205,3776,28
2025-03-06,Instagram,Dental Crown,Clinic A,3479.21,62247,2655,16
2025-03-06,Meta Ads,Teeth Whitening,Clinic A,2684.08,34901,980,26
2025-03-06,Meta Ads,General Dentistry,Clinic A,3644.69,57103,3265,36
2025-03-06,Meta Ads,Dental Implant,Clinic B,10951.85,150884,7054,32
2025-03-06,Meta Ads,Invisalign,Clinic B,9725.97,173704,9388,29
2025-03-06,Google Ads,Root Canal,Clinic B,5942.99,57047,1946,31
2025-03-06,Instagram,Dental Crown,Clinic B,4502.96,58465,1960,26
2025-03-06,Google Ads,Teeth Whitening,Clinic B,4466.54,74671,2358,47
2025-03-06,Meta Ads,General Dentistry,Clinic B,5056.1,66559,2570,51
2025-03-06,Google Ads,Dental Implant,Clinic C,6412.59,99081,3623,24
2025-03-06,Meta Ads,Invisalign,Clinic C,8564.94,98240,6135,22
2025-03-06,Google Ads,Root Canal,Clinic C,6628.18,77943,4308,30
2025-03-06,Meta Ads,Dental Crown,Clinic C,4903.48,49975,1846,31
2025-03-06,Instagram,Teeth Whitening,Clinic C,3419.38,55462,1743,31
2025-03-06,Google Ads,General Dentistry,Clinic C,5832.72,55419,2521,63
2025-03-06,Google Ads,Dental Implant,Clinic D,9024.07,124995,4210,26
2025-03-06,Meta Ads,Invisalign,Clinic D,8132.07,89728,3808,20
2025-03-06,Instagram,Root Canal,Clinic D,5450.62,91914,3668,30
2025-03-06,Google Ads,Dental Crown,Clinic D,3691.31,63277,2766,20
2025-03-06,Google Ads,Teeth Whitening,Clinic D,3785.33,66350,3966,32
2025-03-06,Google Ads,General Dentistry,Clinic D,3879.72,32544,1444,41
2025-03-07,Meta Ads,Dental Implant,Clinic A,9436.12,155096,5174,27
2025-03-07,Google Ads,Invisalign,Clinic A,9848.23,154752,8630,28
2025-03-07,Meta Ads,Root Canal,Clinic A,6711.48,78498,3573,44
2025-03-07,Meta Ads,Dental Crown,Clinic A,5243.95,49425,2107,29
2025-03-07,Google Ads,Teeth Whitening,Clinic A,4264.09,69281,1819,36
2025-03-07,Instagram,General Dentistry,Clinic A,4452.72,43124,1762,35
2025-03-07,Google Ads,Dental Implant,Clinic B,9383.6,87828,5283,35
2025-03-07,Google Ads,Invisalign,Clinic B,9284.32,146943,6993,31
2025-03-07,Google Ads,Root Canal,Clinic B,6575.95,81625,4790,34
2025-03-07,Meta Ads,Dental Crown,Clinic B,5156.27,70406,3824,28
2025-03-07,Meta Ads,Teeth Whitening,Clinic B,4060.29,71201,3953,32
2025-03-07,Google Ads,General Dentistry,Clinic B,3590.89,49782,2445,28
2025-03-07,Meta Ads,Dental Implant,Clinic C,7580.54,61657,2571,20
2025-03-07,Google Ads,Invisalign,Clinic C,6647.03,80694,3945,19
2025-03-07,Meta Ads,Root Canal,Clinic C,5906.22,70256,1861,36
2025-03-07,Google Ads,Dental Crown,Clinic C,5219.26,42854,2584,30
2025-03-07,Meta Ads,Teeth Whitening,Clinic C,3507.49,33343,1309,37
2025-03-07,Google Ads,General Dentistry,Clinic C,5084.71,78378,3453,53
2025-03-07,Meta Ads,Dental Implant,Clinic D,9854.83,94106,3409,29
2025-03-07,Meta Ads,Invisalign,Clinic D,7120.0,105272,3490,21
2025-03-07,Instagram,Root Canal,Clinic D,5738.41,60086,2841,27
2025-03-07,Google Ads,Dental Crown,Clinic D,3912.23,57388,2740,20
2025-03-07,Meta Ads,Teeth Whitening,Clinic D,3443.88,34971,2271,32
2025-03-07,Google Ads,General Dentistry,Clinic D,4149.89,60786,2671,43
2025-03-08,Meta Ads,Dental Implant,Clinic A,7755.98,113644,3827,28
2025-03-08,Google Ads,Invisalign,Clinic A,9714.3,153749,9311,31
2025-03-08,Google Ads,Root Canal,Clinic A,4941.35,65504,2184,27
2025-03-08,Google Ads,Dental Crown,Clinic A,4777.02,72042,2806,30
2025-03-08,Meta Ads,Teeth Whitening,Clinic A,3177.33,41175,2298,27
2025-03-08,Instagram,General Dentistry,Clinic A,3566.43,54747,1632,32
2025-03-08,Google Ads,Dental Implant,Clinic B,7390.01,106002,2720,20
2025-03-08,Meta Ads,Invisalign,Clinic B,6091.02,78351,5089,16
2025-03-08,Meta Ads,Root Canal,Clinic B,5886.59,90060,3661,35
2025-03-08,Google Ads,Dental Crown,Clinic B,4751.29,52102,3241,27
2025-03-08,Meta Ads,Teeth Whitening,Clinic B,4344.21,69194,2905,40
2025-03-08,Google Ads,General Dentistry,Clinic B,3609.62,50885,1417,35
2025-03-08,Meta Ads,Dental Implant,Clinic C,9102.87,129760,5562,25
2025-03-08,Meta Ads,Invisalign,Clinic C,6494.75,82087,5215,17
2025-03-08,Instagram,Root Canal,Clinic C,5236.43,67198,3440,24
2025-03-08,Instagram,Dental Crown,Clinic C,5999.4,89755,2608,34
2025-03-08,Instagram,Teeth Whitening,Clinic C,3168.99,51979,3335,24
2025-03-08,Google Ads,General Dentistry,Clinic C,4261.74,55317,3043,33
2025-03-08,Meta Ads,Dental Implant,Clinic D,7419.74,105216,5520,19
2025-03-08,Google Ads,Invisalign,Clinic D,6392.35,83602,2654,15
2025-03-08,Meta Ads,Root Canal,Clinic D,3702.68,53650,2234,16
2025-03-08,Google Ads,Dental Crown,Clinic D,4560.46,56206,1844,26
2025-03-08,Google Ads,Teeth Whitening,Clinic D,4657.82,74334,3665,35
2025-03-08,Meta Ads,General Dentistry,Clinic D,3610.71,50345,2474,39
2025-03-09,Google Ads,Dental Implant,Clinic A,7433.53,113507,2939,25
2025-03-09,Google Ads,Invisalign,Clinic A,8321.47,80128,3931,27
2025-03-09,Google Ads,Root Canal,Clinic A,7451.7,95181,3496,36
2025-03-09,Instagram,Dental Crown,Clinic A,4815.77,43212,1295,25
2025-03-09,Google Ads,Teeth Whitening,Clinic A,4161.9,65069,3124,42
2025-03-09,Meta Ads,General Dentistry,Clinic A,5331.83,60969,3698,52
2025-03-09,Google Ads,Dental Implant,Clinic B,8219.78,106777,6623,24
2025-03-09,Google Ads,Invisalign,Clinic B,5976.56,88312,3850,18
2025-03-09,Meta Ads,Root Canal,Clinic B,6015.59,104562,4573,35
2025-03-09,Instagram,Dental Crown,Clinic B,5302.23,60109,3307,28
2025-03-09,Instagram,Teeth Whitening,Clinic B,3451.84,39520,1956,34
2025-03-09,Meta Ads,General Dentistry,Clinic B,5458.06,46844,2294,55
2025-03-09,Meta Ads,Dental Implant,Clinic C,7496.34,117582,7404,26
2025-03-09,Google Ads,Invisalign,Clinic C,8578.53,107054,5461,29
2025-03-09,Meta Ads,Root Canal,Clinic C,6556.01,101416,4999,35
2025-03-09,Meta Ads,Dental Crown,Clinic C,6369.31,55782,2609,30
2025-03-09,Google Ads,Teeth Whitening,Clinic C,3956.52,52252,2500,40
2025-03-09,Instagram,General Dentistry,Clinic C,3899.55,43730,2408,37
2025-03-09,Meta Ads,Dental Implant,Clinic D,8019.05,76858,3963,27
2025-03-09,Google Ads,Invisalign,Clinic D,6098.4,97326,5154,10
2025-03-09,Google Ads,Root Canal,Clinic D,8021.95,142480,8761,37
2025-03-09,Google Ads,Dental Crown,Clinic D,5107.03,61603,1991,25
2025-03-09,Meta Ads,Teeth Whitening,Clinic D,3223.87,51406,2692,25
2025-03-09,Meta Ads,General Dentistry,Clinic D,3927.02,36771,1664,40
2025-03-10,Google Ads,Dental Implant,Clinic A,8551.78,119931,4495,28
2025-03-10,Google Ads,Invisalign,Clinic A,7252.88,90227,3607,26
2025-03-10,Google Ads,Root Canal,Clinic A,8860.67,150930,8384,44
2025-03-10,Google Ads,Dental Crown,Clinic A,4952.08,50498,2571,23
2025-03-10,Google Ads,Teeth Whitening,Clinic A,3766.53,66632,4205,37
2025-03-10,Meta Ads,General Dentistry,Clinic A,4136.81,44577,1875,39
2025-03-10,Meta Ads,Dental Implant,Clinic B,8163.04,115143,3151,28
2025-03-10,Meta Ads,Invisalign,Clinic B,7840.75,95655,4573,20
2025-03-10,Google Ads,Root Canal,Clinic B,6299.29,75351,2616,35
2025-03-10,Meta Ads,Dental Crown,Clinic B,5452.9,45563,1252,30
2025-03-10,Meta Ads,Teeth Whitening,Clinic B,3806.71,52404,2156,35
2025-03-10,Google Ads,General Dentistry,Clinic B,4836.42,57074,1646,48
2025-03-10,Google Ads,Dental Implant,Clinic C,8866.8,98960,3704,31
2025-03-10,Google Ads,Invisalign,Clinic C,9997.99,115271,6906,31
2025-03-10,Meta Ads,Root Canal,Clinic C,8361.51,131229,6047,47
2025-03-10,Google Ads,Dental Crown,Clinic C,4774.8,64464,4055,22
2025-03-10,Google Ads,Teeth Whitening,Clinic C,2998.04,52675,2570,30
2025-03-10,Google Ads,General Dentistry,Clinic C,3588.46,54347,2741,33
2025-03-10,Instagram,Dental Implant,Clinic D,7101.31,105300,6333,25
2025-03-10,Instagram,Invisalign,Clinic D,6354.44,86762,3956,22
2025-03-10,Meta Ads,Root Canal,Clinic D,8171.6,80227,2532,43
2025-03-10,Meta Ads,Dental Crown,Clinic D,4862.47,41348,1815,34
2025-03-10,Meta Ads,Teeth Whitening,Clinic D,3570.52,52210,2861,37
2025-03-10,Google Ads,General Dentistry,Clinic D,3651.4,35318,1313,32
2025-03-11,Instagram,Dental Implant,Clinic A,8738.25,97695,3043,28
2025-03-11,Google Ads,Invisalign,Clinic A,8146.94,113792,3824,18
2025-03-11,Meta Ads,Root Canal,Clinic A,5341.18,47451,1199,27
2025-03-11,Meta Ads,Dental Crown,Clinic A,5338.29,73093,4421,30
2025-03-11,Meta Ads,Teeth Whitening,Clinic A,2888.1,46994,1911,31
2025-03-11,Google Ads,General Dentistry,Clinic A,4911.83,63854,2048,49
2025-03-11,Google Ads,Dental Implant,Clinic B,8354.6,91705,4904,20
2025-03-11,Meta Ads,Invisalign,Clinic B,6051.52,85048,4419,15
2025-03-11,Meta Ads,Root Canal,Clinic B,6500.38,112066,3916,32
2025-03-11,Meta Ads,Dental Crown,Clinic B,4136.25,72290,3140,16
2025-03-11,Meta Ads,Teeth Whitening,Clinic B,4476.05,50013,3004,41
2025-03-11,Meta Ads,General Dentistry,Clinic B,4462.11,36286,1420,44
2025-03-11,Google Ads,Dental Implant,Clinic C,9122.82,163188,6836,27
2025-03-11,Meta Ads,Invisalign,Clinic C,7052.12,79574,4647,17
2025-03-11,Instagram,Root Canal,Clinic C,4158.39,72156,3955,15
2025-03-11,Meta Ads,Dental Crown,Clinic C,6758.03,101276,4770,41
2025-03-11,Meta Ads,Teeth Whitening,Clinic C,3602.52,59813,3476,38
2025-03-11,Google Ads,General Dentistry,Clinic C,4188.35,53158,1822,43
2025-03-11,Google Ads,Dental Implant,Clinic D,8557.29,127022,5081,31
2025-03-11,Meta Ads,Invisalign,Clinic D,9822.37,155828,6579,24
2025-03-11,Meta Ads,Root Canal,Clinic D,7966.03,115512,4994,39
2025-03-11,Instagram,Dental Crown,Clinic D,6060.92,92934,4303,34
2025-03-11,Google Ads,Teeth Whitening,Clinic D,3509.94,54359,2085,35
2025-03-11,Google Ads,General Dentistry,Clinic D,4403.94,49971,2874,42
2025-03-12,Meta Ads,Dental Implant,Clinic A,9056.65,93828,2409,25
2025-03-12,Meta Ads,Invisalign,Clinic A,6161.53,59904,2584,14
2025-03-12,Meta Ads,Root Canal,Clinic A,6150.59,82910,4659,33
2025-03-12,Google Ads,Dental Crown,Clinic A,5523.22,45802,1339,30
2025-03-12,Meta Ads,Teeth Whitening,Clinic A,3320.76,44504,1405,33
2025-03-12,Instagram,General Dentistry,Clinic A,6537.07,60014,2976,60
2025-03-12,Meta Ads,Dental Implant,Clinic B,9970.83,100097,6095,31
2025-03-12,Meta Ads,Invisalign,Clinic B,8754.87,107546,4115,28
2025-03-12,Meta Ads,Root Canal,Clinic B,6097.64,63842,3524,31
2025-03-12,Meta Ads,Dental Crown,Clinic B,4168.7,56249,1995,18
2025-03-12,Meta Ads,Teeth Whitening,Clinic B,3100.19,29601,1036,26
2025-03-12,Google Ads,General Dentistry,Clinic B,4258.63,45530,2384,37
2025-03-12,Meta Ads,Dental Implant,Clinic C,6756.99,80980,3479,14
2025-03-12,Google Ads,Invisalign,Clinic C,8799.44,139499,8294,25
2025-03-12,Google Ads,Root Canal,Clinic C,7522.14,65337,3926,40
2025-03-12,Google Ads,Dental Crown,Clinic C,4531.75,38826,2316,24
2025-03-12,Google Ads,Teeth Whitening,Clinic C,3278.96,35828,1810,30
2025-03-12,Meta Ads,General Dentistry,Clinic C,4553.84,51944,2516,41
2025-03-12,Meta Ads,Dental Implant,Clinic D,9132.95,142425,6429,33
2025-03-12,Meta Ads,Invisalign,Clinic D,8571.95,143117,5098,22
2025-03-12,Google Ads,Root Canal,Clinic D,7694.82,131411,6094,41
2025-03-12,Meta Ads,Dental Crown,Clinic D,4694.7,76298,2706,27
2025-03-12,Meta Ads,Teeth Whitening,Clinic D,3512.45,31380,1908,34
2025-03-12,Meta Ads,General Dentistry,Clinic D,4047.9,57821,2825,39
2025-03-13,Meta Ads,Dental Implant,Clinic A,6284.98,53440,1358,21
2025-03-13,Instagram,Invisalign,Clinic A,7996.19,127521,7924,18
2025-03-13,Google Ads,Root Canal,Clinic A,5738.73,55030,2377,28
2025-03-13,Meta Ads,Dental Crown,Clinic A,4090.1,58235,1461,27
2025-03-13,Instagram,Teeth Whitening,Clinic A,3580.98,37362,2387,36
2025-03-13,Meta Ads,General Dentistry,Clinic A,4481.67,40428,1224,43
2025-03-13,Google Ads,Dental Implant,Clinic B,7218.9,79757,2143,27
2025-03-13,Google Ads,Invisalign,Clinic B,8882.43,105018,2919,29
2025-03-13,Meta Ads,Root Canal,Clinic B,6559.58,61591,3147,37
2025-03-13,Google Ads,Dental Crown,Clinic B,4900.98,51412,3198,22
2025-03-13,Meta Ads,Teeth Whitening,Clinic B,4197.08,57248,2918,30
2025-03-13,Google Ads,General Dentistry,Clinic B,4352.6,63758,3546,44
2025-03-13,Instagram,Dental Implant,Clinic C,11908.58,105437,5917,38
2025-03-13,Meta Ads,Invisalign,Clinic C,5560.06,65619,1878,12
2025-03-13,Meta Ads,Root Canal,Clinic C,6797.35,93838,6064,38
2025-03-13,Meta Ads,Dental Crown,Clinic C,6175.54,81605,5213,30
2025-03-13,Instagram,Teeth Whitening,Clinic C,4216.45,46731,2395,32
2025-03-13,Meta Ads,General Dentistry,Clinic C,3897.32,58333,3279,47
2025-03-13,Meta Ads,Dental Implant,Clinic D,9762.4,170097,8471,25
2025-03-13,Google Ads,Invisalign,Clinic D,9403.16,113975,6715,26
2025-03-13,Meta Ads,Root Canal,Clinic D,6209.12,80504,3092,34
2025-03-13,Meta Ads,Dental Crown,Clinic D,5066.5,49313,2235,29
2025-03-13,Meta Ads,Teeth Whitening,Clinic D,3529.31,52020,1647,42
2025-03-13,Google Ads,General Dentistry,Clinic D,4893.43,83495,3569,55
2025-03-14,Google Ads,Dental Implant,Clinic A,8948.5,110744,3904,27
2025-03-14,Meta Ads,Invisalign,Clinic A,6856.92,97520,6124,16
2025-03-14,Google Ads,Root Canal,Clinic A,6595.94,60645,2229,29
2025-03-14,Instagram,Dental Crown,Clinic A,5443.52,44964,1600,33
2025-03-14,Meta Ads,Teeth Whitening,Clinic A,4119.35,40594,1771,42
2025-03-14,Google Ads,General Dentistry,Clinic A,4586.16,54587,3369,49
2025-03-14,Instagram,Dental Implant,Clinic B,12213.93,136654,5098,40
2025-03-14,Meta Ads,Invisalign,Clinic B,8445.49,106331,5483,28
2025-03-14,Meta Ads,Root Canal,Clinic B,5847.17,101487,2601,35
2025-03-14,Google Ads,Dental Crown,Clinic B,5247.28,78918,2466,31
2025-03-14,Meta Ads,Teeth Whitening,Clinic B,2856.55,33132,1659,19
2025-03-14,Google Ads,General Dentistry,Clinic B,2447.65,35355,1226,25
2025-03-14,Meta Ads,Dental Implant,Clinic C,10410.7,170139,10760,39
2025-03-14,Meta Ads,Invisalign,Clinic C,5997.54,96500,5573,20
2025-03-14,Google Ads,Root Canal,Clinic C,7773.97,107857,4532,42
2025-03-14,Google Ads,Dental Crown,Clinic C,4711.72,65865,4064,26
2025-03-14,Google Ads,Teeth Whitening,Clinic C,3933.25,31872,1963,38
2025-03-14,Google Ads,General Dentistry,Clinic C,5043.79,74980,2989,48
2025-03-14,Google Ads,Dental Implant,Clinic D,9635.82,87167,5129,31
2025-03-14,Google Ads,Invisalign,Clinic D,9772.36,109996,2988,33
2025-03-14,Google Ads,Root Canal,Clinic D,7222.02,124635,3681,38
2025-03-14,Meta Ads,Dental Crown,Clinic D,5227.99,81477,5169,28
2025-03-14,Google Ads,Teeth Whitening,Clinic D,4078.56,52865,3382,40
2025-03-14,Google Ads,General Dentistry,Clinic D,3941.34,41753,2448,40
2025-03-15,Meta Ads,Dental Implant,Clinic A,8837.2,149742,8905,31
2025-03-15,Instagram,Invisalign,Clinic A,7938.63,69936,3401,15
2025-03-15,Meta Ads,Root Canal,Clinic A,5742.97,82671,3366,28
2025-03-15,Google Ads,Dental Crown,Clinic A,6107.79,60804,2925,21
2025-03-15,Google Ads,Teeth Whitening,Clinic A,3715.15,56895,2028,31
2025-03-15,Google Ads,General Dentistry,Clinic A,4409.26,57719,3519,41
2025-03-15,Google Ads,Dental Implant,Clinic B,6509.72,109789,3605,14
2025-03-15,Google Ads,Invisalign,Clinic B,10097.45,167430,5987,22
2025-03-15,Google Ads,Root Canal,Clinic B,5608.26,99670,4647,28
2025-03-15,Google Ads,Dental Crown,Clinic B,5834.1,85978,4051,31
2025-03-15,Meta Ads,Teeth Whitening,Clinic B,3040.14,29145,1855,30
2025-03-15,Google Ads,General Dentistry,Clinic B,4790.78,58313,2658,47
2025-03-15,Meta Ads,Dental Implant,Clinic C,7679.15,86941,3172,18
2025-03-15,Google Ads,Invisalign,Clinic C,8840.38,112283,4248,26
2025-03-15,Instagram,Root Canal,Clinic C,7841.37,121432,3277,38
2025-03-15,Google Ads,Dental Crown,Clinic C,5948.02,82914,4536,33
2025-03-15,Meta Ads,Teeth Whitening,Clinic C,5319.3,46346,2878,47
2025-03-15,Meta Ads,General Dentistry,Clinic C,4125.47,33195,1180,38
2025-03-15,Google Ads,Dental Implant,Clinic D,8591.11,141132,4018,36
2025-03-15,Meta Ads,Invisalign,Clinic D,7694.7,83774,3587,26
2025-03-15,Meta Ads,Root Canal,Clinic D,9068.08,74129,2390,49
2025-03-15,Google Ads,Dental Crown,Clinic D,4165.0,53595,2744,20
2025-03-15,Meta Ads,Teeth Whitening,Clinic D,3338.6,26837,1577,29
2025-03-15,Meta Ads,General Dentistry,Clinic D,4940.56,67001,3104,54
2025-03-16,Meta Ads,Dental Implant,Clinic A,7667.37,67308,3206,19
2025-03-16,Instagram,Invisalign,Clinic A,8511.71,130161,4471,23
2025-03-16,Meta Ads,Root Canal,Clinic A,5462.05,48760,1252,27
2025-03-16,Meta Ads,Dental Crown,Clinic A,4958.34,65446,3446,31
2025-03-16,Meta Ads,Teeth Whitening,Clinic A,2923.36,35969,1902,24
2025-03-16,Meta Ads,General Dentistry,Clinic A,4641.95,39646,2299,43
2025-03-16,Meta Ads,Dental Implant,Clinic B,10685.9,138451,5116,38
2025-03-16,Meta Ads,Invisalign,Clinic B,7324.78,124723,4221,22
2025-03-16,Google Ads,Root Canal,Clinic B,5222.88,70709,4263,29
2025-03-16,Meta Ads,Dental Crown,Clinic B,4635.22,47502,1426,22
2025-03-16,Google Ads,Teeth Whitening,Clinic B,2787.96,34676,1311,31
2025-03-16,Instagram,General Dentistry,Clinic B,5456.13,67728,2150,55
2025-03-16,Meta Ads,Dental Implant,Clinic C,7799.27,109690,3152,30
2025-03-16,Google Ads,Invisalign,Clinic C,9527.59,144561,7927,20
2025-03-16,Meta Ads,Root Canal,Clinic C,8348.38,75407,3831,48
2025-03-16,Meta Ads,Dental Crown,Clinic C,3731.62,53657,1699,17
2025-03-16,Meta Ads,Teeth Whitening,Clinic C,3821.46,61808,3868,32
2025-03-16,Google Ads,General Dentistry,Clinic C,4649.07,50331,1444,44
2025-03-16,Meta Ads,Dental Implant,Clinic D,9032.79,143486,4729,25
2025-03-16,Instagram,Invisalign,Clinic D,6546.7,60982,3096,12
2025-03-16,Meta Ads,Root Canal,Clinic D,5648.3,85445,4041,32
2025-03-16,Google Ads,Dental Crown,Clinic D,5071.66,87206,3279,27
2025-03-16,Google Ads,Teeth Whitening,Clinic D,3648.66,44554,2620,37
2025-03-16,Meta Ads,General Dentistry,Clinic D,2388.55,30393,1146,24
2025-03-17,Meta Ads,Dental Implant,Clinic A,8529.25,138643,5466,30
2025-03-17,Google Ads,Invisalign,Clinic A,7962.67,108954,2750,20
2025-03-17,Meta Ads,Root Canal,Clinic A,6656.65,60210,3203,35
2025-03-17,Google Ads,Dental Crown,Clinic A,5027.8,60139,1753,35
2025-03-17,Google Ads,Teeth Whitening,Clinic A,3558.61,46639,1202,32
2025-03-17,Google Ads,General Dentistry,Clinic A,3987.47,58786,2858,31
2025-03-17,Meta Ads,Dental Implant,Clinic B,8329.81,73125,4279,29
2025-03-17,Google Ads,Invisalign,Clinic B,9755.94,170320,8018,28
2025-03-17,Meta Ads,Root Canal,Clinic B,5908.94,103752,5987,31
2025-03-17,Meta Ads,Dental Crown,Clinic B,5601.24,72247,3889,30
2025-03-17,Google Ads,Teeth Whitening,Clinic B,3258.83,45014,2575,23
2025-03-17,Google Ads,General Dentistry,Clinic B,4788.63,77501,3867,48
2025-03-17,Meta Ads,Dental Implant,Clinic C,9243.38,148833,6227,34
2025-03-17,Meta Ads,Invisalign,Clinic C,7380.28,82471,2444,18
2025-03-17,Instagram,Root Canal,Clinic C,5955.06,58531,3270,30
2025-03-17,Google Ads,Dental Crown,Clinic C,5696.1,70762,2377,27
2025-03-17,Meta Ads,Teeth Whitening,Clinic C,3424.91,48100,1852,28
2025-03-17,Google Ads,General Dentistry,Clinic C,5075.39,77598,4728,53
2025-03-17,Meta Ads,Dental Implant,Clinic D,9477.11,127387,3949,36
2025-03-17,Google Ads,Invisalign,Clinic D,7054.98,96005,3677,18
2025-03-17,Google Ads,Root Canal,Clinic D,6552.89,95420,3661,32
2025-03-17,Google Ads,Dental Crown,Clinic D,4356.01,70430,3299,25
2025-03-17,Google Ads,Teeth Whitening,Clinic D,4533.11,37956,1874,46
2025-03-17,Meta Ads,General Dentistry,Clinic D,4711.55,60516,3578,49
2025-03-18,Google Ads,Dental Implant,Clinic A,9233.05,129600,5026,31
2025-03-18,Meta Ads,Invisalign,Clinic A,8361.4,137128,5318,26
2025-03-18,Google Ads,Root Canal,Clinic A,6429.08,79204,4686,27
2025-03-18,Google Ads,Dental Crown,Clinic A,3071.07,53362,3016,21
2025-03-18,Google Ads,Teeth Whitening,Clinic A,4324.94,37676,1957,42
2025-03-18,Google Ads,General Dentistry,Clinic A,4363.02,77637,4897,38
2025-03-18,Instagram,Dental Implant,Clinic B,8988.98,101164,5586,36
2025-03-18,Google Ads,Invisalign,Clinic B,9918.13,134261,8070,33
2025-03-18,Google Ads,Root Canal,Clinic B,8387.86,127217,6042,43
2025-03-18,Google Ads,Dental Crown,Clinic B,5924.35,47735,2439,29
2025-03-18,Google Ads,Teeth Whitening,Clinic B,2861.72,33666,1856,28
2025-03-18,Meta Ads,General Dentistry,Clinic B,4069.14,53000,2570,35
2025-03-18,Meta Ads,Dental Implant,Clinic C,8383.81,69608,4303,26
2025-03-18,Google Ads,Invisalign,Clinic C,7924.46,137979,8772,19
2025-03-18,Meta Ads,Root Canal,Clinic C,5541.71,86178,5495,27
2025-03-18,Google Ads,Dental Crown,Clinic C,5750.47,87883,5254,31
2025-03-18,Instagram,Teeth Whitening,Clinic C,4562.49,68863,3459,38
2025-03-18,Google Ads,General Dentistry,Clinic C,4903.84,61063,2554,51
2025-03-18,Google Ads,Dental Implant,Clinic D,8211.53,104352,4325,30
2025-03-18,Meta Ads,Invisalign,Clinic D,6299.23,105110,3399,16
2025-03-18,Google Ads,Root Canal,Clinic D,6261.31,76590,4354,27
2025-03-18,Google Ads,Dental Crown,Clinic D,4775.79,60827,3626,27
2025-03-18,Google Ads,Teeth Whitening,Clinic D,3566.67,55520,2520,33
2025-03-18,Google Ads,General Dentistry,Clinic D,6070.51,108343,6425,65
2025-03-19,Meta Ads,Dental Implant,Clinic A,7912.01,71376,3444,19
2025-03-19,Google Ads,Invisalign,Clinic A,10989.92,112996,6329,24
2025-03-19,Meta Ads,Root Canal,Clinic A,5976.95,68741,4411,31
2025-03-19,Instagram,Dental Crown,Clinic A,5086.97,72154,1866,27
2025-03-19,Meta Ads,Teeth Whitening,Clinic A,2397.45,28357,1385,15
2025-03-19,Meta Ads,General Dentistry,Clinic A,3486.52,52534,1598,37
2025-03-19,Instagram,Dental Implant,Clinic B,7555.27,104007,5000,24
2025-03-19,Google Ads,Invisalign,Clinic B,5969.7,80455,2038,14
2025-03-19,Google Ads,Root Canal,Clinic B,6689.9,70126,3165,34
2025-03-19,Google Ads,Dental Crown,Clinic B,5536.67,66480,2813,42
2025-03-19,Meta Ads,Teeth Whitening,Clinic B,3202.15,42657,2523,32
2025-03-19,Google Ads,General Dentistry,Clinic B,3392.62,34107,1218,28
2025-03-19,Meta Ads,Dental Implant,Clinic C,9629.11,119976,6513,36
2025-03-19,Google Ads,Invisalign,Clinic C,8841.61,95509,3540,26
2025-03-19,Google Ads,Root Canal,Clinic C,6876.86,84256,3379,37
2025-03-19,Google Ads,Dental Crown,Clinic C,3516.9,33260,849,12
2025-03-19,Meta Ads,Teeth Whitening,Clinic C,3420.95,37884,1525,22
2025-03-19,Google Ads,General Dentistry,Clinic C,3992.78,65195,2470,31
2025-03-19,Google Ads,Dental Implant,Clinic D,7957.3,136496,8648,31
2025-03-19,Meta Ads,Invisalign,Clinic D,6932.33,110509,4734,16
2025-03-19,Google Ads,Root Canal,Clinic D,7245.64,122815,6110,31
2025-03-19,Meta Ads,Dental Crown,Clinic D,5752.25,98331,3095,35
2025-03-19,Instagram,Teeth Whitening,Clinic D,2739.01,35875,1276,21
2025-03-19,Google Ads,General Dentistry,Clinic D,5363.18,96142,4384,60
2025-03-20,Google Ads,Dental Implant,Clinic A,9399.34,117120,4745,29
2025-03-20,Meta Ads,Invisalign,Clinic A,8173.16,106532,4752,22
2025-03-20,Instagram,Root Canal,Clinic A,6641.78,91546,5243,40
2025-03-20,Google Ads,Dental Crown,Clinic A,5426.05,70518,4540,38
2025-03-20,Google Ads,Teeth Whitening,Clinic A,3947.48,68218,3745,35
2025-03-20,Meta Ads,General Dentistry,Clinic A,3620.15,46641,2166,39
2025-03-20,Google Ads,Dental Implant,Clinic B,8790.04,149334,6062,33
2025-03-20,Google Ads,Invisalign,Clinic B,9032.35,121800,7492,20
2025-03-20,Google Ads,Root Canal,Clinic B,8063.29,90297,5438,46
2025-03-20,Google Ads,Dental Crown,Clinic B,6173.94,75408,2438,40
2025-03-20,Meta Ads,Teeth Whitening,Clinic B,2596.83,33574,1748,17
2025-03-20,Meta Ads,General Dentistry,Clinic B,3694.94,58812,3045,36
2025-03-20,Meta Ads,Dental Implant,Clinic C,9972.74,105983,3877,32
2025-03-20,Meta Ads,Invisalign,Clinic C,6973.5,101018,2985,15
2025-03-20,Google Ads,Root Canal,Clinic C,6989.12,63925,2616,33
2025-03-20,Google Ads,Dental Crown,Clinic C,6333.91,68262,3393,31
2025-03-20,Google Ads,Teeth Whitening,Clinic C,4036.65,44822,1163,39
2025-03-20,Google Ads,General Dentistry,Clinic C,2560.71,29334,1413,24
2025-03-20,Google Ads,Dental Implant,Clinic D,6706.84,119452,3218,21
2025-03-20,Google Ads,Invisalign,Clinic D,6999.94,112768,6516,20
2025-03-20,Google Ads,Root Canal,Clinic D,7084.66,66271,3935,40
2025-03-20,Meta Ads,Dental Crown,Clinic D,5985.18,101590,5569,30
2025-03-20,Google Ads,Teeth Whitening,Clinic D,4828.23,82671,2091,46
2025-03-20,Google Ads,General Dentistry,Clinic D,5329.04,45558,2604,54
2025-03-21,Instagram,Dental Implant,Clinic A,9117.13,151386,8451,33
2025-03-21,Meta Ads,Invisalign,Clinic A,7162.79,74430,2014,10
2025-03-21,Meta Ads,Root Canal,Clinic A,6532.69,115151,3169,26
2025-03-21,Meta Ads,Dental Crown,Clinic A,5222.49,59706,1731,26
2025-03-21,Meta Ads,Teeth Whitening,Clinic A,4117.25,72664,1885,42
2025-03-21,Google Ads,General Dentistry,Clinic A,2897.64,42580,2596,32
2025-03-21,Meta Ads,Dental Implant,Clinic B,11606.38,105575,5299,40
2025-03-21,Google Ads,Invisalign,Clinic B,8113.69,130203,5403,15
2025-03-21,Meta Ads,Root Canal,Clinic B,7418.89,92353,5337,39
2025-03-21,Meta Ads,Dental Crown,Clinic B,4121.22,46710,2093,10
2025-03-21,Google Ads,Teeth Whitening,Clinic B,3235.15,34215,2081,31
2025-03-21,Meta Ads,General Dentistry,Clinic B,4260.5,64136,2644,39
2025-03-21,Google Ads,Dental Implant,Clinic C,6513.88,79733,2680,21
2025-03-21,Google Ads,Invisalign,Clinic C,10745.88,154087,7399,31
2025-03-21,Meta Ads,Root Canal,Clinic C,9322.86,109591,6682,49
2025-03-21,Meta Ads,Dental Crown,Clinic C,4871.22,58187,3700,29
2025-03-21,Meta Ads,Teeth Whitening,Clinic C,4639.66,55523,3073,42
2025-03-21,Google Ads,General Dentistry,Clinic C,4455.77,39785,2339,47
2025-03-21,Instagram,Dental Implant,Clinic D,10271.99,177543,8856,39
2025-03-21,Meta Ads,Invisalign,Clinic D,10524.72,189337,7630,29
2025-03-21,Meta Ads,Root Canal,Clinic D,6948.2,78020,4654,32
2025-03-21,Google Ads,Dental Crown,Clinic D,5328.28,54101,2574,29
2025-03-21,Meta Ads,Teeth Whitening,Clinic D,3658.18,37694,1358,36
2025-03-21,Meta Ads,General Dentistry,Clinic D,5576.8,76804,4347,59
2025-03-22,Meta Ads,Dental Implant,Clinic A,10332.0,134853,4235,33
2025-03-22,Google Ads,Invisalign,Clinic A,6930.96,73637,3622,25
2025-03-22,Meta Ads,Root Canal,Clinic A,6352.6,99829,6104,29
2025-03-22,Google Ads,Dental Crown,Clinic A,5952.62,78440,2463,39
2025-03-22,Meta Ads,Teeth Whitening,Clinic A,2627.4,43352,1616,21
2025-03-22,Google Ads,General Dentistry,Clinic A,3734.86,58908,1901,35
2025-03-22,Meta Ads,Dental Implant,Clinic B,8235.47,94091,5927,25
2025-03-22,Instagram,Invisalign,Clinic B,7642.41,87608,2931,19
2025-03-22,Google Ads,Root Canal,Clinic B,6015.37,88525,3136,32
2025-03-22,Meta Ads,Dental Crown,Clinic B,6032.92,100249,6113,37
2025-03-22,Meta Ads,Teeth Whitening,Clinic B,3118.86,54178,2657,28
2025-03-22,Meta Ads,General Dentistry,Clinic B,5126.9,92014,3515,46
2025-03-22,Meta Ads,Dental Implant,Clinic C,8822.68,89399,4068,21
2025-03-22,Google Ads,Invisalign,Clinic C,7841.36,67649,2910,20
2025-03-22,Instagram,Root Canal,Clinic C,6665.26,62000,1931,27
2025-03-22,Google Ads,Dental Crown,Clinic C,6712.96,84361,2191,36
2025-03-22,Google Ads,Teeth Whitening,Clinic C,4089.98,47360,1300,31
2025-03-22,Meta Ads,General Dentistry,Clinic C,3835.43,56645,2038,44
2025-03-22,Meta Ads,Dental Implant,Clinic D,9663.88,169030,7699,34
2025-03-22,Google Ads,Invisalign,Clinic D,9886.12,93008,3633,22
2025-03-22,Meta Ads,Root Canal,Clinic D,5700.41,73926,3398,30
2025-03-22,Meta Ads,Dental Crown,Clinic D,4972.73,83870,2181,26
2025-03-22,Meta Ads,Teeth Whitening,Clinic D,3159.59,53211,2101,23
2025-03-22,Meta Ads,General Dentistry,Clinic D,4285.35,40352,1915,40
2025-03-23,Google Ads,Dental Implant,Clinic A,9496.43,79367,4672,30
2025-03-23,Google Ads,Invisalign,Clinic A,8767.76,120349,4797,27
2025-03-23,Meta Ads,Root Canal,Clinic A,6514.85,79146,2431,39
2025-03-23,Instagram,Dental Crown,Clinic A,4465.27,38679,2128,23
2025-03-23,Meta Ads,Teeth Whitening,Clinic A,3552.07,33840,1365,28
2025-03-23,Meta Ads,General Dentistry,Clinic A,4168.79,43425,2340,36
2025-03-23,Meta Ads,Dental Implant,Clinic B,7700.23,104728,5770,22
2025-03-23,Instagram,Invisalign,Clinic B,8777.94,86178,2295,24
2025-03-23,Meta Ads,Root Canal,Clinic B,5548.92,48336,1234,29
2025-03-23,Google Ads,Dental Crown,Clinic B,5769.34,103828,5062,36
2025-03-23,Google Ads,Teeth Whitening,Clinic B,2648.07,27067,1711,21
2025-03-23,Google Ads,General Dentistry,Clinic B,5516.53,97304,2449,54
2025-03-23,Instagram,Dental Implant,Clinic C,9134.67,123474,6391,32
2025-03-23,Google Ads,Invisalign,Clinic C,8182.33,122249,4679,27
2025-03-23,Meta Ads,Root Canal,Clinic C,6247.13,71023,4191,32
2025-03-23,Meta Ads,Dental Crown,Clinic C,4999.19,87815,3948,30
2025-03-23,Google Ads,Teeth Whitening,Clinic C,4195.67,66530,2818,38
2025-03-23,Google Ads,General Dentistry,Clinic C,5075.33,49610,2881,51
2025-03-23,Google Ads,Dental Implant,Clinic D,9381.24,85292,2822,33
2025-03-23,Instagram,Invisalign,Clinic D,3631.32,31166,883,12
2025-03-23,Meta Ads,Root Canal,Clinic D,7041.0,91730,3498,38
2025-03-23,Meta Ads,Dental Crown,Clinic D,4650.15,80856,4099,26
2025-03-23,Google Ads,Teeth Whitening,Clinic D,3929.96,68486,2756,40
2025-03-23,Instagram,General Dentistry,Clinic D,5621.63,81286,4484,63
2025-03-24,Google Ads,Dental Implant,Clinic A,9401.7,160761,6390,33
2025-03-24,Meta Ads,Invisalign,Clinic A,9617.84,108202,6675,29
2025-03-24,Instagram,Root Canal,Clinic A,3646.7,50149,1655,16
2025-03-24,Meta Ads,Dental Crown,Clinic A,4756.73,73065,3647,29
2025-03-24,Google Ads,Teeth Whitening,Clinic A,4237.37,57412,3035,38
2025-03-24,Meta Ads,General Dentistry,Clinic A,4279.3,42162,1950,48
2025-03-24,Meta Ads,Dental Implant,Clinic B,8366.22,83191,4230,24
2025-03-24,Google Ads,Invisalign,Clinic B,7049.74,60529,3718,22
2025-03-24,Google Ads,Root Canal,Clinic B,5388.58,68944,2337,28
2025-03-24,Meta Ads,Dental Crown,Clinic B,5860.38,92667,3405,37
2025-03-24,Google Ads,Teeth Whitening,Clinic B,4124.11,57641,2419,35
2025-03-24,Instagram,General Dentistry,Clinic B,3406.24,61057,1847,24
2025-03-24,Google Ads,Dental Implant,Clinic C,12605.29,119508,4559,36
2025-03-24,Google Ads,Invisalign,Clinic C,8357.3,86902,3684,24
2025-03-24,Meta Ads,Root Canal,Clinic C,4684.94,56067,3423,24
2025-03-24,Google Ads,Dental Crown,Clinic C,4713.98,40545,1378,24
2025-03-24,Meta Ads,Teeth Whitening,Clinic C,5006.88,47860,1729,47
2025-03-24,Instagram,General Dentistry,Clinic C,4549.93,66575,3003,45
2025-03-24,Google Ads,Dental Implant,Clinic D,10203.44,97930,2472,35
2025-03-24,Meta Ads,Invisalign,Clinic D,8112.06,101891,4575,33
2025-03-24,Google Ads,Root Canal,Clinic D,8019.94,142933,4555,41
2025-03-24,Meta Ads,Dental Crown,Clinic D,5371.23,85575,3677,28
2025-03-24,Meta Ads,Teeth Whitening,Clinic D,3099.09,53520,3451,29
2025-03-24,Google Ads,General Dentistry,Clinic D,4008.15,33176,2101,46
2025-03-25,Google Ads,Dental Implant,Clinic A,8753.53,76011,2563,31
2025-03-25,Instagram,Invisalign,Clinic A,11295.83,107995,6665,24
2025-03-25,Meta Ads,Root Canal,Clinic A,9448.17,148088,4904,53
2025-03-25,Instagram,Dental Crown,Clinic A,4576.01,37175,958,23
2025-03-25,Google Ads,Teeth Whitening,Clinic A,3166.81,56620,3520,26
2025-03-25,Google Ads,General Dentistry,Clinic A,3455.51,58129,1681,30
2025-03-25,Meta Ads,Dental Implant,Clinic B,9938.08,142249,5763,30
2025-03-25,Google Ads,Invisalign,Clinic B,6655.11,91742,4178,15
2025-03-25,Google Ads,Root Canal,Clinic B,4461.24,61277,3733,15
2025-03-25,Google Ads,Dental Crown,Clinic B,4688.76,70248,3555,26
2025-03-25,Meta Ads,Teeth Whitening,Clinic B,2643.75,32996,856,23
2025-03-25,Google Ads,General Dentistry,Clinic B,4126.22,57426,2035,45
2025-03-25,Google Ads,Dental Implant,Clinic C,8124.29,138476,7766,27
2025-03-25,Instagram,Invisalign,Clinic C,8222.8,83752,4802,29
2025-03-25,Google Ads,Root Canal,Clinic C,8015.77,109358,5632,45
2025-03-25,Google Ads,Dental Crown,Clinic C,4054.99,57569,2225,22
2025-03-25,Google Ads,Teeth Whitening,Clinic C,3734.4,59274,3299,29
2025-03-25,Instagram,General Dentistry,Clinic C,5241.27,77767,3618,56
2025-03-25,Google Ads,Dental Implant,Clinic D,9788.98,96523,2545,33
2025-03-25,Google Ads,Invisalign,Clinic D,7910.61,94520,3975,26
2025-03-25,Google Ads,Root Canal,Clinic D,7751.43,101388,6553,38
2025-03-25,Meta Ads,Dental Crown,Clinic D,5513.14,66218,3744,33
2025-03-25,Google Ads,Teeth Whitening,Clinic D,3813.55,57644,2925,29
2025-03-25,Meta Ads,General Dentistry,Clinic D,4224.38,59347,2020,38
2025-03-26,Meta Ads,Dental Implant,Clinic A,8482.41,95370,3424,27
2025-03-26,Meta Ads,Invisalign,Clinic A,6937.27,112076,4006,19
2025-03-26,Meta Ads,Root Canal,Clinic A,7044.88,74318,2289,37
2025-03-26,Google Ads,Dental Crown,Clinic A,3728.3,42520,2182,22
2025-03-26,Google Ads,Teeth Whitening,Clinic A,3530.72,45320,1791,34
2025-03-26,Google Ads,General Dentistry,Clinic A,2669.17,22851,1345,15
2025-03-26,Meta Ads,Dental Implant,Clinic B,5806.67,75424,2553,16
2025-03-26,Google Ads,Invisalign,Clinic B,7903.93,105067,3139,15
2025-03-26,Instagram,Root Canal,Clinic B,6480.68,108794,5915,36
2025-03-26,Google Ads,Dental Crown,Clinic B,3484.79,40478,2237,19
2025-03-26,Meta Ads,Teeth Whitening,Clinic B,3130.07,26289,1395,28
2025-03-26,Instagram,General Dentistry,Clinic B,4720.83,68811,3417,43
2025-03-26,Instagram,Dental Implant,Clinic C,7982.89,136840,7373,24
2025-03-26,Meta Ads,Invisalign,Clinic C,9652.52,147365,7222,21
2025-03-26,Meta Ads,Root Canal,Clinic C,6820.76,88124,2247,36
2025-03-26,Google Ads,Dental Crown,Clinic C,4968.3,45734,1428,29
2025-03-26,Google Ads,Teeth Whitening,Clinic C,2763.94,40564,2108,21
2025-03-26,Instagram,General Dentistry,Clinic C,4059.38,72484,3987,41
2025-03-26,Google Ads,Dental Implant,Clinic D,8046.83,93257,4866,24
2025-03-26,Google Ads,Invisalign,Clinic D,6398.91,59196,2773,14
2025-03-26,Google Ads,Root Canal,Clinic D,8718.81,150620,4953,47
2025-03-26,Instagram,Dental Crown,Clinic D,6043.81,102551,6507,31
2025-03-26,Google Ads,Teeth Whitening,Clinic D,3241.2,43906,2310,22
2025-03-26,Meta Ads,General Dentistry,Clinic D,4715.09,45635,2439,43
2025-03-27,Instagram,Dental Implant,Clinic A,10202.89,89528,2899,38
2025-03-27,Google Ads,Invisalign,Clinic A,7719.27,124571,3631,24
2025-03-27,Meta Ads,Root Canal,Clinic A,6768.83,106057,5721,41
2025-03-27,Google Ads,Dental Crown,Clinic A,4658.85,57089,2660,29
2025-03-27,Google Ads,Teeth Whitening,Clinic A,2219.27,23450,1127,20
2025-03-27,Google Ads,General Dentistry,Clinic A,4278.6,51900,3336,47
2025-03-27,Google Ads,Dental Implant,Clinic B,8909.87,149870,6711,30
2025-03-27,Google Ads,Invisalign,Clinic B,9688.53,115937,5453,28
2025-03-27,Google Ads,Root Canal,Clinic B,6739.92,61074,2860,39
2025-03-27,Instagram,Dental Crown,Clinic B,3880.98,66203,3946,23
2025-03-27,Meta Ads,Teeth Whitening,Clinic B,2676.74,43832,2798,23
2025-03-27,Instagram,General Dentistry,Clinic B,7510.13,128290,6910,79
2025-03-27,Google Ads,Dental Implant,Clinic C,7152.2,109824,6610,21
2025-03-27,Google Ads,Invisalign,Clinic C,8599.09,69925,4287,23
2025-03-27,Google Ads,Root Canal,Clinic C,5564.68,91490,4271,26
2025-03-27,Google Ads,Dental Crown,Clinic C,5788.08,96242,2865,34
2025-03-27,Meta Ads,Teeth Whitening,Clinic C,3032.42,42760,1123,28
2025-03-27,Google Ads,General Dentistry,Clinic C,4689.02,46472,2628,41
2025-03-27,Google Ads,Dental Implant,Clinic D,8406.09,104436,5528,28
2025-03-27,Google Ads,Invisalign,Clinic D,9334.45,136750,7265,26
2025-03-27,Meta Ads,Root Canal,Clinic D,7576.68,119400,4173,40
2025-03-27,Meta Ads,Dental Crown,Clinic D,4359.97,42973,2595,17
2025-03-27,Google Ads,Teeth Whitening,Clinic D,3064.54,39467,1050,29
2025-03-27,Meta Ads,General Dentistry,Clinic D,5822.39,98661,2737,56
2025-03-28,Meta Ads,Dental Implant,Clinic A,7579.74,97925,3219,26
2025-03-28,Google Ads,Invisalign,Clinic A,11873.53,95401,4295,38
2025-03-28,Meta Ads,Root Canal,Clinic A,7523.97,127553,6366,41
2025-03-28,Meta Ads,Dental Crown,Clinic A,4689.16,66074,4153,24
2025-03-28,Google Ads,Teeth Whitening,Clinic A,3393.72,27166,1280,27
2025-03-28,Google Ads,General Dentistry,Clinic A,4363.61,39750,1972,45
2025-03-28,Instagram,Dental Implant,Clinic B,9322.81,108108,3202,30
2025-03-28,Google Ads,Invisalign,Clinic B,7612.95,97023,4938,21
2025-03-28,Meta Ads,Root Canal,Clinic B,7057.12,95456,5746,33
2025-03-28,Google Ads,Dental Crown,Clinic B,4781.68,53915,2078,25
2025-03-28,Google Ads,Teeth Whitening,Clinic B,2853.17,24946,656,26
2025-03-28,Instagram,General Dentistry,Clinic B,3246.43,41628,1303,29
2025-03-28,Google Ads,Dental Implant,Clinic C,8033.46,138514,4286,23
2025-03-28,Google Ads,Invisalign,Clinic C,8891.78,153206,5345,26
2025-03-28,Instagram,Root Canal,Clinic C,7339.57,65557,2159,37
2025-03-28,Google Ads,Dental Crown,Clinic C,5641.7,54119,1839,29
2025-03-28,Google Ads,Teeth Whitening,Clinic C,3735.92,46627,2682,33
2025-03-28,Meta Ads,General Dentistry,Clinic C,4534.35,79193,3733,44
2025-03-28,Meta Ads,Dental Implant,Clinic D,10327.16,140940,5814,35
2025-03-28,Google Ads,Invisalign,Clinic D,8439.99,119758,4138,20
2025-03-28,Meta Ads,Root Canal,Clinic D,5370.71,46263,2174,23
2025-03-28,Google Ads,Dental Crown,Clinic D,5446.52,50567,1587,32
2025-03-28,Google Ads,Teeth Whitening,Clinic D,2357.84,27121,829,25
2025-03-28,Google Ads,General Dentistry,Clinic D,4776.21,78232,4437,47
2025-03-29,Meta Ads,Dental Implant,Clinic A,10554.51,121105,5899,33
2025-03-29,Google Ads,Invisalign,Clinic A,8116.28,137584,6570,29
2025-03-29,Google Ads,Root Canal,Clinic A,6501.11,68307,2607,35
2025-03-29,Google Ads,Dental Crown,Clinic A,4918.76,86170,2578,24
2025-03-29,Instagram,Teeth Whitening,Clinic A,3860.78,58295,2837,37
2025-03-29,Google Ads,General Dentistry,Clinic A,2986.25,27034,1545,33
2025-03-29,Meta Ads,Dental Implant,Clinic B,8772.42,118578,6343,35
2025-03-29,Google Ads,Invisalign,Clinic B,7627.12,115054,4377,26
2025-03-29,Meta Ads,Root Canal,Clinic B,7248.98,81469,4782,42
2025-03-29,Meta Ads,Dental Crown,Clinic B,3754.27,36623,1630,19
2025-03-29,Meta Ads,Teeth Whitening,Clinic B,3465.24,34805,1203,38
2025-03-29,Google Ads,General Dentistry,Clinic B,5208.35,93123,5169,59
2025-03-29,Google Ads,Dental Implant,Clinic C,9024.75,82997,3729,30
2025-03-29,Instagram,Invisalign,Clinic C,7334.79,87734,5188,24
2025-03-29,Instagram,Root Canal,Clinic C,7832.55,89837,5257,41
2025-03-29,Google Ads,Dental Crown,Clinic C,4386.06,74253,2053,33
2025-03-29,Instagram,Teeth Whitening,Clinic C,2627.13,42764,2208,12
2025-03-29,Instagram,General Dentistry,Clinic C,6247.28,110683,6868,69
2025-03-29,Google Ads,Dental Implant,Clinic D,10553.96,183573,8726,29
2025-03-29,Meta Ads,Invisalign,Clinic D,8072.85,76498,2709,19
2025-03-29,Google Ads,Root Canal,Clinic D,7168.95,58791,3366,30
2025-03-29,Meta Ads,Dental Crown,Clinic D,5722.23,46647,1306,26
2025-03-29,Google Ads,Teeth Whitening,Clinic D,3783.81,36879,2387,29
2025-03-29,Google Ads,General Dentistry,Clinic D,5551.34,68771,2107,54
2025-03-30,Meta Ads,Dental Implant,Clinic A,9039.45,107672,5482,21
2025-03-30,Meta Ads,Invisalign,Clinic A,8465.16,97774,4198,26
2025-03-30,Meta Ads,Root Canal,Clinic A,7332.14,106300,5448,34
2025-03-30,Google Ads,Dental Crown,Clinic A,3855.66,38159,2127,23
2025-03-30,Google Ads,Teeth Whitening,Clinic A,2358.99,24435,1373,23
2025-03-30,Meta Ads,General Dentistry,Clinic A,4678.57,56675,3250,47
2025-03-30,Google Ads,Dental Implant,Clinic B,9213.61,92040,3963,29
2025-03-30,Google Ads,Invisalign,Clinic B,9310.49,131571,4068,25
2025-03-30,Meta Ads,Root Canal,Clinic B,6189.54,95572,4488,33
2025-03-30,Meta Ads,Dental Crown,Clinic B,4394.16,69848,4249,25
2025-03-30,Google Ads,Teeth Whitening,Clinic B,3500.1,62193,3774,34
2025-03-30,Google Ads,General Dentistry,Clinic B,4981.37,46530,2536,53
2025-03-30,Meta Ads,Dental Implant,Clinic C,9478.34,165144,4625,32
2025-03-30,Meta Ads,Invisalign,Clinic C,9867.24,138394,6203,25
2025-03-30,Google Ads,Root Canal,Clinic C,4896.43,55453,3579,33
2025-03-30,Meta Ads,Dental Crown,Clinic C,5978.13,61401,3057,33
2025-03-30,Meta Ads,Teeth Whitening,Clinic C,3290.35,29041,1878,28
2025-03-30,Meta Ads,General Dentistry,Clinic C,2783.39,34777,1948,27
2025-03-30,Instagram,Dental Implant,Clinic D,8489.94,83976,3562,25
2025-03-30,Meta Ads,Invisalign,Clinic D,8918.48,119697,5332,26
2025-03-30,Meta Ads,Root Canal,Clinic D,6858.84,108875,5855,39
2025-03-30,Instagram,Dental Crown,Clinic D,4527.14,74895,3272,29
2025-03-30,Meta Ads,Teeth Whitening,Clinic D,3676.85,55847,1711,35
2025-03-30,Google Ads,General Dentistry,Clinic D,4470.35,73639,2929,44
2025-03-31,Meta Ads,Dental Implant,Clinic A,9442.27,150153,7852,37
2025-03-31,Google Ads,Invisalign,Clinic A,8695.68,83496,4668,29
2025-03-31,Meta Ads,Root Canal,Clinic A,7413.56,87035,4100,37
2025-03-31,Google Ads,Dental Crown,Clinic A,5526.71,70205,1812,37
2025-03-31,Meta Ads,Teeth Whitening,Clinic A,2773.49,31404,1888,26
2025-03-31,Meta Ads,General Dentistry,Clinic A,5068.97,81709,2361,50
2025-03-31,Meta Ads,Dental Implant,Clinic B,8531.86,74683,3305,27
2025-03-31,Meta Ads,Invisalign,Clinic B,8619.82,114262,3091,20
2025-03-31,Instagram,Root Canal,Clinic B,5684.05,75961,3036,35
2025-03-31,Google Ads,Dental Crown,Clinic B,3525.07,50081,2183,25
2025-03-31,Meta Ads,Teeth Whitening,Clinic B,3033.44,24679,1211,25
2025-03-31,Instagram,General Dentistry,Clinic B,3377.61,27463,1249,32
2025-03-31,Instagram,Dental Implant,Clinic C,8283.52,133310,7884,29
2025-03-31,Google Ads,Invisalign,Clinic C,7325.13,104462,4944,20
2025-03-31,Google Ads,Root Canal,Clinic C,6804.0,65839,3571,35
2025-03-31,Meta Ads,Dental Crown,Clinic C,3896.63,39608,2021,26
2025-03-31,Instagram,Teeth Whitening,Clinic C,3488.89,42760,1665,33
2025-03-31,Meta Ads,General Dentistry,Clinic C,4572.78,52360,3143,38
2025-03-31,Google Ads,Dental Implant,Clinic D,10309.16,116325,4093,41
2025-03-31,Meta Ads,Invisalign,Clinic D,11507.61,202774,8297,33
2025-03-31,Meta Ads,Root Canal,Clinic D,7868.36,67239,4134,48
2025-03-31,Google Ads,Dental Crown,Clinic D,6475.44,85626,2155,35
2025-03-31,Instagram,Teeth Whitening,Clinic D,3810.94,67497,4178,29
2025-03-31,Meta Ads,General Dentistry,Clinic D,5209.9,77468,4454,56
2025-04-01,Google Ads,Dental Implant,Clinic A,7954.23,67499,4298,21
2025-04-01,Meta Ads,Invisalign,Clinic A,7005.09,125573,6997,16
2025-04-01,Google Ads,Root Canal,Clinic A,7803.92,70839,1777,43
2025-04-01,Google Ads,Dental Crown,Clinic A,5510.03,92543,4862,31
2025-04-01,Meta Ads,Teeth Whitening,Clinic A,2697.74,24932,804,21
2025-04-01,Instagram,General Dentistry,Clinic A,2671.55,38785,1479,24
2025-04-01,Google Ads,Dental Implant,Clinic B,7970.65,97171,5174,23
2025-04-01,Google Ads,Invisalign,Clinic B,9764.67,100973,2716,27
2025-04-01,Instagram,Root Canal,Clinic B,7296.16,64741,3947,42
2025-04-01,Google Ads,Dental Crown,Clinic B,4942.27,85145,5515,21
2025-04-01,Meta Ads,Teeth Whitening,Clinic B,3461.91,28722,1034,33
2025-04-01,Google Ads,General Dentistry,Clinic B,4179.26,40743,2019,42
2025-04-01,Google Ads,Dental Implant,Clinic C,8126.64,119370,7321,27
2025-04-01,Meta Ads,Invisalign,Clinic C,8222.5,74318,2017,20
2025-04-01,Meta Ads,Root Canal,Clinic C,5490.11,63677,2398,29
2025-04-01,Google Ads,Dental Crown,Clinic C,5898.15,68041,2600,30
2025-04-01,Google Ads,Teeth Whitening,Clinic C,3889.55,44396,1912,39
2025-04-01,Meta Ads,General Dentistry,Clinic C,4207.05,34488,2129,33
2025-04-01,Google Ads,Dental Implant,Clinic D,10345.22,137249,5632,28
2025-04-01,Instagram,Invisalign,Clinic D,8202.97,88818,2469,23
2025-04-01,Google Ads,Root Canal,Clinic D,6035.99,52602,1681,31
2025-04-01,Google Ads,Dental Crown,Clinic D,5170.2,61960,3530,30
2025-04-01,Meta Ads,Teeth Whitening,Clinic D,2811.72,48559,2425,24
2025-04-01,Google Ads,General Dentistry,Clinic D,5730.62,56128,2340,55
2025-04-02,Google Ads,Dental Implant,Clinic A,9084.0,107264,5768,26
2025-04-02,Instagram,Invisalign,Clinic A,7741.16,91179,4413,26
2025-04-02,Google Ads,Root Canal,Clinic A,6763.29,88133,4694,37
2025-04-02,Google Ads,Dental Crown,Clinic A,5303.92,51456,2271,30
2025-04-02,Instagram,Teeth Whitening,Clinic A,3464.35,37655,1894,32
2025-04-02,Google Ads,General Dentistry,Clinic A,6180.81,99290,3919,67
2025-04-02,Meta Ads,Dental Implant,Clinic B,8726.41,119702,6762,32
2025-04-02,Google Ads,Invisalign,Clinic B,8442.97,98823,3979,21
2025-04-02,Instagram,Root Canal,Clinic B,7136.41,64682,2504,37
2025-04-02,Meta Ads,Dental Crown,Clinic B,4741.51,78317,4344,22
2025-04-02,Google Ads,Teeth Whitening,Clinic B,3549.79,54357,1689,23
2025-04-02,Meta Ads,General Dentistry,Clinic B,4363.54,43242,1615,40
2025-04-02,Google Ads,Dental Implant,Clinic C,7771.0,113749,5270,29
2025-04-02,Meta Ads,Invisalign,Clinic C,8949.27,128173,5963,18
2025-04-02,Meta Ads,Root Canal,Clinic C,6770.85,88449,3687,31
2025-04-02,Google Ads,Dental Crown,Clinic C,5377.34,49348,2870,25
2025-04-02,Google Ads,Teeth Whitening,Clinic C,3044.39,27198,936,28
2025-04-02,Meta Ads,General Dentistry,Clinic C,2909.5,47991,1568,28
2025-04-02,Google Ads,Dental Implant,Clinic D,9187.35,157566,5614,24
2025-04-02,Google Ads,Invisalign,Clinic D,8033.24,69287,2498,24
2025-04-02,Meta Ads,Root Canal,Clinic D,6741.52,89155,4759,33
2025-04-02,Google Ads,Dental Crown,Clinic D,5657.28,57177,1519,30
2025-04-02,Instagram,Teeth Whitening,Clinic D,3468.77,52216,1524,36
2025-04-02,Meta Ads,General Dentistry,Clinic D,5035.98,88187,5677,50
2025-04-03,Meta Ads,Dental Implant,Clinic A,8579.33,131000,4762,24
2025-04-03,Meta Ads,Invisalign,Clinic A,8566.6,97839,5347,26
2025-04-03,Google Ads,Root Canal,Clinic A,7862.89,125398,4733,38
2025-04-03,Instagram,Dental Crown,Clinic A,5796.41,97319,4579,27
2025-04-03,Google Ads,Teeth Whitening,Clinic A,3115.71,29877,1276,26
2025-04-03,Meta Ads,General Dentistry,Clinic A,4133.79,64289,3392,43
2025-04-03,Meta Ads,Dental Implant,Clinic B,6935.27,108116,3890,18
2025-04-03,Google Ads,Invisalign,Clinic B,4783.93,51458,2330,21
2025-04-03,Google Ads,Root Canal,Clinic B,7771.8,83208,4068,39
2025-04-03,Meta Ads,Dental Crown,Clinic B,5053.94,66713,3910,29
2025-04-03,Google Ads,Teeth Whitening,Clinic B,3128.35,45674,2595,29
2025-04-03,Google Ads,General Dentistry,Clinic B,4803.99,44422,2307,46
2025-04-03,Google Ads,Dental Implant,Clinic C,10213.61,92613,4444,29
2025-04-03,Instagram,Invisalign,Clinic C,8164.15,90044,4776,23
2025-04-03,Meta Ads,Root Canal,Clinic C,6183.37,96513,3309,34
2025-04-03,Google Ads,Dental Crown,Clinic C,6424.46,65167,1755,35
2025-04-03,Google Ads,Teeth Whitening,Clinic C,3189.15,54879,3004,24
2025-04-03,Google Ads,General Dentistry,Clinic C,4953.61,83658,4112,48
2025-04-03,Google Ads,Dental Implant,Clinic D,10001.7,136490,7444,37
2025-04-03,Google Ads,Invisalign,Clinic D,8682.22,138553,8679,24
2025-04-03,Instagram,Root Canal,Clinic D,5745.66,60938,1753,27
2025-04-03,Google Ads,Dental Crown,Clinic D,3734.39,42906,1179,15
2025-04-03,Google Ads,Teeth Whitening,Clinic D,3901.51,67360,2452,34
2025-04-03,Meta Ads,General Dentistry,Clinic D,4516.99,70263,4499,49
2025-04-04,Google Ads,Dental Implant,Clinic A,9319.6,121945,4495,28
2025-04-04,Instagram,Invisalign,Clinic A,7315.81,115164,6695,23
2025-04-04,Google Ads,Root Canal,Clinic A,6442.69,64063,3978,30
2025-04-04,Google Ads,Dental Crown,Clinic A,5318.19,53477,1620,26
2025-04-04,Google Ads,Teeth Whitening,Clinic A,2630.78,30970,1826,25
2025-04-04,Google Ads,General Dentistry,Clinic A,4915.21,80175,3117,51
2025-04-04,Google Ads,Dental Implant,Clinic B,7704.88,83834,4811,27
2025-04-04,Meta Ads,Invisalign,Clinic B,6114.37,89751,2716,19
2025-04-04,Instagram,Root Canal,Clinic B,7332.29,126126,4019,36
2025-04-04,Google Ads,Dental Crown,Clinic B,5307.21,50645,2948,31
2025-04-04,Meta Ads,Teeth Whitening,Clinic B,3913.87,54093,2310,35
2025-04-04,Google Ads,General Dentistry,Clinic B,5346.18,43055,2010,49
2025-04-04,Google Ads,Dental Implant,Clinic C,9057.83,127079,6909,29
2025-04-04,Meta Ads,Invisalign,Clinic C,6560.17,66921,1897,7
2025-04-04,Meta Ads,Root Canal,Clinic C,5645.64,60082,3576,31
2025-04-04,Instagram,Dental Crown,Clinic C,5301.12,88483,4430,35
2025-04-04,Meta Ads,Teeth Whitening,Clinic C,3203.11,50754,1688,33
2025-04-04,Google Ads,General Dentistry,Clinic C,4718.92,57282,2631,52
2025-04-04,Instagram,Dental Implant,Clinic D,9030.35,121655,6030,34
2025-04-04,Meta Ads,Invisalign,Clinic D,6145.69,87378,2783,19
2025-04-04,Meta Ads,Root Canal,Clinic D,7512.91,131058,8172,41
2025-04-04,Google Ads,Dental Crown,Clinic D,4711.3,74860,1915,16
2025-04-04,Instagram,Teeth Whitening,Clinic D,4596.09,81838,4935,36
2025-04-04,Google Ads,General Dentistry,Clinic D,5768.09,89033,4735,57
2025-04-05,Google Ads,Dental Implant,Clinic A,8019.74,84256,2430,24
2025-04-05,Meta Ads,Invisalign,Clinic A,9678.84,167591,6288,24
2025-04-05,Google Ads,Root Canal,Clinic A,6201.81,83491,2689,30
2025-04-05,Meta Ads,Dental Crown,Clinic A,4626.28,58890,2259,25
2025-04-05,Google Ads,Teeth Whitening,Clinic A,4055.47,52650,1848,35
2025-04-05,Meta Ads,General Dentistry,Clinic A,3579.69,64380,1679,35
2025-04-05,Meta Ads,Dental Implant,Clinic B,8332.64,79772,3387,31
2025-04-05,Meta Ads,Invisalign,Clinic B,9579.61,135829,6818,29
2025-04-05,Meta Ads,Root Canal,Clinic B,7666.83,77449,3535,41
2025-04-05,Google Ads,Dental Crown,Clinic B,5537.27,74146,3027,33
2025-04-05,Google Ads,Teeth Whitening,Clinic B,3293.94,36362,1749,24
2025-04-05,Meta Ads,General Dentistry,Clinic B,4612.82,80659,2653,53
2025-04-05,Meta Ads,Dental Implant,Clinic C,9420.73,143697,8090,28
2025-04-05,Meta Ads,Invisalign,Clinic C,9299.43,77430,2400,29
2025-04-05,Meta Ads,Root Canal,Clinic C,6526.27,62215,2354,36
2025-04-05,Meta Ads,Dental Crown,Clinic C,4384.4,48597,2678,24
2025-04-05,Google Ads,Teeth Whitening,Clinic C,4051.37,72302,3997,36
2025-04-05,Google Ads,General Dentistry,Clinic C,3850.78,36988,1189,34
2025-04-05,Google Ads,Dental Implant,Clinic D,10806.51,123291,4052,42
2025-04-05,Meta Ads,Invisalign,Clinic D,9649.76,147476,7739,19
2025-04-05,Google Ads,Root Canal,Clinic D,5158.18,66733,3310,29
2025-04-05,Meta Ads,Dental Crown,Clinic D,5076.55,69551,1769,25
2025-04-05,Meta Ads,Teeth Whitening,Clinic D,3220.67,36629,2161,30
2025-04-05,Meta Ads,General Dentistry,Clinic D,5368.35,90578,3385,50
2025-04-06,Meta Ads,Dental Implant,Clinic A,8624.63,138864,7805,39
2025-04-06,Google Ads,Invisalign,Clinic A,10353.19,110877,4377,29
2025-04-06,Google Ads,Root Canal,Clinic A,6840.93,88709,2815,32
2025-04-06,Google Ads,Dental Crown,Clinic A,5469.22,48877,2008,27
2025-04-06,Google Ads,Teeth Whitening,Clinic A,3934.03,70141,3921,47
2025-04-06,Instagram,General Dentistry,Clinic A,5780.75,97988,2610,59
2025-04-06,Instagram,Dental Implant,Clinic B,10104.89,158984,4669,29
2025-04-06,Instagram,Invisalign,Clinic B,8305.84,79348,3780,26
2025-04-06,Google Ads,Root Canal,Clinic B,6324.02,94465,4768,36
2025-04-06,Google Ads,Dental Crown,Clinic B,2854.06,33524,1996,19
2025-04-06,Google Ads,Teeth Whitening,Clinic B,3953.75,35090,1257,30
2025-04-06,Instagram,General Dentistry,Clinic B,4135.76,74128,4655,42
2025-04-06,Google Ads,Dental Implant,Clinic C,9153.77,158303,10087,33
2025-04-06,Meta Ads,Invisalign,Clinic C,8607.01,118215,4570,23
2025-04-06,Google Ads,Root Canal,Clinic C,7278.76,117903,3095,37
2025-04-06,Google Ads,Dental Crown,Clinic C,5153.24,83198,3793,25
2025-04-06,Meta Ads,Teeth Whitening,Clinic C,3343.42,35334,1270,24
2025-04-06,Google Ads,General Dentistry,Clinic C,5555.6,98563,3582,56
2025-04-06,Google Ads,Dental Implant,Clinic D,10346.21,168107,6535,39
2025-04-06,Google Ads,Invisalign,Clinic D,6424.59,53939,1875,19
2025-04-06,Google Ads,Root Canal,Clinic D,8826.67,85005,2997,48
2025-04-06,Google Ads,Dental Crown,Clinic D,5194.47,58795,3557,25
2025-04-06,Meta Ads,Teeth Whitening,Clinic D,3749.24,34935,962,36
2025-04-06,Google Ads,General Dentistry,Clinic D,4964.18,88411,4486,54
2025-04-07,Google Ads,Dental Implant,Clinic A,8614.32,86117,4317,25
2025-04-07,Google Ads,Invisalign,Clinic A,9062.19,139227,8857,29
2025-04-07,Meta Ads,Root Canal,Clinic A,7200.37,70517,1863,37
2025-04-07,Google Ads,Dental Crown,Clinic A,5409.24,58331,1604,26
2025-04-07,Instagram,Teeth Whitening,Clinic A,3750.68,31412,814,32
2025-04-07,Meta Ads,General Dentistry,Clinic A,4313.37,34599,1366,40
2025-04-07,Google Ads,Dental Implant,Clinic B,8968.27,132598,8278,39
2025-04-07,Meta Ads,Invisalign,Clinic B,7030.29,111310,7031,13
2025-04-07,Meta Ads,Root Canal,Clinic B,6008.55,72425,2870,29
2025-04-07,Google Ads,Dental Crown,Clinic B,4582.95,63829,2819,28
2025-04-07,Instagram,Teeth Whitening,Clinic B,2573.48,37024,1397,27
2025-04-07,Google Ads,General Dentistry,Clinic B,5425.76,92735,4335,54
2025-04-07,Meta Ads,Dental Implant,Clinic C,10967.87,99064,4067,38
2025-04-07,Google Ads,Invisalign,Clinic C,7429.3,123837,6668,17
2025-04-07,Meta Ads,Root Canal,Clinic C,6685.1,57240,3096,27
2025-04-07,Google Ads,Dental Crown,Clinic C,4179.96,63150,3841,23
2025-04-07,Google Ads,Teeth Whitening,Clinic C,2988.74,29541,880,26
2025-04-07,Google Ads,General Dentistry,Clinic C,4271.03,65341,3402,37
2025-04-07,Instagram,Dental Implant,Clinic D,9118.02,141539,5724,32
2025-04-07,Google Ads,Invisalign,Clinic D,8442.18,90382,2548,21
2025-04-07,Google Ads,Root Canal,Clinic D,5422.22,85128,5212,31
2025-04-07,Google Ads,Dental Crown,Clinic D,4699.23,73882,2753,31
2025-04-07,Instagram,Teeth Whitening,Clinic D,3888.86,53806,3479,31
2025-04-07,Meta Ads,General Dentistry,Clinic D,4917.73,56592,3533,52
2025-04-08,Google Ads,Dental Implant,Clinic A,6957.37,76806,1927,21
2025-04-08,Meta Ads,Invisalign,Clinic A,5820.78,102859,5423,23
2025-04-08,Google Ads,Root Canal,Clinic A,6858.63,92272,3324,26
2025-04-08,Google Ads,Dental Crown,Clinic A,3814.02,57982,1827,15
2025-04-08,Meta Ads,Teeth Whitening,Clinic A,3188.05,31559,1377,29
2025-04-08,Meta Ads,General Dentistry,Clinic A,4992.55,82427,3747,51
2025-04-08,Meta Ads,Dental Implant,Clinic B,9281.45,107467,4192,32
2025-04-08,Google Ads,Invisalign,Clinic B,4730.57,46714,2279,13
2025-04-08,Meta Ads,Root Canal,Clinic B,4724.03,76200,4208,24
2025-04-08,Meta Ads,Dental Crown,Clinic B,5979.47,97481,5939,35
2025-04-08,Meta Ads,Teeth Whitening,Clinic B,3003.66,45728,1401,26
2025-04-08,Meta Ads,General Dentistry,Clinic B,5292.48,69779,3010,51
2025-04-08,Google Ads,Dental Implant,Clinic C,10519.83,145816,8675,35
2025-04-08,Instagram,Invisalign,Clinic C,8737.76,106330,3546,20
2025-04-08,Google Ads,Root Canal,Clinic C,7459.04,86152,3035,35
2025-04-08,Instagram,Dental Crown,Clinic C,5101.91,68782,1888,30
2025-04-08,Meta Ads,Teeth Whitening,Clinic C,4277.8,68948,2185,36
2025-04-08,Meta Ads,General Dentistry,Clinic C,4776.31,61183,3727,51
2025-04-08,Instagram,Dental Implant,Clinic D,7913.48,131745,4573,24
2025-04-08,Meta Ads,Invisalign,Clinic D,7248.98,73069,3227,20
2025-04-08,Google Ads,Root Canal,Clinic D,7023.13,62745,3129,36
2025-04-08,Meta Ads,Dental Crown,Clinic D,5632.74,99270,4689,27
2025-04-08,Google Ads,Teeth Whitening,Clinic D,3516.01,34418,951,31
2025-04-08,Google Ads,General Dentistry,Clinic D,3959.91,47679,2718,39
2025-04-09,Meta Ads,Dental Implant,Clinic A,9239.55,125220,7089,31
2025-04-09,Google Ads,Invisalign,Clinic A,8921.18,71879,1810,21
2025-04-09,Google Ads,Root Canal,Clinic A,7007.47,115460,3817,37
2025-04-09,Google Ads,Dental Crown,Clinic A,4069.2,45294,2502,24
2025-04-09,Google Ads,Teeth Whitening,Clinic A,3400.31,34675,1158,33
2025-04-09,Meta Ads,General Dentistry,Clinic A,3444.78,51460,2153,31
2025-04-09,Meta Ads,Dental Implant,Clinic B,9734.21,114323,4148,32
2025-04-09,Meta Ads,Invisalign,Clinic B,6549.29,115193,5533,20
2025-04-09,Google Ads,Root Canal,Clinic B,6248.86,55458,2251,37
2025-04-09,Meta Ads,Dental Crown,Clinic B,5780.76,89670,3425,33
2025-04-09,Google Ads,Teeth Whitening,Clinic B,2649.5,44184,1683,28
2025-04-09,Meta Ads,General Dentistry,Clinic B,4201.18,38509,1666,38
2025-04-09,Google Ads,Dental Implant,Clinic C,8342.37,137969,7653,21
2025-04-09,Instagram,Invisalign,Clinic C,6972.71,121103,4126,21
2025-04-09,Google Ads,Root Canal,Clinic C,8524.57,109069,4410,45
2025-04-09,Google Ads,Dental Crown,Clinic C,5414.2,89646,3691,24
2025-04-09,Instagram,Teeth Whitening,Clinic C,4037.61,69423,3680,35
2025-04-09,Google Ads,General Dentistry,Clinic C,6263.47,79050,4477,55
2025-04-09,Meta Ads,Dental Implant,Clinic D,11302.79,116384,4412,33
2025-04-09,Google Ads,Invisalign,Clinic D,9239.47,148259,5836,27
2025-04-09,Meta Ads,Root Canal,Clinic D,6599.8,72336,4537,39
2025-04-09,Instagram,Dental Crown,Clinic D,5623.86,47339,1187,28
2025-04-09,Google Ads,Teeth Whitening,Clinic D,4929.08,58077,1751,37
2025-04-09,Google Ads,General Dentistry,Clinic D,4080.22,56808,2967,44
2025-04-10,Meta Ads,Dental Implant,Clinic A,7258.91,123438,4371,24
2025-04-10,Google Ads,Invisalign,Clinic A,9046.29,153460,4043,28
2025-04-10,Meta Ads,Root Canal,Clinic A,6646.22,63769,2984,40
2025-04-10,Google Ads,Dental Crown,Clinic A,6118.02,81519,2234,35
2025-04-10,Google Ads,Teeth Whitening,Clinic A,3235.82,39155,1400,31
2025-04-10,Instagram,General Dentistry,Clinic A,5522.96,77439,3833,57
2025-04-10,Google Ads,Dental Implant,Clinic B,7843.82,85878,4521,21
2025-04-10,Google Ads,Invisalign,Clinic B,10185.96,108638,4556,30
2025-04-10,Meta Ads,Root Canal,Clinic B,5723.41,84267,5364,23
2025-04-10,Meta Ads,Dental Crown,Clinic B,4865.31,41310,1134,25
2025-04-10,Google Ads,Teeth Whitening,Clinic B,2806.04,32330,1871,22
2025-04-10,Meta Ads,General Dentistry,Clinic B,5576.68,65395,2644,50
2025-04-10,Meta Ads,Dental Implant,Clinic C,10491.46,96020,4469,26
2025-04-10,Meta Ads,Invisalign,Clinic C,7423.98,126564,4467,10
2025-04-10,Google Ads,Root Canal,Clinic C,6388.17,106652,5310,33
2025-04-10,Google Ads,Dental Crown,Clinic C,4634.15,80071,4432,28
2025-04-10,Google Ads,Teeth Whitening,Clinic C,4264.49,51009,3289,38
2025-04-10,Meta Ads,General Dentistry,Clinic C,4040.16,36679,1857,41
2025-04-10,Meta Ads,Dental Implant,Clinic D,9070.05,151808,6324,30
2025-04-10,Meta Ads,Invisalign,Clinic D,7218.2,64271,3611,20
2025-04-10,Meta Ads,Root Canal,Clinic D,8290.32,97794,2559,49
2025-04-10,Meta Ads,Dental Crown,Clinic D,3982.99,32703,840,21
2025-04-10,Google Ads,Teeth Whitening,Clinic D,3216.39,33680,1693,26
2025-04-10,Google Ads,General Dentistry,Clinic D,5292.76,62708,3369,55
2025-04-11,Google Ads,Dental Implant,Clinic A,10958.06,189769,9416,31
2025-04-11,Google Ads,Invisalign,Clinic A,6671.08,96924,3690,12
2025-04-11,Google Ads,Root Canal,Clinic A,5580.59,84630,4693,32
2025-04-11,Meta Ads,Dental Crown,Clinic A,3854.33,62127,1792,21
2025-04-11,Google Ads,Teeth Whitening,Clinic A,2486.83,36346,1904,22
2025-04-11,Meta Ads,General Dentistry,Clinic A,4913.39,48520,1365,52
2025-04-11,Meta Ads,Dental Implant,Clinic B,10080.16,101038,3427,35
2025-04-11,Meta Ads,Invisalign,Clinic B,7307.85,117834,4521,17
2025-04-11,Google Ads,Root Canal,Clinic B,5252.7,52308,1342,29
2025-04-11,Meta Ads,Dental Crown,Clinic B,4199.08,35710,1593,23
2025-04-11,Meta Ads,Teeth Whitening,Clinic B,2932.54,24456,938,29
2025-04-11,Meta Ads,General Dentistry,Clinic B,4055.95,70078,1904,41
2025-04-11,Google Ads,Dental Implant,Clinic C,10031.74,179691,4494,33
2025-04-11,Google Ads,Invisalign,Clinic C,10799.15,157316,5515,30
2025-04-11,Google Ads,Root Canal,Clinic C,7640.93,85861,4743,38
2025-04-11,Google Ads,Dental Crown,Clinic C,5021.26,53470,1640,27
2025-04-11,Google Ads,Teeth Whitening,Clinic C,3245.48,33472,2147,32
2025-04-11,Meta Ads,General Dentistry,Clinic C,4919.93,57760,3437,51
2025-04-11,Meta Ads,Dental Implant,Clinic D,6910.05,123079,7284,27
2025-04-11,Google Ads,Invisalign,Clinic D,8938.98,73813,2835,22
2025-04-11,Meta Ads,Root Canal,Clinic D,6909.42,116718,7385,35
2025-04-11,Google Ads,Dental Crown,Clinic D,5096.29,81155,2973,25
2025-04-11,Google Ads,Teeth Whitening,Clinic D,1950.56,24958,1028,27
2025-04-11,Meta Ads,General Dentistry,Clinic D,4292.73,65279,2315,52
2025-04-12,Instagram,Dental Implant,Clinic A,6479.3,86969,3114,17
2025-04-12,Google Ads,Invisalign,Clinic A,8321.12,142518,7469,21
2025-04-12,Meta Ads,Root Canal,Clinic A,5570.84,60511,1553,21
2025-04-12,Google Ads,Dental Crown,Clinic A,4110.3,46361,2215,27
2025-04-12,Meta Ads,Teeth Whitening,Clinic A,3722.59,33126,1848,34
2025-04-12,Google Ads,General Dentistry,Clinic A,4639.56,62758,2751,41
2025-04-12,Instagram,Dental Implant,Clinic B,9915.71,119966,7192,27
2025-04-12,Google Ads,Invisalign,Clinic B,9189.12,111024,5459,26
2025-04-12,Meta Ads,Root Canal,Clinic B,6577.13,56287,3045,30
2025-04-12,Instagram,Dental Crown,Clinic B,4459.82,71337,3575,27
2025-04-12,Google Ads,Teeth Whitening,Clinic B,4079.84,44467,2284,37
2025-04-12,Google Ads,General Dentistry,Clinic B,4135.28,58250,2677,43
2025-04-12,Meta Ads,Dental Implant,Clinic C,9623.7,134996,5672,25
2025-04-12,Meta Ads,Invisalign,Clinic C,8081.61,122581,4868,17
2025-04-12,Google Ads,Root Canal,Clinic C,6947.92,64165,2889,32
2025-04-12,Google Ads,Dental Crown,Clinic C,5818.58,81745,4591,30
2025-04-12,Google Ads,Teeth Whitening,Clinic C,2910.8,48319,2492,20
2025-04-12,Meta Ads,General Dentistry,Clinic C,5335.36,90078,4186,50
2025-04-12,Google Ads,Dental Implant,Clinic D,10500.74,124707,6239,31
2025-04-12,Meta Ads,Invisalign,Clinic D,7604.65,94758,2614,24
2025-04-12,Meta Ads,Root Canal,Clinic D,7892.53,63379,3783,37
2025-04-12,Instagram,Dental Crown,Clinic D,3526.74,49951,3197,8
2025-04-12,Meta Ads,Teeth Whitening,Clinic D,3573.34,43560,2414,29
2025-04-12,Google Ads,General Dentistry,Clinic D,3568.11,47021,1362,30
2025-04-13,Meta Ads,Dental Implant,Clinic A,6426.08,92410,2673,25
2025-04-13,Instagram,Invisalign,Clinic A,7717.47,136640,5593,20
2025-04-13,Instagram,Root Canal,Clinic A,6793.91,84285,5009,33
2025-04-13,Google Ads,Dental Crown,Clinic A,3686.09,41395,2524,28
2025-04-13,Google Ads,Teeth Whitening,Clinic A,3391.15,53573,2713,31
2025-04-13,Google Ads,General Dentistry,Clinic A,4652.45,76285,3190,43
2025-04-13,Google Ads,Dental Implant,Clinic B,8207.79,79818,4216,29
2025-04-13,Meta Ads,Invisalign,Clinic B,7630.36,76456,3222,24
2025-04-13,Google Ads,Root Canal,Clinic B,4296.01,53484,2900,16
2025-04-13,Meta Ads,Dental Crown,Clinic B,5869.68,100009,5371,29
2025-04-13,Google Ads,Teeth Whitening,Clinic B,2808.38,22622,914,28
2025-04-13,Google Ads,General Dentistry,Clinic B,4680.77,50628,2666,49
2025-04-13,Google Ads,Dental Implant,Clinic C,10119.05,111029,2914,30
2025-04-13,Meta Ads,Invisalign,Clinic C,9632.31,106536,4472,30
2025-04-13,Meta Ads,Root Canal,Clinic C,4884.07,61823,3154,22
2025-04-13,Meta Ads,Dental Crown,Clinic C,5535.02,60437,1800,35
2025-04-13,Meta Ads,Teeth Whitening,Clinic C,3083.72,49191,1662,23
2025-04-13,Meta Ads,General Dentistry,Clinic C,4357.72,77579,4901,40
2025-04-13,Instagram,Dental Implant,Clinic D,6382.62,73716,2450,24
2025-04-13,Google Ads,Invisalign,Clinic D,7819.19,64667,4046,17
2025-04-13,Meta Ads,Root Canal,Clinic D,6135.2,72167,4215,27
2025-04-13,Google Ads,Dental Crown,Clinic D,6536.62,76686,3014,34
2025-04-13,Google Ads,Teeth Whitening,Clinic D,3208.77,53159,1479,30
2025-04-13,Google Ads,General Dentistry,Clinic D,3282.24,32417,1592,26
2025-04-14,Google Ads,Dental Implant,Clinic A,12211.17,121053,7482,45
2025-04-14,Meta Ads,Invisalign,Clinic A,8178.16,132490,6637,28
2025-04-14,Google Ads,Root Canal,Clinic A,7173.02,57528,3732,43
2025-04-14,Google Ads,Dental Crown,Clinic A,3281.53,29543,1724,24
2025-04-14,Meta Ads,Teeth Whitening,Clinic A,3460.2,55076,3134,36
2025-04-14,Google Ads,General Dentistry,Clinic A,4713.5,66851,3368,46
2025-04-14,Google Ads,Dental Implant,Clinic B,6332.85,62717,3385,17
2025-04-14,Google Ads,Invisalign,Clinic B,12388.59,217467,12999,39
2025-04-14,Meta Ads,Root Canal,Clinic B,6987.7,57850,3580,38
2025-04-14,Meta Ads,Dental Crown,Clinic B,6086.78,62375,1632,37
2025-04-14,Google Ads,Teeth Whitening,Clinic B,3773.05,43815,1518,39
2025-04-14,Meta Ads,General Dentistry,Clinic B,6313.91,51304,2164,59
2025-04-14,Google Ads,Dental Implant,Clinic C,7891.86,76323,4736,29
2025-04-14,Google Ads,Invisalign,Clinic C,7105.32,115305,6157,17
2025-04-14,Instagram,Root Canal,Clinic C,5277.49,51024,2817,30
2025-04-14,Instagram,Dental Crown,Clinic C,5118.24,81603,4202,29
2025-04-14,Meta Ads,Teeth Whitening,Clinic C,3286.49,41347,2132,26
2025-04-14,Google Ads,General Dentistry,Clinic C,5328.23,63641,1775,45
2025-04-14,Instagram,Dental Implant,Clinic D,11950.8,168489,6593,40
2025-04-14,Meta Ads,Invisalign,Clinic D,6024.32,85017,3059,19
2025-04-14,Meta Ads,Root Canal,Clinic D,5597.03,60589,3275,33
2025-04-14,Meta Ads,Dental Crown,Clinic D,5127.25,75022,3349,24
2025-04-14,Meta Ads,Teeth Whitening,Clinic D,4056.47,42185,1529,35
2025-04-14,Meta Ads,General Dentistry,Clinic D,5450.9,75437,4258,56
2025-04-15,Google Ads,Dental Implant,Clinic A,11965.87,203650,5374,43
2025-04-15,Google Ads,Invisalign,Clinic A,6466.6,95558,3259,23
2025-04-15,Meta Ads,Root Canal,Clinic A,5262.84,91017,5159,27
2025-04-15,Meta Ads,Dental Crown,Clinic A,6494.01,66027,3275,36
2025-04-15,Instagram,Teeth Whitening,Clinic A,3690.05,40956,2066,39
2025-04-15,Meta Ads,General Dentistry,Clinic A,5551.64,59915,2714,58
2025-04-15,Meta Ads,Dental Implant,Clinic B,8618.16,89077,4087,28
2025-04-15,Meta Ads,Invisalign,Clinic B,11150.09,92586,3792,29
2025-04-15,Meta Ads,Root Canal,Clinic B,5427.85,54340,2372,26
2025-04-15,Google Ads,Dental Crown,Clinic B,5699.92,57839,1716,27
2025-04-15,Google Ads,Teeth Whitening,Clinic B,3792.92,66928,4058,23
2025-04-15,Google Ads,General Dentistry,Clinic B,4399.95,39639,2372,40
2025-04-15,Meta Ads,Dental Implant,Clinic C,9164.0,106707,4804,33
2025-04-15,Google Ads,Invisalign,Clinic C,7430.92,113371,3290,21
2025-04-15,Google Ads,Root Canal,Clinic C,6033.33,65928,2163,32
2025-04-15,Meta Ads,Dental Crown,Clinic C,5107.0,54916,2487,23
2025-04-15,Google Ads,Teeth Whitening,Clinic C,3944.99,33273,2092,40
2025-04-15,Instagram,General Dentistry,Clinic C,3642.99,47328,2355,32
2025-04-15,Google Ads,Dental Implant,Clinic D,10875.19,173968,10415,27
2025-04-15,Google Ads,Invisalign,Clinic D,7037.74,86392,5091,14
2025-04-15,Google Ads,Root Canal,Clinic D,5266.91,88610,3340,30
2025-04-15,Meta Ads,Dental Crown,Clinic D,4284.31,56648,3110,16
2025-04-15,Google Ads,Teeth Whitening,Clinic D,4320.92,60008,3374,33
2025-04-15,Instagram,General Dentistry,Clinic D,4721.39,51180,2264,45
2025-04-16,Meta Ads,Dental Implant,Clinic A,8322.81,147820,4501,23
2025-04-16,Google Ads,Invisalign,Clinic A,7644.55,112741,4197,26
2025-04-16,Google Ads,Root Canal,Clinic A,5783.55,60552,2049,28
2025-04-16,Meta Ads,Dental Crown,Clinic A,3328.17,38109,2412,19
2025-04-16,Google Ads,Teeth Whitening,Clinic A,3705.58,52376,2616,35
2025-04-16,Google Ads,General Dentistry,Clinic A,5625.3,90615,4335,55
2025-04-16,Meta Ads,Dental Implant,Clinic B,8088.21,115124,4884,31
2025-04-16,Google Ads,Invisalign,Clinic B,9509.03,85828,2388,34
2025-04-16,Google Ads,Root Canal,Clinic B,4967.04,52330,2919,25
2025-04-16,Meta Ads,Dental Crown,Clinic B,5955.72,98678,3341,34
2025-04-16,Meta Ads,Teeth Whitening,Clinic B,3702.45,59453,2981,39
2025-04-16,Google Ads,General Dentistry,Clinic B,5154.64,73451,2116,58
2025-04-16,Google Ads,Dental Implant,Clinic C,8541.46,86719,2489,33
2025-04-16,Google Ads,Invisalign,Clinic C,8586.28,88307,4844,30
2025-04-16,Google Ads,Root Canal,Clinic C,7097.31,119420,6674,38
2025-04-16,Instagram,Dental Crown,Clinic C,5920.03,48910,1563,37
2025-04-16,Meta Ads,Teeth Whitening,Clinic C,2702.38,47235,2408,25
2025-04-16,Meta Ads,General Dentistry,Clinic C,4728.84,43273,2743,38
2025-04-16,Google Ads,Dental Implant,Clinic D,8834.33,122979,3249,32
2025-04-16,Google Ads,Invisalign,Clinic D,7603.61,111077,6504,21
2025-04-16,Google Ads,Root Canal,Clinic D,5882.22,98426,3093,30
2025-04-16,Google Ads,Dental Crown,Clinic D,4843.16,43366,2208,31
2025-04-16,Meta Ads,Teeth Whitening,Clinic D,2324.41,28462,1798,24
2025-04-16,Meta Ads,General Dentistry,Clinic D,5771.62,50568,1851,54
2025-04-17,Google Ads,Dental Implant,Clinic A,10516.68,164001,6899,41
2025-04-17,Google Ads,Invisalign,Clinic A,8231.56,84922,2850,20
2025-04-17,Google Ads,Root Canal,Clinic A,6055.86,76049,4793,27
2025-04-17,Google Ads,Dental Crown,Clinic A,5814.47,76605,2730,37
2025-04-17,Google Ads,Teeth Whitening,Clinic A,3187.3,29868,1939,24
2025-04-17,Google Ads,General Dentistry,Clinic A,6320.21,62935,2786,66
2025-04-17,Google Ads,Dental Implant,Clinic B,8953.36,74282,3637,31
2025-04-17,Google Ads,Invisalign,Clinic B,7798.5,117958,3684,25
2025-04-17,Google Ads,Root Canal,Clinic B,7149.78,122051,7516,41
2025-04-17,Google Ads,Dental Crown,Clinic B,4460.44,65375,1647,17
2025-04-17,Meta Ads,Teeth Whitening,Clinic B,3475.91,30667,1456,30
2025-04-17,Google Ads,General Dentistry,Clinic B,4978.28,56800,3054,49
2025-04-17,Meta Ads,Dental Implant,Clinic C,8388.78,71814,4583,31
2025-04-17,Google Ads,Invisalign,Clinic C,8183.83,127299,6904,17
2025-04-17,Google Ads,Root Canal,Clinic C,6772.49,91643,4810,34
2025-04-17,Google Ads,Dental Crown,Clinic C,4225.28,43606,2829,27
2025-04-17,Google Ads,Teeth Whitening,Clinic C,3896.31,31346,1580,42
2025-04-17,Meta Ads,General Dentistry,Clinic C,3883.81,52219,2454,40
2025-04-17,Meta Ads,Dental Implant,Clinic D,9847.89,92698,2388,36
2025-04-17,Google Ads,Invisalign,Clinic D,7892.8,85538,2163,20
2025-04-17,Google Ads,Root Canal,Clinic D,7227.65,129721,3503,37
2025-04-17,Meta Ads,Dental Crown,Clinic D,7106.02,92802,5751,37
2025-04-17,Google Ads,Teeth Whitening,Clinic D,3804.94,49988,1483,32
2025-04-17,Google Ads,General Dentistry,Clinic D,3583.17,61342,3619,39
2025-04-18,Meta Ads,Dental Implant,Clinic A,9186.26,111668,6025,28
2025-04-18,Google Ads,Invisalign,Clinic A,9579.36,127103,3766,35
2025-04-18,Meta Ads,Root Canal,Clinic A,7397.98,93278,4719,39
2025-04-18,Meta Ads,Dental Crown,Clinic A,4531.79,69762,3203,23
2025-04-18,Instagram,Teeth Whitening,Clinic A,3329.38,30015,1163,32
2025-04-18,Google Ads,General Dentistry,Clinic A,4097.06,68271,2840,42
2025-04-18,Google Ads,Dental Implant,Clinic B,13041.25,195820,7544,43
2025-04-18,Instagram,Invisalign,Clinic B,9719.65,81146,4553,26
2025-04-18,Meta Ads,Root Canal,Clinic B,4945.45,66508,4142,31
2025-04-18,Google Ads,Dental Crown,Clinic B,5280.03,68912,2894,27
2025-04-18,Meta Ads,Teeth Whitening,Clinic B,4765.9,82263,2249,47
2025-04-18,Google Ads,General Dentistry,Clinic B,4603.31,45508,1445,46
2025-04-18,Meta Ads,Dental Implant,Clinic C,10804.64,185589,5155,36
2025-04-18,Instagram,Invisalign,Clinic C,9152.28,130908,4870,28
2025-04-18,Meta Ads,Root Canal,Clinic C,7391.47,100156,2615,39
2025-04-18,Meta Ads,Dental Crown,Clinic C,5461.23,45102,2088,30
2025-04-18,Google Ads,Teeth Whitening,Clinic C,3481.96,47567,1873,40
2025-04-18,Google Ads,General Dentistry,Clinic C,5312.43,49016,1321,56
2025-04-18,Google Ads,Dental Implant,Clinic D,9235.59,84103,3268,44
2025-04-18,Meta Ads,Invisalign,Clinic D,9457.72,136322,3571,29
2025-04-18,Meta Ads,Root Canal,Clinic D,6654.96,78261,2852,31
2025-04-18,Meta Ads,Dental Crown,Clinic D,6008.2,61673,1879,31
2025-04-18,Meta Ads,Teeth Whitening,Clinic D,4241.87,52254,2288,36
2025-04-18,Google Ads,General Dentistry,Clinic D,3726.37,56961,2360,42
2025-04-19,Meta Ads,Dental Implant,Clinic A,6895.36,75436,3652,24
2025-04-19,Meta Ads,Invisalign,Clinic A,8042.31,70282,4444,25
2025-04-19,Google Ads,Root Canal,Clinic A,7568.68,71457,3843,34
2025-04-19,Instagram,Dental Crown,Clinic A,5638.34,90296,3460,35
2025-04-19,Google Ads,Teeth Whitening,Clinic A,4249.33,68376,2391,35
2025-04-19,Meta Ads,General Dentistry,Clinic A,5392.49,92025,4584,55
2025-04-19,Meta Ads,Dental Implant,Clinic B,10586.12,166701,6224,34
2025-04-19,Meta Ads,Invisalign,Clinic B,7422.85,111251,3251,19
2025-04-19,Google Ads,Root Canal,Clinic B,5603.22,82826,4996,28
2025-04-19,Instagram,Dental Crown,Clinic B,5242.78,64515,2017,25
2025-04-19,Meta Ads,Teeth Whitening,Clinic B,3403.89,55400,2261,29
2025-04-19,Google Ads,General Dentistry,Clinic B,3354.14,28020,1377,40
2025-04-19,Google Ads,Dental Implant,Clinic C,9302.65,74875,4702,31
2025-04-19,Google Ads,Invisalign,Clinic C,9497.25,103475,5001,26
2025-04-19,Google Ads,Root Canal,Clinic C,6145.09,59793,2740,29
2025-04-19,Meta Ads,Dental Crown,Clinic C,3869.53,35550,1037,20
2025-04-19,Google Ads,Teeth Whitening,Clinic C,3469.31,34092,1211,28
2025-04-19,Google Ads,General Dentistry,Clinic C,3958.95,39041,1284,44
2025-04-19,Instagram,Dental Implant,Clinic D,12991.65,135883,8281,43
2025-04-19,Meta Ads,Invisalign,Clinic D,8883.66,82194,4804,32
2025-04-19,Google Ads,Root Canal,Clinic D,7665.95,68482,4268,35
2025-04-19,Google Ads,Dental Crown,Clinic D,6039.72,90476,3830,39
2025-04-19,Google Ads,Teeth Whitening,Clinic D,2653.45,44857,2285,23
2025-04-19,Google Ads,General Dentistry,Clinic D,4638.5,60471,2501,41
2025-04-20,Google Ads,Dental Implant,Clinic A,8131.46,105116,2895,24
2025-04-20,Google Ads,Invisalign,Clinic A,7201.14,68165,2086,18
2025-04-20,Google Ads,Root Canal,Clinic A,5555.28,94275,4234,28
2025-04-20,Meta Ads,Dental Crown,Clinic A,5368.5,87406,2304,28
2025-04-20,Meta Ads,Teeth Whitening,Clinic A,3645.72,60902,3797,27
2025-04-20,Google Ads,General Dentistry,Clinic A,4616.52,79119,3136,47
2025-04-20,Instagram,Dental Implant,Clinic B,8125.77,92547,3636,31
2025-04-20,Meta Ads,Invisalign,Clinic B,7613.16,66056,2598,16
2025-04-20,Meta Ads,Root Canal,Clinic B,4509.23,47671,1815,27
2025-04-20,Google Ads,Dental Crown,Clinic B,5784.62,56616,1728,28
2025-04-20,Meta Ads,Teeth Whitening,Clinic B,3009.15,38006,1667,24
2025-04-20,Google Ads,General Dentistry,Clinic B,5975.9,76760,4668,61
2025-04-20,Instagram,Dental Implant,Clinic C,9753.81,141087,6511,32
2025-04-20,Meta Ads,Invisalign,Clinic C,7867.96,86235,4080,28
2025-04-20,Meta Ads,Root Canal,Clinic C,7909.35,111802,4698,39
2025-04-20,Instagram,Dental Crown,Clinic C,6576.2,95714,5679,37
2025-04-20,Meta Ads,Teeth Whitening,Clinic C,3813.37,63863,1735,32
2025-04-20,Google Ads,General Dentistry,Clinic C,4980.46,77461,3619,53
2025-04-20,Google Ads,Dental Implant,Clinic D,9378.48,123328,6708,36
2025-04-20,Google Ads,Invisalign,Clinic D,5569.06,45747,2514,18
2025-04-20,Google Ads,Root Canal,Clinic D,6500.45,52665,2177,37
2025-04-20,Google Ads,Dental Crown,Clinic D,4907.06,64316,2548,30
2025-04-20,Meta Ads,Teeth Whitening,Clinic D,3447.95,50458,2012,28
2025-04-20,Google Ads,General Dentistry,Clinic D,4608.81,63954,2358,51
2025-04-21,Meta Ads,Dental Implant,Clinic A,8840.13,141680,4457,26
2025-04-21,Meta Ads,Invisalign,Clinic A,7592.18,133106,4293,21
2025-04-21,Google Ads,Root Canal,Clinic A,7260.0,100272,6138,38
2025-04-21,Meta Ads,Dental Crown,Clinic A,5273.23,47482,1409,23
2025-04-21,Google Ads,Teeth Whitening,Clinic A,3123.25,25178,742,27
2025-04-21,Instagram,General Dentistry,Clinic A,2385.86,30709,1449,27
2025-04-21,Google Ads,Dental Implant,Clinic B,10914.56,148508,8958,37
2025-04-21,Google Ads,Invisalign,Clinic B,8723.87,122454,5945,28
2025-04-21,Google Ads,Root Canal,Clinic B,5105.44,44073,1463,33
2025-04-21,Google Ads,Dental Crown,Clinic B,4983.47,47331,2890,28
2025-04-21,Google Ads,Teeth Whitening,Clinic B,3452.37,30822,1475,27
2025-04-21,Google Ads,General Dentistry,Clinic B,3832.91,61713,3354,39
2025-04-21,Instagram,Dental Implant,Clinic C,9153.52,138113,8439,27
2025-04-21,Meta Ads,Invisalign,Clinic C,5723.39,54680,1994,14
2025-04-21,Meta Ads,Root Canal,Clinic C,4932.9,41027,2541,25
2025-04-21,Google Ads,Dental Crown,Clinic C,4255.54,45940,1562,20
2025-04-21,Google Ads,Teeth Whitening,Clinic C,3881.56,36831,2012,31
2025-04-21,Meta Ads,General Dentistry,Clinic C,4791.14,60793,1874,53
2025-04-21,Google Ads,Dental Implant,Clinic D,8208.91,108960,3628,28
2025-04-21,Meta Ads,Invisalign,Clinic D,6886.19,110347,2922,14
2025-04-21,Instagram,Root Canal,Clinic D,7538.59,77025,3030,32
2025-04-21,Google Ads,Dental Crown,Clinic D,5679.25,94623,3641,33
2025-04-21,Google Ads,Teeth Whitening,Clinic D,3504.22,51398,2010,30
2025-04-21,Meta Ads,General Dentistry,Clinic D,4823.38,81229,2547,50
2025-04-22,Google Ads,Dental Implant,Clinic A,11582.31,105093,3365,41
2025-04-22,Instagram,Invisalign,Clinic A,7895.42,79811,4467,21
2025-04-22,Meta Ads,Root Canal,Clinic A,7117.67,116958,5723,31
2025-04-22,Meta Ads,Dental Crown,Clinic A,6597.91,116145,4295,32
2025-04-22,Google Ads,Teeth Whitening,Clinic A,3262.15,30110,1194,23
2025-04-22,Google Ads,General Dentistry,Clinic A,3642.12,43837,2192,36
2025-04-22,Meta Ads,Dental Implant,Clinic B,11712.14,97486,3478,37
2025-04-22,Google Ads,Invisalign,Clinic B,9053.89,109808,5533,25
2025-04-22,Google Ads,Root Canal,Clinic B,7569.88,71009,3630,43
2025-04-22,Google Ads,Dental Crown,Clinic B,4895.95,83105,3778,27
2025-04-22,Google Ads,Teeth Whitening,Clinic B,2769.82,33974,2118,22
2025-04-22,Meta Ads,General Dentistry,Clinic B,6917.29,83605,5249,66
2025-04-22,Instagram,Dental Implant,Clinic C,9238.93,161720,7105,30
2025-04-22,Google Ads,Invisalign,Clinic C,7707.18,87417,2916,11
2025-04-22,Instagram,Root Canal,Clinic C,7082.76,86450,2450,35
2025-04-22,Google Ads,Dental Crown,Clinic C,5808.38,71188,3714,28
2025-04-22,Google Ads,Teeth Whitening,Clinic C,3130.05,47919,2343,29
2025-04-22,Google Ads,General Dentistry,Clinic C,4939.11,64545,2074,52
2025-04-22,Meta Ads,Dental Implant,Clinic D,8379.07,87254,4465,26
2025-04-22,Meta Ads,Invisalign,Clinic D,8301.0,69279,4239,21
2025-04-22,Meta Ads,Root Canal,Clinic D,5415.45,96804,5999,31
2025-04-22,Meta Ads,Dental Crown,Clinic D,5011.79,47811,2328,25
2025-04-22,Instagram,Teeth Whitening,Clinic D,3008.4,35925,2255,31
2025-04-22,Google Ads,General Dentistry,Clinic D,5737.84,68571,3280,55
2025-04-23,Meta Ads,Dental Implant,Clinic A,7121.37,98139,6329,25
2025-04-23,Google Ads,Invisalign,Clinic A,7764.82,91187,2738,19
2025-04-23,Meta Ads,Root Canal,Clinic A,7914.59,96792,6235,40
2025-04-23,Meta Ads,Dental Crown,Clinic A,7614.39,126912,7102,39
2025-04-23,Meta Ads,Teeth Whitening,Clinic A,3123.37,49573,2483,22
2025-04-23,Instagram,General Dentistry,Clinic A,4337.11,47440,1421,47
2025-04-23,Google Ads,Dental Implant,Clinic B,8765.72,148352,5613,24
2025-04-23,Google Ads,Invisalign,Clinic B,5789.66,88155,3988,11
2025-04-23,Google Ads,Root Canal,Clinic B,6412.54,104707,4774,34
2025-04-23,Google Ads,Dental Crown,Clinic B,5815.45,97378,4522,27
2025-04-23,Meta Ads,Teeth Whitening,Clinic B,4290.65,62497,2674,35
2025-04-23,Meta Ads,General Dentistry,Clinic B,5172.49,76177,3260,46
2025-04-23,Google Ads,Dental Implant,Clinic C,10007.95,85777,3840,36
2025-04-23,Google Ads,Invisalign,Clinic C,6898.41,67389,2948,12
2025-04-23,Meta Ads,Root Canal,Clinic C,4730.04,57461,2798,23
2025-04-23,Instagram,Dental Crown,Clinic C,5907.09,105415,4992,32
2025-04-23,Google Ads,Teeth Whitening,Clinic C,2924.64,43492,2068,21
2025-04-23,Meta Ads,General Dentistry,Clinic C,5143.83,89523,3011,46
2025-04-23,Google Ads,Dental Implant,Clinic D,7708.56,75302,3033,24
2025-04-23,Google Ads,Invisalign,Clinic D,6129.55,102027,5033,14
2025-04-23,Instagram,Root Canal,Clinic D,5918.91,99645,3241,30
2025-04-23,Google Ads,Dental Crown,Clinic D,5618.65,48149,2185,34
2025-04-23,Google Ads,Teeth Whitening,Clinic D,2899.16,46019,1592,25
2025-04-23,Google Ads,General Dentistry,Clinic D,4213.17,35210,2132,45
2025-04-24,Meta Ads,Dental Implant,Clinic A,13876.86,135984,7288,45
2025-04-24,Google Ads,Invisalign,Clinic A,9365.58,145143,7870,21
2025-04-24,Google Ads,Root Canal,Clinic A,7394.45,103899,6615,43
2025-04-24,Google Ads,Dental Crown,Clinic A,5644.83,67058,3790,38
2025-04-24,Google Ads,Teeth Whitening,Clinic A,4709.29,61754,2673,50
2025-04-24,Google Ads,General Dentistry,Clinic A,4100.17,62465,3421,39
2025-04-24,Meta Ads,Dental Implant,Clinic B,8672.75,140587,4559,30
2025-04-24,Google Ads,Invisalign,Clinic B,8868.53,112688,3081,27
2025-04-24,Google Ads,Root Canal,Clinic B,6023.91,64883,2674,30
2025-04-24,Google Ads,Dental Crown,Clinic B,5135.59,45479,1355,34
2025-04-24,Meta Ads,Teeth Whitening,Clinic B,3178.53,42884,2055,21
2025-04-24,Meta Ads,General Dentistry,Clinic B,4596.35,50261,1486,45
2025-04-24,Google Ads,Dental Implant,Clinic C,10041.77,127723,3740,28
2025-04-24,Google Ads,Invisalign,Clinic C,7909.28,125610,6022,21
2025-04-24,Meta Ads,Root Canal,Clinic C,5525.86,88579,4793,27
2025-04-24,Meta Ads,Dental Crown,Clinic C,5257.36,69702,3143,32
2025-04-24,Meta Ads,Teeth Whitening,Clinic C,2386.13,41849,2649,22
2025-04-24,Google Ads,General Dentistry,Clinic C,5684.42,48589,1454,57
2025-04-24,Meta Ads,Dental Implant,Clinic D,9610.37,155914,8087,34
2025-04-24,Google Ads,Invisalign,Clinic D,6885.24,109946,2982,25
2025-04-24,Google Ads,Root Canal,Clinic D,5628.02,86766,4867,28
2025-04-24,Meta Ads,Dental Crown,Clinic D,6634.36,112676,4429,31
2025-04-24,Google Ads,Teeth Whitening,Clinic D,4446.9,55930,3321,44
2025-04-24,Google Ads,General Dentistry,Clinic D,5626.79,61603,1586,60
2025-04-25,Meta Ads,Dental Implant,Clinic A,7513.46,132053,4867,24
2025-04-25,Google Ads,Invisalign,Clinic A,4684.19,44573,2370,12
2025-04-25,Google Ads,Root Canal,Clinic A,7682.75,63239,3432,42
2025-04-25,Meta Ads,Dental Crown,Clinic A,5430.83,66298,1881,25
2025-04-25,Meta Ads,Teeth Whitening,Clinic A,3533.32,39945,1898,32
2025-04-25,Meta Ads,General Dentistry,Clinic A,4582.48,59886,2399,40
2025-04-25,Meta Ads,Dental Implant,Clinic B,11874.29,165760,9321,41
2025-04-25,Meta Ads,Invisalign,Clinic B,6424.78,105743,3300,21
2025-04-25,Google Ads,Root Canal,Clinic B,6412.97,63077,3436,38
2025-04-25,Google Ads,Dental Crown,Clinic B,5950.03,81475,4598,35
2025-04-25,Instagram,Teeth Whitening,Clinic B,2759.07,41650,1724,25
2025-04-25,Meta Ads,General Dentistry,Clinic B,5659.22,81480,2795,59
2025-04-25,Meta Ads,Dental Implant,Clinic C,8279.38,115193,4437,25
2025-04-25,Meta Ads,Invisalign,Clinic C,7283.5,130988,5231,14
2025-04-25,Google Ads,Root Canal,Clinic C,7152.98,89024,5461,43
2025-04-25,Google Ads,Dental Crown,Clinic C,3749.39,33125,1414,20
2025-04-25,Instagram,Teeth Whitening,Clinic C,2913.84,36790,2093,29
2025-04-25,Google Ads,General Dentistry,Clinic C,4058.39,57119,1494,38
2025-04-25,Meta Ads,Dental Implant,Clinic D,9818.84,144025,4865,35
2025-04-25,Meta Ads,Invisalign,Clinic D,7665.04,90550,4530,21
2025-04-25,Google Ads,Root Canal,Clinic D,5831.27,49359,1973,34
2025-04-25,Google Ads,Dental Crown,Clinic D,4449.6,40803,1760,29
2025-04-25,Google Ads,Teeth Whitening,Clinic D,2920.2,45813,2315,21
2025-04-25,Google Ads,General Dentistry,Clinic D,4402.95,58710,2808,45
2025-04-26,Google Ads,Dental Implant,Clinic A,8721.87,92130,3429,21
2025-04-26,Meta Ads,Invisalign,Clinic A,9185.34,84663,4612,28
2025-04-26,Instagram,Root Canal,Clinic A,8637.17,151610,9062,51
2025-04-26,Meta Ads,Dental Crown,Clinic A,4404.33,53429,2864,26
2025-04-26,Google Ads,Teeth Whitening,Clinic A,2697.21,45793,2785,23
2025-04-26,Google Ads,General Dentistry,Clinic A,4974.18,50415,1721,45
2025-04-26,Instagram,Dental Implant,Clinic B,8604.81,116584,3417,25
2025-04-26,Google Ads,Invisalign,Clinic B,6556.57,68920,3093,19
2025-04-26,Google Ads,Root Canal,Clinic B,4679.7,47386,2861,21
2025-04-26,Google Ads,Dental Crown,Clinic B,5890.82,50488,3038,37
2025-04-26,Meta Ads,Teeth Whitening,Clinic B,3903.27,69805,3857,41
2025-04-26,Google Ads,General Dentistry,Clinic B,5232.71,44369,2270,50
2025-04-26,Google Ads,Dental Implant,Clinic C,8605.03,99505,4877,25
2025-04-26,Meta Ads,Invisalign,Clinic C,6669.35,111435,6613,21
2025-04-26,Google Ads,Root Canal,Clinic C,4869.31,83812,5131,13
2025-04-26,Google Ads,Dental Crown,Clinic C,3310.0,39404,1972,20
2025-04-26,Meta Ads,Teeth Whitening,Clinic C,3467.41,55526,3278,30
2025-04-26,Meta Ads,General Dentistry,Clinic C,5698.25,89137,4289,52
2025-04-26,Meta Ads,Dental Implant,Clinic D,7936.95,85186,4523,26
2025-04-26,Google Ads,Invisalign,Clinic D,10610.71,156080,5519,20
2025-04-26,Meta Ads,Root Canal,Clinic D,7801.05,105473,3881,42
2025-04-26,Meta Ads,Dental Crown,Clinic D,5215.75,89509,4134,25
2025-04-26,Google Ads,Teeth Whitening,Clinic D,4036.91,65118,3719,35
2025-04-26,Meta Ads,General Dentistry,Clinic D,3690.55,65529,2107,35
2025-04-27,Google Ads,Dental Implant,Clinic A,7874.21,108968,6043,31
2025-04-27,Meta Ads,Invisalign,Clinic A,7059.41,90900,3926,20
2025-04-27,Instagram,Root Canal,Clinic A,8945.89,140784,6153,43
2025-04-27,Google Ads,Dental Crown,Clinic A,4742.83,52904,3266,28
2025-04-27,Google Ads,Teeth Whitening,Clinic A,2684.32,40836,2382,28
2025-04-27,Google Ads,General Dentistry,Clinic A,4877.22,41735,1068,45
2025-04-27,Meta Ads,Dental Implant,Clinic B,9528.33,139625,8810,36
2025-04-27,Google Ads,Invisalign,Clinic B,9018.23,95957,3194,22
2025-04-27,Google Ads,Root Canal,Clinic B,5465.08,67195,3074,31
2025-04-27,Google Ads,Dental Crown,Clinic B,6000.68,92774,4187,33
2025-04-27,Google Ads,Teeth Whitening,Clinic B,4026.74,62256,2321,40
2025-04-27,Google Ads,General Dentistry,Clinic B,4835.66,60551,3364,49
2025-04-27,Meta Ads,Dental Implant,Clinic C,7910.51,128371,3901,27
2025-04-27,Meta Ads,Invisalign,Clinic C,7886.25,97456,5541,22
2025-04-27,Google Ads,Root Canal,Clinic C,7019.71,57373,2742,41
2025-04-27,Meta Ads,Dental Crown,Clinic C,5540.17,90379,3579,31
2025-04-27,Meta Ads,Teeth Whitening,Clinic C,3986.93,56539,2729,35
2025-04-27,Meta Ads,General Dentistry,Clinic C,3670.0,39413,1509,35
2025-04-27,Google Ads,Dental Implant,Clinic D,8531.11,111870,4233,27
2025-04-27,Google Ads,Invisalign,Clinic D,8139.88,144062,6567,23
2025-04-27,Google Ads,Root Canal,Clinic D,7741.02,64321,3952,41
2025-04-27,Google Ads,Dental Crown,Clinic D,4083.7,69984,2242,17
2025-04-27,Google Ads,Teeth Whitening,Clinic D,3638.57,32919,1510,33
2025-04-27,Instagram,General Dentistry,Clinic D,4263.56,42977,2624,45
2025-04-28,Meta Ads,Dental Implant,Clinic A,11375.89,125952,6077,34
2025-04-28,Google Ads,Invisalign,Clinic A,9126.75,143421,7349,26
2025-04-28,Google Ads,Root Canal,Clinic A,6678.87,91907,3079,33
2025-04-28,Instagram,Dental Crown,Clinic A,6917.34,76004,4573,44
2025-04-28,Instagram,Teeth Whitening,Clinic A,3158.4,27932,1222,29
2025-04-28,Google Ads,General Dentistry,Clinic A,3705.51,41135,2579,35
2025-04-28,Meta Ads,Dental Implant,Clinic B,9650.55,80148,5157,28
2025-04-28,Meta Ads,Invisalign,Clinic B,5669.66,71314,3283,16
2025-04-28,Meta Ads,Root Canal,Clinic B,6347.72,75347,2333,31
2025-04-28,Google Ads,Dental Crown,Clinic B,5622.54,83619,5176,28
2025-04-28,Google Ads,Teeth Whitening,Clinic B,4820.22,67384,2514,40
2025-04-28,Google Ads,General Dentistry,Clinic B,4773.23,63652,2452,46
2025-04-28,Meta Ads,Dental Implant,Clinic C,9580.34,107325,4439,32
2025-04-28,Google Ads,Invisalign,Clinic C,4318.31,51225,2632,9
2025-04-28,Google Ads,Root Canal,Clinic C,6323.55,64157,4098,34
2025-04-28,Google Ads,Dental Crown,Clinic C,3196.53,28048,1770,19
2025-04-28,Google Ads,Teeth Whitening,Clinic C,4082.8,55239,2956,38
2025-04-28,Meta Ads,General Dentistry,Clinic C,5721.73,57558,1566,51
2025-04-28,Instagram,Dental Implant,Clinic D,8756.77,75956,4702,25
2025-04-28,Google Ads,Invisalign,Clinic D,8998.6,76041,4094,29
2025-04-28,Instagram,Root Canal,Clinic D,4340.48,58378,1742,23
2025-04-28,Instagram,Dental Crown,Clinic D,4384.66,52677,1375,15
2025-04-28,Google Ads,Teeth Whitening,Clinic D,3567.69,63736,2264,43
2025-04-28,Google Ads,General Dentistry,Clinic D,3876.82,67704,2472,39
2025-04-29,Meta Ads,Dental Implant,Clinic A,9700.81,143242,8085,32
2025-04-29,Google Ads,Invisalign,Clinic A,10587.48,100137,6371,24
2025-04-29,Google Ads,Root Canal,Clinic A,6439.41,58124,2902,34
2025-04-29,Google Ads,Dental Crown,Clinic A,5495.94,82883,4517,29
2025-04-29,Instagram,Teeth Whitening,Clinic A,2991.1,51964,1534,29
2025-04-29,Google Ads,General Dentistry,Clinic A,3824.77,31298,1357,36
2025-04-29,Meta Ads,Dental Implant,Clinic B,6610.75,111252,4509,20
2025-04-29,Meta Ads,Invisalign,Clinic B,7247.26,116210,3046,16
2025-04-29,Instagram,Root Canal,Clinic B,6840.37,102698,6467,35
2025-04-29,Google Ads,Dental Crown,Clinic B,5572.5,99611,2623,32
2025-04-29,Google Ads,Teeth Whitening,Clinic B,3515.85,46741,2315,30
2025-04-29,Google Ads,General Dentistry,Clinic B,3005.11,46761,1820,30
2025-04-29,Google Ads,Dental Implant,Clinic C,11101.94,95288,4768,41
2025-04-29,Meta Ads,Invisalign,Clinic C,9837.01,79591,5072,27
2025-04-29,Google Ads,Root Canal,Clinic C,5985.23,90311,4221,31
2025-04-29,Instagram,Dental Crown,Clinic C,6476.6,56620,1561,33
2025-04-29,Instagram,Teeth Whitening,Clinic C,3715.38,32978,1665,32
2025-04-29,Meta Ads,General Dentistry,Clinic C,4427.47,37562,1651,46
2025-04-29,Meta Ads,Dental Implant,Clinic D,9692.73,96925,4972,34
2025-04-29,Google Ads,Invisalign,Clinic D,6899.63,71101,3704,23
2025-04-29,Instagram,Root Canal,Clinic D,6747.73,113170,6935,35
2025-04-29,Google Ads,Dental Crown,Clinic D,4390.6,73847,2529,22
2025-04-29,Meta Ads,Teeth Whitening,Clinic D,3491.68,40006,1468,23
2025-04-29,Google Ads,General Dentistry,Clinic D,5266.8,72716,2330,50
2025-04-30,Google Ads,Dental Implant,Clinic A,8805.16,129393,4181,28
2025-04-30,Google Ads,Invisalign,Clinic A,9422.13,119922,4591,20
2025-04-30,Instagram,Root Canal,Clinic A,3649.52,30351,1534,12
2025-04-30,Google Ads,Dental Crown,Clinic A,4615.84,46267,1382,23
2025-04-30,Google Ads,Teeth Whitening,Clinic A,2627.02,27623,1172,18
2025-04-30,Meta Ads,General Dentistry,Clinic A,3429.64,52399,1366,36
2025-04-30,Meta Ads,Dental Implant,Clinic B,7625.82,105290,5203,19
2025-04-30,Google Ads,Invisalign,Clinic B,8656.09,131657,4433,19
2025-04-30,Google Ads,Root Canal,Clinic B,5197.91,49619,2604,24
2025-04-30,Meta Ads,Dental Crown,Clinic B,3647.07,45541,2079,18
2025-04-30,Meta Ads,Teeth Whitening,Clinic B,3459.9,44002,1711,31
2025-04-30,Meta Ads,General Dentistry,Clinic B,4642.26,71357,3033,50
2025-04-30,Meta Ads,Dental Implant,Clinic C,6501.63,114485,5621,26
2025-04-30,Instagram,Invisalign,Clinic C,7322.61,80727,4119,20
2025-04-30,Instagram,Root Canal,Clinic C,5831.55,51360,1581,40
2025-04-30,Google Ads,Dental Crown,Clinic C,5745.84,55415,2106,34
2025-04-30,Google Ads,Teeth Whitening,Clinic C,3339.89,59010,3172,26
2025-04-30,Google Ads,General Dentistry,Clinic C,4399.22,78655,4462,40
2025-04-30,Google Ads,Dental Implant,Clinic D,8885.66,85350,2749,28
2025-04-30,Google Ads,Invisalign,Clinic D,10251.44,98045,5953,30
2025-04-30,Google Ads,Root Canal,Clinic D,5405.98,86821,4154,30
2025-04-30,Meta Ads,Dental Crown,Clinic D,3833.8,48433,2678,17
2025-04-30,Google Ads,Teeth Whitening,Clinic D,3445.87,43149,1107,36
2025-04-30,Google Ads,General Dentistry,Clinic D,4769.51,50087,1272,47
2025-05-01,Google Ads,Dental Implant,Clinic A,9141.92,164441,7457,30
2025-05-01,Google Ads,Invisalign,Clinic A,9409.86,110959,5284,30
2025-05-01,Meta Ads,Root Canal,Clinic A,8868.25,121936,5956,48
2025-05-01,Google Ads,Dental Crown,Clinic A,4669.47,44415,1900,26
2025-05-01,Instagram,Teeth Whitening,Clinic A,2656.91,33422,1966,29
2025-05-01,Meta Ads,General Dentistry,Clinic A,4415.09,52452,3199,41
2025-05-01,Google Ads,Dental Implant,Clinic B,8699.7,73416,4279,26
2025-05-01,Meta Ads,Invisalign,Clinic B,4856.11,59130,3341,11
2025-05-01,Google Ads,Root Canal,Clinic B,6626.55,109928,5220,31
2025-05-01,Meta Ads,Dental Crown,Clinic B,6061.16,87495,4257,34
2025-05-01,Meta Ads,Teeth Whitening,Clinic B,3509.26,29619,1467,39
2025-05-01,Google Ads,General Dentistry,Clinic B,5172.76,64819,3478,47
2025-05-01,Google Ads,Dental Implant,Clinic C,8667.31,112139,3369,33
2025-05-01,Meta Ads,Invisalign,Clinic C,9123.65,138136,3540,22
2025-05-01,Meta Ads,Root Canal,Clinic C,6601.99,112342,6705,32
2025-05-01,Google Ads,Dental Crown,Clinic C,5314.48,71542,3001,27
2025-05-01,Meta Ads,Teeth Whitening,Clinic C,2986.34,42165,1513,24
2025-05-01,Google Ads,General Dentistry,Clinic C,3349.59,28862,1606,32
2025-05-01,Meta Ads,Dental Implant,Clinic D,7248.92,92511,2971,25
2025-05-01,Instagram,Invisalign,Clinic D,7883.15,105644,5376,23
2025-05-01,Meta Ads,Root Canal,Clinic D,6959.52,73678,2328,31
2025-05-01,Meta Ads,Dental Crown,Clinic D,4748.33,83080,2208,26
2025-05-01,Instagram,Teeth Whitening,Clinic D,3279.24,28502,1197,28
2025-05-01,Meta Ads,General Dentistry,Clinic D,4606.78,44207,1401,46
2025-05-02,Google Ads,Dental Implant,Clinic A,9575.9,90996,2832,28
2025-05-02,Google Ads,Invisalign,Clinic A,9185.27,107168,6100,29
2025-05-02,Google Ads,Root Canal,Clinic A,6458.69,94866,3595,34
2025-05-02,Google Ads,Dental Crown,Clinic A,3787.03,55161,1701,26
2025-05-02,Meta Ads,Teeth Whitening,Clinic A,3737.76,60727,2702,33
2025-05-02,Google Ads,General Dentistry,Clinic A,4911.33,72850,3418,52
2025-05-02,Meta Ads,Dental Implant,Clinic B,9535.56,125940,6278,30
2025-05-02,Instagram,Invisalign,Clinic B,10625.07,140477,8746,27
2025-05-02,Meta Ads,Root Canal,Clinic B,6360.21,109189,4916,26
2025-05-02,Google Ads,Dental Crown,Clinic B,2982.56,43240,1498,19
2025-05-02,Google Ads,Teeth Whitening,Clinic B,2847.13,28770,1641,26
2025-05-02,Instagram,General Dentistry,Clinic B,3793.55,47105,1927,41
2025-05-02,Meta Ads,Dental Implant,Clinic C,5419.67,87477,4810,16
2025-05-02,Google Ads,Invisalign,Clinic C,9322.36,142881,7515,25
2025-05-02,Meta Ads,Root Canal,Clinic C,6671.61,72787,2066,31
2025-05-02,Meta Ads,Dental Crown,Clinic C,4023.79,57936,2992,17
2025-05-02,Google Ads,Teeth Whitening,Clinic C,4232.62,38393,1060,39
2025-05-02,Meta Ads,General Dentistry,Clinic C,3511.35,46416,2544,36
2025-05-02,Meta Ads,Dental Implant,Clinic D,7370.7,81373,3355,25
2025-05-02,Meta Ads,Invisalign,Clinic D,10443.69,179998,8992,31
2025-05-02,Google Ads,Root Canal,Clinic D,5852.37,62607,3235,27
2025-05-02,Google Ads,Dental Crown,Clinic D,4932.31,52339,1394,27
2025-05-02,Meta Ads,Teeth Whitening,Clinic D,3311.33,51704,3077,21
2025-05-02,Meta Ads,General Dentistry,Clinic D,5543.12,60160,3205,58
2025-05-03,Meta Ads,Dental Implant,Clinic A,5823.53,103289,6657,16
2025-05-03,Meta Ads,Invisalign,Clinic A,10010.79,148083,6930,26
2025-05-03,Google Ads,Root Canal,Clinic A,4596.0,43834,1138,19
2025-05-03,Instagram,Dental Crown,Clinic A,4307.82,65650,2967,25
2025-05-03,Instagram,Teeth Whitening,Clinic A,4489.12,37767,2357,39
2025-05-03,Meta Ads,General Dentistry,Clinic A,3881.34,55923,3067,37
2025-05-03,Google Ads,Dental Implant,Clinic B,8385.37,138506,8908,23
2025-05-03,Meta Ads,Invisalign,Clinic B,10197.06,90454,2858,26
2025-05-03,Google Ads,Root Canal,Clinic B,6375.56,98946,5064,31
2025-05-03,Google Ads,Dental Crown,Clinic B,4396.59,51769,1447,29
2025-05-03,Meta Ads,Teeth Whitening,Clinic B,2798.85,43678,2623,33
2025-05-03,Meta Ads,General Dentistry,Clinic B,5086.73,60135,3078,51
2025-05-03,Meta Ads,Dental Implant,Clinic C,8997.62,121781,5255,34
2025-05-03,Google Ads,Invisalign,Clinic C,6572.8,75921,2007,24
2025-05-03,Google Ads,Root Canal,Clinic C,5743.98,51651,1810,30
2025-05-03,Google Ads,Dental Crown,Clinic C,3163.11,55059,3470,17
2025-05-03,Google Ads,Teeth Whitening,Clinic C,4099.2,60984,1666,35
2025-05-03,Meta Ads,General Dentistry,Clinic C,4814.26,82324,5269,48
2025-05-03,Google Ads,Dental Implant,Clinic D,9053.57,119590,4447,29
2025-05-03,Meta Ads,Invisalign,Clinic D,6747.58,66150,3543,15
2025-05-03,Google Ads,Root Canal,Clinic D,6145.23,81032,3565,34
2025-05-03,Meta Ads,Dental Crown,Clinic D,5547.23,85310,3301,28
2025-05-03,Google Ads,Teeth Whitening,Clinic D,3750.97,30917,1817,34
2025-05-03,Meta Ads,General Dentistry,Clinic D,4419.03,63089,3335,38
2025-05-04,Instagram,Dental Implant,Clinic A,8399.31,77276,2254,31
2025-05-04,Instagram,Invisalign,Clinic A,8012.92,128144,6334,28
2025-05-04,Meta Ads,Root Canal,Clinic A,6546.31,66722,3463,34
2025-05-04,Meta Ads,Dental Crown,Clinic A,3517.66,47885,2163,22
2025-05-04,Google Ads,Teeth Whitening,Clinic A,3004.22,49032,1646,30
2025-05-04,Meta Ads,General Dentistry,Clinic A,5155.45,49149,2840,46
2025-05-04,Meta Ads,Dental Implant,Clinic B,11216.2,125144,7152,32
2025-05-04,Google Ads,Invisalign,Clinic B,6444.73,106369,4714,19
2025-05-04,Meta Ads,Root Canal,Clinic B,5083.97,81088,4729,30
2025-05-04,Meta Ads,Dental Crown,Clinic B,4513.94,54102,3510,24
2025-05-04,Google Ads,Teeth Whitening,Clinic B,4594.55,38989,1526,38
2025-05-04,Meta Ads,General Dentistry,Clinic B,6299.43,59147,2431,62
2025-05-04,Meta Ads,Dental Implant,Clinic C,10419.22,183202,11397,28
2025-05-04,Meta Ads,Invisalign,Clinic C,8740.92,108973,6872,22
2025-05-04,Meta Ads,Root Canal,Clinic C,5692.87,63706,2296,25
2025-05-04,Meta Ads,Dental Crown,Clinic C,4035.23,56335,2455,20
2025-05-04,Google Ads,Teeth Whitening,Clinic C,5348.07,87980,2266,48
2025-05-04,Google Ads,General Dentistry,Clinic C,5517.89,78696,4923,58
2025-05-04,Google Ads,Dental Implant,Clinic D,9932.28,168812,4428,33
2025-05-04,Google Ads,Invisalign,Clinic D,8009.47,71011,3032,27
2025-05-04,Meta Ads,Root Canal,Clinic D,5644.34,95468,3624,21
2025-05-04,Instagram,Dental Crown,Clinic D,5592.44,56426,2520,32
2025-05-04,Meta Ads,Teeth Whitening,Clinic D,3491.65,57994,1570,28
2025-05-04,Meta Ads,General Dentistry,Clinic D,4513.21,49797,2410,46
2025-05-05,Meta Ads,Dental Implant,Clinic A,8696.18,127781,6223,27
2025-05-05,Google Ads,Invisalign,Clinic A,8008.56,82552,3619,22
2025-05-05,Meta Ads,Root Canal,Clinic A,5144.97,74491,2854,30
2025-05-05,Google Ads,Dental Crown,Clinic A,5769.8,87281,3515,39
2025-05-05,Meta Ads,Teeth Whitening,Clinic A,3892.75,64601,3973,36
2025-05-05,Instagram,General Dentistry,Clinic A,3382.0,31143,1029,29
2025-05-05,Meta Ads,Dental Implant,Clinic B,7053.65,101990,2976,18
2025-05-05,Google Ads,Invisalign,Clinic B,8836.07,104715,5101,27
2025-05-05,Google Ads,Root Canal,Clinic B,6070.65,65175,1672,31
2025-05-05,Google Ads,Dental Crown,Clinic B,4257.57,48566,1616,37
2025-05-05,Google Ads,Teeth Whitening,Clinic B,4763.27,76389,3007,38
2025-05-05,Google Ads,General Dentistry,Clinic B,5108.23,88600,2670,49
2025-05-05,Meta Ads,Dental Implant,Clinic C,9639.65,156584,7699,34
2025-05-05,Google Ads,Invisalign,Clinic C,7482.44,97119,2802,15
2025-05-05,Meta Ads,Root Canal,Clinic C,6947.47,86981,4995,32
2025-05-05,Google Ads,Dental Crown,Clinic C,4548.0,62505,2778,27
2025-05-05,Google Ads,Teeth Whitening,Clinic C,3487.32,32026,1089,31
2025-05-05,Meta Ads,General Dentistry,Clinic C,5288.87,72141,2149,63
2025-05-05,Google Ads,Dental Implant,Clinic D,5294.01,66874,4023,21
2025-05-05,Google Ads,Invisalign,Clinic D,8382.73,139483,9017,26
2025-05-05,Google Ads,Root Canal,Clinic D,5851.71,80383,3132,23
2025-05-05,Google Ads,Dental Crown,Clinic D,3912.33,41168,1808,14
2025-05-05,Meta Ads,Teeth Whitening,Clinic D,2598.39,24845,1440,29
2025-05-05,Meta Ads,General Dentistry,Clinic D,4337.08,43294,1147,40
2025-05-06,Google Ads,Dental Implant,Clinic A,10507.16,99779,6232,38
2025-05-06,Google Ads,Invisalign,Clinic A,8511.93,81395,4100,20
2025-05-06,Google Ads,Root Canal,Clinic A,6989.86,70900,4224,35
2025-05-06,Google Ads,Dental Crown,Clinic A,5162.33,83798,4205,29
2025-05-06,Meta Ads,Teeth Whitening,Clinic A,4160.65,72210,3981,39
2025-05-06,Instagram,General Dentistry,Clinic A,5131.6,52662,1382,50
2025-05-06,Google Ads,Dental Implant,Clinic B,9558.78,114801,3940,30
2025-05-06,Meta Ads,Invisalign,Clinic B,6901.53,74463,3947,19
2025-05-06,Google Ads,Root Canal,Clinic B,6282.15,82493,2888,29
2025-05-06,Google Ads,Dental Crown,Clinic B,4198.21,56553,1837,24
2025-05-06,Google Ads,Teeth Whitening,Clinic B,3355.52,36079,2269,34
2025-05-06,Google Ads,General Dentistry,Clinic B,3646.88,65322,3059,34
2025-05-06,Meta Ads,Dental Implant,Clinic C,8184.97,116194,3732,23
2025-05-06,Meta Ads,Invisalign,Clinic C,8353.23,83399,5349,15
2025-05-06,Meta Ads,Root Canal,Clinic C,7060.33,86162,4346,35
2025-05-06,Meta Ads,Dental Crown,Clinic C,5640.58,48290,1660,24
2025-05-06,Google Ads,Teeth Whitening,Clinic C,2684.49,41877,2321,27
2025-05-06,Meta Ads,General Dentistry,Clinic C,4563.35,67496,2558,41
2025-05-06,Google Ads,Dental Implant,Clinic D,7540.08,79086,3757,30
2025-05-06,Meta Ads,Invisalign,Clinic D,8738.68,116387,6662,22
2025-05-06,Google Ads,Root Canal,Clinic D,3914.83,58377,2837,17
2025-05-06,Google Ads,Dental Crown,Clinic D,6371.78,80085,3329,37
2025-05-06,Google Ads,Teeth Whitening,Clinic D,3671.98,44684,1290,35
2025-05-06,Meta Ads,General Dentistry,Clinic D,4907.33,55924,3320,45
2025-05-07,Meta Ads,Dental Implant,Clinic A,8074.57,121795,4097,22
2025-05-07,Google Ads,Invisalign,Clinic A,7194.65,112841,3176,20
2025-05-07,Meta Ads,Root Canal,Clinic A,6154.46,74493,2616,25
2025-05-07,Google Ads,Dental Crown,Clinic A,4895.13,48123,1685,28
2025-05-07,Meta Ads,Teeth Whitening,Clinic A,2929.4,35577,1056,24
2025-05-07,Google Ads,General Dentistry,Clinic A,4224.27,55512,3140,46
2025-05-07,Meta Ads,Dental Implant,Clinic B,9159.18,142944,6703,31
2025-05-07,Google Ads,Invisalign,Clinic B,9525.24,137426,6204,32
2025-05-07,Google Ads,Root Canal,Clinic B,7114.89,72287,2472,26
2025-05-07,Meta Ads,Dental Crown,Clinic B,6824.25,88984,3979,33
2025-05-07,Instagram,Teeth Whitening,Clinic B,3333.67,36203,1377,27
2025-05-07,Instagram,General Dentistry,Clinic B,4358.81,67024,2315,42
2025-05-07,Meta Ads,Dental Implant,Clinic C,7783.23,102677,4667,24
2025-05-07,Google Ads,Invisalign,Clinic C,6967.84,70614,3354,21
2025-05-07,Instagram,Root Canal,Clinic C,5735.63,67281,4120,32
2025-05-07,Google Ads,Dental Crown,Clinic C,5288.63,67213,2444,27
2025-05-07,Google Ads,Teeth Whitening,Clinic C,3208.6,33350,2092,35
2025-05-07,Meta Ads,General Dentistry,Clinic C,5575.87,72287,1834,52
2025-05-07,Meta Ads,Dental Implant,Clinic D,9576.12,172326,6163,23
2025-05-07,Google Ads,Invisalign,Clinic D,7698.23,87284,2603,28
2025-05-07,Meta Ads,Root Canal,Clinic D,4708.27,53386,1972,25
2025-05-07,Google Ads,Dental Crown,Clinic D,4457.02,47799,2800,29
2025-05-07,Meta Ads,Teeth Whitening,Clinic D,3919.4,66187,3542,38
2025-05-07,Google Ads,General Dentistry,Clinic D,4095.53,63767,3229,40
2025-05-08,Meta Ads,Dental Implant,Clinic A,8544.07,107604,5283,25
2025-05-08,Meta Ads,Invisalign,Clinic A,6673.06,73395,4101,20
2025-05-08,Instagram,Root Canal,Clinic A,3967.9,40238,2265,22
2025-05-08,Instagram,Dental Crown,Clinic A,5030.03,69875,4085,32
2025-05-08,Instagram,Teeth Whitening,Clinic A,3605.38,35753,1341,34
2025-05-08,Google Ads,General Dentistry,Clinic A,4064.22,67867,3787,37
2025-05-08,Google Ads,Dental Implant,Clinic B,10002.34,100579,3454,28
2025-05-08,Meta Ads,Invisalign,Clinic B,11177.93,108225,3842,31
2025-05-08,Meta Ads,Root Canal,Clinic B,6212.83,56452,2957,27
2025-05-08,Google Ads,Dental Crown,Clinic B,5141.07,91545,5477,25
2025-05-08,Meta Ads,Teeth Whitening,Clinic B,3416.14,41064,1510,26
2025-05-08,Google Ads,General Dentistry,Clinic B,5729.82,99529,3686,58
2025-05-08,Meta Ads,Dental Implant,Clinic C,8817.09,151750,3933,35
2025-05-08,Instagram,Invisalign,Clinic C,9051.45,108796,6617,14
2025-05-08,Meta Ads,Root Canal,Clinic C,6632.32,87724,2447,32
2025-05-08,Meta Ads,Dental Crown,Clinic C,4956.25,65120,2627,29
2025-05-08,Meta Ads,Teeth Whitening,Clinic C,3394.63,57398,1904,33
2025-05-08,Google Ads,General Dentistry,Clinic C,3842.28,63666,3410,35
2025-05-08,Google Ads,Dental Implant,Clinic D,9698.38,153910,7500,38
2025-05-08,Google Ads,Invisalign,Clinic D,6338.41,70394,1822,18
2025-05-08,Google Ads,Root Canal,Clinic D,6808.18,116593,6369,33
2025-05-08,Google Ads,Dental Crown,Clinic D,6666.0,107035,3887,37
2025-05-08,Google Ads,Teeth Whitening,Clinic D,3690.27,45565,1215,31
2025-05-08,Meta Ads,General Dentistry,Clinic D,4119.17,74126,2501,31
2025-05-09,Meta Ads,Dental Implant,Clinic A,7684.47,90811,2325,23
2025-05-09,Google Ads,Invisalign,Clinic A,9023.78,112339,5775,25
2025-05-09,Meta Ads,Root Canal,Clinic A,6428.89,115530,2920,33
2025-05-09,Google Ads,Dental Crown,Clinic A,4544.0,81638,3628,28
2025-05-09,Instagram,Teeth Whitening,Clinic A,1988.52,30028,1901,20
2025-05-09,Google Ads,General Dentistry,Clinic A,4809.53,56685,1542,51
2025-05-09,Google Ads,Dental Implant,Clinic B,9727.17,142176,8894,43
2025-05-09,Meta Ads,Invisalign,Clinic B,9851.94,147943,8998,28
2025-05-09,Meta Ads,Root Canal,Clinic B,6174.28,49630,3137,33
2025-05-09,Google Ads,Dental Crown,Clinic B,4728.45,72718,1952,25
2025-05-09,Meta Ads,Teeth Whitening,Clinic B,2791.8,26115,791,26
2025-05-09,Google Ads,General Dentistry,Clinic B,3544.91,51758,3305,37
2025-05-09,Meta Ads,Dental Implant,Clinic C,11196.0,176216,11274,39
2025-05-09,Meta Ads,Invisalign,Clinic C,6788.38,75126,4167,16
2025-05-09,Meta Ads,Root Canal,Clinic C,7057.29,125714,6950,35
2025-05-09,Google Ads,Dental Crown,Clinic C,5525.14,61492,2977,31
2025-05-09,Google Ads,Teeth Whitening,Clinic C,2610.14,20883,787,18
2025-05-09,Meta Ads,General Dentistry,Clinic C,5179.85,92545,3759,57
2025-05-09,Google Ads,Dental Implant,Clinic D,8041.97,73725,3517,27
2025-05-09,Google Ads,Invisalign,Clinic D,7769.36,129617,6999,15
2025-05-09,Google Ads,Root Canal,Clinic D,7380.55,59255,3218,31
2025-05-09,Meta Ads,Dental Crown,Clinic D,4776.99,45146,2842,22
2025-05-09,Meta Ads,Teeth Whitening,Clinic D,3513.42,51154,2038,31
2025-05-09,Google Ads,General Dentistry,Clinic D,4103.48,70720,3075,41
2025-05-10,Instagram,Dental Implant,Clinic A,10606.64,124330,4715,34
2025-05-10,Meta Ads,Invisalign,Clinic A,9372.29,109035,3003,32
2025-05-10,Instagram,Root Canal,Clinic A,7700.16,88680,3971,37
2025-05-10,Google Ads,Dental Crown,Clinic A,4784.46,83999,2470,24
2025-05-10,Meta Ads,Teeth Whitening,Clinic A,3704.02,49509,3168,40
2025-05-10,Google Ads,General Dentistry,Clinic A,3762.81,34598,1359,33
2025-05-10,Google Ads,Dental Implant,Clinic B,8886.5,154160,8849,31
2025-05-10,Meta Ads,Invisalign,Clinic B,6862.23,57955,2323,12
2025-05-10,Meta Ads,Root Canal,Clinic B,7234.27,73905,2468,40
2025-05-10,Meta Ads,Dental Crown,Clinic B,3999.43,60777,2433,24
2025-05-10,Instagram,Teeth Whitening,Clinic B,2700.74,26895,1638,22
2025-05-10,Meta Ads,General Dentistry,Clinic B,3276.12,35530,1435,31
2025-05-10,Google Ads,Dental Implant,Clinic C,10090.3,129019,5109,35
2025-05-10,Google Ads,Invisalign,Clinic C,10330.94,102886,4173,31
2025-05-10,Instagram,Root Canal,Clinic C,6970.27,58510,1850,38
2025-05-10,Google Ads,Dental Crown,Clinic C,4334.75,47224,1989,22
2025-05-10,Google Ads,Teeth Whitening,Clinic C,3442.25,28947,1504,21
2025-05-10,Google Ads,General Dentistry,Clinic C,4424.7,41120,1635,43
2025-05-10,Meta Ads,Dental Implant,Clinic D,10799.55,99407,3474,39
2025-05-10,Google Ads,Invisalign,Clinic D,6667.29,80140,4519,14
2025-05-10,Instagram,Root Canal,Clinic D,4397.34,45857,1616,20
2025-05-10,Google Ads,Dental Crown,Clinic D,4306.28,67849,3184,19
2025-05-10,Google Ads,Teeth Whitening,Clinic D,4341.72,61220,1702,41
2025-05-10,Google Ads,General Dentistry,Clinic D,3781.77,31185,1708,32
2025-05-11,Google Ads,Dental Implant,Clinic A,9069.32,162174,8599,34
2025-05-11,Instagram,Invisalign,Clinic A,7960.45,114082,7023,24
2025-05-11,Meta Ads,Root Canal,Clinic A,6642.81,115301,6485,33
2025-05-11,Meta Ads,Dental Crown,Clinic A,5164.04,42977,2674,27
2025-05-11,Instagram,Teeth Whitening,Clinic A,4976.42,67516,2801,50
2025-05-11,Instagram,General Dentistry,Clinic A,4707.48,68152,3650,50
2025-05-11,Meta Ads,Dental Implant,Clinic B,10429.86,185430,10933,37
2025-05-11,Google Ads,Invisalign,Clinic B,11066.72,117942,5191,34
2025-05-11,Instagram,Root Canal,Clinic B,5497.7,93916,2702,24
2025-05-11,Instagram,Dental Crown,Clinic B,4986.12,71942,3658,19
2025-05-11,Instagram,Teeth Whitening,Clinic B,3681.29,65369,2726,37
2025-05-11,Meta Ads,General Dentistry,Clinic B,3163.32,42032,2537,33
2025-05-11,Meta Ads,Dental Implant,Clinic C,11751.15,156092,6698,42
2025-05-11,Google Ads,Invisalign,Clinic C,9443.87,115521,3090,29
2025-05-11,Meta Ads,Root Canal,Clinic C,5620.79,65197,3966,40
2025-05-11,Meta Ads,Dental Crown,Clinic C,5486.95,87081,5234,35
2025-05-11,Google Ads,Teeth Whitening,Clinic C,3839.4,52256,2445,38
2025-05-11,Google Ads,General Dentistry,Clinic C,2687.81,45392,2191,30
2025-05-11,Google Ads,Dental Implant,Clinic D,9711.83,142250,5604,29
2025-05-11,Google Ads,Invisalign,Clinic D,6576.47,109301,5907,22
2025-05-11,Instagram,Root Canal,Clinic D,3499.59,30712,1265,18
2025-05-11,Google Ads,Dental Crown,Clinic D,5899.62,51696,1354,29
2025-05-11,Instagram,Teeth Whitening,Clinic D,3706.11,52052,2244,31
2025-05-11,Google Ads,General Dentistry,Clinic D,5054.58,86188,4222,49
2025-05-12,Meta Ads,Dental Implant,Clinic A,11342.03,190880,10326,36
2025-05-12,Meta Ads,Invisalign,Clinic A,6210.5,111244,6945,20
2025-05-12,Instagram,Root Canal,Clinic A,7043.59,102578,4021,33
2025-05-12,Meta Ads,Dental Crown,Clinic A,5639.57,46745,3020,34
2025-05-12,Meta Ads,Teeth Whitening,Clinic A,4176.37,36111,995,41
2025-05-12,Meta Ads,General Dentistry,Clinic A,3903.02,69032,2463,42
2025-05-12,Meta Ads,Dental Implant,Clinic B,7298.32,126051,6115,24
2025-05-12,Google Ads,Invisalign,Clinic B,9948.35,141109,4789,26
2025-05-12,Meta Ads,Root Canal,Clinic B,6822.39,76272,3420,28
2025-05-12,Meta Ads,Dental Crown,Clinic B,5215.91,63376,3459,28
2025-05-12,Google Ads,Teeth Whitening,Clinic B,3638.01,55308,3125,28
2025-05-12,Meta Ads,General Dentistry,Clinic B,3968.78,57871,2431,41
2025-05-12,Instagram,Dental Implant,Clinic C,10305.82,142041,8274,43
2025-05-12,Google Ads,Invisalign,Clinic C,8121.12,95045,2865,33
2025-05-12,Google Ads,Root Canal,Clinic C,5898.87,87731,5668,32
2025-05-12,Meta Ads,Dental Crown,Clinic C,5070.53,82874,5236,25
2025-05-12,Meta Ads,Teeth Whitening,Clinic C,2815.72,44595,2471,22
2025-05-12,Meta Ads,General Dentistry,Clinic C,4707.25,65451,1667,44
2025-05-12,Meta Ads,Dental Implant,Clinic D,9285.8,136833,3703,30
2025-05-12,Meta Ads,Invisalign,Clinic D,8688.88,76929,2166,26
2025-05-12,Meta Ads,Root Canal,Clinic D,7085.0,99816,5010,31
2025-05-12,Google Ads,Dental Crown,Clinic D,5041.3,66293,2805,25
2025-05-12,Google Ads,Teeth Whitening,Clinic D,3251.66,30136,1667,33
2025-05-12,Meta Ads,General Dentistry,Clinic D,3819.83,47353,1308,36
2025-05-13,Google Ads,Dental Implant,Clinic A,7894.84,135159,8378,24
2025-05-13,Google Ads,Invisalign,Clinic A,10125.03,127819,3890,21
2025-05-13,Meta Ads,Root Canal,Clinic A,6942.23,80040,3378,37
2025-05-13,Google Ads,Dental Crown,Clinic A,4285.44,55159,3538,27
2025-05-13,Google Ads,Teeth Whitening,Clinic A,5062.44,91050,5314,55
2025-05-13,Google Ads,General Dentistry,Clinic A,4027.83,35843,1651,37
2025-05-13,Instagram,Dental Implant,Clinic B,8084.99,127985,8228,29
2025-05-13,Meta Ads,Invisalign,Clinic B,5504.74,85207,4810,14
2025-05-13,Google Ads,Root Canal,Clinic B,7312.73,123470,3189,34
2025-05-13,Instagram,Dental Crown,Clinic B,4514.79,38507,1048,20
2025-05-13,Google Ads,Teeth Whitening,Clinic B,4066.52,35372,1656,37
2025-05-13,Google Ads,General Dentistry,Clinic B,4222.65,72386,3611,41
2025-05-13,Meta Ads,Dental Implant,Clinic C,9396.09,93867,4411,37
2025-05-13,Instagram,Invisalign,Clinic C,7258.26,117197,6417,22
2025-05-13,Meta Ads,Root Canal,Clinic C,5907.16,89884,4551,32
2025-05-13,Google Ads,Dental Crown,Clinic C,5993.11,62270,1924,37
2025-05-13,Google Ads,Teeth Whitening,Clinic C,4248.66,52516,2860,37
2025-05-13,Google Ads,General Dentistry,Clinic C,4657.62,78964,3611,44
2025-05-13,Meta Ads,Dental Implant,Clinic D,8714.03,91479,5434,35
2025-05-13,Meta Ads,Invisalign,Clinic D,8335.85,77782,3234,24
2025-05-13,Google Ads,Root Canal,Clinic D,7004.57,89752,2569,34
2025-05-13,Google Ads,Dental Crown,Clinic D,6375.5,63728,4060,28
2025-05-13,Meta Ads,Teeth Whitening,Clinic D,3311.85,38447,1149,24
2025-05-13,Google Ads,General Dentistry,Clinic D,3808.28,32305,1507,38
2025-05-14,Google Ads,Dental Implant,Clinic A,9968.57,88508,3169,29
2025-05-14,Google Ads,Invisalign,Clinic A,9161.17,90554,4282,31
2025-05-14,Meta Ads,Root Canal,Clinic A,6587.84,73225,2226,33
2025-05-14,Meta Ads,Dental Crown,Clinic A,5873.95,96124,3422,41
2025-05-14,Google Ads,Teeth Whitening,Clinic A,3617.68,37393,2419,33
2025-05-14,Meta Ads,General Dentistry,Clinic A,5049.29,48247,1737,50
2025-05-14,Google Ads,Dental Implant,Clinic B,9388.67,123320,5992,30
2025-05-14,Meta Ads,Invisalign,Clinic B,6716.48,119255,3811,27
2025-05-14,Instagram,Root Canal,Clinic B,5448.18,77676,4712,26
2025-05-14,Google Ads,Dental Crown,Clinic B,5061.69,90359,3666,24
2025-05-14,Google Ads,Teeth Whitening,Clinic B,1978.22,17144,1028,18
2025-05-14,Meta Ads,General Dentistry,Clinic B,5922.76,81936,5254,62
2025-05-14,Instagram,Dental Implant,Clinic C,5787.32,77484,2985,18
2025-05-14,Meta Ads,Invisalign,Clinic C,6708.07,93344,4097,17
2025-05-14,Meta Ads,Root Canal,Clinic C,6589.54,70940,3678,34
2025-05-14,Google Ads,Dental Crown,Clinic C,5304.2,58680,3601,30
2025-05-14,Google Ads,Teeth Whitening,Clinic C,3898.45,34338,1822,34
2025-05-14,Meta Ads,General Dentistry,Clinic C,6218.17,59432,2023,61
2025-05-14,Meta Ads,Dental Implant,Clinic D,7791.35,64110,1790,23
2025-05-14,Meta Ads,Invisalign,Clinic D,9808.1,147191,5131,24
2025-05-14,Google Ads,Root Canal,Clinic D,6484.39,81586,4106,39
2025-05-14,Google Ads,Dental Crown,Clinic D,6232.37,107908,5068,33
2025-05-14,Google Ads,Teeth Whitening,Clinic D,3561.44,51794,2551,33
2025-05-14,Meta Ads,General Dentistry,Clinic D,5052.86,89728,3719,53
2025-05-15,Google Ads,Dental Implant,Clinic A,11243.41,150740,8982,35
2025-05-15,Google Ads,Invisalign,Clinic A,6725.2,107543,4573,22
2025-05-15,Instagram,Root Canal,Clinic A,7894.68,66530,3534,44
2025-05-15,Google Ads,Dental Crown,Clinic A,5943.77,61139,1973,30
2025-05-15,Google Ads,Teeth Whitening,Clinic A,2640.27,35870,1448,26
2025-05-15,Google Ads,General Dentistry,Clinic A,3994.96,42899,1490,35
2025-05-15,Google Ads,Dental Implant,Clinic B,6494.92,114376,5612,20
2025-05-15,Google Ads,Invisalign,Clinic B,7289.55,83207,4932,12
2025-05-15,Google Ads,Root Canal,Clinic B,7638.91,129932,6783,36
2025-05-15,Google Ads,Dental Crown,Clinic B,5196.21,54026,1485,30
2025-05-15,Meta Ads,Teeth Whitening,Clinic B,3589.31,31929,1523,26
2025-05-15,Google Ads,General Dentistry,Clinic B,5518.31,76193,4600,55
2025-05-15,Meta Ads,Dental Implant,Clinic C,7342.87,80536,3095,30
2025-05-15,Google Ads,Invisalign,Clinic C,7056.31,80551,3610,14
2025-05-15,Meta Ads,Root Canal,Clinic C,5727.99,84615,5129,36
2025-05-15,Google Ads,Dental Crown,Clinic C,6718.12,86939,2741,39
2025-05-15,Google Ads,Teeth Whitening,Clinic C,4014.92,58453,3182,34
2025-05-15,Instagram,General Dentistry,Clinic C,3447.79,59836,3879,33
2025-05-15,Google Ads,Dental Implant,Clinic D,8618.41,71314,3708,29
2025-05-15,Google Ads,Invisalign,Clinic D,8056.6,127459,3713,27
2025-05-15,Meta Ads,Root Canal,Clinic D,6838.89,96407,2664,30
2025-05-15,Instagram,Dental Crown,Clinic D,5971.39,85489,2250,29
2025-05-15,Meta Ads,Teeth Whitening,Clinic D,2831.77,24312,851,22
2025-05-15,Meta Ads,General Dentistry,Clinic D,4371.56,69931,4420,38
2025-05-16,Meta Ads,Dental Implant,Clinic A,8240.11,111575,6678,22
2025-05-16,Meta Ads,Invisalign,Clinic A,5537.4,71964,2716,15
2025-05-16,Meta Ads,Root Canal,Clinic A,7045.23,81583,4309,38
2025-05-16,Google Ads,Dental Crown,Clinic A,5151.15,85174,4843,26
2025-05-16,Meta Ads,Teeth Whitening,Clinic A,3360.05,57336,2488,36
2025-05-16,Google Ads,General Dentistry,Clinic A,5196.52,53242,2007,54
2025-05-16,Meta Ads,Dental Implant,Clinic B,10529.85,134537,6982,35
2025-05-16,Google Ads,Invisalign,Clinic B,7725.17,103480,5138,24
2025-05-16,Google Ads,Root Canal,Clinic B,6531.03,69938,2112,26
2025-05-16,Meta Ads,Dental Crown,Clinic B,4243.72,57170,3355,16
2025-05-16,Google Ads,Teeth Whitening,Clinic B,2566.57,42850,2204,28
2025-05-16,Google Ads,General Dentistry,Clinic B,4126.53,35020,894,46
2025-05-16,Instagram,Dental Implant,Clinic C,8310.68,109417,5255,31
2025-05-16,Meta Ads,Invisalign,Clinic C,6711.42,65850,1733,12
2025-05-16,Google Ads,Root Canal,Clinic C,6458.32,94349,3041,32
2025-05-16,Meta Ads,Dental Crown,Clinic C,4309.8,39977,1987,22
2025-05-16,Google Ads,Teeth Whitening,Clinic C,2652.85,44199,1193,25
2025-05-16,Google Ads,General Dentistry,Clinic C,5137.23,48535,1595,54
2025-05-16,Meta Ads,Dental Implant,Clinic D,10794.36,153339,8636,39
2025-05-16,Google Ads,Invisalign,Clinic D,5209.13,81311,2601,21
2025-05-16,Google Ads,Root Canal,Clinic D,7095.94,108934,3155,40
2025-05-16,Meta Ads,Dental Crown,Clinic D,6306.14,77075,3593,36
2025-05-16,Google Ads,Teeth Whitening,Clinic D,1978.3,22320,796,12
2025-05-16,Meta Ads,General Dentistry,Clinic D,4758.87,64783,3418,42
2025-05-17,Google Ads,Dental Implant,Clinic A,10957.78,167413,9882,37
2025-05-17,Google Ads,Invisalign,Clinic A,7636.05,85765,3364,28
2025-05-17,Google Ads,Root Canal,Clinic A,7624.9,72636,3397,45
2025-05-17,Google Ads,Dental Crown,Clinic A,4796.72,68164,1738,26
2025-05-17,Google Ads,Teeth Whitening,Clinic A,4068.68,50884,2438,33
2025-05-17,Google Ads,General Dentistry,Clinic A,3556.75,63749,2911,36
2025-05-17,Meta Ads,Dental Implant,Clinic B,9333.32,137297,7765,27
2025-05-17,Meta Ads,Invisalign,Clinic B,6622.34,59084,1478,14
2025-05-17,Meta Ads,Root Canal,Clinic B,5487.73,81975,4446,31
2025-05-17,Google Ads,Dental Crown,Clinic B,3234.15,38008,1845,19
2025-05-17,Google Ads,Teeth Whitening,Clinic B,4567.94,80605,4888,41
2025-05-17,Instagram,General Dentistry,Clinic B,4353.15,76023,2576,44
2025-05-17,Meta Ads,Dental Implant,Clinic C,10894.9,194171,11655,37
2025-05-17,Meta Ads,Invisalign,Clinic C,8606.55,83118,3782,23
2025-05-17,Meta Ads,Root Canal,Clinic C,8589.87,102737,4445,45
2025-05-17,Meta Ads,Dental Crown,Clinic C,4430.55,37754,1335,32
2025-05-17,Instagram,Teeth Whitening,Clinic C,3631.04,35774,1031,35
2025-05-17,Instagram,General Dentistry,Clinic C,4283.53,61237,3770,46
2025-05-17,Google Ads,Dental Implant,Clinic D,10091.32,165146,6025,34
2025-05-17,Instagram,Invisalign,Clinic D,7134.61,63969,1901,17
2025-05-17,Meta Ads,Root Canal,Clinic D,7265.64,120435,3572,36
2025-05-17,Meta Ads,Dental Crown,Clinic D,5777.24,52207,1977,36
2025-05-17,Meta Ads,Teeth Whitening,Clinic D,4298.25,36796,1626,40
2025-05-17,Meta Ads,General Dentistry,Clinic D,3904.45,44739,2236,31
2025-05-18,Google Ads,Dental Implant,Clinic A,8558.47,81336,3442,30
2025-05-18,Meta Ads,Invisalign,Clinic A,8123.21,80091,4970,30
2025-05-18,Meta Ads,Root Canal,Clinic A,7405.25,66748,1984,35
2025-05-18,Google Ads,Dental Crown,Clinic A,5446.19,96451,5080,31
2025-05-18,Meta Ads,Teeth Whitening,Clinic A,3066.72,28376,1811,27
2025-05-18,Google Ads,General Dentistry,Clinic A,3920.94,52262,1625,41
2025-05-18,Meta Ads,Dental Implant,Clinic B,9848.66,93651,5408,29
2025-05-18,Meta Ads,Invisalign,Clinic B,5471.08,81394,2321,11
2025-05-18,Meta Ads,Root Canal,Clinic B,5745.86,102140,5952,35
2025-05-18,Google Ads,Dental Crown,Clinic B,4306.97,76488,2064,25
2025-05-18,Google Ads,Teeth Whitening,Clinic B,5057.03,66394,3625,49
2025-05-18,Google Ads,General Dentistry,Clinic B,6136.98,61926,3180,65
2025-05-18,Meta Ads,Dental Implant,Clinic C,6265.99,76229,2736,21
2025-05-18,Meta Ads,Invisalign,Clinic C,6493.06,88799,5428,19
2025-05-18,Meta Ads,Root Canal,Clinic C,7201.26,104012,2739,34
2025-05-18,Meta Ads,Dental Crown,Clinic C,5438.08,81396,3565,32
2025-05-18,Meta Ads,Teeth Whitening,Clinic C,2727.02,25214,1614,20
2025-05-18,Meta Ads,General Dentistry,Clinic C,3079.3,48304,2126,36
2025-05-18,Meta Ads,Dental Implant,Clinic D,9555.78,135990,7680,35
2025-05-18,Meta Ads,Invisalign,Clinic D,8194.93,79588,3432,23
2025-05-18,Meta Ads,Root Canal,Clinic D,7718.47,119615,6866,39
2025-05-18,Instagram,Dental Crown,Clinic D,3404.84,51879,3266,21
2025-05-18,Instagram,Teeth Whitening,Clinic D,4465.75,48173,1592,44
2025-05-18,Meta Ads,General Dentistry,Clinic D,4080.08,52738,3285,35
2025-05-19,Instagram,Dental Implant,Clinic A,8102.02,83036,3799,25
2025-05-19,Meta Ads,Invisalign,Clinic A,9084.9,130587,5791,26
2025-05-19,Meta Ads,Root Canal,Clinic A,6351.63,68280,2289,34
2025-05-19,Meta Ads,Dental Crown,Clinic A,3533.53,53768,1984,18
2025-05-19,Meta Ads,Teeth Whitening,Clinic A,3542.88,33532,1248,32
2025-05-19,Meta Ads,General Dentistry,Clinic A,4243.86,61954,2675,46
2025-05-19,Google Ads,Dental Implant,Clinic B,10787.2,165075,9961,32
2025-05-19,Meta Ads,Invisalign,Clinic B,7333.88,84317,3254,26
2025-05-19,Google Ads,Root Canal,Clinic B,8049.54,65374,3137,41
2025-05-19,Google Ads,Dental Crown,Clinic B,4443.37,42836,1143,26
2025-05-19,Google Ads,Teeth Whitening,Clinic B,2658.94,22371,1393,27
2025-05-19,Meta Ads,General Dentistry,Clinic B,5554.76,88940,4221,54
2025-05-19,Meta Ads,Dental Implant,Clinic C,11112.04,180104,8641,40
2025-05-19,Meta Ads,Invisalign,Clinic C,8842.14,75878,3895,22
2025-05-19,Meta Ads,Root Canal,Clinic C,6410.86,58598,2249,35
2025-05-19,Google Ads,Dental Crown,Clinic C,4406.98,42739,1444,26
2025-05-19,Google Ads,Teeth Whitening,Clinic C,2413.09,22383,657,15
2025-05-19,Instagram,General Dentistry,Clinic C,4731.81,49957,2032,39
2025-05-19,Meta Ads,Dental Implant,Clinic D,7397.34,59414,2046,24
2025-05-19,Google Ads,Invisalign,Clinic D,8888.37,145618,6079,29
2025-05-19,Meta Ads,Root Canal,Clinic D,4848.29,69376,2812,23
2025-05-19,Google Ads,Dental Crown,Clinic D,5240.56,81911,2342,35
2025-05-19,Google Ads,Teeth Whitening,Clinic D,3850.16,61175,3350,37
2025-05-19,Google Ads,General Dentistry,Clinic D,4022.77,38723,1804,41
2025-05-20,Meta Ads,Dental Implant,Clinic A,11781.95,160684,4439,38
2025-05-20,Instagram,Invisalign,Clinic A,9177.74,112841,2829,27
2025-05-20,Meta Ads,Root Canal,Clinic A,6093.49,83640,5206,32
2025-05-20,Google Ads,Dental Crown,Clinic A,5811.65,94201,4773,27
2025-05-20,Meta Ads,Teeth Whitening,Clinic A,3322.59,38270,2426,34
2025-05-20,Instagram,General Dentistry,Clinic A,4752.45,62558,2068,57
2025-05-20,Meta Ads,Dental Implant,Clinic B,8224.98,121249,7247,25
2025-05-20,Meta Ads,Invisalign,Clinic B,10758.01,135011,6908,29
2025-05-20,Meta Ads,Root Canal,Clinic B,5588.69,73890,3871,35
2025-05-20,Meta Ads,Dental Crown,Clinic B,4648.7,69348,2913,30
2025-05-20,Meta Ads,Teeth Whitening,Clinic B,2763.0,24556,1111,20
2025-05-20,Google Ads,General Dentistry,Clinic B,4701.14,40731,1254,45
2025-05-20,Google Ads,Dental Implant,Clinic C,6824.22,93077,4278,19
2025-05-20,Google Ads,Invisalign,Clinic C,7985.25,142041,8106,28
2025-05-20,Google Ads,Root Canal,Clinic C,6824.29,86592,2327,28
2025-05-20,Meta Ads,Dental Crown,Clinic C,4275.92,71242,3367,33
2025-05-20,Meta Ads,Teeth Whitening,Clinic C,4020.22,40772,2375,37
2025-05-20,Google Ads,General Dentistry,Clinic C,4980.94,45269,1922,56
2025-05-20,Meta Ads,Dental Implant,Clinic D,8706.64,100577,3965,30
2025-05-20,Meta Ads,Invisalign,Clinic D,7578.21,71751,3247,25
2025-05-20,Google Ads,Root Canal,Clinic D,6729.99,88679,5123,26
2025-05-20,Meta Ads,Dental Crown,Clinic D,4116.29,73338,2981,18
2025-05-20,Google Ads,Teeth Whitening,Clinic D,2733.57,38362,2219,27
2025-05-20,Google Ads,General Dentistry,Clinic D,2745.52,49402,2641,23
2025-05-21,Google Ads,Dental Implant,Clinic A,8069.31,65783,2475,25
2025-05-21,Google Ads,Invisalign,Clinic A,8443.81,85995,5386,17
2025-05-21,Meta Ads,Root Canal,Clinic A,6078.09,108338,3575,29
2025-05-21,Google Ads,Dental Crown,Clinic A,5690.75,74996,2077,27
2025-05-21,Google Ads,Teeth Whitening,Clinic A,3342.96,32458,1097,28
2025-05-21,Meta Ads,General Dentistry,Clinic A,5072.19,75486,2627,54
2025-05-21,Google Ads,Dental Implant,Clinic B,12190.7,201920,12225,31
2025-05-21,Google Ads,Invisalign,Clinic B,6368.93,92233,4416,17
2025-05-21,Meta Ads,Root Canal,Clinic B,8268.35,92447,4878,43
2025-05-21,Google Ads,Dental Crown,Clinic B,4839.88,81643,4931,22
2025-05-21,Meta Ads,Teeth Whitening,Clinic B,3743.54,36569,1426,30
2025-05-21,Google Ads,General Dentistry,Clinic B,4781.95,41653,2446,50
2025-05-21,Google Ads,Dental Implant,Clinic C,10271.84,184757,7182,37
2025-05-21,Meta Ads,Invisalign,Clinic C,10514.75,188688,6229,26
2025-05-21,Meta Ads,Root Canal,Clinic C,6212.01,76163,4229,32
2025-05-21,Meta Ads,Dental Crown,Clinic C,6413.92,59050,2518,41
2025-05-21,Meta Ads,Teeth Whitening,Clinic C,3117.7,46474,2911,29
2025-05-21,Meta Ads,General Dentistry,Clinic C,3859.99,61541,3170,39
2025-05-21,Meta Ads,Dental Implant,Clinic D,9971.95,126613,4353,37
2025-05-21,Meta Ads,Invisalign,Clinic D,7072.29,102322,4601,15
2025-05-21,Meta Ads,Root Canal,Clinic D,7544.54,101660,5237,43
2025-05-21,Instagram,Dental Crown,Clinic D,5923.15,64633,2851,36
2025-05-21,Google Ads,Teeth Whitening,Clinic D,3134.24,43817,2189,20
2025-05-21,Meta Ads,General Dentistry,Clinic D,5200.43,75750,2954,53
2025-05-22,Meta Ads,Dental Implant,Clinic A,10482.92,172958,10589,39
2025-05-22,Google Ads,Invisalign,Clinic A,8328.28,75809,4575,21
2025-05-22,Meta Ads,Root Canal,Clinic A,6957.26,117381,7267,37
2025-05-22,Meta Ads,Dental Crown,Clinic A,4577.5,39437,2237,24
2025-05-22,Google Ads,Teeth Whitening,Clinic A,3996.75,37213,2397,29
2025-05-22,Meta Ads,General Dentistry,Clinic A,5175.15,66944,4075,52
2025-05-22,Meta Ads,Dental Implant,Clinic B,7901.55,102170,3119,30
2025-05-22,Meta Ads,Invisalign,Clinic B,7414.4,72681,4107,28
2025-05-22,Google Ads,Root Canal,Clinic B,6412.84,63910,3183,34
2025-05-22,Instagram,Dental Crown,Clinic B,3865.79,37408,1168,23
2025-05-22,Meta Ads,Teeth Whitening,Clinic B,3201.05,29980,1869,30
2025-05-22,Meta Ads,General Dentistry,Clinic B,4393.59,59544,2375,41
2025-05-22,Meta Ads,Dental Implant,Clinic C,8013.76,70474,3440,34
2025-05-22,Google Ads,Invisalign,Clinic C,7864.95,103904,5502,22
2025-05-22,Meta Ads,Root Canal,Clinic C,5032.96,69066,2403,28
2025-05-22,Google Ads,Dental Crown,Clinic C,5264.9,69693,3602,20
2025-05-22,Google Ads,Teeth Whitening,Clinic C,3475.08,55478,2946,26
2025-05-22,Google Ads,General Dentistry,Clinic C,4402.12,61033,1604,45
2025-05-22,Instagram,Dental Implant,Clinic D,7148.1,106030,3891,27
2025-05-22,Google Ads,Invisalign,Clinic D,11101.31,112050,6130,27
2025-05-22,Meta Ads,Root Canal,Clinic D,6523.38,79644,4123,33
2025-05-22,Instagram,Dental Crown,Clinic D,5774.32,54952,1561,27
2025-05-22,Instagram,Teeth Whitening,Clinic D,3502.77,32867,1167,36
2025-05-22,Meta Ads,General Dentistry,Clinic D,5574.16,86277,2881,59
2025-05-23,Google Ads,Dental Implant,Clinic A,7462.45,96455,5685,22
2025-05-23,Meta Ads,Invisalign,Clinic A,8819.37,132329,4261,30
2025-05-23,Meta Ads,Root Canal,Clinic A,8771.3,138523,8693,50
2025-05-23,Meta Ads,Dental Crown,Clinic A,5084.82,55391,2843,31
2025-05-23,Instagram,Teeth Whitening,Clinic A,3165.95,26302,1619,22
2025-05-23,Meta Ads,General Dentistry,Clinic A,5149.97,45711,1935,52
2025-05-23,Google Ads,Dental Implant,Clinic B,9924.6,161422,9983,29
2025-05-23,Meta Ads,Invisalign,Clinic B,7730.91,95983,3458,19
2025-05-23,Meta Ads,Root Canal,Clinic B,6886.28,64971,2731,35
2025-05-23,Google Ads,Dental Crown,Clinic B,4784.82,64781,2478,17
2025-05-23,Meta Ads,Teeth Whitening,Clinic B,3653.17,33737,1091,33
2025-05-23,Meta Ads,General Dentistry,Clinic B,2843.22,34415,1636,31
2025-05-23,Google Ads,Dental Implant,Clinic C,8520.76,103315,5778,34
2025-05-23,Meta Ads,Invisalign,Clinic C,8143.72,142176,5995,23
2025-05-23,Google Ads,Root Canal,Clinic C,6274.04,91743,5957,30
2025-05-23,Google Ads,Dental Crown,Clinic C,5124.03,48674,1613,27
2025-05-23,Google Ads,Teeth Whitening,Clinic C,3248.08,26550,1511,28
2025-05-23,Google Ads,General Dentistry,Clinic C,4214.36,65481,2225,39
2025-05-23,Meta Ads,Dental Implant,Clinic D,8154.84,107752,5960,21
2025-05-23,Google Ads,Invisalign,Clinic D,10938.14,117611,3975,28
2025-05-23,Meta Ads,Root Canal,Clinic D,4819.49,65825,3757,32
2025-05-23,Google Ads,Dental Crown,Clinic D,5583.85,59693,3584,35
2025-05-23,Google Ads,Teeth Whitening,Clinic D,3376.84,54377,1695,33
2025-05-23,Meta Ads,General Dentistry,Clinic D,4358.24,63608,3644,48
2025-05-24,Meta Ads,Dental Implant,Clinic A,11349.45,104465,2910,39
2025-05-24,Meta Ads,Invisalign,Clinic A,8069.06,121447,6235,23
2025-05-24,Meta Ads,Root Canal,Clinic A,7035.83,96842,6210,35
2025-05-24,Google Ads,Dental Crown,Clinic A,4469.64,74158,4280,23
2025-05-24,Meta Ads,Teeth Whitening,Clinic A,3061.51,36920,1963,29
2025-05-24,Google Ads,General Dentistry,Clinic A,3702.79,49748,1949,41
2025-05-24,Instagram,Dental Implant,Clinic B,6173.4,52906,1630,18
2025-05-24,Meta Ads,Invisalign,Clinic B,8207.71,114645,5987,23
2025-05-24,Meta Ads,Root Canal,Clinic B,6159.54,86431,5478,34
2025-05-24,Google Ads,Dental Crown,Clinic B,5819.27,73899,2345,29
2025-05-24,Meta Ads,Teeth Whitening,Clinic B,1669.86,19065,516,18
2025-05-24,Meta Ads,General Dentistry,Clinic B,6599.18,52954,1498,68
2025-05-24,Google Ads,Dental Implant,Clinic C,11193.07,117062,6711,36
2025-05-24,Google Ads,Invisalign,Clinic C,8782.15,141960,7741,26
2025-05-24,Google Ads,Root Canal,Clinic C,5269.67,67166,2630,25
2025-05-24,Meta Ads,Dental Crown,Clinic C,3321.12,52055,1332,25
2025-05-24,Meta Ads,Teeth Whitening,Clinic C,3495.67,58774,2452,31
2025-05-24,Meta Ads,General Dentistry,Clinic C,5379.33,96786,5897,52
2025-05-24,Google Ads,Dental Implant,Clinic D,9224.76,162503,6703,26
2025-05-24,Google Ads,Invisalign,Clinic D,7453.24,79195,3575,22
2025-05-24,Meta Ads,Root Canal,Clinic D,5173.63,64005,2686,24
2025-05-24,Meta Ads,Dental Crown,Clinic D,5813.06,60749,2161,29
2025-05-24,Meta Ads,Teeth Whitening,Clinic D,4691.67,40938,1849,43
2025-05-24,Meta Ads,General Dentistry,Clinic D,3625.37,33856,1642,35
2025-05-25,Google Ads,Dental Implant,Clinic A,8121.26,113154,4029,19
2025-05-25,Google Ads,Invisalign,Clinic A,6889.28,110487,6043,18
2025-05-25,Meta Ads,Root Canal,Clinic A,6568.57,74241,2890,29
2025-05-25,Google Ads,Dental Crown,Clinic A,5972.94,67500,3197,32
2025-05-25,Meta Ads,Teeth Whitening,Clinic A,2710.38,31956,1769,24
2025-05-25,Meta Ads,General Dentistry,Clinic A,4910.94,49458,1733,40
2025-05-25,Google Ads,Dental Implant,Clinic B,11759.42,197462,9238,37
2025-05-25,Meta Ads,Invisalign,Clinic B,6802.42,81336,3851,16
2025-05-25,Google Ads,Root Canal,Clinic B,6780.95,67762,2922,32
2025-05-25,Instagram,Dental Crown,Clinic B,4704.22,55136,1561,24
2025-05-25,Google Ads,Teeth Whitening,Clinic B,4807.07,57989,2136,45
2025-05-25,Meta Ads,General Dentistry,Clinic B,4339.45,47449,2548,46
2025-05-25,Meta Ads,Dental Implant,Clinic C,9933.43,106286,4126,31
2025-05-25,Meta Ads,Invisalign,Clinic C,9456.57,133512,5948,27
2025-05-25,Google Ads,Root Canal,Clinic C,6426.34,88206,3976,35
2025-05-25,Meta Ads,Dental Crown,Clinic C,3789.43,50022,2903,26
2025-05-25,Meta Ads,Teeth Whitening,Clinic C,4377.88,54381,1823,39
2025-05-25,Meta Ads,General Dentistry,Clinic C,4381.78,44434,1407,43
2025-05-25,Meta Ads,Dental Implant,Clinic D,10202.25,176940,5684,39
2025-05-25,Google Ads,Invisalign,Clinic D,8364.24,113552,6199,26
2025-05-25,Google Ads,Root Canal,Clinic D,4792.84,53055,3186,32
2025-05-25,Google Ads,Dental Crown,Clinic D,5489.2,50864,3178,28
2025-05-25,Google Ads,Teeth Whitening,Clinic D,3489.27,40348,1973,29
2025-05-25,Meta Ads,General Dentistry,Clinic D,3309.73,34661,1004,32
2025-05-26,Google Ads,Dental Implant,Clinic A,8616.09,123168,7913,31
2025-05-26,Google Ads,Invisalign,Clinic A,9049.31,146511,4466,29
2025-05-26,Meta Ads,Root Canal,Clinic A,8031.95,121493,5812,44
2025-05-26,Google Ads,Dental Crown,Clinic A,4781.87,43642,2615,25
2025-05-26,Meta Ads,Teeth Whitening,Clinic A,4116.1,48546,2915,31
2025-05-26,Meta Ads,General Dentistry,Clinic A,4212.25,61396,2139,39
2025-05-26,Meta Ads,Dental Implant,Clinic B,10282.9,89976,4845,29
2025-05-26,Google Ads,Invisalign,Clinic B,6539.53,65027,4076,7
2025-05-26,Google Ads,Root Canal,Clinic B,5411.76,62772,1830,27
2025-05-26,Google Ads,Dental Crown,Clinic B,5214.77,42341,1915,23
2025-05-26,Google Ads,Teeth Whitening,Clinic B,2799.5,40668,2249,19
2025-05-26,Google Ads,General Dentistry,Clinic B,4608.39,55477,1603,47
2025-05-26,Meta Ads,Dental Implant,Clinic C,7388.41,122058,4913,25
2025-05-26,Google Ads,Invisalign,Clinic C,4243.03,61191,1952,14
2025-05-26,Google Ads,Root Canal,Clinic C,5070.22,48493,2527,26
2025-05-26,Google Ads,Dental Crown,Clinic C,5048.36,71084,2689,33
2025-05-26,Google Ads,Teeth Whitening,Clinic C,3810.68,56746,2536,31
2025-05-26,Meta Ads,General Dentistry,Clinic C,4288.41,62231,3826,48
2025-05-26,Google Ads,Dental Implant,Clinic D,8973.17,101552,2892,28
2025-05-26,Google Ads,Invisalign,Clinic D,7369.3,82468,2499,19
2025-05-26,Meta Ads,Root Canal,Clinic D,7689.75,128400,3225,43
2025-05-26,Google Ads,Dental Crown,Clinic D,4082.33,53332,3386,24
2025-05-26,Meta Ads,Teeth Whitening,Clinic D,4409.76,35523,2238,36
2025-05-26,Google Ads,General Dentistry,Clinic D,5157.86,60875,3087,45
2025-05-27,Meta Ads,Dental Implant,Clinic A,6541.95,116541,4837,21
2025-05-27,Google Ads,Invisalign,Clinic A,9174.96,148322,3717,31
2025-05-27,Google Ads,Root Canal,Clinic A,7097.38,81596,3760,36
2025-05-27,Google Ads,Dental Crown,Clinic A,4844.53,81501,4434,27
2025-05-27,Meta Ads,Teeth Whitening,Clinic A,3991.96,61944,3186,38
2025-05-27,Instagram,General Dentistry,Clinic A,5833.44,103215,4117,50
2025-05-27,Meta Ads,Dental Implant,Clinic B,7947.43,90253,2808,17
2025-05-27,Instagram,Invisalign,Clinic B,5509.76,79686,2345,14
2025-05-27,Meta Ads,Root Canal,Clinic B,4943.79,86991,4244,27
2025-05-27,Google Ads,Dental Crown,Clinic B,4539.65,69452,3481,28
2025-05-27,Google Ads,Teeth Whitening,Clinic B,3635.25,53376,1614,29
2025-05-27,Google Ads,General Dentistry,Clinic B,3432.91,37372,1764,35
2025-05-27,Google Ads,Dental Implant,Clinic C,9386.27,87486,3532,35
2025-05-27,Google Ads,Invisalign,Clinic C,6741.54,82137,2487,15
2025-05-27,Google Ads,Root Canal,Clinic C,7521.64,61207,1734,41
2025-05-27,Meta Ads,Dental Crown,Clinic C,4389.19,49908,2976,20
2025-05-27,Google Ads,Teeth Whitening,Clinic C,3411.69,54012,2836,36
2025-05-27,Meta Ads,General Dentistry,Clinic C,4222.76,43374,1302,39
2025-05-27,Meta Ads,Dental Implant,Clinic D,7718.14,121059,4415,27
2025-05-27,Google Ads,Invisalign,Clinic D,7498.09,129852,3869,19
2025-05-27,Meta Ads,Root Canal,Clinic D,3316.25,53975,1772,11
2025-05-27,Google Ads,Dental Crown,Clinic D,6259.76,57079,3406,38
2025-05-27,Meta Ads,Teeth Whitening,Clinic D,3338.9,39533,2539,22
2025-05-27,Meta Ads,General Dentistry,Clinic D,5245.53,85063,4597,49
2025-05-28,Google Ads,Dental Implant,Clinic A,7545.4,76727,3395,19
2025-05-28,Google Ads,Invisalign,Clinic A,8140.85,100618,2628,22
2025-05-28,Instagram,Root Canal,Clinic A,5799.59,97978,4098,31
2025-05-28,Google Ads,Dental Crown,Clinic A,3674.44,50430,3018,18
2025-05-28,Google Ads,Teeth Whitening,Clinic A,2965.68,30507,921,24
2025-05-28,Meta Ads,General Dentistry,Clinic A,4149.08,47518,1912,38
2025-05-28,Google Ads,Dental Implant,Clinic B,10573.07,133085,3475,35
2025-05-28,Google Ads,Invisalign,Clinic B,5730.33,62802,2069,13
2025-05-28,Instagram,Root Canal,Clinic B,9307.13,114068,5666,56
2025-05-28,Google Ads,Dental Crown,Clinic B,4486.42,37222,1767,25
2025-05-28,Meta Ads,Teeth Whitening,Clinic B,2874.73,23090,688,32
2025-05-28,Google Ads,General Dentistry,Clinic B,3483.76,46389,1485,39
2025-05-28,Google Ads,Dental Implant,Clinic C,8337.43,145824,4878,34
2025-05-28,Google Ads,Invisalign,Clinic C,7142.11,102850,6313,17
2025-05-28,Google Ads,Root Canal,Clinic C,5466.34,65975,3731,33
2025-05-28,Meta Ads,Dental Crown,Clinic C,5899.63,65628,2195,33
2025-05-28,Google Ads,Teeth Whitening,Clinic C,3502.28,40809,1235,30
2025-05-28,Meta Ads,General Dentistry,Clinic C,5000.14,75288,2010,46
2025-05-28,Google Ads,Dental Implant,Clinic D,11170.59,159118,4380,36
2025-05-28,Google Ads,Invisalign,Clinic D,6738.0,72503,4249,17
2025-05-28,Meta Ads,Root Canal,Clinic D,8480.29,149950,9309,42
2025-05-28,Google Ads,Dental Crown,Clinic D,3888.26,52641,1506,17
2025-05-28,Instagram,Teeth Whitening,Clinic D,3254.81,34314,1054,30
2025-05-28,Google Ads,General Dentistry,Clinic D,4741.39,66641,1864,50
2025-05-29,Instagram,Dental Implant,Clinic A,9859.69,123643,5706,31
2025-05-29,Meta Ads,Invisalign,Clinic A,9172.46,161283,5861,24
2025-05-29,Google Ads,Root Canal,Clinic A,9394.89,81124,4211,52
2025-05-29,Google Ads,Dental Crown,Clinic A,5612.54,81004,3762,28
2025-05-29,Instagram,Teeth Whitening,Clinic A,4151.11,67567,3505,38
2025-05-29,Meta Ads,General Dentistry,Clinic A,2853.01,28753,1831,30
2025-05-29,Meta Ads,Dental Implant,Clinic B,10687.44,91854,2660,34
2025-05-29,Instagram,Invisalign,Clinic B,9539.16,155764,4225,30
2025-05-29,Meta Ads,Root Canal,Clinic B,7780.61,92409,5147,38
2025-05-29,Instagram,Dental Crown,Clinic B,4643.75,62106,3261,17
2025-05-29,Meta Ads,Teeth Whitening,Clinic B,3214.38,36510,1279,30
2025-05-29,Google Ads,General Dentistry,Clinic B,4043.03,56552,3286,41
2025-05-29,Google Ads,Dental Implant,Clinic C,7112.52,108139,6634,23
2025-05-29,Meta Ads,Invisalign,Clinic C,7505.8,73046,3548,18
2025-05-29,Meta Ads,Root Canal,Clinic C,6503.23,93469,2735,36
2025-05-29,Google Ads,Dental Crown,Clinic C,5506.4,80003,3395,30
2025-05-29,Meta Ads,Teeth Whitening,Clinic C,2952.78,27249,1434,22
2025-05-29,Instagram,General Dentistry,Clinic C,4793.14,52644,2594,46
2025-05-29,Google Ads,Dental Implant,Clinic D,7999.16,76894,4793,24
2025-05-29,Google Ads,Invisalign,Clinic D,7296.93,107478,5775,19
2025-05-29,Instagram,Root Canal,Clinic D,5662.83,57995,1541,38
2025-05-29,Instagram,Dental Crown,Clinic D,5560.88,62395,2452,33
2025-05-29,Meta Ads,Teeth Whitening,Clinic D,4173.26,56534,2246,43
2025-05-29,Meta Ads,General Dentistry,Clinic D,5584.71,55312,2689,52
2025-05-30,Google Ads,Dental Implant,Clinic A,9119.02,129856,3678,35
2025-05-30,Meta Ads,Invisalign,Clinic A,8685.09,132114,5514,26
2025-05-30,Google Ads,Root Canal,Clinic A,7831.32,63104,3879,33
2025-05-30,Google Ads,Dental Crown,Clinic A,5149.01,75288,4169,34
2025-05-30,Google Ads,Teeth Whitening,Clinic A,4402.94,69166,2880,42
2025-05-30,Meta Ads,General Dentistry,Clinic A,3921.28,35798,1619,37
2025-05-30,Google Ads,Dental Implant,Clinic B,8095.73,98107,4625,21
2025-05-30,Google Ads,Invisalign,Clinic B,7659.46,108410,4038,24
2025-05-30,Meta Ads,Root Canal,Clinic B,4214.15,74329,4430,20
2025-05-30,Google Ads,Dental Crown,Clinic B,5931.04,49497,3140,36
2025-05-30,Google Ads,Teeth Whitening,Clinic B,3663.95,48075,2713,36
2025-05-30,Meta Ads,General Dentistry,Clinic B,5018.07,63788,2680,51
2025-05-30,Instagram,Dental Implant,Clinic C,10155.81,150669,7102,34
2025-05-30,Google Ads,Invisalign,Clinic C,8200.12,73885,4588,25
2025-05-30,Meta Ads,Root Canal,Clinic C,5971.29,105561,4482,29
2025-05-30,Google Ads,Dental Crown,Clinic C,6714.26,78222,3272,36
2025-05-30,Meta Ads,Teeth Whitening,Clinic C,4632.41,81633,5183,40
2025-05-30,Google Ads,General Dentistry,Clinic C,3876.36,62766,1769,35
2025-05-30,Google Ads,Dental Implant,Clinic D,9977.43,102847,2795,34
2025-05-30,Instagram,Invisalign,Clinic D,9008.29,147397,5158,17
2025-05-30,Meta Ads,Root Canal,Clinic D,8128.08,66794,2245,40
2025-05-30,Meta Ads,Dental Crown,Clinic D,4471.98,48892,1557,23
2025-05-30,Google Ads,Teeth Whitening,Clinic D,3055.97,40336,2387,31
2025-05-30,Instagram,General Dentistry,Clinic D,4707.31,44035,1136,45
2025-05-31,Google Ads,Dental Implant,Clinic A,5927.89,54458,2394,24
2025-05-31,Meta Ads,Invisalign,Clinic A,8916.24,112876,4286,29
2025-05-31,Google Ads,Root Canal,Clinic A,5885.3,59630,3242,33
2025-05-31,Google Ads,Dental Crown,Clinic A,4600.1,57114,1788,19
2025-05-31,Google Ads,Teeth Whitening,Clinic A,2129.25,23099,827,17
2025-05-31,Meta Ads,General Dentistry,Clinic A,4310.08,64385,2364,34
2025-05-31,Meta Ads,Dental Implant,Clinic B,11163.01,142955,6669,35
2025-05-31,Google Ads,Invisalign,Clinic B,7769.35,93270,2700,21
2025-05-31,Google Ads,Root Canal,Clinic B,8224.51,76277,4511,48
2025-05-31,Meta Ads,Dental Crown,Clinic B,4963.58,79494,4412,18
2025-05-31,Google Ads,Teeth Whitening,Clinic B,4209.45,48977,2575,33
2025-05-31,Google Ads,General Dentistry,Clinic B,5384.25,91780,3969,56
2025-05-31,Meta Ads,Dental Implant,Clinic C,7751.68,75432,4434,23
2025-05-31,Meta Ads,Invisalign,Clinic C,9398.25,85881,4188,25
2025-05-31,Meta Ads,Root Canal,Clinic C,5965.95,87774,3260,32
2025-05-31,Google Ads,Dental Crown,Clinic C,5252.76,69878,4474,30
2025-05-31,Google Ads,Teeth Whitening,Clinic C,4233.62,57288,2769,38
2025-05-31,Google Ads,General Dentistry,Clinic C,5289.41,46566,2545,49
2025-05-31,Meta Ads,Dental Implant,Clinic D,7482.01,99720,3792,26
2025-05-31,Meta Ads,Invisalign,Clinic D,6317.8,65838,3501,19
2025-05-31,Meta Ads,Root Canal,Clinic D,6234.31,79000,2368,24
2025-05-31,Meta Ads,Dental Crown,Clinic D,4740.42,41325,2048,19
2025-05-31,Meta Ads,Teeth Whitening,Clinic D,4724.96,69613,2287,48
2025-05-31,Google Ads,General Dentistry,Clinic D,4608.58,61968,2037,46
2025-06-01,Meta Ads,Dental Implant,Clinic A,9771.24,119577,3264,31
2025-06-01,Meta Ads,Invisalign,Clinic A,5323.68,66702,4032,17
2025-06-01,Google Ads,Root Canal,Clinic A,6713.38,95443,5707,34
2025-06-01,Google Ads,Dental Crown,Clinic A,4496.08,74035,2417,25
2025-06-01,Google Ads,Teeth Whitening,Clinic A,4560.87,46054,1581,41
2025-06-01,Google Ads,General Dentistry,Clinic A,4983.06,53311,1876,52
2025-06-01,Instagram,Dental Implant,Clinic B,6849.28,64409,1780,25
2025-06-01,Google Ads,Invisalign,Clinic B,6808.32,120168,4562,25
2025-06-01,Google Ads,Root Canal,Clinic B,6444.93,111977,6831,28
2025-06-01,Google Ads,Dental Crown,Clinic B,5731.35,55324,2042,35
2025-06-01,Google Ads,Teeth Whitening,Clinic B,3433.5,44086,1159,28
2025-06-01,Instagram,General Dentistry,Clinic B,5701.24,81808,4071,56
2025-06-01,Google Ads,Dental Implant,Clinic C,8448.33,147973,3932,30
2025-06-01,Google Ads,Invisalign,Clinic C,9033.3,137040,6943,31
2025-06-01,Meta Ads,Root Canal,Clinic C,5360.11,53198,2738,28
2025-06-01,Google Ads,Dental Crown,Clinic C,5276.15,58371,3522,30
2025-06-01,Instagram,Teeth Whitening,Clinic C,3187.27,46402,1997,32
2025-06-01,Meta Ads,General Dentistry,Clinic C,2983.95,38121,1133,31
2025-06-01,Meta Ads,Dental Implant,Clinic D,5841.32,85491,3885,20
2025-06-01,Google Ads,Invisalign,Clinic D,8883.22,77220,4784,25
2025-06-01,Google Ads,Root Canal,Clinic D,5881.82,70859,2619,35
2025-06-01,Google Ads,Dental Crown,Clinic D,8012.3,125117,3604,45
2025-06-01,Meta Ads,Teeth Whitening,Clinic D,2805.47,26821,1182,25
2025-06-01,Meta Ads,General Dentistry,Clinic D,3049.35,24806,627,26
2025-06-02,Google Ads,Dental Implant,Clinic A,10832.5,105878,4295,35
2025-06-02,Google Ads,Invisalign,Clinic A,4316.55,77616,2580,15
2025-06-02,Google Ads,Root Canal,Clinic A,7682.79,105580,6659,44
2025-06-02,Google Ads,Dental Crown,Clinic A,6182.48,63831,3820,35
2025-06-02,Meta Ads,Teeth Whitening,Clinic A,4466.33,77180,4980,35
2025-06-02,Google Ads,General Dentistry,Clinic A,2240.78,23171,1133,15
2025-06-02,Google Ads,Dental Implant,Clinic B,5804.69,57643,2618,15
2025-06-02,Meta Ads,Invisalign,Clinic B,7765.76,80755,2696,27
2025-06-02,Meta Ads,Root Canal,Clinic B,4654.37,61576,2909,20
2025-06-02,Google Ads,Dental Crown,Clinic B,6327.78,75135,3213,31
2025-06-02,Meta Ads,Teeth Whitening,Clinic B,3695.99,42075,2209,32
2025-06-02,Google Ads,General Dentistry,Clinic B,3433.1,53146,1551,37
2025-06-02,Google Ads,Dental Implant,Clinic C,12177.04,114241,4316,44
2025-06-02,Google Ads,Invisalign,Clinic C,7795.04,101844,3216,14
2025-06-02,Meta Ads,Root Canal,Clinic C,9137.37,78451,2212,59
2025-06-02,Instagram,Dental Crown,Clinic C,4342.43,69181,1865,24
2025-06-02,Meta Ads,Teeth Whitening,Clinic C,2999.51,41824,2620,28
2025-06-02,Google Ads,General Dentistry,Clinic C,3581.4,38450,1798,39
2025-06-02,Instagram,Dental Implant,Clinic D,9326.47,162239,5780,32
2025-06-02,Meta Ads,Invisalign,Clinic D,9613.1,159133,5758,21
2025-06-02,Google Ads,Root Canal,Clinic D,6139.65,52871,1411,27
2025-06-02,Google Ads,Dental Crown,Clinic D,6200.7,82643,3506,38
2025-06-02,Google Ads,Teeth Whitening,Clinic D,4037.85,50455,1794,31
2025-06-02,Google Ads,General Dentistry,Clinic D,4245.52,63736,1759,45
2025-06-03,Instagram,Dental Implant,Clinic A,8767.19,129843,5711,35
2025-06-03,Google Ads,Invisalign,Clinic A,9819.06,95139,5537,26
2025-06-03,Google Ads,Root Canal,Clinic A,7094.23,119618,4654,37
2025-06-03,Instagram,Dental Crown,Clinic A,6394.88,65287,1841,36
2025-06-03,Meta Ads,Teeth Whitening,Clinic A,3202.87,51531,2647,27
2025-06-03,Meta Ads,General Dentistry,Clinic A,4534.81,78943,4353,52
2025-06-03,Google Ads,Dental Implant,Clinic B,9639.23,90444,3835,39
2025-06-03,Meta Ads,Invisalign,Clinic B,4397.03,62929,3231,7
2025-06-03,Meta Ads,Root Canal,Clinic B,7250.23,99630,2781,40
2025-06-03,Google Ads,Dental Crown,Clinic B,6679.07,102983,5024,36
2025-06-03,Instagram,Teeth Whitening,Clinic B,4234.58,36614,1117,33
2025-06-03,Instagram,General Dentistry,Clinic B,5799.23,96805,6037,59
2025-06-03,Google Ads,Dental Implant,Clinic C,10501.88,147040,4531,40
2025-06-03,Meta Ads,Invisalign,Clinic C,6472.76,97562,3279,15
2025-06-03,Meta Ads,Root Canal,Clinic C,7611.34,133531,7742,37
2025-06-03,Google Ads,Dental Crown,Clinic C,5452.04,92886,3813,26
2025-06-03,Google Ads,Teeth Whitening,Clinic C,3316.19,43086,1577,26
2025-06-03,Meta Ads,General Dentistry,Clinic C,4335.13,63019,4019,48
2025-06-03,Google Ads,Dental Implant,Clinic D,9713.94,85670,2923,31
2025-06-03,Instagram,Invisalign,Clinic D,7595.97,119747,3407,23
2025-06-03,Google Ads,Root Canal,Clinic D,3652.52,50755,2667,17
2025-06-03,Meta Ads,Dental Crown,Clinic D,4621.92,70808,2645,24
2025-06-03,Google Ads,Teeth Whitening,Clinic D,3147.24,31614,1759,35
2025-06-03,Meta Ads,General Dentistry,Clinic D,4482.25,37501,1713,46
2025-06-04,Google Ads,Dental Implant,Clinic A,8763.91,119045,4663,29
2025-06-04,Meta Ads,Invisalign,Clinic A,7346.94,100924,2665,13
2025-06-04,Meta Ads,Root Canal,Clinic A,6961.93,64385,2474,28
2025-06-04,Meta Ads,Dental Crown,Clinic A,3945.47,47925,2194,22
2025-06-04,Google Ads,Teeth Whitening,Clinic A,2617.16,45020,1609,25
2025-06-04,Meta Ads,General Dentistry,Clinic A,5907.1,100524,5922,62
2025-06-04,Google Ads,Dental Implant,Clinic B,9403.78,163000,8164,23
2025-06-04,Meta Ads,Invisalign,Clinic B,4537.27,48783,2208,11
2025-06-04,Google Ads,Root Canal,Clinic B,5743.61,94963,3802,25
2025-06-04,Google Ads,Dental Crown,Clinic B,4604.99,51591,2533,26
2025-06-04,Google Ads,Teeth Whitening,Clinic B,2692.9,36157,1926,27
2025-06-04,Meta Ads,General Dentistry,Clinic B,4995.21,46810,3022,52
2025-06-04,Meta Ads,Dental Implant,Clinic C,9506.03,120726,5084,29
2025-06-04,Meta Ads,Invisalign,Clinic C,11260.36,137961,6792,36
2025-06-04,Meta Ads,Root Canal,Clinic C,5903.21,62314,3481,22
2025-06-04,Meta Ads,Dental Crown,Clinic C,5536.64,45406,1482,34
2025-06-04,Google Ads,Teeth Whitening,Clinic C,3617.93,61436,3349,26
2025-06-04,Google Ads,General Dentistry,Clinic C,4041.65,32585,1368,39
2025-06-04,Meta Ads,Dental Implant,Clinic D,8664.2,84931,3011,33
2025-06-04,Google Ads,Invisalign,Clinic D,8856.53,145301,3740,33
2025-06-04,Instagram,Root Canal,Clinic D,6654.32,101239,4455,32
2025-06-04,Google Ads,Dental Crown,Clinic D,6221.88,59004,3362,40
2025-06-04,Meta Ads,Teeth Whitening,Clinic D,3451.62,41191,1791,27
2025-06-04,Google Ads,General Dentistry,Clinic D,3057.09,38813,1124,31
2025-06-05,Google Ads,Dental Implant,Clinic A,8053.22,106301,4232,29
2025-06-05,Google Ads,Invisalign,Clinic A,7935.68,104497,4531,27
2025-06-05,Google Ads,Root Canal,Clinic A,6169.05,66716,3433,32
2025-06-05,Google Ads,Dental Crown,Clinic A,4937.36,51900,2752,26
2025-06-05,Meta Ads,Teeth Whitening,Clinic A,3456.04,60246,2260,29
2025-06-05,Google Ads,General Dentistry,Clinic A,2278.34,23227,791,27
2025-06-05,Meta Ads,Dental Implant,Clinic B,9660.12,84344,3926,25
2025-06-05,Google Ads,Invisalign,Clinic B,6721.04,65763,3801,11
2025-06-05,Instagram,Root Canal,Clinic B,6982.79,94154,3610,38
2025-06-05,Google Ads,Dental Crown,Clinic B,4663.12,46380,2241,21
2025-06-05,Meta Ads,Teeth Whitening,Clinic B,4112.69,41827,1687,33
2025-06-05,Meta Ads,General Dentistry,Clinic B,3679.56,39351,1111,35
2025-06-05,Meta Ads,Dental Implant,Clinic C,9150.23,160133,9511,28
2025-06-05,Google Ads,Invisalign,Clinic C,9425.05,103523,3040,31
2025-06-05,Meta Ads,Root Canal,Clinic C,8627.02,108511,3677,47
2025-06-05,Google Ads,Dental Crown,Clinic C,3589.49,43026,1203,20
2025-06-05,Instagram,Teeth Whitening,Clinic C,2851.28,26519,1175,27
2025-06-05,Google Ads,General Dentistry,Clinic C,4996.37,81109,5044,49
2025-06-05,Google Ads,Dental Implant,Clinic D,10430.22,158567,6453,26
2025-06-05,Google Ads,Invisalign,Clinic D,9432.49,111475,2859,24
2025-06-05,Meta Ads,Root Canal,Clinic D,6970.59,57818,2340,32
2025-06-05,Google Ads,Dental Crown,Clinic D,4178.02,73201,3263,20
2025-06-05,Meta Ads,Teeth Whitening,Clinic D,3105.4,30665,1628,32
2025-06-05,Meta Ads,General Dentistry,Clinic D,6938.1,57284,1443,66
2025-06-06,Google Ads,Dental Implant,Clinic A,10915.2,122868,4838,32
2025-06-06,Meta Ads,Invisalign,Clinic A,5518.72,74949,3725,19
2025-06-06,Google Ads,Root Canal,Clinic A,6969.85,100885,3777,35
2025-06-06,Meta Ads,Dental Crown,Clinic A,5195.99,61949,3858,30
2025-06-06,Google Ads,Teeth Whitening,Clinic A,3606.2,52823,2316,39
2025-06-06,Google Ads,General Dentistry,Clinic A,4289.32,73726,2044,36
2025-06-06,Google Ads,Dental Implant,Clinic B,9627.69,112288,3477,28
2025-06-06,Google Ads,Invisalign,Clinic B,7385.55,123542,5085,29
2025-06-06,Meta Ads,Root Canal,Clinic B,6900.55,83695,5382,38
2025-06-06,Google Ads,Dental Crown,Clinic B,4234.2,59529,3130,25
2025-06-06,Google Ads,Teeth Whitening,Clinic B,4097.34,57450,2971,31
2025-06-06,Google Ads,General Dentistry,Clinic B,5138.95,90125,2709,51
2025-06-06,Instagram,Dental Implant,Clinic C,11476.78,109103,5947,40
2025-06-06,Google Ads,Invisalign,Clinic C,10078.44,147622,4036,33
2025-06-06,Google Ads,Root Canal,Clinic C,7425.88,90262,2841,41
2025-06-06,Meta Ads,Dental Crown,Clinic C,5570.49,82518,4778,31
2025-06-06,Google Ads,Teeth Whitening,Clinic C,3738.19,50427,1798,38
2025-06-06,Google Ads,General Dentistry,Clinic C,5286.29,54733,1978,53
2025-06-06,Instagram,Dental Implant,Clinic D,8976.73,119279,6205,28
2025-06-06,Google Ads,Invisalign,Clinic D,6639.42,70843,1813,19
2025-06-06,Google Ads,Root Canal,Clinic D,5777.65,84608,2795,29
2025-06-06,Meta Ads,Dental Crown,Clinic D,5444.54,85090,4318,33
2025-06-06,Google Ads,Teeth Whitening,Clinic D,4047.53,42420,1645,29
2025-06-06,Google Ads,General Dentistry,Clinic D,5082.3,66235,2635,54
2025-06-07,Meta Ads,Dental Implant,Clinic A,9741.77,149364,5404,39
2025-06-07,Google Ads,Invisalign,Clinic A,5369.55,83714,2501,8
2025-06-07,Instagram,Root Canal,Clinic A,6325.06,95065,5104,31
2025-06-07,Meta Ads,Dental Crown,Clinic A,6171.73,73210,2542,36
2025-06-07,Meta Ads,Teeth Whitening,Clinic A,3805.33,57733,1764,36
2025-06-07,Google Ads,General Dentistry,Clinic A,7821.28,100780,5849,79
2025-06-07,Google Ads,Dental Implant,Clinic B,7337.05,97336,4473,22
2025-06-07,Meta Ads,Invisalign,Clinic B,8273.73,124584,5076,16
2025-06-07,Instagram,Root Canal,Clinic B,7102.91,71266,3569,43
2025-06-07,Meta Ads,Dental Crown,Clinic B,3363.32,36530,1972,16
2025-06-07,Google Ads,Teeth Whitening,Clinic B,3174.15,54591,2644,29
2025-06-07,Instagram,General Dentistry,Clinic B,4793.11,57536,2495,45
2025-06-07,Google Ads,Dental Implant,Clinic C,8311.93,112171,4644,24
2025-06-07,Meta Ads,Invisalign,Clinic C,7366.02,63074,4076,23
2025-06-07,Instagram,Root Canal,Clinic C,5650.23,98937,3393,27
2025-06-07,Google Ads,Dental Crown,Clinic C,4703.94,77192,3689,23
2025-06-07,Google Ads,Teeth Whitening,Clinic C,3526.81,42910,2418,34
2025-06-07,Meta Ads,General Dentistry,Clinic C,4752.97,69784,2687,49
2025-06-07,Instagram,Dental Implant,Clinic D,7773.19,73651,3478,33
2025-06-07,Meta Ads,Invisalign,Clinic D,7141.75,114154,5840,19
2025-06-07,Meta Ads,Root Canal,Clinic D,5866.78,73456,2545,29
2025-06-07,Meta Ads,Dental Crown,Clinic D,4013.11,39980,2417,22
2025-06-07,Meta Ads,Teeth Whitening,Clinic D,4478.26,72049,2130,37
2025-06-07,Meta Ads,General Dentistry,Clinic D,3735.0,45938,1552,35
2025-06-08,Google Ads,Dental Implant,Clinic A,9019.66,118480,3132,28
2025-06-08,Meta Ads,Invisalign,Clinic A,7980.86,95388,5753,20
2025-06-08,Meta Ads,Root Canal,Clinic A,7212.67,103440,3894,43
2025-06-08,Google Ads,Dental Crown,Clinic A,5308.87,69094,3761,36
2025-06-08,Instagram,Teeth Whitening,Clinic A,3591.56,43046,2622,32
2025-06-08,Meta Ads,General Dentistry,Clinic A,4631.0,46420,1311,37
2025-06-08,Google Ads,Dental Implant,Clinic B,6865.08,117728,7298,22
2025-06-08,Meta Ads,Invisalign,Clinic B,6069.19,63177,4019,19
2025-06-08,Google Ads,Root Canal,Clinic B,8285.57,134515,5576,41
2025-06-08,Google Ads,Dental Crown,Clinic B,3884.86,60538,1663,15
2025-06-08,Meta Ads,Teeth Whitening,Clinic B,3163.61,29129,1002,26
2025-06-08,Meta Ads,General Dentistry,Clinic B,3107.59,30639,1709,32
2025-06-08,Meta Ads,Dental Implant,Clinic C,8521.34,106087,4154,24
2025-06-08,Google Ads,Invisalign,Clinic C,9707.84,170182,4430,24
2025-06-08,Meta Ads,Root Canal,Clinic C,8168.46,100927,6073,43
2025-06-08,Meta Ads,Dental Crown,Clinic C,5539.55,61953,3448,26
2025-06-08,Google Ads,Teeth Whitening,Clinic C,3737.05,52939,2537,30
2025-06-08,Google Ads,General Dentistry,Clinic C,2553.84,41358,1117,28
2025-06-08,Meta Ads,Dental Implant,Clinic D,8331.04,119922,4339,25
2025-06-08,Meta Ads,Invisalign,Clinic D,5089.04,84713,4248,15
2025-06-08,Google Ads,Root Canal,Clinic D,4512.7,40996,1521,22
2025-06-08,Google Ads,Dental Crown,Clinic D,4652.5,40152,1174,17
2025-06-08,Meta Ads,Teeth Whitening,Clinic D,3165.98,45493,2915,24
2025-06-08,Google Ads,General Dentistry,Clinic D,4455.31,39820,1264,51
2025-06-09,Meta Ads,Dental Implant,Clinic A,7983.32,142805,7295,21
2025-06-09,Google Ads,Invisalign,Clinic A,7104.61,60352,3909,17
2025-06-09,Instagram,Root Canal,Clinic A,5515.66,90177,4086,32
2025-06-09,Meta Ads,Dental Crown,Clinic A,5117.01,57682,3584,33
2025-06-09,Google Ads,Teeth Whitening,Clinic A,4220.83,35929,1235,40
2025-06-09,Google Ads,General Dentistry,Clinic A,4748.15,48286,2964,50
2025-06-09,Google Ads,Dental Implant,Clinic B,8048.91,72247,3982,34
2025-06-09,Google Ads,Invisalign,Clinic B,6259.96,100426,3153,15
2025-06-09,Google Ads,Root Canal,Clinic B,5222.28,47669,2186,26
2025-06-09,Instagram,Dental Crown,Clinic B,4538.06,62970,3573,27
2025-06-09,Google Ads,Teeth Whitening,Clinic B,3491.39,35219,947,25
2025-06-09,Meta Ads,General Dentistry,Clinic B,5850.85,96972,2973,56
2025-06-09,Google Ads,Dental Implant,Clinic C,8827.23,154715,5962,31
2025-06-09,Google Ads,Invisalign,Clinic C,7195.77,87282,3510,21
2025-06-09,Google Ads,Root Canal,Clinic C,5470.83,46939,1211,22
2025-06-09,Meta Ads,Dental Crown,Clinic C,4499.37,39597,1149,20
2025-06-09,Google Ads,Teeth Whitening,Clinic C,3531.16,57078,1736,35
2025-06-09,Google Ads,General Dentistry,Clinic C,4430.73,40419,1121,41
2025-06-09,Meta Ads,Dental Implant,Clinic D,8314.44,80689,2595,28
2025-06-09,Meta Ads,Invisalign,Clinic D,11330.9,142815,6364,28
2025-06-09,Google Ads,Root Canal,Clinic D,5935.66,49840,2956,34
2025-06-09,Meta Ads,Dental Crown,Clinic D,5212.73,65295,1972,26
2025-06-09,Meta Ads,Teeth Whitening,Clinic D,3943.35,33237,2077,34
2025-06-09,Google Ads,General Dentistry,Clinic D,4568.76,64444,2120,43
2025-06-10,Meta Ads,Dental Implant,Clinic A,7971.31,99089,5581,30
2025-06-10,Meta Ads,Invisalign,Clinic A,7053.38,110407,5553,23
2025-06-10,Meta Ads,Root Canal,Clinic A,6612.24,110340,6079,36
2025-06-10,Google Ads,Dental Crown,Clinic A,5622.18,69619,4401,25
2025-06-10,Meta Ads,Teeth Whitening,Clinic A,3555.49,36055,1464,36
2025-06-10,Instagram,General Dentistry,Clinic A,5005.99,41675,2637,48
2025-06-10,Google Ads,Dental Implant,Clinic B,8438.48,135704,8812,25
2025-06-10,Google Ads,Invisalign,Clinic B,8917.23,151567,6113,26
2025-06-10,Meta Ads,Root Canal,Clinic B,7081.99,99006,5575,32
2025-06-10,Google Ads,Dental Crown,Clinic B,6217.6,54977,2101,40
2025-06-10,Google Ads,Teeth Whitening,Clinic B,3975.67,64265,4012,33
2025-06-10,Google Ads,General Dentistry,Clinic B,3620.96,52781,3160,38
2025-06-10,Google Ads,Dental Implant,Clinic C,9962.1,97189,3353,41
2025-06-10,Meta Ads,Invisalign,Clinic C,8591.95,71093,2136,27
2025-06-10,Instagram,Root Canal,Clinic C,5131.5,88258,2638,28
2025-06-10,Google Ads,Dental Crown,Clinic C,6052.88,64996,2408,35
2025-06-10,Google Ads,Teeth Whitening,Clinic C,3011.74,26748,999,30
2025-06-10,Instagram,General Dentistry,Clinic C,5938.77,92781,4392,51
2025-06-10,Meta Ads,Dental Implant,Clinic D,8517.86,77638,2234,31
2025-06-10,Meta Ads,Invisalign,Clinic D,9184.13,158885,7955,33
2025-06-10,Google Ads,Root Canal,Clinic D,4766.05,67739,2202,24
2025-06-10,Meta Ads,Dental Crown,Clinic D,5759.0,87030,4218,27
2025-06-10,Google Ads,Teeth Whitening,Clinic D,3704.88,59990,3779,32
2025-06-10,Google Ads,General Dentistry,Clinic D,3186.42,42205,2456,30
2025-06-11,Google Ads,Dental Implant,Clinic A,9673.78,144468,8403,29
2025-06-11,Meta Ads,Invisalign,Clinic A,6342.9,96064,5776,17
2025-06-11,Google Ads,Root Canal,Clinic A,4098.02,54071,1419,22
2025-06-11,Google Ads,Dental Crown,Clinic A,3923.89,47380,1518,21
2025-06-11,Google Ads,Teeth Whitening,Clinic A,3540.25,42108,1930,33
2025-06-11,Google Ads,General Dentistry,Clinic A,2988.96,39866,2528,29
2025-06-11,Google Ads,Dental Implant,Clinic B,11509.77,110579,5914,36
2025-06-11,Google Ads,Invisalign,Clinic B,8706.38,108878,4808,34
2025-06-11,Google Ads,Root Canal,Clinic B,8323.31,141217,7070,42
2025-06-11,Meta Ads,Dental Crown,Clinic B,3646.46,55570,2949,20
2025-06-11,Google Ads,Teeth Whitening,Clinic B,3961.01,70678,3058,35
2025-06-11,Meta Ads,General Dentistry,Clinic B,5223.39,76291,4032,57
2025-06-11,Google Ads,Dental Implant,Clinic C,8719.09,148406,4068,31
2025-06-11,Meta Ads,Invisalign,Clinic C,9496.73,81195,2289,22
2025-06-11,Google Ads,Root Canal,Clinic C,3436.08,38455,1647,16
2025-06-11,Google Ads,Dental Crown,Clinic C,5159.62,57283,2473,32
2025-06-11,Meta Ads,Teeth Whitening,Clinic C,2548.89,28998,1027,15
2025-06-11,Google Ads,General Dentistry,Clinic C,3882.06,39860,2048,44
2025-06-11,Meta Ads,Dental Implant,Clinic D,9075.64,154369,4405,29
2025-06-11,Instagram,Invisalign,Clinic D,10532.59,90873,2644,30
2025-06-11,Instagram,Root Canal,Clinic D,6148.24,108618,3261,28
2025-06-11,Meta Ads,Dental Crown,Clinic D,5393.53,50553,1271,26
2025-06-11,Meta Ads,Teeth Whitening,Clinic D,4022.7,55420,1486,37
2025-06-11,Google Ads,General Dentistry,Clinic D,4742.01,75885,3032,48
2025-06-12,Meta Ads,Dental Implant,Clinic A,9335.06,97979,6111,29
2025-06-12,Google Ads,Invisalign,Clinic A,6178.94,88575,2557,13
2025-06-12,Google Ads,Root Canal,Clinic A,6849.5,105737,3700,36
2025-06-12,Google Ads,Dental Crown,Clinic A,5568.91,57768,2764,26
2025-06-12,Meta Ads,Teeth Whitening,Clinic A,5099.73,90170,3405,48
2025-06-12,Meta Ads,General Dentistry,Clinic A,3931.63,70366,3700,40
2025-06-12,Google Ads,Dental Implant,Clinic B,7910.82,86489,3367,28
2025-06-12,Google Ads,Invisalign,Clinic B,9227.69,122586,5844,29
2025-06-12,Google Ads,Root Canal,Clinic B,6474.4,52405,3122,33
2025-06-12,Meta Ads,Dental Crown,Clinic B,4039.61,58129,2596,24
2025-06-12,Meta Ads,Teeth Whitening,Clinic B,3613.04,46743,1298,39
2025-06-12,Google Ads,General Dentistry,Clinic B,5254.88,56540,1939,46
2025-06-12,Meta Ads,Dental Implant,Clinic C,8179.15,72444,3252,31
2025-06-12,Google Ads,Invisalign,Clinic C,8196.45,142845,6332,27
2025-06-12,Meta Ads,Root Canal,Clinic C,4150.08,34340,1948,20
2025-06-12,Instagram,Dental Crown,Clinic C,4178.9,67570,3345,26
2025-06-12,Meta Ads,Teeth Whitening,Clinic C,3582.49,48762,2509,29
2025-06-12,Meta Ads,General Dentistry,Clinic C,3597.35,62013,3476,34
2025-06-12,Meta Ads,Dental Implant,Clinic D,7634.2,90020,4949,24
2025-06-12,Google Ads,Invisalign,Clinic D,9899.71,140132,7248,28
2025-06-12,Google Ads,Root Canal,Clinic D,5867.0,53379,1930,24
2025-06-12,Meta Ads,Dental Crown,Clinic D,4149.57,65273,4064,29
2025-06-12,Google Ads,Teeth Whitening,Clinic D,3467.88,61181,2864,29
2025-06-12,Google Ads,General Dentistry,Clinic D,3500.78,54309,2835,35
2025-06-13,Meta Ads,Dental Implant,Clinic A,10499.46,177754,11237,32
2025-06-13,Meta Ads,Invisalign,Clinic A,6308.67,86153,4136,11
2025-06-13,Meta Ads,Root Canal,Clinic A,6654.38,76429,4460,31
2025-06-13,Google Ads,Dental Crown,Clinic A,3614.66,39607,1870,19
2025-06-13,Google Ads,Teeth Whitening,Clinic A,3421.39,33028,1990,25
2025-06-13,Instagram,General Dentistry,Clinic A,4328.34,42762,2641,45
2025-06-13,Instagram,Dental Implant,Clinic B,8034.0,117974,3138,29
2025-06-13,Meta Ads,Invisalign,Clinic B,6615.12,106388,4592,8
2025-06-13,Google Ads,Root Canal,Clinic B,2861.3,35767,1169,16
2025-06-13,Google Ads,Dental Crown,Clinic B,5503.2,44375,2592,35
2025-06-13,Google Ads,Teeth Whitening,Clinic B,3223.78,57105,3484,30
2025-06-13,Google Ads,General Dentistry,Clinic B,4996.91,55311,3009,52
2025-06-13,Meta Ads,Dental Implant,Clinic C,7978.91,99679,2764,28
2025-06-13,Meta Ads,Invisalign,Clinic C,9295.4,76044,3513,26
2025-06-13,Meta Ads,Root Canal,Clinic C,4649.51,65550,4226,23
2025-06-13,Google Ads,Dental Crown,Clinic C,4960.79,69332,3464,21
2025-06-13,Google Ads,Teeth Whitening,Clinic C,3410.06,46965,1764,28
2025-06-13,Google Ads,General Dentistry,Clinic C,3672.59,43314,1283,32
2025-06-13,Meta Ads,Dental Implant,Clinic D,10062.77,173282,8580,35
2025-06-13,Meta Ads,Invisalign,Clinic D,8482.6,123044,7431,29
2025-06-13,Google Ads,Root Canal,Clinic D,6705.6,81113,3384,31
2025-06-13,Google Ads,Dental Crown,Clinic D,2885.12,38986,1053,23
2025-06-13,Meta Ads,Teeth Whitening,Clinic D,3511.56,37415,1403,30
2025-06-13,Meta Ads,General Dentistry,Clinic D,4486.43,65928,2303,46
2025-06-14,Meta Ads,Dental Implant,Clinic A,5570.5,73162,4500,15
2025-06-14,Meta Ads,Invisalign,Clinic A,8636.55,103022,4203,22
2025-06-14,Meta Ads,Root Canal,Clinic A,5591.25,58527,3557,29
2025-06-14,Meta Ads,Dental Crown,Clinic A,4623.16,68836,3883,28
2025-06-14,Google Ads,Teeth Whitening,Clinic A,3533.34,48649,1293,31
2025-06-14,Google Ads,General Dentistry,Clinic A,3350.16,30035,1713,34
2025-06-14,Instagram,Dental Implant,Clinic B,7238.35,88401,3197,23
2025-06-14,Meta Ads,Invisalign,Clinic B,7849.53,114692,5854,19
2025-06-14,Google Ads,Root Canal,Clinic B,1278.33,11904,474,4
2025-06-14,Google Ads,Dental Crown,Clinic B,6489.5,115808,5541,34
2025-06-14,Google Ads,Teeth Whitening,Clinic B,3913.8,33336,1183,31
2025-06-14,Meta Ads,General Dentistry,Clinic B,4509.29,80061,3297,33
2025-06-14,Meta Ads,Dental Implant,Clinic C,5706.69,101376,3725,19
2025-06-14,Google Ads,Invisalign,Clinic C,7686.44,106756,5427,24
2025-06-14,Google Ads,Root Canal,Clinic C,5151.83,86784,4198,26
2025-06-14,Instagram,Dental Crown,Clinic C,5667.41,57691,2109,26
2025-06-14,Google Ads,Teeth Whitening,Clinic C,4801.07,48026,1289,50
2025-06-14,Meta Ads,General Dentistry,Clinic C,2915.54,24862,725,30
2025-06-14,Google Ads,Dental Implant,Clinic D,5202.53,71093,4092,16
2025-06-14,Meta Ads,Invisalign,Clinic D,8443.37,76415,2368,28
2025-06-14,Google Ads,Root Canal,Clinic D,7575.89,108019,4699,34
2025-06-14,Meta Ads,Dental Crown,Clinic D,4983.97,57179,2518,31
2025-06-14,Google Ads,Teeth Whitening,Clinic D,3380.08,58252,3466,27
2025-06-14,Meta Ads,General Dentistry,Clinic D,5071.08,86991,4469,52
2025-06-15,Google Ads,Dental Implant,Clinic A,7137.6,62787,2269,30
2025-06-15,Google Ads,Invisalign,Clinic A,7017.23,102187,2731,24
2025-06-15,Instagram,Root Canal,Clinic A,6533.33,95226,5292,36
2025-06-15,Instagram,Dental Crown,Clinic A,6437.13,63879,1990,36
2025-06-15,Meta Ads,Teeth Whitening,Clinic A,3577.5,47741,2284,35
2025-06-15,Meta Ads,General Dentistry,Clinic A,4961.43,44975,2491,51
2025-06-15,Meta Ads,Dental Implant,Clinic B,8861.96,79569,3252,25
2025-06-15,Meta Ads,Invisalign,Clinic B,7368.67,105982,6154,19
2025-06-15,Google Ads,Root Canal,Clinic B,6801.37,100527,2999,37
2025-06-15,Instagram,Dental Crown,Clinic B,7245.86,95111,4398,32
2025-06-15,Meta Ads,Teeth Whitening,Clinic B,3476.19,49150,1460,27
2025-06-15,Meta Ads,General Dentistry,Clinic B,3257.37,34442,979,32
2025-06-15,Meta Ads,Dental Implant,Clinic C,9630.59,162725,5637,30
2025-06-15,Google Ads,Invisalign,Clinic C,8163.38,144019,5004,19
2025-06-15,Google Ads,Root Canal,Clinic C,7719.62,128936,5004,41
2025-06-15,Meta Ads,Dental Crown,Clinic C,6390.94,94385,2841,37
2025-06-15,Google Ads,Teeth Whitening,Clinic C,3986.26,36756,1598,39
2025-06-15,Meta Ads,General Dentistry,Clinic C,4807.02,48379,1837,53
2025-06-15,Meta Ads,Dental Implant,Clinic D,9857.26,117831,5663,38
2025-06-15,Google Ads,Invisalign,Clinic D,9012.77,76255,3124,27
2025-06-15,Meta Ads,Root Canal,Clinic D,5997.34,53199,2898,41
2025-06-15,Meta Ads,Dental Crown,Clinic D,4419.27,63758,1725,25
2025-06-15,Meta Ads,Teeth Whitening,Clinic D,3557.48,58642,2406,36
2025-06-15,Google Ads,General Dentistry,Clinic D,6769.17,106036,5204,64
2025-06-16,Meta Ads,Dental Implant,Clinic A,9060.25,137505,6086,33
2025-06-16,Instagram,Invisalign,Clinic A,6960.14,107581,4379,19
2025-06-16,Meta Ads,Root Canal,Clinic A,5341.82,58136,2282,31
2025-06-16,Meta Ads,Dental Crown,Clinic A,3573.25,59915,3739,23
2025-06-16,Google Ads,Teeth Whitening,Clinic A,3942.45,50265,1930,36
2025-06-16,Instagram,General Dentistry,Clinic A,3845.97,64632,3253,35
2025-06-16,Google Ads,Dental Implant,Clinic B,10411.28,92588,3265,36
2025-06-16,Meta Ads,Invisalign,Clinic B,10281.89,88001,3683,36
2025-06-16,Google Ads,Root Canal,Clinic B,5842.74,70290,3558,34
2025-06-16,Meta Ads,Dental Crown,Clinic B,4501.44,47830,1372,26
2025-06-16,Meta Ads,Teeth Whitening,Clinic B,3018.41,33545,915,25
2025-06-16,Meta Ads,General Dentistry,Clinic B,3746.86,65208,2124,32
2025-06-16,Google Ads,Dental Implant,Clinic C,9710.78,165197,8047,32
2025-06-16,Meta Ads,Invisalign,Clinic C,3981.29,47794,2063,9
2025-06-16,Meta Ads,Root Canal,Clinic C,6846.62,114266,5775,41
2025-06-16,Meta Ads,Dental Crown,Clinic C,5943.32,48679,2905,35
2025-06-16,Instagram,Teeth Whitening,Clinic C,3810.6,60494,1950,37
2025-06-16,Google Ads,General Dentistry,Clinic C,4110.3,44012,2633,34
2025-06-16,Instagram,Dental Implant,Clinic D,8782.3,83059,4973,35
2025-06-16,Meta Ads,Invisalign,Clinic D,7731.1,112714,6714,24
2025-06-16,Google Ads,Root Canal,Clinic D,9389.08,77861,4526,41
2025-06-16,Instagram,Dental Crown,Clinic D,6634.41,89008,3463,31
2025-06-16,Google Ads,Teeth Whitening,Clinic D,2474.3,35935,1670,23
2025-06-16,Meta Ads,General Dentistry,Clinic D,5244.6,49688,2843,53
2025-06-17,Instagram,Dental Implant,Clinic A,7873.61,129933,7363,27
2025-06-17,Meta Ads,Invisalign,Clinic A,9918.62,94624,4548,28
2025-06-17,Meta Ads,Root Canal,Clinic A,5530.41,88859,4404,31
2025-06-17,Meta Ads,Dental Crown,Clinic A,4927.97,76112,4864,30
2025-06-17,Google Ads,Teeth Whitening,Clinic A,3452.4,28210,1661,31
2025-06-17,Instagram,General Dentistry,Clinic A,5367.04,67604,2818,57
2025-06-17,Google Ads,Dental Implant,Clinic B,9984.42,161326,6057,32
2025-06-17,Meta Ads,Invisalign,Clinic B,9376.47,83630,4432,28
2025-06-17,Google Ads,Root Canal,Clinic B,7438.49,126078,5754,35
2025-06-17,Google Ads,Dental Crown,Clinic B,4765.76,49774,2572,26
2025-06-17,Google Ads,Teeth Whitening,Clinic B,3525.06,58158,2444,24
2025-06-17,Meta Ads,General Dentistry,Clinic B,4343.24,35464,2075,38
2025-06-17,Google Ads,Dental Implant,Clinic C,8639.37,141329,5735,31
2025-06-17,Google Ads,Invisalign,Clinic C,5529.03,62090,2337,15
2025-06-17,Google Ads,Root Canal,Clinic C,5229.36,55307,2781,27
2025-06-17,Meta Ads,Dental Crown,Clinic C,4267.4,54538,3503,20
2025-06-17,Meta Ads,Teeth Whitening,Clinic C,3698.0,57857,2184,42
2025-06-17,Instagram,General Dentistry,Clinic C,5132.93,80062,2678,51
2025-06-17,Google Ads,Dental Implant,Clinic D,6973.61,56834,3366,17
2025-06-17,Google Ads,Invisalign,Clinic D,7900.54,109978,5109,27
2025-06-17,Instagram,Root Canal,Clinic D,4364.41,61751,2486,17
2025-06-17,Meta Ads,Dental Crown,Clinic D,6307.54,112901,7236,36
2025-06-17,Google Ads,Teeth Whitening,Clinic D,2101.13,20815,1139,13
2025-06-17,Instagram,General Dentistry,Clinic D,4117.51,68145,2535,38
2025-06-18,Google Ads,Dental Implant,Clinic A,8065.67,107042,3145,28
2025-06-18,Google Ads,Invisalign,Clinic A,9134.56,86839,4470,22
2025-06-18,Meta Ads,Root Canal,Clinic A,7411.73,98881,5322,40
2025-06-18,Meta Ads,Dental Crown,Clinic A,4030.42,70994,1947,27
2025-06-18,Google Ads,Teeth Whitening,Clinic A,3187.46,42900,1303,33
2025-06-18,Meta Ads,General Dentistry,Clinic A,3062.55,44181,2598,30
2025-06-18,Google Ads,Dental Implant,Clinic B,7792.7,108201,5964,25
2025-06-18,Meta Ads,Invisalign,Clinic B,10625.53,135609,6752,33
2025-06-18,Instagram,Root Canal,Clinic B,4397.85,49442,3064,27
2025-06-18,Meta Ads,Dental Crown,Clinic B,6808.79,62703,3933,35
2025-06-18,Meta Ads,Teeth Whitening,Clinic B,2288.91,27886,1331,23
2025-06-18,Meta Ads,General Dentistry,Clinic B,5959.66,101995,4909,54
2025-06-18,Meta Ads,Dental Implant,Clinic C,6852.39,120804,5302,25
2025-06-18,Google Ads,Invisalign,Clinic C,9078.41,121820,4801,26
2025-06-18,Google Ads,Root Canal,Clinic C,5841.67,76899,3487,34
2025-06-18,Meta Ads,Dental Crown,Clinic C,4338.56,53192,1904,31
2025-06-18,Google Ads,Teeth Whitening,Clinic C,3822.39,32530,1474,41
2025-06-18,Instagram,General Dentistry,Clinic C,4741.83,39200,1520,47
2025-06-18,Google Ads,Dental Implant,Clinic D,9628.57,119598,4728,25
2025-06-18,Google Ads,Invisalign,Clinic D,9733.22,142405,8078,35
2025-06-18,Meta Ads,Root Canal,Clinic D,6999.03,102610,5463,38
2025-06-18,Meta Ads,Dental Crown,Clinic D,4540.27,62635,2540,25
2025-06-18,Google Ads,Teeth Whitening,Clinic D,4257.47,58682,3731,38
2025-06-18,Google Ads,General Dentistry,Clinic D,4086.03,38599,2022,37
2025-06-19,Google Ads,Dental Implant,Clinic A,10316.16,127287,5232,34
2025-06-19,Google Ads,Invisalign,Clinic A,6827.04,122231,3871,23
2025-06-19,Google Ads,Root Canal,Clinic A,5617.22,65702,2829,29
2025-06-19,Google Ads,Dental Crown,Clinic A,5836.49,61045,2988,30
2025-06-19,Instagram,Teeth Whitening,Clinic A,4228.83,59183,2886,32
2025-06-19,Instagram,General Dentistry,Clinic A,3772.65,60634,3059,29
2025-06-19,Instagram,Dental Implant,Clinic B,9572.44,93999,4761,33
2025-06-19,Google Ads,Invisalign,Clinic B,9463.34,104122,3299,29
2025-06-19,Google Ads,Root Canal,Clinic B,6738.44,90056,4329,40
2025-06-19,Meta Ads,Dental Crown,Clinic B,5020.83,70088,4499,32
2025-06-19,Google Ads,Teeth Whitening,Clinic B,3666.6,55168,1655,28
2025-06-19,Google Ads,General Dentistry,Clinic B,4537.35,59686,3772,45
2025-06-19,Google Ads,Dental Implant,Clinic C,6064.96,87937,2594,13
2025-06-19,Meta Ads,Invisalign,Clinic C,7225.04,115205,3250,18
2025-06-19,Meta Ads,Root Canal,Clinic C,6868.67,109248,5286,34
2025-06-19,Google Ads,Dental Crown,Clinic C,5623.92,50997,3262,28
2025-06-19,Meta Ads,Teeth Whitening,Clinic C,3088.67,34673,1678,29
2025-06-19,Meta Ads,General Dentistry,Clinic C,5179.52,87924,5575,56
2025-06-19,Meta Ads,Dental Implant,Clinic D,11874.01,138866,8464,48
2025-06-19,Meta Ads,Invisalign,Clinic D,8992.15,148267,9156,28
2025-06-19,Meta Ads,Root Canal,Clinic D,7124.94,89639,4216,41
2025-06-19,Meta Ads,Dental Crown,Clinic D,4501.9,52364,2476,28
2025-06-19,Instagram,Teeth Whitening,Clinic D,2820.41,41574,2064,25
2025-06-19,Meta Ads,General Dentistry,Clinic D,4143.7,35028,1975,44
2025-06-20,Meta Ads,Dental Implant,Clinic A,9297.26,79371,2661,32
2025-06-20,Google Ads,Invisalign,Clinic A,6354.97,67687,4341,13
2025-06-20,Instagram,Root Canal,Clinic A,5410.78,81523,5218,29
2025-06-20,Instagram,Dental Crown,Clinic A,3923.41,64017,3195,23
2025-06-20,Google Ads,Teeth Whitening,Clinic A,3222.15,44422,1573,26
2025-06-20,Google Ads,General Dentistry,Clinic A,4075.05,53488,2785,46
2025-06-20,Meta Ads,Dental Implant,Clinic B,9090.57,140611,7959,29
2025-06-20,Instagram,Invisalign,Clinic B,5839.95,85944,3258,18
2025-06-20,Google Ads,Root Canal,Clinic B,4729.12,70676,4178,28
2025-06-20,Instagram,Dental Crown,Clinic B,4847.76,74687,3592,21
2025-06-20,Google Ads,Teeth Whitening,Clinic B,4219.53,54550,2878,35
2025-06-20,Meta Ads,General Dentistry,Clinic B,4474.25,57108,2064,36
2025-06-20,Meta Ads,Dental Implant,Clinic C,7864.59,71591,2610,24
2025-06-20,Google Ads,Invisalign,Clinic C,8491.14,141822,5968,21
2025-06-20,Meta Ads,Root Canal,Clinic C,7973.24,115971,6079,36
2025-06-20,Meta Ads,Dental Crown,Clinic C,4726.53,38456,1238,25
2025-06-20,Google Ads,Teeth Whitening,Clinic C,3541.6,30356,1968,29
2025-06-20,Meta Ads,General Dentistry,Clinic C,4476.93,41898,2456,48
2025-06-20,Google Ads,Dental Implant,Clinic D,6869.3,66056,3059,30
2025-06-20,Instagram,Invisalign,Clinic D,7581.92,84901,4473,22
2025-06-20,Google Ads,Root Canal,Clinic D,9109.64,80933,3985,55
2025-06-20,Instagram,Dental Crown,Clinic D,5591.98,79045,4353,32
2025-06-20,Instagram,Teeth Whitening,Clinic D,2733.79,25131,1586,24
2025-06-20,Meta Ads,General Dentistry,Clinic D,5276.53,72021,3412,59
2025-06-21,Google Ads,Dental Implant,Clinic A,10576.44,91211,3072,39
2025-06-21,Meta Ads,Invisalign,Clinic A,8619.71,76173,2583,18
2025-06-21,Instagram,Root Canal,Clinic A,7846.2,100311,3800,39
2025-06-21,Meta Ads,Dental Crown,Clinic A,5302.95,60688,3104,29
2025-06-21,Meta Ads,Teeth Whitening,Clinic A,3261.44,51644,2877,38
2025-06-21,Instagram,General Dentistry,Clinic A,5246.7,92463,2839,54
2025-06-21,Instagram,Dental Implant,Clinic B,9621.9,139930,8421,26
2025-06-21,Meta Ads,Invisalign,Clinic B,6520.9,62317,1776,16
2025-06-21,Instagram,Root Canal,Clinic B,7124.75,112206,7085,37
2025-06-21,Meta Ads,Dental Crown,Clinic B,3715.03,39158,1560,22
2025-06-21,Google Ads,Teeth Whitening,Clinic B,3904.53,35180,2040,43
2025-06-21,Meta Ads,General Dentistry,Clinic B,4314.56,45319,2085,41
2025-06-21,Instagram,Dental Implant,Clinic C,11020.2,120274,6009,41
2025-06-21,Google Ads,Invisalign,Clinic C,6594.64,53679,2466,21
2025-06-21,Google Ads,Root Canal,Clinic C,8088.82,130536,8388,45
2025-06-21,Meta Ads,Dental Crown,Clinic C,3526.62,54551,2417,19
2025-06-21,Google Ads,Teeth Whitening,Clinic C,2262.69,40242,1370,16
2025-06-21,Google Ads,General Dentistry,Clinic C,3770.64,41457,1847,35
2025-06-21,Meta Ads,Dental Implant,Clinic D,11151.57,97160,3650,39
2025-06-21,Google Ads,Invisalign,Clinic D,6562.58,66564,1917,21
2025-06-21,Meta Ads,Root Canal,Clinic D,7595.98,117190,3724,44
2025-06-21,Meta Ads,Dental Crown,Clinic D,5033.74,83195,4191,25
2025-06-21,Meta Ads,Teeth Whitening,Clinic D,3726.98,52264,2265,30
2025-06-21,Google Ads,General Dentistry,Clinic D,4746.57,52090,2191,47
2025-06-22,Google Ads,Dental Implant,Clinic A,6826.96,59137,1502,22
2025-06-22,Google Ads,Invisalign,Clinic A,7791.36,112633,6500,25
2025-06-22,Meta Ads,Root Canal,Clinic A,7680.42,71050,3582,50
2025-06-22,Meta Ads,Dental Crown,Clinic A,6103.13,81362,3448,34
2025-06-22,Instagram,Teeth Whitening,Clinic A,3067.24,28682,1717,29
2025-06-22,Google Ads,General Dentistry,Clinic A,3385.71,31714,1282,40
2025-06-22,Google Ads,Dental Implant,Clinic B,7330.39,61381,3022,25
2025-06-22,Google Ads,Invisalign,Clinic B,8052.21,75596,4373,22
2025-06-22,Meta Ads,Root Canal,Clinic B,3561.77,52391,3067,11
2025-06-22,Google Ads,Dental Crown,Clinic B,4284.56,51703,2342,26
2025-06-22,Google Ads,Teeth Whitening,Clinic B,4391.87,45201,1720,39
2025-06-22,Meta Ads,General Dentistry,Clinic B,4243.55,56216,3374,44
2025-06-22,Google Ads,Dental Implant,Clinic C,7514.74,73164,2520,27
2025-06-22,Meta Ads,Invisalign,Clinic C,6195.03,56496,2435,19
2025-06-22,Google Ads,Root Canal,Clinic C,8769.92,153104,4702,47
2025-06-22,Google Ads,Dental Crown,Clinic C,4260.51,56218,1728,20
2025-06-22,Google Ads,Teeth Whitening,Clinic C,3205.25,25993,1541,25
2025-06-22,Meta Ads,General Dentistry,Clinic C,4402.13,51811,1495,44
2025-06-22,Google Ads,Dental Implant,Clinic D,8923.12,126145,5214,31
2025-06-22,Google Ads,Invisalign,Clinic D,10243.52,144979,3779,34
2025-06-22,Meta Ads,Root Canal,Clinic D,5911.72,58535,2681,31
2025-06-22,Google Ads,Dental Crown,Clinic D,6351.13,85617,3712,37
2025-06-22,Google Ads,Teeth Whitening,Clinic D,4218.1,44813,2533,39
2025-06-22,Google Ads,General Dentistry,Clinic D,5226.02,76033,2276,54
2025-06-23,Meta Ads,Dental Implant,Clinic A,6804.78,97369,4641,25
2025-06-23,Google Ads,Invisalign,Clinic A,8130.39,112554,3495,27
2025-06-23,Meta Ads,Root Canal,Clinic A,5477.7,82215,3663,29
2025-06-23,Google Ads,Dental Crown,Clinic A,5039.47,48990,1257,27
2025-06-23,Google Ads,Teeth Whitening,Clinic A,3586.94,55865,1794,30
2025-06-23,Google Ads,General Dentistry,Clinic A,4648.54,59935,1513,42
2025-06-23,Google Ads,Dental Implant,Clinic B,9255.7,117897,5111,27
2025-06-23,Meta Ads,Invisalign,Clinic B,6546.9,93792,3475,6
2025-06-23,Instagram,Root Canal,Clinic B,7032.71,113485,6950,36
2025-06-23,Google Ads,Dental Crown,Clinic B,5511.34,96843,5338,28
2025-06-23,Meta Ads,Teeth Whitening,Clinic B,3216.94,27558,1440,32
2025-06-23,Meta Ads,General Dentistry,Clinic B,3306.52,30327,1691,38
2025-06-23,Google Ads,Dental Implant,Clinic C,11376.1,96455,3060,37
2025-06-23,Meta Ads,Invisalign,Clinic C,4491.26,36524,1078,13
2025-06-23,Meta Ads,Root Canal,Clinic C,6439.31,90561,4881,34
2025-06-23,Instagram,Dental Crown,Clinic C,5203.06,48874,2873,32
2025-06-23,Meta Ads,Teeth Whitening,Clinic C,2567.71,27057,1116,23
2025-06-23,Google Ads,General Dentistry,Clinic C,4949.52,85531,3542,48
2025-06-23,Meta Ads,Dental Implant,Clinic D,9047.48,136858,5313,26
2025-06-23,Google Ads,Invisalign,Clinic D,6270.02,106723,6690,18
2025-06-23,Google Ads,Root Canal,Clinic D,4459.82,68023,4279,26
2025-06-23,Google Ads,Dental Crown,Clinic D,6278.39,93496,3018,34
2025-06-23,Google Ads,Teeth Whitening,Clinic D,4549.31,57280,2151,40
2025-06-23,Google Ads,General Dentistry,Clinic D,3634.55,43632,2113,33
2025-06-24,Google Ads,Dental Implant,Clinic A,10993.32,158537,8270,35
2025-06-24,Instagram,Invisalign,Clinic A,6314.16,101499,4607,16
2025-06-24,Google Ads,Root Canal,Clinic A,7320.74,99854,4990,36
2025-06-24,Google Ads,Dental Crown,Clinic A,4423.16,41078,1587,20
2025-06-24,Instagram,Teeth Whitening,Clinic A,3140.7,49125,2736,28
2025-06-24,Meta Ads,General Dentistry,Clinic A,4205.55,49736,1890,42
2025-06-24,Google Ads,Dental Implant,Clinic B,8748.17,147036,9332,25
2025-06-24,Meta Ads,Invisalign,Clinic B,7922.75,104730,4067,24
2025-06-24,Meta Ads,Root Canal,Clinic B,5760.14,72347,2299,29
2025-06-24,Google Ads,Dental Crown,Clinic B,6179.8,92201,5028,35
2025-06-24,Meta Ads,Teeth Whitening,Clinic B,4118.41,71698,4568,40
2025-06-24,Instagram,General Dentistry,Clinic B,5064.28,89063,4742,48
2025-06-24,Meta Ads,Dental Implant,Clinic C,8434.59,83659,3553,30
2025-06-24,Instagram,Invisalign,Clinic C,7870.39,117331,5989,19
2025-06-24,Meta Ads,Root Canal,Clinic C,5451.79,88724,5148,25
2025-06-24,Google Ads,Dental Crown,Clinic C,3450.51,45314,2648,10
2025-06-24,Meta Ads,Teeth Whitening,Clinic C,2334.98,19623,1211,21
2025-06-24,Meta Ads,General Dentistry,Clinic C,4330.79,62668,2090,41
2025-06-24,Google Ads,Dental Implant,Clinic D,5843.05,95109,5994,21
2025-06-24,Meta Ads,Invisalign,Clinic D,8357.48,113606,3692,23
2025-06-24,Google Ads,Root Canal,Clinic D,7100.96,65255,3299,38
2025-06-24,Google Ads,Dental Crown,Clinic D,4122.87,69600,2754,20
2025-06-24,Google Ads,Teeth Whitening,Clinic D,3799.36,47119,1541,29
2025-06-24,Google Ads,General Dentistry,Clinic D,3923.24,33420,2162,38
2025-06-25,Instagram,Dental Implant,Clinic A,6623.01,68376,2914,24
2025-06-25,Google Ads,Invisalign,Clinic A,7114.35,124883,4385,26
2025-06-25,Google Ads,Root Canal,Clinic A,6614.55,109233,2753,34
2025-06-25,Meta Ads,Dental Crown,Clinic A,6382.78,67192,2334,34
2025-06-25,Google Ads,Teeth Whitening,Clinic A,4362.63,72061,3812,45
2025-06-25,Meta Ads,General Dentistry,Clinic A,5120.33,84760,3624,47
2025-06-25,Meta Ads,Dental Implant,Clinic B,8709.7,127728,4290,34
2025-06-25,Meta Ads,Invisalign,Clinic B,8243.92,103503,4748,26
2025-06-25,Google Ads,Root Canal,Clinic B,5157.82,85523,3552,26
2025-06-25,Google Ads,Dental Crown,Clinic B,2947.16,37135,2006,17
2025-06-25,Meta Ads,Teeth Whitening,Clinic B,3374.47,37998,2131,32
2025-06-25,Meta Ads,General Dentistry,Clinic B,4547.89,62480,3033,46
2025-06-25,Google Ads,Dental Implant,Clinic C,6598.17,92168,5401,18
2025-06-25,Meta Ads,Invisalign,Clinic C,6947.25,72783,4279,19
2025-06-25,Google Ads,Root Canal,Clinic C,6142.55,84504,5370,34
2025-06-25,Meta Ads,Dental Crown,Clinic C,4412.61,42259,1092,21
2025-06-25,Meta Ads,Teeth Whitening,Clinic C,3873.83,33846,2121,37
2025-06-25,Meta Ads,General Dentistry,Clinic C,3175.1,32992,840,32
2025-06-25,Meta Ads,Dental Implant,Clinic D,9339.07,98686,2738,27
2025-06-25,Google Ads,Invisalign,Clinic D,6415.04,107340,3025,28
2025-06-25,Google Ads,Root Canal,Clinic D,4634.1,59122,3614,22
2025-06-25,Google Ads,Dental Crown,Clinic D,5417.91,64407,3555,28
2025-06-25,Google Ads,Teeth Whitening,Clinic D,3933.61,43000,1314,30
2025-06-25,Google Ads,General Dentistry,Clinic D,3913.58,62570,2458,39
2025-06-26,Google Ads,Dental Implant,Clinic A,10522.95,188106,5088,43
2025-06-26,Meta Ads,Invisalign,Clinic A,9350.83,139693,7752,27
2025-06-26,Meta Ads,Root Canal,Clinic A,6915.85,64538,3992,36
2025-06-26,Meta Ads,Dental Crown,Clinic A,4607.92,65829,3425,24
2025-06-26,Meta Ads,Teeth Whitening,Clinic A,3621.77,39258,2327,37
2025-06-26,Google Ads,General Dentistry,Clinic A,4236.55,69291,4422,31
2025-06-26,Google Ads,Dental Implant,Clinic B,8399.99,143156,6603,25
2025-06-26,Google Ads,Invisalign,Clinic B,9901.37,87115,2696,37
2025-06-26,Google Ads,Root Canal,Clinic B,9609.93,121098,5211,57
2025-06-26,Meta Ads,Dental Crown,Clinic B,5224.95,70282,2503,29
2025-06-26,Instagram,Teeth Whitening,Clinic B,3300.67,56191,3526,27
2025-06-26,Meta Ads,General Dentistry,Clinic B,4471.3,77476,4694,43
2025-06-26,Instagram,Dental Implant,Clinic C,10400.54,153128,9302,32
2025-06-26,Meta Ads,Invisalign,Clinic C,10112.94,117091,2938,23
2025-06-26,Meta Ads,Root Canal,Clinic C,7032.26,72256,2199,39
2025-06-26,Google Ads,Dental Crown,Clinic C,3439.23,57721,2699,19
2025-06-26,Google Ads,Teeth Whitening,Clinic C,3667.02,54531,1605,34
2025-06-26,Google Ads,General Dentistry,Clinic C,4079.18,57770,1629,37
2025-06-26,Google Ads,Dental Implant,Clinic D,9977.85,114363,4118,29
2025-06-26,Google Ads,Invisalign,Clinic D,8157.37,116923,6394,19
2025-06-26,Meta Ads,Root Canal,Clinic D,5420.57,78643,3307,24
2025-06-26,Google Ads,Dental Crown,Clinic D,5687.8,51052,2183,36
2025-06-26,Google Ads,Teeth Whitening,Clinic D,2874.29,42523,2056,25
2025-06-26,Google Ads,General Dentistry,Clinic D,3836.75,65844,2181,33
2025-06-27,Google Ads,Dental Implant,Clinic A,5998.12,66230,2742,23
2025-06-27,Meta Ads,Invisalign,Clinic A,8662.42,119307,3057,28
2025-06-27,Meta Ads,Root Canal,Clinic A,6042.87,65803,2016,30
2025-06-27,Google Ads,Dental Crown,Clinic A,5715.82,80809,3747,25
2025-06-27,Google Ads,Teeth Whitening,Clinic A,3459.08,41544,1740,32
2025-06-27,Google Ads,General Dentistry,Clinic A,2987.79,26014,1494,26
2025-06-27,Meta Ads,Dental Implant,Clinic B,7410.59,126330,4113,21
2025-06-27,Meta Ads,Invisalign,Clinic B,10175.22,90858,3797,29
2025-06-27,Google Ads,Root Canal,Clinic B,9206.52,109501,4697,49
2025-06-27,Google Ads,Dental Crown,Clinic B,5501.92,50305,1836,31
2025-06-27,Google Ads,Teeth Whitening,Clinic B,3586.51,33816,1383,35
2025-06-27,Google Ads,General Dentistry,Clinic B,3472.22,45209,2579,36
2025-06-27,Meta Ads,Dental Implant,Clinic C,7606.57,113518,4932,17
2025-06-27,Meta Ads,Invisalign,Clinic C,5212.41,64682,2423,13
2025-06-27,Google Ads,Root Canal,Clinic C,5658.56,91798,3631,31
2025-06-27,Google Ads,Dental Crown,Clinic C,4008.58,66101,2093,21
2025-06-27,Meta Ads,Teeth Whitening,Clinic C,3668.7,32215,1955,38
2025-06-27,Google Ads,General Dentistry,Clinic C,4345.31,44523,2093,32
2025-06-27,Google Ads,Dental Implant,Clinic D,9577.72,122315,5659,33
2025-06-27,Instagram,Invisalign,Clinic D,8501.4,99608,5693,19
2025-06-27,Meta Ads,Root Canal,Clinic D,4111.87,50749,3065,16
2025-06-27,Google Ads,Dental Crown,Clinic D,5483.29,70609,3722,35
2025-06-27,Google Ads,Teeth Whitening,Clinic D,2512.54,26766,1335,19
2025-06-27,Instagram,General Dentistry,Clinic D,4320.62,73247,3170,46
2025-06-28,Google Ads,Dental Implant,Clinic A,8050.91,138292,8872,23
2025-06-28,Google Ads,Invisalign,Clinic A,8376.0,137969,5893,23
2025-06-28,Google Ads,Root Canal,Clinic A,7089.02,87300,2462,39
2025-06-28,Google Ads,Dental Crown,Clinic A,4829.42,75130,3952,29
2025-06-28,Google Ads,Teeth Whitening,Clinic A,3744.41,57656,3371,37
2025-06-28,Google Ads,General Dentistry,Clinic A,5315.78,86604,4235,49
2025-06-28,Instagram,Dental Implant,Clinic B,9375.85,98010,3755,32
2025-06-28,Google Ads,Invisalign,Clinic B,8364.03,101388,5053,22
2025-06-28,Meta Ads,Root Canal,Clinic B,7928.11,101341,6339,36
2025-06-28,Google Ads,Dental Crown,Clinic B,4350.43,51288,2439,21
2025-06-28,Google Ads,Teeth Whitening,Clinic B,1730.12,19188,812,23
2025-06-28,Google Ads,General Dentistry,Clinic B,3888.86,38320,2292,43
2025-06-28,Google Ads,Dental Implant,Clinic C,4715.26,56796,2993,16
2025-06-28,Meta Ads,Invisalign,Clinic C,8184.54,122931,6896,29
2025-06-28,Meta Ads,Root Canal,Clinic C,7222.19,104588,3017,34
2025-06-28,Meta Ads,Dental Crown,Clinic C,4792.62,44741,2211,30
2025-06-28,Google Ads,Teeth Whitening,Clinic C,4747.05,62199,2322,45
2025-06-28,Meta Ads,General Dentistry,Clinic C,6939.34,78995,2846,65
2025-06-28,Meta Ads,Dental Implant,Clinic D,7552.15,95397,5156,23
2025-06-28,Google Ads,Invisalign,Clinic D,7462.84,100410,2918,17
2025-06-28,Google Ads,Root Canal,Clinic D,6373.5,55693,1422,30
2025-06-28,Google Ads,Dental Crown,Clinic D,4612.37,45796,2332,24
2025-06-28,Google Ads,Teeth Whitening,Clinic D,2341.84,39453,2085,27
2025-06-28,Meta Ads,General Dentistry,Clinic D,5723.85,81025,4436,57
2025-06-29,Meta Ads,Dental Implant,Clinic A,7842.07,125977,3539,24
2025-06-29,Meta Ads,Invisalign,Clinic A,11985.22,139947,5971,33
2025-06-29,Meta Ads,Root Canal,Clinic A,8231.21,126470,4411,44
2025-06-29,Google Ads,Dental Crown,Clinic A,4299.03,72394,2975,25
2025-06-29,Google Ads,Teeth Whitening,Clinic A,3408.84,28481,1037,31
2025-06-29,Google Ads,General Dentistry,Clinic A,4530.97,61826,3509,46
2025-06-29,Google Ads,Dental Implant,Clinic B,7135.52,63755,2715,24
2025-06-29,Instagram,Invisalign,Clinic B,5496.79,91527,3335,7
2025-06-29,Meta Ads,Root Canal,Clinic B,6820.42,57100,2371,34
2025-06-29,Google Ads,Dental Crown,Clinic B,4228.47,49453,3019,20
2025-06-29,Meta Ads,Teeth Whitening,Clinic B,3413.22,56288,2375,31
2025-06-29,Instagram,General Dentistry,Clinic B,4220.55,72813,2930,52
2025-06-29,Meta Ads,Dental Implant,Clinic C,11796.21,126890,5236,38
2025-06-29,Google Ads,Invisalign,Clinic C,9106.12,105074,3260,28
2025-06-29,Meta Ads,Root Canal,Clinic C,4927.36,84375,3316,29
2025-06-29,Meta Ads,Dental Crown,Clinic C,4645.82,65711,2278,23
2025-06-29,Instagram,Teeth Whitening,Clinic C,4562.24,62114,2563,42
2025-06-29,Meta Ads,General Dentistry,Clinic C,4454.26,74881,2127,43
2025-06-29,Google Ads,Dental Implant,Clinic D,11261.14,160561,7180,34
2025-06-29,Meta Ads,Invisalign,Clinic D,6999.03,114757,4128,21
2025-06-29,Meta Ads,Root Canal,Clinic D,6849.91,118178,7330,36
2025-06-29,Meta Ads,Dental Crown,Clinic D,4823.82,76836,3740,23
2025-06-29,Google Ads,Teeth Whitening,Clinic D,3444.13,58996,1600,27
2025-06-29,Google Ads,General Dentistry,Clinic D,4920.78,42755,2662,48
2025-06-30,Google Ads,Dental Implant,Clinic A,9445.25,98602,2477,27
2025-06-30,Meta Ads,Invisalign,Clinic A,9082.13,97913,5069,24
2025-06-30,Google Ads,Root Canal,Clinic A,7847.35,82411,3356,42
2025-06-30,Google Ads,Dental Crown,Clinic A,3812.4,39930,1301,27
2025-06-30,Meta Ads,Teeth Whitening,Clinic A,3128.05,26109,920,22
2025-06-30,Meta Ads,General Dentistry,Clinic A,4076.65,44645,2037,45
2025-06-30,Google Ads,Dental Implant,Clinic B,7523.28,79259,3220,23
2025-06-30,Google Ads,Invisalign,Clinic B,7058.16,72898,2824,23
2025-06-30,Google Ads,Root Canal,Clinic B,5803.65,73157,3286,34
2025-06-30,Google Ads,Dental Crown,Clinic B,5500.18,83657,2274,35
2025-06-30,Meta Ads,Teeth Whitening,Clinic B,3306.81,48313,1629,29
2025-06-30,Google Ads,General Dentistry,Clinic B,4026.52,37355,1927,41
2025-06-30,Google Ads,Dental Implant,Clinic C,9139.83,129659,5342,24
2025-06-30,Google Ads,Invisalign,Clinic C,6778.96,98534,3530,20
2025-06-30,Google Ads,Root Canal,Clinic C,4253.5,43785,1967,21
2025-06-30,Google Ads,Dental Crown,Clinic C,5904.21,52135,2133,29
2025-06-30,Google Ads,Teeth Whitening,Clinic C,3203.46,55185,2834,22
2025-06-30,Google Ads,General Dentistry,Clinic C,3566.94,60113,2521,36
2025-06-30,Instagram,Dental Implant,Clinic D,10591.65,103722,6140,37
2025-06-30,Google Ads,Invisalign,Clinic D,8694.13,111160,4684,32
2025-06-30,Google Ads,Root Canal,Clinic D,7440.35,132751,6888,32
2025-06-30,Meta Ads,Dental Crown,Clinic D,5197.44,84048,3187,37
2025-06-30,Google Ads,Teeth Whitening,Clinic D,4297.02,34380,2007,31
2025-06-30,Google Ads,General Dentistry,Clinic D,4036.3,49712,1377,40
2025-07-01,Google Ads,Dental Implant,Clinic A,8282.21,133735,5147,32
2025-07-01,Meta Ads,Invisalign,Clinic A,4309.41,42843,2563,7
2025-07-01,Google Ads,Root Canal,Clinic A,4329.51,77734,3021,19
2025-07-01,Google Ads,Dental Crown,Clinic A,5118.37,52369,1837,31
2025-07-01,Meta Ads,Teeth Whitening,Clinic A,4109.1,38007,1328,34
2025-07-01,Google Ads,General Dentistry,Clinic A,4204.26,69109,2009,44
2025-07-01,Google Ads,Dental Implant,Clinic B,9581.91,113897,6781,27
2025-07-01,Meta Ads,Invisalign,Clinic B,7298.77,126364,6368,23
2025-07-01,Meta Ads,Root Canal,Clinic B,7372.11,84229,2933,39
2025-07-01,Google Ads,Dental Crown,Clinic B,4990.97,84042,2563,27
2025-07-01,Google Ads,Teeth Whitening,Clinic B,3755.17,55475,1391,34
2025-07-01,Meta Ads,General Dentistry,Clinic B,3621.69,51444,3190,38
2025-07-01,Google Ads,Dental Implant,Clinic C,6550.58,100281,4576,24
2025-07-01,Google Ads,Invisalign,Clinic C,4826.73,50664,2467,13
2025-07-01,Meta Ads,Root Canal,Clinic C,5872.78,52267,3078,30
2025-07-01,Google Ads,Dental Crown,Clinic C,6284.14,95788,5105,30
2025-07-01,Google Ads,Teeth Whitening,Clinic C,3773.65,35277,1693,35
2025-07-01,Meta Ads,General Dentistry,Clinic C,3921.58,53954,2122,41
2025-07-01,Meta Ads,Dental Implant,Clinic D,7746.32,73818,2899,28
2025-07-01,Meta Ads,Invisalign,Clinic D,9442.96,155759,8472,33
2025-07-01,Meta Ads,Root Canal,Clinic D,8179.29,137736,8121,42
2025-07-01,Meta Ads,Dental Crown,Clinic D,6251.83,86235,2931,36
2025-07-01,Instagram,Teeth Whitening,Clinic D,3740.47,50617,2048,33
2025-07-01,Google Ads,General Dentistry,Clinic D,3552.29,61157,2997,32
2025-07-02,Meta Ads,Dental Implant,Clinic A,10100.91,92226,5214,33
2025-07-02,Google Ads,Invisalign,Clinic A,8743.29,88393,2287,21
2025-07-02,Google Ads,Root Canal,Clinic A,6778.38,91320,3782,42
2025-07-02,Google Ads,Dental Crown,Clinic A,4458.89,67203,3957,22
2025-07-02,Google Ads,Teeth Whitening,Clinic A,3162.89,54995,1844,25
2025-07-02,Meta Ads,General Dentistry,Clinic A,4769.05,49813,2913,44
2025-07-02,Google Ads,Dental Implant,Clinic B,12427.24,191814,11703,41
2025-07-02,Meta Ads,Invisalign,Clinic B,8561.18,113696,3295,21
2025-07-02,Google Ads,Root Canal,Clinic B,6789.99,65036,3677,40
2025-07-02,Meta Ads,Dental Crown,Clinic B,4830.8,83521,4598,21
2025-07-02,Google Ads,Teeth Whitening,Clinic B,3221.92,54209,1745,24
2025-07-02,Google Ads,General Dentistry,Clinic B,4373.15,37936,1792,39
2025-07-02,Google Ads,Dental Implant,Clinic C,7299.19,112825,4541,22
2025-07-02,Google Ads,Invisalign,Clinic C,8991.5,152132,7143,27
2025-07-02,Meta Ads,Root Canal,Clinic C,7478.53,115273,4301,41
2025-07-02,Google Ads,Dental Crown,Clinic C,5457.51,97063,2616,31
2025-07-02,Meta Ads,Teeth Whitening,Clinic C,2540.9,34367,1485,28
2025-07-02,Instagram,General Dentistry,Clinic C,3775.22,55614,2026,35
2025-07-02,Google Ads,Dental Implant,Clinic D,8022.21,143797,5389,30
2025-07-02,Meta Ads,Invisalign,Clinic D,8172.37,87038,4550,18
2025-07-02,Google Ads,Root Canal,Clinic D,6698.56,79044,2180,42
2025-07-02,Google Ads,Dental Crown,Clinic D,5603.75,70924,1792,34
2025-07-02,Meta Ads,Teeth Whitening,Clinic D,3137.21,33773,935,29
2025-07-02,Meta Ads,General Dentistry,Clinic D,2597.9,37194,2039,26
2025-07-03,Meta Ads,Dental Implant,Clinic A,9550.78,76697,2335,36
2025-07-03,Meta Ads,Invisalign,Clinic A,8437.1,84877,5382,20
2025-07-03,Google Ads,Root Canal,Clinic A,7960.89,116079,4395,39
2025-07-03,Meta Ads,Dental Crown,Clinic A,4723.35,52591,1981,19
2025-07-03,Google Ads,Teeth Whitening,Clinic A,3131.36,33091,1556,33
2025-07-03,Meta Ads,General Dentistry,Clinic A,3670.12,65040,3423,41
2025-07-03,Google Ads,Dental Implant,Clinic B,9947.85,126635,6860,34
2025-07-03,Google Ads,Invisalign,Clinic B,8400.91,100839,4373,20
2025-07-03,Google Ads,Root Canal,Clinic B,5422.45,49234,2105,28
2025-07-03,Google Ads,Dental Crown,Clinic B,4663.45,68872,2556,29
2025-07-03,Google Ads,Teeth Whitening,Clinic B,3826.96,44887,1989,41
2025-07-03,Meta Ads,General Dentistry,Clinic B,4549.49,76289,3950,45
2025-07-03,Google Ads,Dental Implant,Clinic C,10313.49,85997,4493,26
2025-07-03,Instagram,Invisalign,Clinic C,8759.38,129454,7881,28
2025-07-03,Google Ads,Root Canal,Clinic C,8812.43,120966,7108,43
2025-07-03,Google Ads,Dental Crown,Clinic C,3637.03,52321,2124,18
2025-07-03,Meta Ads,Teeth Whitening,Clinic C,3593.9,47892,2619,31
2025-07-03,Google Ads,General Dentistry,Clinic C,3785.16,49479,2517,37
2025-07-03,Meta Ads,Dental Implant,Clinic D,11434.58,106321,4330,43
2025-07-03,Google Ads,Invisalign,Clinic D,9844.64,126798,5718,24
2025-07-03,Google Ads,Root Canal,Clinic D,6125.45,52538,1648,27
2025-07-03,Meta Ads,Dental Crown,Clinic D,5356.29,43083,2663,29
2025-07-03,Meta Ads,Teeth Whitening,Clinic D,4173.47,59546,1571,39
2025-07-03,Instagram,General Dentistry,Clinic D,4546.64,42099,2435,49
2025-07-04,Meta Ads,Dental Implant,Clinic A,8474.78,118621,4232,26
2025-07-04,Google Ads,Invisalign,Clinic A,9091.83,97704,5734,23
2025-07-04,Meta Ads,Root Canal,Clinic A,7606.35,85096,3511,37
2025-07-04,Google Ads,Dental Crown,Clinic A,6159.89,87654,4125,35
2025-07-04,Instagram,Teeth Whitening,Clinic A,3549.12,44744,2269,32
2025-07-04,Google Ads,General Dentistry,Clinic A,3640.1,33770,1044,41
2025-07-04,Meta Ads,Dental Implant,Clinic B,11670.69,145430,8666,41
2025-07-04,Google Ads,Invisalign,Clinic B,7555.35,68129,3763,19
2025-07-04,Google Ads,Root Canal,Clinic B,8134.15,109584,5077,45
2025-07-04,Google Ads,Dental Crown,Clinic B,5259.61,63303,3146,36
2025-07-04,Instagram,Teeth Whitening,Clinic B,3353.9,47210,1919,35
2025-07-04,Meta Ads,General Dentistry,Clinic B,5090.6,43841,1384,52
2025-07-04,Meta Ads,Dental Implant,Clinic C,10627.27,111536,5708,40
2025-07-04,Google Ads,Invisalign,Clinic C,8678.96,115430,6867,23
2025-07-04,Google Ads,Root Canal,Clinic C,7821.14,88285,5235,43
2025-07-04,Google Ads,Dental Crown,Clinic C,5584.11,63370,4000,27
2025-07-04,Meta Ads,Teeth Whitening,Clinic C,4043.44,35320,941,28
2025-07-04,Google Ads,General Dentistry,Clinic C,6073.4,63850,2636,61
2025-07-04,Google Ads,Dental Implant,Clinic D,7340.97,94558,3114,18
2025-07-04,Google Ads,Invisalign,Clinic D,7833.36,79396,4951,22
2025-07-04,Meta Ads,Root Canal,Clinic D,7587.31,87659,3457,34
2025-07-04,Meta Ads,Dental Crown,Clinic D,5022.86,84400,2698,27
2025-07-04,Google Ads,Teeth Whitening,Clinic D,3597.83,41652,2084,38
2025-07-04,Google Ads,General Dentistry,Clinic D,3688.12,37818,967,38
2025-07-05,Google Ads,Dental Implant,Clinic A,9431.41,164519,5530,27
2025-07-05,Google Ads,Invisalign,Clinic A,6093.51,81752,3693,17
2025-07-05,Google Ads,Root Canal,Clinic A,6207.28,59489,1741,36
2025-07-05,Meta Ads,Dental Crown,Clinic A,5612.23,56203,3031,30
2025-07-05,Google Ads,Teeth Whitening,Clinic A,3519.28,57406,2439,36
2025-07-05,Google Ads,General Dentistry,Clinic A,3096.57,30489,1864,32
2025-07-05,Meta Ads,Dental Implant,Clinic B,9989.44,80022,4836,35
2025-07-05,Meta Ads,Invisalign,Clinic B,6723.84,57611,1653,16
2025-07-05,Google Ads,Root Canal,Clinic B,6621.64,91418,3151,38
2025-07-05,Google Ads,Dental Crown,Clinic B,3774.79,62601,2009,17
2025-07-05,Meta Ads,Teeth Whitening,Clinic B,4779.92,78137,3020,42
2025-07-05,Meta Ads,General Dentistry,Clinic B,2602.31,41947,1065,25
2025-07-05,Google Ads,Dental Implant,Clinic C,9120.32,136227,5262,30
2025-07-05,Meta Ads,Invisalign,Clinic C,7696.76,68693,2020,20
2025-07-05,Meta Ads,Root Canal,Clinic C,6747.27,77514,2110,33
2025-07-05,Google Ads,Dental Crown,Clinic C,3496.12,45803,2066,14
2025-07-05,Google Ads,Teeth Whitening,Clinic C,3385.42,38603,1819,31
2025-07-05,Google Ads,General Dentistry,Clinic C,4576.24,37669,1350,42
2025-07-05,Instagram,Dental Implant,Clinic D,8554.72,68934,3354,24
2025-07-05,Google Ads,Invisalign,Clinic D,10093.5,136382,7038,28
2025-07-05,Google Ads,Root Canal,Clinic D,7205.56,120033,6630,43
2025-07-05,Google Ads,Dental Crown,Clinic D,5960.05,98871,4358,33
2025-07-05,Google Ads,Teeth Whitening,Clinic D,3120.3,29450,1913,26
2025-07-05,Meta Ads,General Dentistry,Clinic D,3575.2,39522,2367,31
2025-07-06,Meta Ads,Dental Implant,Clinic A,10374.28,160824,7028,31
2025-07-06,Meta Ads,Invisalign,Clinic A,7455.58,132791,8143,23
2025-07-06,Google Ads,Root Canal,Clinic A,6950.75,94875,4708,36
2025-07-06,Instagram,Dental Crown,Clinic A,3623.69,45669,1781,21
2025-07-06,Google Ads,Teeth Whitening,Clinic A,3168.96,49382,1957,25
2025-07-06,Meta Ads,General Dentistry,Clinic A,5292.25,63269,2051,61
2025-07-06,Instagram,Dental Implant,Clinic B,10193.14,108029,3169,33
2025-07-06,Meta Ads,Invisalign,Clinic B,8611.11,132854,6554,28
2025-07-06,Meta Ads,Root Canal,Clinic B,5169.44,81690,4661,20
2025-07-06,Google Ads,Dental Crown,Clinic B,5039.28,50448,1626,22
2025-07-06,Google Ads,Teeth Whitening,Clinic B,3174.37,43449,1607,30
2025-07-06,Google Ads,General Dentistry,Clinic B,3478.91,42903,2256,31
2025-07-06,Google Ads,Dental Implant,Clinic C,9117.73,147738,5269,32
2025-07-06,Instagram,Invisalign,Clinic C,6187.18,86655,2608,24
2025-07-06,Google Ads,Root Canal,Clinic C,9001.74,91526,5919,49
2025-07-06,Meta Ads,Dental Crown,Clinic C,5358.34,70333,4422,30
2025-07-06,Meta Ads,Teeth Whitening,Clinic C,3212.69,34145,1839,23
2025-07-06,Meta Ads,General Dentistry,Clinic C,4883.1,58698,3778,56
2025-07-06,Google Ads,Dental Implant,Clinic D,9412.41,146440,9270,27
2025-07-06,Meta Ads,Invisalign,Clinic D,8923.97,110709,3339,23
2025-07-06,Meta Ads,Root Canal,Clinic D,4682.13,44104,1353,25
2025-07-06,Meta Ads,Dental Crown,Clinic D,6558.07,115584,6551,36
2025-07-06,Google Ads,Teeth Whitening,Clinic D,3416.35,51288,3261,20
2025-07-06,Google Ads,General Dentistry,Clinic D,4814.0,39885,1971,51
2025-07-07,Instagram,Dental Implant,Clinic A,7398.19,132325,5513,23
2025-07-07,Meta Ads,Invisalign,Clinic A,8116.61,119815,6397,24
2025-07-07,Meta Ads,Root Canal,Clinic A,6589.41,87893,5134,37
2025-07-07,Google Ads,Dental Crown,Clinic A,3827.58,59743,2528,25
2025-07-07,Google Ads,Teeth Whitening,Clinic A,3630.65,29560,815,34
2025-07-07,Google Ads,General Dentistry,Clinic A,3916.81,70140,4332,42
2025-07-07,Meta Ads,Dental Implant,Clinic B,11663.29,104812,5175,45
2025-07-07,Meta Ads,Invisalign,Clinic B,6035.38,81063,2261,17
2025-07-07,Google Ads,Root Canal,Clinic B,7225.99,101419,6163,35
2025-07-07,Google Ads,Dental Crown,Clinic B,6198.08,74815,3011,30
2025-07-07,Google Ads,Teeth Whitening,Clinic B,3373.0,47334,2335,29
2025-07-07,Meta Ads,General Dentistry,Clinic B,4262.63,73360,4360,37
2025-07-07,Meta Ads,Dental Implant,Clinic C,9474.24,114852,6438,34
2025-07-07,Google Ads,Invisalign,Clinic C,7389.32,117826,4271,24
2025-07-07,Instagram,Root Canal,Clinic C,7186.82,86865,2235,34
2025-07-07,Google Ads,Dental Crown,Clinic C,5233.09,55464,1547,23
2025-07-07,Instagram,Teeth Whitening,Clinic C,4000.35,44858,1627,30
2025-07-07,Meta Ads,General Dentistry,Clinic C,4939.98,43931,1669,44
2025-07-07,Google Ads,Dental Implant,Clinic D,10682.36,167060,5145,30
2025-07-07,Meta Ads,Invisalign,Clinic D,8700.66,154311,6810,24
2025-07-07,Meta Ads,Root Canal,Clinic D,8365.89,121563,6429,45
2025-07-07,Google Ads,Dental Crown,Clinic D,4818.31,72552,4339,31
2025-07-07,Meta Ads,Teeth Whitening,Clinic D,5498.52,82962,2379,54
2025-07-07,Meta Ads,General Dentistry,Clinic D,3718.99,63688,2859,35
2025-07-08,Google Ads,Dental Implant,Clinic A,12557.03,124896,6247,44
2025-07-08,Google Ads,Invisalign,Clinic A,9368.9,75652,4059,29
2025-07-08,Google Ads,Root Canal,Clinic A,5391.25,74164,2193,22
2025-07-08,Meta Ads,Dental Crown,Clinic A,3915.62,51270,2459,20
2025-07-08,Google Ads,Teeth Whitening,Clinic A,3689.16,53910,1462,35
2025-07-08,Meta Ads,General Dentistry,Clinic A,4850.97,50103,2978,52
2025-07-08,Google Ads,Dental Implant,Clinic B,9041.26,143449,7097,33
2025-07-08,Google Ads,Invisalign,Clinic B,8429.51,81583,3643,23
2025-07-08,Google Ads,Root Canal,Clinic B,7204.13,115741,6776,35
2025-07-08,Google Ads,Dental Crown,Clinic B,3849.02,65691,3157,20
2025-07-08,Google Ads,Teeth Whitening,Clinic B,2163.94,27567,1312,14
2025-07-08,Meta Ads,General Dentistry,Clinic B,5073.78,82727,4885,48
2025-07-08,Instagram,Dental Implant,Clinic C,11422.55,197234,5651,34
2025-07-08,Google Ads,Invisalign,Clinic C,8063.97,71912,4562,24
2025-07-08,Instagram,Root Canal,Clinic C,7155.6,92018,5521,40
2025-07-08,Google Ads,Dental Crown,Clinic C,3913.25,47081,1617,19
2025-07-08,Google Ads,Teeth Whitening,Clinic C,3087.47,48400,2137,35
2025-07-08,Google Ads,General Dentistry,Clinic C,4390.59,76503,4486,44
2025-07-08,Instagram,Dental Implant,Clinic D,8800.26,87390,3661,22
2025-07-08,Google Ads,Invisalign,Clinic D,6935.28,106677,5356,16
2025-07-08,Google Ads,Root Canal,Clinic D,7771.0,97310,4814,42
2025-07-08,Meta Ads,Dental Crown,Clinic D,3780.3,53449,3268,17
2025-07-08,Google Ads,Teeth Whitening,Clinic D,3660.96,57605,3059,32
2025-07-08,Meta Ads,General Dentistry,Clinic D,6035.53,61375,3540,56
2025-07-09,Google Ads,Dental Implant,Clinic A,10168.13,89004,4629,36
2025-07-09,Google Ads,Invisalign,Clinic A,9917.97,174298,9960,25
2025-07-09,Google Ads,Root Canal,Clinic A,5327.75,66042,1976,32
2025-07-09,Meta Ads,Dental Crown,Clinic A,5824.96,59618,1798,33
2025-07-09,Meta Ads,Teeth Whitening,Clinic A,2845.63,23178,1082,27
2025-07-09,Instagram,General Dentistry,Clinic A,3288.88,35587,1290,40
2025-07-09,Google Ads,Dental Implant,Clinic B,7721.98,73826,3629,30
2025-07-09,Instagram,Invisalign,Clinic B,6599.36,80124,4647,21
2025-07-09,Google Ads,Root Canal,Clinic B,5226.33,65466,3099,21
2025-07-09,Meta Ads,Dental Crown,Clinic B,4740.3,55415,3445,21
2025-07-09,Meta Ads,Teeth Whitening,Clinic B,3758.12,32202,1415,37
2025-07-09,Meta Ads,General Dentistry,Clinic B,5683.64,100141,3494,58
2025-07-09,Instagram,Dental Implant,Clinic C,10000.58,158338,9095,29
2025-07-09,Google Ads,Invisalign,Clinic C,8663.42,125139,4419,22
2025-07-09,Google Ads,Root Canal,Clinic C,7095.06,113783,6861,36
2025-07-09,Google Ads,Dental Crown,Clinic C,3882.85,60114,3645,25
2025-07-09,Meta Ads,Teeth Whitening,Clinic C,3376.81,48091,2115,33
2025-07-09,Meta Ads,General Dentistry,Clinic C,5909.1,84554,5029,61
2025-07-09,Meta Ads,Dental Implant,Clinic D,11358.72,167999,7100,39
2025-07-09,Instagram,Invisalign,Clinic D,6728.77,120836,7853,22
2025-07-09,Google Ads,Root Canal,Clinic D,6522.24,64258,4120,34
2025-07-09,Google Ads,Dental Crown,Clinic D,5938.99,96762,2443,34
2025-07-09,Google Ads,Teeth Whitening,Clinic D,3360.02,58398,3525,29
2025-07-09,Meta Ads,General Dentistry,Clinic D,4254.71,69272,3629,45
2025-07-10,Meta Ads,Dental Implant,Clinic A,8606.48,73044,2265,26
2025-07-10,Google Ads,Invisalign,Clinic A,10123.57,91970,2500,30
2025-07-10,Instagram,Root Canal,Clinic A,6324.71,57728,2678,29
2025-07-10,Google Ads,Dental Crown,Clinic A,4788.77,58911,2463,27
2025-07-10,Instagram,Teeth Whitening,Clinic A,3035.06,40773,2201,27
2025-07-10,Google Ads,General Dentistry,Clinic A,3738.37,45807,1449,38
2025-07-10,Google Ads,Dental Implant,Clinic B,11088.81,123253,7961,39
2025-07-10,Google Ads,Invisalign,Clinic B,9928.64,158293,10285,32
2025-07-10,Google Ads,Root Canal,Clinic B,8622.53,81587,3040,47
2025-07-10,Google Ads,Dental Crown,Clinic B,6081.16,84682,4541,29
2025-07-10,Meta Ads,Teeth Whitening,Clinic B,3517.34,49367,1823,34
2025-07-10,Google Ads,General Dentistry,Clinic B,4768.91,78728,4492,48
2025-07-10,Google Ads,Dental Implant,Clinic C,11078.64,157918,10002,38
2025-07-10,Meta Ads,Invisalign,Clinic C,8121.48,108384,6901,23
2025-07-10,Google Ads,Root Canal,Clinic C,4419.19,52837,1506,24
2025-07-10,Google Ads,Dental Crown,Clinic C,6504.47,111247,3812,38
2025-07-10,Meta Ads,Teeth Whitening,Clinic C,4200.92,44327,1769,39
2025-07-10,Google Ads,General Dentistry,Clinic C,3709.63,49360,2558,31
2025-07-10,Google Ads,Dental Implant,Clinic D,12093.32,199586,6224,45
2025-07-10,Google Ads,Invisalign,Clinic D,9725.51,113056,3192,27
2025-07-10,Meta Ads,Root Canal,Clinic D,7567.56,97611,3272,47
2025-07-10,Meta Ads,Dental Crown,Clinic D,5065.18,65295,4120,26
2025-07-10,Google Ads,Teeth Whitening,Clinic D,3605.63,36591,1704,27
2025-07-10,Meta Ads,General Dentistry,Clinic D,3556.79,30627,1496,41
2025-07-11,Meta Ads,Dental Implant,Clinic A,6324.49,76745,3577,21
2025-07-11,Google Ads,Invisalign,Clinic A,6634.27,64873,2641,19
2025-07-11,Meta Ads,Root Canal,Clinic A,5849.88,78269,2250,34
2025-07-11,Instagram,Dental Crown,Clinic A,3934.82,66880,2607,24
2025-07-11,Google Ads,Teeth Whitening,Clinic A,3417.7,28484,1454,23
2025-07-11,Instagram,General Dentistry,Clinic A,4895.35,77055,3025,50
2025-07-11,Google Ads,Dental Implant,Clinic B,7496.97,123770,5178,22
2025-07-11,Meta Ads,Invisalign,Clinic B,6917.46,115561,6581,17
2025-07-11,Meta Ads,Root Canal,Clinic B,6086.53,52194,3180,28
2025-07-11,Google Ads,Dental Crown,Clinic B,5628.45,80099,3998,31
2025-07-11,Meta Ads,Teeth Whitening,Clinic B,3409.98,31446,1410,38
2025-07-11,Google Ads,General Dentistry,Clinic B,4157.37,47913,1303,41
2025-07-11,Google Ads,Dental Implant,Clinic C,7001.21,82366,2831,24
2025-07-11,Google Ads,Invisalign,Clinic C,8126.03,77106,4227,26
2025-07-11,Google Ads,Root Canal,Clinic C,7028.06,86196,5239,31
2025-07-11,Meta Ads,Dental Crown,Clinic C,4904.04,74871,3669,21
2025-07-11,Google Ads,Teeth Whitening,Clinic C,4492.51,59255,1656,36
2025-07-11,Meta Ads,General Dentistry,Clinic C,5578.15,50891,1274,55
2025-07-11,Meta Ads,Dental Implant,Clinic D,9578.96,93026,3516,30
2025-07-11,Meta Ads,Invisalign,Clinic D,8704.17,131143,4490,20
2025-07-11,Google Ads,Root Canal,Clinic D,8393.39,135428,3584,40
2025-07-11,Meta Ads,Dental Crown,Clinic D,4519.67,60055,3267,18
2025-07-11,Google Ads,Teeth Whitening,Clinic D,3750.91,46543,1554,29
2025-07-11,Google Ads,General Dentistry,Clinic D,4313.2,52213,1407,45
2025-07-12,Meta Ads,Dental Implant,Clinic A,9175.36,110806,4486,30
2025-07-12,Meta Ads,Invisalign,Clinic A,7819.45,97541,6217,28
2025-07-12,Google Ads,Root Canal,Clinic A,6980.65,63309,1985,39
2025-07-12,Google Ads,Dental Crown,Clinic A,5086.73,44610,1358,26
2025-07-12,Google Ads,Teeth Whitening,Clinic A,2547.72,30468,1192,24
2025-07-12,Google Ads,General Dentistry,Clinic A,4384.48,72393,4125,41
2025-07-12,Google Ads,Dental Implant,Clinic B,8351.64,133169,3873,28
2025-07-12,Google Ads,Invisalign,Clinic B,8537.24,102480,2660,25
2025-07-12,Meta Ads,Root Canal,Clinic B,6797.23,75987,3791,29
2025-07-12,Google Ads,Dental Crown,Clinic B,5398.83,72281,2724,27
2025-07-12,Meta Ads,Teeth Whitening,Clinic B,2941.91,34591,1178,21
2025-07-12,Google Ads,General Dentistry,Clinic B,4305.18,38774,1912,35
2025-07-12,Meta Ads,Dental Implant,Clinic C,10496.76,186991,10435,41
2025-07-12,Instagram,Invisalign,Clinic C,5408.52,72039,3145,16
2025-07-12,Google Ads,Root Canal,Clinic C,7954.87,122594,6222,40
2025-07-12,Meta Ads,Dental Crown,Clinic C,4108.44,39134,1884,14
2025-07-12,Google Ads,Teeth Whitening,Clinic C,3398.03,28633,717,34
2025-07-12,Meta Ads,General Dentistry,Clinic C,5596.92,86715,2178,58
2025-07-12,Google Ads,Dental Implant,Clinic D,8273.94,80933,3905,26
2025-07-12,Google Ads,Invisalign,Clinic D,7456.85,99574,5921,23
2025-07-12,Google Ads,Root Canal,Clinic D,6074.47,100805,5269,35
2025-07-12,Meta Ads,Dental Crown,Clinic D,4151.56,65047,3881,22
2025-07-12,Instagram,Teeth Whitening,Clinic D,1887.11,26107,962,17
2025-07-12,Google Ads,General Dentistry,Clinic D,5549.08,91751,2775,56
2025-07-13,Google Ads,Dental Implant,Clinic A,9609.28,96362,4770,27
2025-07-13,Meta Ads,Invisalign,Clinic A,7022.57,68938,3599,15
2025-07-13,Meta Ads,Root Canal,Clinic A,5215.87,70484,1876,24
2025-07-13,Meta Ads,Dental Crown,Clinic A,7149.67,98650,4244,36
2025-07-13,Meta Ads,Teeth Whitening,Clinic A,3380.95,51048,2024,27
2025-07-13,Google Ads,General Dentistry,Clinic A,3729.4,49729,3149,47
2025-07-13,Google Ads,Dental Implant,Clinic B,8426.7,121949,4011,28
2025-07-13,Meta Ads,Invisalign,Clinic B,7055.46,92833,4585,14
2025-07-13,Google Ads,Root Canal,Clinic B,6972.8,86595,2364,32
2025-07-13,Meta Ads,Dental Crown,Clinic B,6031.52,54711,2402,21
2025-07-13,Meta Ads,Teeth Whitening,Clinic B,3702.87,36209,1352,29
2025-07-13,Google Ads,General Dentistry,Clinic B,3888.28,41357,2473,41
2025-07-13,Meta Ads,Dental Implant,Clinic C,5763.59,91740,4357,19
2025-07-13,Google Ads,Invisalign,Clinic C,7362.97,128753,6531,13
2025-07-13,Meta Ads,Root Canal,Clinic C,6826.81,82403,2099,35
2025-07-13,Meta Ads,Dental Crown,Clinic C,3925.75,32306,2089,21
2025-07-13,Meta Ads,Teeth Whitening,Clinic C,2216.67,19333,982,18
2025-07-13,Google Ads,General Dentistry,Clinic C,4050.14,64697,3628,34
2025-07-13,Google Ads,Dental Implant,Clinic D,8133.53,95844,3041,26
2025-07-13,Instagram,Invisalign,Clinic D,7349.12,94860,6007,22
2025-07-13,Google Ads,Root Canal,Clinic D,4169.88,53885,2632,19
2025-07-13,Google Ads,Dental Crown,Clinic D,5152.84,91862,4101,27
2025-07-13,Meta Ads,Teeth Whitening,Clinic D,3292.12,37163,2013,33
2025-07-13,Instagram,General Dentistry,Clinic D,4146.13,47889,2607,44
2025-07-14,Google Ads,Dental Implant,Clinic A,9050.53,98891,3605,34
2025-07-14,Meta Ads,Invisalign,Clinic A,9636.86,153448,8619,26
2025-07-14,Meta Ads,Root Canal,Clinic A,3621.47,50004,2304,19
2025-07-14,Google Ads,Dental Crown,Clinic A,2943.36,42912,2506,15
2025-07-14,Meta Ads,Teeth Whitening,Clinic A,3579.48,29017,1735,24
2025-07-14,Google Ads,General Dentistry,Clinic A,3555.33,52551,2460,34
2025-07-14,Google Ads,Dental Implant,Clinic B,6946.88,109457,3900,23
2025-07-14,Meta Ads,Invisalign,Clinic B,6572.07,112294,4424,17
2025-07-14,Google Ads,Root Canal,Clinic B,7059.72,114151,6292,44
2025-07-14,Instagram,Dental Crown,Clinic B,4033.98,47145,2645,13
2025-07-14,Meta Ads,Teeth Whitening,Clinic B,3157.69,31969,858,23
2025-07-14,Google Ads,General Dentistry,Clinic B,3943.38,64963,3474,38
2025-07-14,Meta Ads,Dental Implant,Clinic C,11509.41,105128,2872,42
2025-07-14,Instagram,Invisalign,Clinic C,7268.78,69754,4183,20
2025-07-14,Google Ads,Root Canal,Clinic C,8880.26,156813,4008,45
2025-07-14,Meta Ads,Dental Crown,Clinic C,3037.33,46053,2203,17
2025-07-14,Meta Ads,Teeth Whitening,Clinic C,3658.06,48983,1366,33
2025-07-14,Google Ads,General Dentistry,Clinic C,4968.2,73725,4561,54
2025-07-14,Google Ads,Dental Implant,Clinic D,7521.6,101435,4930,24
2025-07-14,Meta Ads,Invisalign,Clinic D,7946.41,66313,4097,23
2025-07-14,Google Ads,Root Canal,Clinic D,5594.74,91136,5582,32
2025-07-14,Google Ads,Dental Crown,Clinic D,4690.32,78056,2423,21
2025-07-14,Meta Ads,Teeth Whitening,Clinic D,3457.95,52871,1458,28
2025-07-14,Google Ads,General Dentistry,Clinic D,4083.78,59930,3037,42
2025-07-15,Meta Ads,Dental Implant,Clinic A,8398.35,119405,7196,22
2025-07-15,Meta Ads,Invisalign,Clinic A,6035.63,61364,3531,19
2025-07-15,Meta Ads,Root Canal,Clinic A,6777.61,114525,5939,35
2025-07-15,Google Ads,Dental Crown,Clinic A,5340.21,66403,3785,29
2025-07-15,Instagram,Teeth Whitening,Clinic A,4868.07,43143,2204,43
2025-07-15,Google Ads,General Dentistry,Clinic A,3938.94,51017,2338,40
2025-07-15,Meta Ads,Dental Implant,Clinic B,10299.09,155143,7798,37
2025-07-15,Instagram,Invisalign,Clinic B,5319.35,45703,2122,18
2025-07-15,Google Ads,Root Canal,Clinic B,5879.91,84722,5122,30
2025-07-15,Google Ads,Dental Crown,Clinic B,4735.09,72122,2033,27
2025-07-15,Google Ads,Teeth Whitening,Clinic B,2861.31,28169,1491,24
2025-07-15,Google Ads,General Dentistry,Clinic B,5557.61,84443,4119,49
2025-07-15,Meta Ads,Dental Implant,Clinic C,8856.7,114019,6369,37
2025-07-15,Instagram,Invisalign,Clinic C,8205.6,135528,3728,23
2025-07-15,Instagram,Root Canal,Clinic C,6388.0,103180,3681,27
2025-07-15,Google Ads,Dental Crown,Clinic C,4609.94,78464,4098,22
2025-07-15,Meta Ads,Teeth Whitening,Clinic C,3110.7,52490,3293,26
2025-07-15,Google Ads,General Dentistry,Clinic C,2449.15,37677,1396,29
2025-07-15,Meta Ads,Dental Implant,Clinic D,7747.93,91289,3036,21
2025-07-15,Meta Ads,Invisalign,Clinic D,10440.4,83935,4399,31
2025-07-15,Google Ads,Root Canal,Clinic D,6896.95,101257,4548,33
2025-07-15,Google Ads,Dental Crown,Clinic D,5291.67,70358,1889,26
2025-07-15,Meta Ads,Teeth Whitening,Clinic D,4157.41,65234,1978,42
2025-07-15,Google Ads,General Dentistry,Clinic D,2150.13,21165,1103,18
2025-07-16,Meta Ads,Dental Implant,Clinic A,7515.61,79464,2872,20
2025-07-16,Google Ads,Invisalign,Clinic A,6916.84,88874,4416,8
2025-07-16,Google Ads,Root Canal,Clinic A,10718.54,96112,4822,64
2025-07-16,Google Ads,Dental Crown,Clinic A,5122.44,43459,1854,26
2025-07-16,Meta Ads,Teeth Whitening,Clinic A,3501.86,39157,1749,32
2025-07-16,Google Ads,General Dentistry,Clinic A,5344.36,50029,2311,52
2025-07-16,Meta Ads,Dental Implant,Clinic B,10808.65,158206,6891,32
2025-07-16,Meta Ads,Invisalign,Clinic B,8477.47,116039,5785,28
2025-07-16,Meta Ads,Root Canal,Clinic B,7840.6,135164,6741,39
2025-07-16,Instagram,Dental Crown,Clinic B,4558.31,59076,2824,31
2025-07-16,Instagram,Teeth Whitening,Clinic B,3580.01,33057,1708,41
2025-07-16,Meta Ads,General Dentistry,Clinic B,4358.1,69531,2524,45
2025-07-16,Google Ads,Dental Implant,Clinic C,6198.77,74580,3988,18
2025-07-16,Google Ads,Invisalign,Clinic C,7762.46,110360,7052,21
2025-07-16,Meta Ads,Root Canal,Clinic C,6502.02,86003,4650,33
2025-07-16,Meta Ads,Dental Crown,Clinic C,5385.81,52733,3346,28
2025-07-16,Instagram,Teeth Whitening,Clinic C,4138.46,73631,2553,42
2025-07-16,Meta Ads,General Dentistry,Clinic C,3551.82,32952,1746,34
2025-07-16,Google Ads,Dental Implant,Clinic D,6696.81,83966,4592,24
2025-07-16,Meta Ads,Invisalign,Clinic D,8110.39,80636,4909,27
2025-07-16,Google Ads,Root Canal,Clinic D,6074.89,87245,2757,33
2025-07-16,Google Ads,Dental Crown,Clinic D,4823.52,65201,1890,26
2025-07-16,Meta Ads,Teeth Whitening,Clinic D,2886.8,30378,897,21
2025-07-16,Meta Ads,General Dentistry,Clinic D,5889.86,83983,2397,49
2025-07-17,Google Ads,Dental Implant,Clinic A,6249.21,61955,3051,24
2025-07-17,Meta Ads,Invisalign,Clinic A,6844.61,61530,3791,24
2025-07-17,Meta Ads,Root Canal,Clinic A,5219.19,86974,3981,29
2025-07-17,Meta Ads,Dental Crown,Clinic A,4825.08,68468,2106,28
2025-07-17,Google Ads,Teeth Whitening,Clinic A,3150.09,46025,1678,26
2025-07-17,Google Ads,General Dentistry,Clinic A,4404.85,51976,2994,49
2025-07-17,Meta Ads,Dental Implant,Clinic B,8086.46,142476,8825,30
2025-07-17,Meta Ads,Invisalign,Clinic B,8996.89,145534,5753,22
2025-07-17,Google Ads,Root Canal,Clinic B,7187.01,75591,3890,31
2025-07-17,Google Ads,Dental Crown,Clinic B,5495.42,48017,2400,25
2025-07-17,Instagram,Teeth Whitening,Clinic B,2880.7,49008,2259,31
2025-07-17,Meta Ads,General Dentistry,Clinic B,4072.83,43577,2515,40
2025-07-17,Google Ads,Dental Implant,Clinic C,11893.63,128738,7399,34
2025-07-17,Instagram,Invisalign,Clinic C,8165.56,93857,4427,20
2025-07-17,Meta Ads,Root Canal,Clinic C,6851.7,116162,3797,30
2025-07-17,Google Ads,Dental Crown,Clinic C,4987.44,83295,3897,24
2025-07-17,Google Ads,Teeth Whitening,Clinic C,3545.28,62882,3459,35
2025-07-17,Instagram,General Dentistry,Clinic C,6284.14,58707,3667,64
2025-07-17,Google Ads,Dental Implant,Clinic D,7084.53,119388,3511,29
2025-07-17,Instagram,Invisalign,Clinic D,8647.98,112734,5042,25
2025-07-17,Google Ads,Root Canal,Clinic D,5572.34,62816,3100,27
2025-07-17,Google Ads,Dental Crown,Clinic D,5289.79,47146,1633,28
2025-07-17,Google Ads,Teeth Whitening,Clinic D,3966.02,66610,4063,37
2025-07-17,Google Ads,General Dentistry,Clinic D,6021.62,103249,5870,62
2025-07-18,Meta Ads,Dental Implant,Clinic A,5584.98,45331,1395,19
2025-07-18,Google Ads,Invisalign,Clinic A,10219.0,172805,8153,32
2025-07-18,Google Ads,Root Canal,Clinic A,5456.58,49571,1247,35
2025-07-18,Meta Ads,Dental Crown,Clinic A,5269.12,43604,1472,31
2025-07-18,Instagram,Teeth Whitening,Clinic A,4138.01,66469,4088,41
2025-07-18,Google Ads,General Dentistry,Clinic A,4193.04,72839,2201,41
2025-07-18,Google Ads,Dental Implant,Clinic B,11688.63,204864,9804,34
2025-07-18,Meta Ads,Invisalign,Clinic B,9834.71,82864,4591,29
2025-07-18,Google Ads,Root Canal,Clinic B,7317.04,104352,4441,40
2025-07-18,Meta Ads,Dental Crown,Clinic B,5635.34,52846,1700,26
2025-07-18,Google Ads,Teeth Whitening,Clinic B,1940.85,27387,743,21
2025-07-18,Google Ads,General Dentistry,Clinic B,4364.05,55040,2313,51
2025-07-18,Google Ads,Dental Implant,Clinic C,8561.09,122039,7221,38
2025-07-18,Meta Ads,Invisalign,Clinic C,7466.44,88846,2956,26
2025-07-18,Google Ads,Root Canal,Clinic C,7032.72,109159,5119,37
2025-07-18,Google Ads,Dental Crown,Clinic C,4677.15,62404,3117,23
2025-07-18,Google Ads,Teeth Whitening,Clinic C,3314.66,35036,1625,28
2025-07-18,Google Ads,General Dentistry,Clinic C,3729.29,49496,1828,32
2025-07-18,Google Ads,Dental Implant,Clinic D,8214.57,109991,4905,31
2025-07-18,Google Ads,Invisalign,Clinic D,8872.21,138032,8079,23
2025-07-18,Google Ads,Root Canal,Clinic D,5358.39,94742,5107,30
2025-07-18,Google Ads,Dental Crown,Clinic D,5424.71,97206,4183,22
2025-07-18,Meta Ads,Teeth Whitening,Clinic D,3002.53,39320,2283,26
2025-07-18,Google Ads,General Dentistry,Clinic D,5536.03,63854,4092,54
2025-07-19,Google Ads,Dental Implant,Clinic A,7869.17,89108,4797,29
2025-07-19,Google Ads,Invisalign,Clinic A,7633.67,80213,2217,20
2025-07-19,Instagram,Root Canal,Clinic A,7711.74,92003,5946,36
2025-07-19,Google Ads,Dental Crown,Clinic A,4038.64,61278,2747,14
2025-07-19,Meta Ads,Teeth Whitening,Clinic A,3189.1,51150,2284,32
2025-07-19,Google Ads,General Dentistry,Clinic A,5256.19,62491,1795,50
2025-07-19,Meta Ads,Dental Implant,Clinic B,6674.47,75939,3155,23
2025-07-19,Google Ads,Invisalign,Clinic B,6027.5,88505,5328,13
2025-07-19,Google Ads,Root Canal,Clinic B,4409.22,78815,4430,22
2025-07-19,Google Ads,Dental Crown,Clinic B,4241.88,67319,2994,22
2025-07-19,Meta Ads,Teeth Whitening,Clinic B,2698.3,21937,1312,25
2025-07-19,Google Ads,General Dentistry,Clinic B,4023.29,66495,3241,42
2025-07-19,Google Ads,Dental Implant,Clinic C,6954.82,84751,4911,26
2025-07-19,Google Ads,Invisalign,Clinic C,9112.85,138465,4368,22
2025-07-19,Instagram,Root Canal,Clinic C,5245.55,60370,2771,33
2025-07-19,Google Ads,Dental Crown,Clinic C,4691.23,68163,3890,26
2025-07-19,Instagram,Teeth Whitening,Clinic C,3780.92,67424,1868,31
2025-07-19,Google Ads,General Dentistry,Clinic C,3989.5,44661,2766,37
2025-07-19,Meta Ads,Dental Implant,Clinic D,8995.48,150738,6990,28
2025-07-19,Google Ads,Invisalign,Clinic D,7867.8,90486,3551,23
2025-07-19,Google Ads,Root Canal,Clinic D,5313.86,67222,2389,32
2025-07-19,Meta Ads,Dental Crown,Clinic D,4918.42,79502,2683,28
2025-07-19,Google Ads,Teeth Whitening,Clinic D,3848.58,31065,1378,45
2025-07-19,Meta Ads,General Dentistry,Clinic D,3682.61,39319,2106,35
2025-07-20,Google Ads,Dental Implant,Clinic A,8090.74,107551,4516,26
2025-07-20,Meta Ads,Invisalign,Clinic A,10068.01,174769,8327,22
2025-07-20,Google Ads,Root Canal,Clinic A,4931.58,67452,4269,26
2025-07-20,Google Ads,Dental Crown,Clinic A,3992.42,49775,2547,22
2025-07-20,Google Ads,Teeth Whitening,Clinic A,3555.9,62711,2356,34
2025-07-20,Google Ads,General Dentistry,Clinic A,3865.41,60187,2798,41
2025-07-20,Google Ads,Dental Implant,Clinic B,10811.64,167495,9484,33
2025-07-20,Meta Ads,Invisalign,Clinic B,5286.95,92444,5822,21
2025-07-20,Google Ads,Root Canal,Clinic B,4608.83,56262,3315,28
2025-07-20,Google Ads,Dental Crown,Clinic B,3807.2,44855,1130,23
2025-07-20,Instagram,Teeth Whitening,Clinic B,3669.48,49964,2903,31
2025-07-20,Meta Ads,General Dentistry,Clinic B,4531.06,64178,3968,46
2025-07-20,Google Ads,Dental Implant,Clinic C,11291.95,106269,6098,32
2025-07-20,Meta Ads,Invisalign,Clinic C,7936.05,85796,4321,24
2025-07-20,Meta Ads,Root Canal,Clinic C,5280.3,53593,3289,23
2025-07-20,Google Ads,Dental Crown,Clinic C,5599.07,70972,2116,25
2025-07-20,Google Ads,Teeth Whitening,Clinic C,3818.75,45662,1353,34
2025-07-20,Instagram,General Dentistry,Clinic C,3611.07,50954,2921,35
2025-07-20,Meta Ads,Dental Implant,Clinic D,7257.11,122128,4000,21
2025-07-20,Meta Ads,Invisalign,Clinic D,7912.94,141240,7112,21
2025-07-20,Google Ads,Root Canal,Clinic D,5339.78,92850,3193,33
2025-07-20,Google Ads,Dental Crown,Clinic D,5904.11,81268,2972,35
2025-07-20,Meta Ads,Teeth Whitening,Clinic D,3476.39,44506,2438,34
2025-07-20,Meta Ads,General Dentistry,Clinic D,5651.13,72053,4431,55
2025-07-21,Google Ads,Dental Implant,Clinic A,7889.52,108993,5588,23
2025-07-21,Instagram,Invisalign,Clinic A,8472.34,72376,4697,8
2025-07-21,Instagram,Root Canal,Clinic A,6619.62,75982,3201,31
2025-07-21,Meta Ads,Dental Crown,Clinic A,4866.27,52218,1477,16
2025-07-21,Meta Ads,Teeth Whitening,Clinic A,4050.85,70686,2016,35
2025-07-21,Meta Ads,General Dentistry,Clinic A,4900.13,55307,2012,53
2025-07-21,Google Ads,Dental Implant,Clinic B,9763.5,82895,2445,31
2025-07-21,Meta Ads,Invisalign,Clinic B,9797.52,105380,3875,31
2025-07-21,Google Ads,Root Canal,Clinic B,5780.94,86536,3889,25
2025-07-21,Instagram,Dental Crown,Clinic B,3389.65,33279,1124,22
2025-07-21,Google Ads,Teeth Whitening,Clinic B,3843.51,60623,2244,34
2025-07-21,Meta Ads,General Dentistry,Clinic B,4662.02,61156,1861,48
2025-07-21,Google Ads,Dental Implant,Clinic C,10068.08,96124,4453,29
2025-07-21,Google Ads,Invisalign,Clinic C,7265.39,129338,6802,21
2025-07-21,Meta Ads,Root Canal,Clinic C,5701.46,96660,4819,31
2025-07-21,Google Ads,Dental Crown,Clinic C,6112.56,97856,4016,35
2025-07-21,Google Ads,Teeth Whitening,Clinic C,3872.68,61714,3014,36
2025-07-21,Meta Ads,General Dentistry,Clinic C,5258.61,90431,4604,59
2025-07-21,Google Ads,Dental Implant,Clinic D,8660.49,96667,4596,26
2025-07-21,Google Ads,Invisalign,Clinic D,8853.71,110084,2985,21
2025-07-21,Google Ads,Root Canal,Clinic D,6443.46,84540,3126,37
2025-07-21,Meta Ads,Dental Crown,Clinic D,4886.7,46282,1470,23
2025-07-21,Google Ads,Teeth Whitening,Clinic D,4674.53,54197,3231,44
2025-07-21,Google Ads,General Dentistry,Clinic D,3808.83,36849,2260,38
2025-07-22,Instagram,Dental Implant,Clinic A,7963.0,70793,1922,22
2025-07-22,Meta Ads,Invisalign,Clinic A,10935.95,150925,3844,33
2025-07-22,Google Ads,Root Canal,Clinic A,7428.73,70898,2106,40
2025-07-22,Instagram,Dental Crown,Clinic A,5147.93,47793,2811,26
2025-07-22,Google Ads,Teeth Whitening,Clinic A,2643.72,40319,1817,23
2025-07-22,Meta Ads,General Dentistry,Clinic A,3668.15,62230,2188,30
2025-07-22,Instagram,Dental Implant,Clinic B,9023.66,119818,5743,33
2025-07-22,Meta Ads,Invisalign,Clinic B,6544.78,107221,6477,19
2025-07-22,Instagram,Root Canal,Clinic B,4838.01,44480,2045,23
2025-07-22,Google Ads,Dental Crown,Clinic B,4199.12,41958,1784,22
2025-07-22,Google Ads,Teeth Whitening,Clinic B,2907.42,48861,2756,28
2025-07-22,Meta Ads,General Dentistry,Clinic B,4094.5,35887,1887,40
2025-07-22,Instagram,Dental Implant,Clinic C,9377.15,136248,7094,30
2025-07-22,Meta Ads,Invisalign,Clinic C,8215.93,105434,6164,20
2025-07-22,Google Ads,Root Canal,Clinic C,9634.74,133608,5477,51
2025-07-22,Google Ads,Dental Crown,Clinic C,4521.43,64192,2771,19
2025-07-22,Meta Ads,Teeth Whitening,Clinic C,2332.62,30257,1191,24
2025-07-22,Google Ads,General Dentistry,Clinic C,4182.54,44137,2373,34
2025-07-22,Meta Ads,Dental Implant,Clinic D,9336.94,75238,3385,35
2025-07-22,Google Ads,Invisalign,Clinic D,8560.17,146651,5983,32
2025-07-22,Instagram,Root Canal,Clinic D,7083.81,87696,3645,39
2025-07-22,Google Ads,Dental Crown,Clinic D,5118.55,81790,4479,26
2025-07-22,Meta Ads,Teeth Whitening,Clinic D,4366.93,58031,3400,35
2025-07-22,Google Ads,General Dentistry,Clinic D,4991.91,42926,2515,55
2025-07-23,Google Ads,Dental Implant,Clinic A,12131.47,174045,6013,38
2025-07-23,Meta Ads,Invisalign,Clinic A,7551.49,82294,2255,25
2025-07-23,Meta Ads,Root Canal,Clinic A,5332.67,92530,2975,36
2025-07-23,Meta Ads,Dental Crown,Clinic A,5764.63,89077,3415,30
2025-07-23,Meta Ads,Teeth Whitening,Clinic A,3311.14,45418,1897,31
2025-07-23,Instagram,General Dentistry,Clinic A,5773.14,96334,5410,67
2025-07-23,Google Ads,Dental Implant,Clinic B,5232.68,60342,3272,19
2025-07-23,Meta Ads,Invisalign,Clinic B,8704.95,110001,4250,19
2025-07-23,Google Ads,Root Canal,Clinic B,7110.07,118359,5418,30
2025-07-23,Google Ads,Dental Crown,Clinic B,3234.67,40686,2397,16
2025-07-23,Google Ads,Teeth Whitening,Clinic B,3106.66,43298,1820,31
2025-07-23,Instagram,General Dentistry,Clinic B,4160.39,42332,2503,46
2025-07-23,Meta Ads,Dental Implant,Clinic C,5581.4,53448,2566,23
2025-07-23,Meta Ads,Invisalign,Clinic C,6946.84,100795,5066,19
2025-07-23,Meta Ads,Root Canal,Clinic C,6032.61,76605,4165,28
2025-07-23,Google Ads,Dental Crown,Clinic C,4448.44,65200,4073,28
2025-07-23,Meta Ads,Teeth Whitening,Clinic C,3384.99,46650,2422,28
2025-07-23,Google Ads,General Dentistry,Clinic C,2928.64,43870,2699,24
2025-07-23,Meta Ads,Dental Implant,Clinic D,9463.16,120951,3098,24
2025-07-23,Instagram,Invisalign,Clinic D,8985.32,131562,7015,25
2025-07-23,Google Ads,Root Canal,Clinic D,6161.47,108390,5381,33
2025-07-23,Google Ads,Dental Crown,Clinic D,5791.81,91195,3350,35
2025-07-23,Google Ads,Teeth Whitening,Clinic D,3609.22,43378,1372,33
2025-07-23,Google Ads,General Dentistry,Clinic D,3724.07,47897,2787,34
2025-07-24,Meta Ads,Dental Implant,Clinic A,9349.02,145873,4416,31
2025-07-24,Google Ads,Invisalign,Clinic A,11318.79,167717,6376,29
2025-07-24,Google Ads,Root Canal,Clinic A,6624.47,66034,4089,35
2025-07-24,Google Ads,Dental Crown,Clinic A,4877.35,80377,3453,23
2025-07-24,Meta Ads,Teeth Whitening,Clinic A,2955.54,50996,1430,25
2025-07-24,Meta Ads,General Dentistry,Clinic A,3961.36,49869,2817,39
2025-07-24,Google Ads,Dental Implant,Clinic B,7758.51,123457,7894,22
2025-07-24,Google Ads,Invisalign,Clinic B,10122.01,126455,3562,33
2025-07-24,Instagram,Root Canal,Clinic B,6304.26,102189,6227,35
2025-07-24,Meta Ads,Dental Crown,Clinic B,6357.29,107521,3071,37
2025-07-24,Google Ads,Teeth Whitening,Clinic B,3295.05,29801,1248,30
2025-07-24,Google Ads,General Dentistry,Clinic B,4260.84,58695,1490,45
2025-07-24,Meta Ads,Dental Implant,Clinic C,7321.4,85150,2663,26
2025-07-24,Google Ads,Invisalign,Clinic C,7162.46,119878,3974,31
2025-07-24,Google Ads,Root Canal,Clinic C,6605.8,66971,3905,34
2025-07-24,Meta Ads,Dental Crown,Clinic C,5304.5,51714,2740,27
2025-07-24,Google Ads,Teeth Whitening,Clinic C,4438.72,63662,3476,39
2025-07-24,Meta Ads,General Dentistry,Clinic C,4481.97,80031,4546,42
2025-07-24,Google Ads,Dental Implant,Clinic D,10613.36,99464,5998,31
2025-07-24,Google Ads,Invisalign,Clinic D,9683.04,147179,6537,28
2025-07-24,Google Ads,Root Canal,Clinic D,6996.6,62645,1645,37
2025-07-24,Google Ads,Dental Crown,Clinic D,3421.6,51930,2384,23
2025-07-24,Google Ads,Teeth Whitening,Clinic D,3420.92,28737,783,31
2025-07-24,Meta Ads,General Dentistry,Clinic D,4909.58,53205,2376,50
2025-07-25,Google Ads,Dental Implant,Clinic A,10829.52,88793,4243,37
2025-07-25,Google Ads,Invisalign,Clinic A,6525.54,106122,2729,15
2025-07-25,Instagram,Root Canal,Clinic A,8284.99,104034,5543,45
2025-07-25,Google Ads,Dental Crown,Clinic A,4267.32,73906,4598,31
2025-07-25,Meta Ads,Teeth Whitening,Clinic A,3968.3,59778,3823,39
2025-07-25,Meta Ads,General Dentistry,Clinic A,4274.91,49377,1912,43
2025-07-25,Meta Ads,Dental Implant,Clinic B,9678.87,152106,4056,35
2025-07-25,Google Ads,Invisalign,Clinic B,8334.23,95817,5321,29
2025-07-25,Instagram,Root Canal,Clinic B,5577.3,60976,3096,24
2025-07-25,Meta Ads,Dental Crown,Clinic B,3659.55,41033,2252,19
2025-07-25,Instagram,Teeth Whitening,Clinic B,2455.86,35994,1820,22
2025-07-25,Instagram,General Dentistry,Clinic B,5191.3,76345,4473,49
2025-07-25,Google Ads,Dental Implant,Clinic C,8852.88,139391,4840,34
2025-07-25,Google Ads,Invisalign,Clinic C,9860.15,129207,4452,19
2025-07-25,Instagram,Root Canal,Clinic C,7953.24,125874,8049,40
2025-07-25,Instagram,Dental Crown,Clinic C,5207.15,59251,2719,32
2025-07-25,Meta Ads,Teeth Whitening,Clinic C,3696.93,62701,2095,31
2025-07-25,Meta Ads,General Dentistry,Clinic C,4502.32,56634,2780,47
2025-07-25,Google Ads,Dental Implant,Clinic D,10713.14,120238,4234,37
2025-07-25,Instagram,Invisalign,Clinic D,11214.94,185644,9965,29
2025-07-25,Google Ads,Root Canal,Clinic D,6469.83,67833,2834,32
2025-07-25,Google Ads,Dental Crown,Clinic D,5334.46,53128,1999,31
2025-07-25,Meta Ads,Teeth Whitening,Clinic D,4476.91,78447,4134,49
2025-07-25,Google Ads,General Dentistry,Clinic D,4452.66,61472,3551,47
2025-07-26,Google Ads,Dental Implant,Clinic A,10859.23,166865,6511,36
2025-07-26,Meta Ads,Invisalign,Clinic A,8492.03,120593,7434,21
2025-07-26,Meta Ads,Root Canal,Clinic A,7724.23,65095,1653,39
2025-07-26,Google Ads,Dental Crown,Clinic A,4654.83,51463,2224,23
2025-07-26,Meta Ads,Teeth Whitening,Clinic A,3671.04,49253,2957,33
2025-07-26,Meta Ads,General Dentistry,Clinic A,4467.8,71774,4397,42
2025-07-26,Meta Ads,Dental Implant,Clinic B,9322.66,94015,4450,33
2025-07-26,Meta Ads,Invisalign,Clinic B,7119.49,73829,3876,21
2025-07-26,Meta Ads,Root Canal,Clinic B,6167.04,51450,1322,34
2025-07-26,Instagram,Dental Crown,Clinic B,6267.6,76083,2551,28
2025-07-26,Meta Ads,Teeth Whitening,Clinic B,3341.45,45499,2192,31
2025-07-26,Meta Ads,General Dentistry,Clinic B,3441.2,60015,3490,34
2025-07-26,Google Ads,Dental Implant,Clinic C,7529.35,83688,3066,32
2025-07-26,Meta Ads,Invisalign,Clinic C,9901.23,131427,5600,24
2025-07-26,Google Ads,Root Canal,Clinic C,8435.55,70586,2835,46
2025-07-26,Google Ads,Dental Crown,Clinic C,5913.74,102289,6179,33
2025-07-26,Meta Ads,Teeth Whitening,Clinic C,2596.31,40163,2168,25
2025-07-26,Google Ads,General Dentistry,Clinic C,4381.75,56905,2154,43
2025-07-26,Instagram,Dental Implant,Clinic D,8892.13,149033,9681,28
2025-07-26,Meta Ads,Invisalign,Clinic D,7688.11,114586,4835,28
2025-07-26,Meta Ads,Root Canal,Clinic D,7072.74,77150,2793,30
2025-07-26,Google Ads,Dental Crown,Clinic D,4448.12,77020,3325,22
2025-07-26,Meta Ads,Teeth Whitening,Clinic D,2483.31,19870,579,24
2025-07-26,Meta Ads,General Dentistry,Clinic D,4351.38,74531,4271,42
2025-07-27,Google Ads,Dental Implant,Clinic A,9392.5,109413,4913,40
2025-07-27,Google Ads,Invisalign,Clinic A,7311.02,74030,2777,16
2025-07-27,Google Ads,Root Canal,Clinic A,4884.88,86510,2557,28
2025-07-27,Google Ads,Dental Crown,Clinic A,5150.69,79706,3775,23
2025-07-27,Meta Ads,Teeth Whitening,Clinic A,2840.72,28000,1100,26
2025-07-27,Instagram,General Dentistry,Clinic A,5358.85,46871,2459,53
2025-07-27,Google Ads,Dental Implant,Clinic B,10540.47,151846,6602,32
2025-07-27,Meta Ads,Invisalign,Clinic B,7174.21,97143,4719,17
2025-07-27,Google Ads,Root Canal,Clinic B,5274.59,42779,2618,27
2025-07-27,Google Ads,Dental Crown,Clinic B,4353.08,57358,3605,19
2025-07-27,Meta Ads,Teeth Whitening,Clinic B,3204.83,33468,2117,24
2025-07-27,Google Ads,General Dentistry,Clinic B,4460.96,66775,2682,39
2025-07-27,Google Ads,Dental Implant,Clinic C,9686.36,159621,8839,33
2025-07-27,Meta Ads,Invisalign,Clinic C,8227.28,85665,2238,20
2025-07-27,Google Ads,Root Canal,Clinic C,6715.44,63317,3724,32
2025-07-27,Instagram,Dental Crown,Clinic C,6361.44,67425,3453,25
2025-07-27,Instagram,Teeth Whitening,Clinic C,3043.2,52086,2538,24
2025-07-27,Google Ads,General Dentistry,Clinic C,4935.88,76163,2396,53
2025-07-27,Meta Ads,Dental Implant,Clinic D,9828.96,147604,4306,22
2025-07-27,Google Ads,Invisalign,Clinic D,8310.7,66598,4312,23
2025-07-27,Google Ads,Root Canal,Clinic D,5257.01,83273,5248,34
2025-07-27,Google Ads,Dental Crown,Clinic D,4519.51,48168,1631,22
2025-07-27,Google Ads,Teeth Whitening,Clinic D,3759.2,49461,1527,37
2025-07-27,Google Ads,General Dentistry,Clinic D,4973.97,55186,2050,53
2025-07-28,Google Ads,Dental Implant,Clinic A,10780.0,137665,4259,36
2025-07-28,Google Ads,Invisalign,Clinic A,9087.4,100876,5743,25
2025-07-28,Meta Ads,Root Canal,Clinic A,6737.96,66866,3814,40
2025-07-28,Google Ads,Dental Crown,Clinic A,3731.3,42463,1756,20
2025-07-28,Meta Ads,Teeth Whitening,Clinic A,4338.85,42844,2424,34
2025-07-28,Meta Ads,General Dentistry,Clinic A,4871.96,58656,3519,40
2025-07-28,Meta Ads,Dental Implant,Clinic B,10014.68,153620,8454,35
2025-07-28,Google Ads,Invisalign,Clinic B,8566.21,73151,3723,27
2025-07-28,Meta Ads,Root Canal,Clinic B,6398.77,110208,6617,29
2025-07-28,Google Ads,Dental Crown,Clinic B,5414.76,80738,4494,18
2025-07-28,Meta Ads,Teeth Whitening,Clinic B,4095.79,55559,1440,38
2025-07-28,Google Ads,General Dentistry,Clinic B,4709.3,69734,3642,42
2025-07-28,Meta Ads,Dental Implant,Clinic C,8012.72,140042,8224,28
2025-07-28,Meta Ads,Invisalign,Clinic C,7444.27,89486,4069,22
2025-07-28,Meta Ads,Root Canal,Clinic C,5286.68,70399,3239,23
2025-07-28,Google Ads,Dental Crown,Clinic C,4234.33,69860,3907,25
2025-07-28,Instagram,Teeth Whitening,Clinic C,3861.37,32214,1218,36
2025-07-28,Google Ads,General Dentistry,Clinic C,4560.42,55219,2863,45
2025-07-28,Meta Ads,Dental Implant,Clinic D,12481.03,154113,3980,40
2025-07-28,Meta Ads,Invisalign,Clinic D,9306.53,135704,4177,21
2025-07-28,Google Ads,Root Canal,Clinic D,4170.4,44764,1672,19
2025-07-28,Google Ads,Dental Crown,Clinic D,5131.1,66410,2509,29
2025-07-28,Meta Ads,Teeth Whitening,Clinic D,3769.68,61127,2839,31
2025-07-28,Google Ads,General Dentistry,Clinic D,5322.28,69859,3007,51
2025-07-29,Meta Ads,Dental Implant,Clinic A,9213.16,161970,9556,31
2025-07-29,Google Ads,Invisalign,Clinic A,6544.3,105186,5237,17
2025-07-29,Google Ads,Root Canal,Clinic A,6571.46,75535,3107,34
2025-07-29,Meta Ads,Dental Crown,Clinic A,5422.99,44429,2055,22
2025-07-29,Meta Ads,Teeth Whitening,Clinic A,2575.74,33865,1379,15
2025-07-29,Meta Ads,General Dentistry,Clinic A,4786.57,76075,4057,51
2025-07-29,Google Ads,Dental Implant,Clinic B,8253.3,139025,7178,23
2025-07-29,Meta Ads,Invisalign,Clinic B,8109.19,100272,4228,27
2025-07-29,Google Ads,Root Canal,Clinic B,6097.34,97672,5771,27
2025-07-29,Meta Ads,Dental Crown,Clinic B,5975.69,59325,2903,34
2025-07-29,Google Ads,Teeth Whitening,Clinic B,3184.23,37089,979,27
2025-07-29,Google Ads,General Dentistry,Clinic B,2722.4,42774,1549,25
2025-07-29,Google Ads,Dental Implant,Clinic C,9849.59,141431,6801,30
2025-07-29,Meta Ads,Invisalign,Clinic C,6905.83,69729,2106,22
2025-07-29,Google Ads,Root Canal,Clinic C,6986.5,56760,2495,35
2025-07-29,Meta Ads,Dental Crown,Clinic C,3561.08,33851,1422,16
2025-07-29,Google Ads,Teeth Whitening,Clinic C,3351.18,45108,1719,28
2025-07-29,Google Ads,General Dentistry,Clinic C,5293.99,77436,3568,51
2025-07-29,Google Ads,Dental Implant,Clinic D,8650.53,108144,3310,27
2025-07-29,Meta Ads,Invisalign,Clinic D,5810.63,102677,5334,1
2025-07-29,Meta Ads,Root Canal,Clinic D,4798.82,41413,1964,27
2025-07-29,Google Ads,Dental Crown,Clinic D,2230.24,27150,1479,11
2025-07-29,Google Ads,Teeth Whitening,Clinic D,3623.35,30442,1504,32
2025-07-29,Google Ads,General Dentistry,Clinic D,5990.98,87244,2780,69
2025-07-30,Meta Ads,Dental Implant,Clinic A,8046.42,127892,3820,28
2025-07-30,Google Ads,Invisalign,Clinic A,5974.61,91638,3276,12
2025-07-30,Meta Ads,Root Canal,Clinic A,6314.51,108152,4371,31
2025-07-30,Google Ads,Dental Crown,Clinic A,4665.87,63108,3121,26
2025-07-30,Google Ads,Teeth Whitening,Clinic A,3640.58,34759,2065,37
2025-07-30,Meta Ads,General Dentistry,Clinic A,3738.82,48387,2571,44
2025-07-30,Google Ads,Dental Implant,Clinic B,11762.94,120228,3624,44
2025-07-30,Google Ads,Invisalign,Clinic B,8773.6,151782,4309,27
2025-07-30,Instagram,Root Canal,Clinic B,3591.79,33829,1499,19
2025-07-30,Meta Ads,Dental Crown,Clinic B,5968.95,55238,3393,32
2025-07-30,Meta Ads,Teeth Whitening,Clinic B,4609.13,53038,3338,45
2025-07-30,Google Ads,General Dentistry,Clinic B,4250.16,68218,1840,44
2025-07-30,Google Ads,Dental Implant,Clinic C,8113.91,89094,5740,22
2025-07-30,Meta Ads,Invisalign,Clinic C,9046.67,136353,7245,24
2025-07-30,Meta Ads,Root Canal,Clinic C,8557.6,69326,2945,44
2025-07-30,Instagram,Dental Crown,Clinic C,3921.02,38038,1496,27
2025-07-30,Google Ads,Teeth Whitening,Clinic C,2064.68,21757,1210,18
2025-07-30,Google Ads,General Dentistry,Clinic C,3729.79,43686,2762,41
2025-07-30,Google Ads,Dental Implant,Clinic D,9158.02,121417,3358,22
2025-07-30,Instagram,Invisalign,Clinic D,7589.07,80057,3281,21
2025-07-30,Google Ads,Root Canal,Clinic D,6528.97,104229,5544,29
2025-07-30,Google Ads,Dental Crown,Clinic D,4349.3,49428,2613,22
2025-07-30,Google Ads,Teeth Whitening,Clinic D,3135.29,42380,2542,25
2025-07-30,Google Ads,General Dentistry,Clinic D,4319.82,39975,2565,38
2025-07-31,Meta Ads,Dental Implant,Clinic A,7428.99,84576,2351,20
2025-07-31,Meta Ads,Invisalign,Clinic A,7250.71,113735,3117,18
2025-07-31,Google Ads,Root Canal,Clinic A,5342.35,65464,2562,28
2025-07-31,Google Ads,Dental Crown,Clinic A,4214.22,50230,1513,18
2025-07-31,Google Ads,Teeth Whitening,Clinic A,3493.57,32684,1711,32
2025-07-31,Instagram,General Dentistry,Clinic A,4137.09,49296,1976,41
2025-07-31,Google Ads,Dental Implant,Clinic B,8228.63,88364,4779,28
2025-07-31,Meta Ads,Invisalign,Clinic B,7085.7,110753,6425,20
2025-07-31,Google Ads,Root Canal,Clinic B,4369.73,62615,3000,16
2025-07-31,Meta Ads,Dental Crown,Clinic B,5507.11,46841,1636,33
2025-07-31,Google Ads,Teeth Whitening,Clinic B,3752.65,31281,1686,37
2025-07-31,Google Ads,General Dentistry,Clinic B,6358.55,61189,2505,68
2025-07-31,Google Ads,Dental Implant,Clinic C,10416.26,147413,7716,35
2025-07-31,Meta Ads,Invisalign,Clinic C,7644.99,91874,3930,19
2025-07-31,Meta Ads,Root Canal,Clinic C,8076.97,137835,7283,42
2025-07-31,Google Ads,Dental Crown,Clinic C,5458.79,74446,3397,28
2025-07-31,Instagram,Teeth Whitening,Clinic C,3241.24,34200,1244,28
2025-07-31,Meta Ads,General Dentistry,Clinic C,2769.21,26652,1629,28
2025-07-31,Google Ads,Dental Implant,Clinic D,10230.24,138700,5435,33
2025-07-31,Google Ads,Invisalign,Clinic D,3933.41,35143,887,14
2025-07-31,Meta Ads,Root Canal,Clinic D,6865.47,77329,2407,40
2025-07-31,Meta Ads,Dental Crown,Clinic D,5728.41,102129,3011,33
2025-07-31,Google Ads,Teeth Whitening,Clinic D,3814.93,32550,1172,26
2025-07-31,Meta Ads,General Dentistry,Clinic D,4034.17,61241,3404,36
2025-08-01,Google Ads,Dental Implant,Clinic A,6647.27,87298,4460,20
2025-08-01,Google Ads,Invisalign,Clinic A,10975.81,133792,6095,22
2025-08-01,Google Ads,Root Canal,Clinic A,7991.03,131901,4713,40
2025-08-01,Meta Ads,Dental Crown,Clinic A,5377.87,90838,3851,30
2025-08-01,Meta Ads,Teeth Whitening,Clinic A,3765.46,43530,2743,39
2025-08-01,Instagram,General Dentistry,Clinic A,4342.39,45261,2024,45
2025-08-01,Meta Ads,Dental Implant,Clinic B,7979.03,75914,4028,20
2025-08-01,Meta Ads,Invisalign,Clinic B,10485.02,151447,9416,29
2025-08-01,Meta Ads,Root Canal,Clinic B,8056.01,69020,3040,39
2025-08-01,Instagram,Dental Crown,Clinic B,3609.55,31026,1223,13
2025-08-01,Google Ads,Teeth Whitening,Clinic B,3932.17,61434,2128,35
2025-08-01,Google Ads,General Dentistry,Clinic B,4022.69,72084,3727,39
2025-08-01,Meta Ads,Dental Implant,Clinic C,8448.98,136563,4712,35
2025-08-01,Google Ads,Invisalign,Clinic C,8469.63,71063,1990,23
2025-08-01,Instagram,Root Canal,Clinic C,7703.95,124749,7693,46
2025-08-01,Instagram,Dental Crown,Clinic C,5280.64,68177,3832,25
2025-08-01,Instagram,Teeth Whitening,Clinic C,4324.69,43770,1832,36
2025-08-01,Meta Ads,General Dentistry,Clinic C,4553.86,76592,4154,43
2025-08-01,Meta Ads,Dental Implant,Clinic D,9464.77,99140,5174,35
2025-08-01,Meta Ads,Invisalign,Clinic D,7675.45,69268,4258,29
2025-08-01,Meta Ads,Root Canal,Clinic D,7623.88,100048,5358,43
2025-08-01,Google Ads,Dental Crown,Clinic D,6727.91,107978,6880,36
2025-08-01,Meta Ads,Teeth Whitening,Clinic D,3143.65,56438,2474,29
2025-08-01,Meta Ads,General Dentistry,Clinic D,4426.6,46018,1343,41
2025-08-02,Meta Ads,Dental Implant,Clinic A,9630.23,112586,4694,40
2025-08-02,Meta Ads,Invisalign,Clinic A,8588.37,153129,8536,36
2025-08-02,Google Ads,Root Canal,Clinic A,6481.96,52766,2978,37
2025-08-02,Google Ads,Dental Crown,Clinic A,5823.29,62782,1631,29
2025-08-02,Google Ads,Teeth Whitening,Clinic A,2778.65,28836,892,27
2025-08-02,Google Ads,General Dentistry,Clinic A,4569.14,46423,1620,52
2025-08-02,Google Ads,Dental Implant,Clinic B,9567.13,167931,8260,33
2025-08-02,Google Ads,Invisalign,Clinic B,7931.24,91267,5429,21
2025-08-02,Meta Ads,Root Canal,Clinic B,6780.69,69664,2297,40
2025-08-02,Google Ads,Dental Crown,Clinic B,4997.47,53602,1437,25
2025-08-02,Google Ads,Teeth Whitening,Clinic B,3015.66,42477,2664,28
2025-08-02,Google Ads,General Dentistry,Clinic B,6538.39,92140,3745,66
2025-08-02,Google Ads,Dental Implant,Clinic C,9859.28,100412,6183,32
2025-08-02,Instagram,Invisalign,Clinic C,5792.17,73088,2124,14
2025-08-02,Meta Ads,Root Canal,Clinic C,5164.03,76086,3610,22
2025-08-02,Meta Ads,Dental Crown,Clinic C,2413.2,26924,977,9
2025-08-02,Instagram,Teeth Whitening,Clinic C,3615.47,43282,2339,22
2025-08-02,Google Ads,General Dentistry,Clinic C,6415.11,81271,2193,70
2025-08-02,Meta Ads,Dental Implant,Clinic D,7200.17,95296,3272,24
2025-08-02,Meta Ads,Invisalign,Clinic D,6223.64,55645,3167,21
2025-08-02,Meta Ads,Root Canal,Clinic D,8293.61,126000,4301,50
2025-08-02,Google Ads,Dental Crown,Clinic D,4895.68,54771,1456,26
2025-08-02,Meta Ads,Teeth Whitening,Clinic D,3652.44,35400,1704,30
2025-08-02,Google Ads,General Dentistry,Clinic D,4179.61,51400,2420,43
2025-08-03,Instagram,Dental Implant,Clinic A,9874.46,82074,4597,27
2025-08-03,Meta Ads,Invisalign,Clinic A,5837.52,47079,2755,9
2025-08-03,Meta Ads,Root Canal,Clinic A,4201.12,67425,3331,26
2025-08-03,Google Ads,Dental Crown,Clinic A,5522.39,81624,2410,25
2025-08-03,Meta Ads,Teeth Whitening,Clinic A,2599.98,35501,2131,23
2025-08-03,Google Ads,General Dentistry,Clinic A,4767.54,38228,1230,41
2025-08-03,Google Ads,Dental Implant,Clinic B,9104.28,130389,3275,34
2025-08-03,Google Ads,Invisalign,Clinic B,9747.08,96950,2676,27
2025-08-03,Meta Ads,Root Canal,Clinic B,7286.07,64958,3371,34
2025-08-03,Google Ads,Dental Crown,Clinic B,5052.22,86777,2875,25
2025-08-03,Meta Ads,Teeth Whitening,Clinic B,3052.68,42426,1946,26
2025-08-03,Meta Ads,General Dentistry,Clinic B,4727.92,67156,4351,44
2025-08-03,Google Ads,Dental Implant,Clinic C,8830.49,111655,4439,27
2025-08-03,Meta Ads,Invisalign,Clinic C,6869.37,86057,4653,17
2025-08-03,Instagram,Root Canal,Clinic C,5173.58,80016,2604,33
2025-08-03,Meta Ads,Dental Crown,Clinic C,3419.25,51024,2125,18
2025-08-03,Meta Ads,Teeth Whitening,Clinic C,2832.65,50590,2189,32
2025-08-03,Instagram,General Dentistry,Clinic C,3990.57,57099,2676,37
2025-08-03,Meta Ads,Dental Implant,Clinic D,5973.18,73346,4586,18
2025-08-03,Meta Ads,Invisalign,Clinic D,8926.31,123150,5089,21
2025-08-03,Google Ads,Root Canal,Clinic D,5617.84,75825,4240,39
2025-08-03,Instagram,Dental Crown,Clinic D,3614.3,59298,1790,12
2025-08-03,Meta Ads,Teeth Whitening,Clinic D,2620.92,28741,859,16
2025-08-03,Meta Ads,General Dentistry,Clinic D,4504.04,44670,1670,48
2025-08-04,Google Ads,Dental Implant,Clinic A,9130.05,162395,9077,35
2025-08-04,Meta Ads,Invisalign,Clinic A,5182.26,55758,3598,11
2025-08-04,Google Ads,Root Canal,Clinic A,6387.4,84184,2702,28
2025-08-04,Google Ads,Dental Crown,Clinic A,5917.44,76235,4276,29
2025-08-04,Google Ads,Teeth Whitening,Clinic A,2775.69,34928,1436,21
2025-08-04,Google Ads,General Dentistry,Clinic A,5091.68,70719,2717,54
2025-08-04,Instagram,Dental Implant,Clinic B,10290.81,128933,5348,35
2025-08-04,Google Ads,Invisalign,Clinic B,6410.37,82963,3650,12
2025-08-04,Instagram,Root Canal,Clinic B,7923.02,73558,3522,41
2025-08-04,Meta Ads,Dental Crown,Clinic B,4578.39,59534,2729,22
2025-08-04,Instagram,Teeth Whitening,Clinic B,3181.15,33086,1862,25
2025-08-04,Google Ads,General Dentistry,Clinic B,4308.72,51029,3045,41
2025-08-04,Google Ads,Dental Implant,Clinic C,11108.01,169187,6641,33
2025-08-04,Instagram,Invisalign,Clinic C,9745.71,137937,7864,21
2025-08-04,Google Ads,Root Canal,Clinic C,4623.99,39706,2156,17
2025-08-04,Meta Ads,Dental Crown,Clinic C,5509.74,76724,3649,33
2025-08-04,Meta Ads,Teeth Whitening,Clinic C,3486.29,29274,1303,30
2025-08-04,Google Ads,General Dentistry,Clinic C,3815.64,33023,2113,44
2025-08-04,Google Ads,Dental Implant,Clinic D,6134.42,57194,2602,20
2025-08-04,Google Ads,Invisalign,Clinic D,9791.59,116210,5319,21
2025-08-04,Google Ads,Root Canal,Clinic D,7641.84,114089,4402,45
2025-08-04,Instagram,Dental Crown,Clinic D,4161.32,73866,3527,24
2025-08-04,Meta Ads,Teeth Whitening,Clinic D,2915.05,44672,2663,18
2025-08-04,Instagram,General Dentistry,Clinic D,4512.68,40047,1927,45
2025-08-05,Google Ads,Dental Implant,Clinic A,6829.14,90290,4644,27
2025-08-05,Instagram,Invisalign,Clinic A,7065.27,98130,4759,21
2025-08-05,Meta Ads,Root Canal,Clinic A,7155.16,108273,5594,41
2025-08-05,Google Ads,Dental Crown,Clinic A,4723.93,83981,4480,34
2025-08-05,Google Ads,Teeth Whitening,Clinic A,3405.42,43161,1188,31
2025-08-05,Meta Ads,General Dentistry,Clinic A,4680.22,47113,2109,58
2025-08-05,Google Ads,Dental Implant,Clinic B,9189.95,84537,5402,31
2025-08-05,Google Ads,Invisalign,Clinic B,8391.36,131267,6759,30
2025-08-05,Google Ads,Root Canal,Clinic B,6650.91,67945,2313,35
2025-08-05,Meta Ads,Dental Crown,Clinic B,4527.93,77202,4236,26
2025-08-05,Instagram,Teeth Whitening,Clinic B,2977.91,50793,2921,26
2025-08-05,Google Ads,General Dentistry,Clinic B,4314.16,49677,2969,43
2025-08-05,Meta Ads,Dental Implant,Clinic C,9304.9,146474,6510,35
2025-08-05,Meta Ads,Invisalign,Clinic C,6492.58,93716,5550,19
2025-08-05,Google Ads,Root Canal,Clinic C,7317.24,81323,4880,37
2025-08-05,Meta Ads,Dental Crown,Clinic C,4877.46,77406,2027,27
2025-08-05,Google Ads,Teeth Whitening,Clinic C,4047.38,63327,2457,31
2025-08-05,Meta Ads,General Dentistry,Clinic C,5790.26,88309,2696,59
2025-08-05,Meta Ads,Dental Implant,Clinic D,9122.23,78345,3105,25
2025-08-05,Meta Ads,Invisalign,Clinic D,8173.72,90245,5202,19
2025-08-05,Meta Ads,Root Canal,Clinic D,5068.42,65473,2607,30
2025-08-05,Meta Ads,Dental Crown,Clinic D,4558.14,39504,1573,32
2025-08-05,Instagram,Teeth Whitening,Clinic D,3747.15,36763,1035,35
2025-08-05,Meta Ads,General Dentistry,Clinic D,4584.62,68180,4243,54
2025-08-06,Google Ads,Dental Implant,Clinic A,9522.92,143491,7281,26
2025-08-06,Google Ads,Invisalign,Clinic A,9451.98,77898,3886,35
2025-08-06,Google Ads,Root Canal,Clinic A,6979.2,93991,5716,40
2025-08-06,Meta Ads,Dental Crown,Clinic A,4807.7,70790,4093,20
2025-08-06,Google Ads,Teeth Whitening,Clinic A,4082.07,38663,1203,41
2025-08-06,Meta Ads,General Dentistry,Clinic A,3663.56,32519,1980,35
2025-08-06,Google Ads,Dental Implant,Clinic B,8086.36,71404,2179,18
2025-08-06,Meta Ads,Invisalign,Clinic B,9190.46,152792,7150,28
2025-08-06,Google Ads,Root Canal,Clinic B,8676.95,94310,4874,50
2025-08-06,Google Ads,Dental Crown,Clinic B,5360.04,70218,2178,29
2025-08-06,Meta Ads,Teeth Whitening,Clinic B,3384.08,53379,3158,34
2025-08-06,Meta Ads,General Dentistry,Clinic B,4266.98,44928,2208,40
2025-08-06,Google Ads,Dental Implant,Clinic C,11865.53,98702,2989,35
2025-08-06,Instagram,Invisalign,Clinic C,7111.4,64843,3282,15
2025-08-06,Meta Ads,Root Canal,Clinic C,8116.24,130059,3710,49
2025-08-06,Meta Ads,Dental Crown,Clinic C,5264.07,78117,3962,32
2025-08-06,Meta Ads,Teeth Whitening,Clinic C,4156.26,44476,1316,36
2025-08-06,Google Ads,General Dentistry,Clinic C,4419.03,61655,3108,40
2025-08-06,Meta Ads,Dental Implant,Clinic D,9643.33,97486,5657,30
2025-08-06,Meta Ads,Invisalign,Clinic D,6559.72,105855,6817,11
2025-08-06,Google Ads,Root Canal,Clinic D,5929.12,52225,2247,32
2025-08-06,Google Ads,Dental Crown,Clinic D,4807.59,56788,2159,29
2025-08-06,Google Ads,Teeth Whitening,Clinic D,3633.76,38277,1488,29
2025-08-06,Google Ads,General Dentistry,Clinic D,5156.89,65542,2975,50
2025-08-07,Meta Ads,Dental Implant,Clinic A,10719.43,105103,5605,32
2025-08-07,Google Ads,Invisalign,Clinic A,7540.81,65247,3199,29
2025-08-07,Meta Ads,Root Canal,Clinic A,5646.2,86724,2863,25
2025-08-07,Instagram,Dental Crown,Clinic A,6170.59,56706,3281,37
2025-08-07,Meta Ads,Teeth Whitening,Clinic A,4495.27,58201,3399,44
2025-08-07,Instagram,General Dentistry,Clinic A,4411.29,37851,1081,50
2025-08-07,Google Ads,Dental Implant,Clinic B,8983.29,105131,2820,29
2025-08-07,Google Ads,Invisalign,Clinic B,9131.38,73419,2147,28
2025-08-07,Instagram,Root Canal,Clinic B,8073.94,95221,4301,46
2025-08-07,Meta Ads,Dental Crown,Clinic B,6192.28,84996,5333,30
2025-08-07,Google Ads,Teeth Whitening,Clinic B,3244.66,27597,949,27
2025-08-07,Meta Ads,General Dentistry,Clinic B,4901.68,84042,2194,47
2025-08-07,Meta Ads,Dental Implant,Clinic C,9037.62,103702,6101,29
2025-08-07,Instagram,Invisalign,Clinic C,8908.41,148480,4285,25
2025-08-07,Google Ads,Root Canal,Clinic C,5001.16,79889,2958,22
2025-08-07,Google Ads,Dental Crown,Clinic C,5037.43,46197,2760,24
2025-08-07,Meta Ads,Teeth Whitening,Clinic C,4606.41,41408,2208,41
2025-08-07,Meta Ads,General Dentistry,Clinic C,5036.7,88289,4811,51
2025-08-07,Meta Ads,Dental Implant,Clinic D,10212.96,82751,5367,38
2025-08-07,Meta Ads,Invisalign,Clinic D,3723.79,38511,1697,7
2025-08-07,Meta Ads,Root Canal,Clinic D,7275.37,73533,4363,36
2025-08-07,Meta Ads,Dental Crown,Clinic D,4740.89,53158,2812,31
2025-08-07,Google Ads,Teeth Whitening,Clinic D,2717.89,36869,1800,23
2025-08-07,Instagram,General Dentistry,Clinic D,3802.78,40381,1946,41
2025-08-08,Google Ads,Dental Implant,Clinic A,8196.92,112572,7237,28
2025-08-08,Meta Ads,Invisalign,Clinic A,8679.63,150057,9333,27
2025-08-08,Google Ads,Root Canal,Clinic A,5596.92,47102,2871,23
2025-08-08,Google Ads,Dental Crown,Clinic A,3645.3,30164,1103,20
2025-08-08,Meta Ads,Teeth Whitening,Clinic A,3275.2,39428,2261,30
2025-08-08,Instagram,General Dentistry,Clinic A,5688.15,95373,4118,61
2025-08-08,Meta Ads,Dental Implant,Clinic B,11804.01,198585,11238,42
2025-08-08,Google Ads,Invisalign,Clinic B,6829.06,107889,2760,23
2025-08-08,Google Ads,Root Canal,Clinic B,6670.5,66307,4118,34
2025-08-08,Google Ads,Dental Crown,Clinic B,5735.84,100557,4370,34
2025-08-08,Meta Ads,Teeth Whitening,Clinic B,2625.24,39033,1606,20
2025-08-08,Meta Ads,General Dentistry,Clinic B,5015.61,88745,4127,46
2025-08-08,Meta Ads,Dental Implant,Clinic C,8821.51,105282,3363,29
2025-08-08,Meta Ads,Invisalign,Clinic C,9076.81,148032,7528,26
2025-08-08,Meta Ads,Root Canal,Clinic C,7749.73,65696,1706,48
2025-08-08,Meta Ads,Dental Crown,Clinic C,4188.5,52329,1397,17
2025-08-08,Instagram,Teeth Whitening,Clinic C,3666.88,31251,1340,33
2025-08-08,Instagram,General Dentistry,Clinic C,5035.57,74101,2404,58
2025-08-08,Meta Ads,Dental Implant,Clinic D,7453.4,104156,2691,20
2025-08-08,Google Ads,Invisalign,Clinic D,7187.23,83806,3287,30
2025-08-08,Meta Ads,Root Canal,Clinic D,6413.18,112680,5696,27
2025-08-08,Google Ads,Dental Crown,Clinic D,5787.67,78492,3898,25
2025-08-08,Google Ads,Teeth Whitening,Clinic D,2751.79,30801,1441,27
2025-08-08,Google Ads,General Dentistry,Clinic D,4343.27,41933,1150,47
2025-08-09,Meta Ads,Dental Implant,Clinic A,12340.25,210805,5677,43
2025-08-09,Google Ads,Invisalign,Clinic A,7731.69,90627,4423,18
2025-08-09,Meta Ads,Root Canal,Clinic A,7027.75,95933,5421,38
2025-08-09,Google Ads,Dental Crown,Clinic A,4903.91,71416,2651,29
2025-08-09,Google Ads,Teeth Whitening,Clinic A,4136.89,50750,2687,38
2025-08-09,Google Ads,General Dentistry,Clinic A,3604.84,60022,1785,33
2025-08-09,Meta Ads,Dental Implant,Clinic B,11331.04,190014,8784,42
2025-08-09,Google Ads,Invisalign,Clinic B,7709.48,63971,2963,24
2025-08-09,Google Ads,Root Canal,Clinic B,6526.76,55697,1922,37
2025-08-09,Google Ads,Dental Crown,Clinic B,6065.81,85732,4364,28
2025-08-09,Meta Ads,Teeth Whitening,Clinic B,3830.06,67062,1786,30
2025-08-09,Google Ads,General Dentistry,Clinic B,3875.14,41247,1073,36
2025-08-09,Meta Ads,Dental Implant,Clinic C,9120.96,101610,6507,40
2025-08-09,Meta Ads,Invisalign,Clinic C,7511.79,116824,2948,24
2025-08-09,Meta Ads,Root Canal,Clinic C,5506.06,99005,4448,32
2025-08-09,Google Ads,Dental Crown,Clinic C,4652.1,46829,2175,24
2025-08-09,Meta Ads,Teeth Whitening,Clinic C,4217.13,33802,1205,38
2025-08-09,Instagram,General Dentistry,Clinic C,5320.89,73633,3477,50
2025-08-09,Instagram,Dental Implant,Clinic D,10082.06,94180,3860,33
2025-08-09,Meta Ads,Invisalign,Clinic D,7574.89,89515,5563,20
2025-08-09,Google Ads,Root Canal,Clinic D,6634.11,84335,2167,36
2025-08-09,Meta Ads,Dental Crown,Clinic D,6224.33,84603,5410,33
2025-08-09,Google Ads,Teeth Whitening,Clinic D,3365.82,44004,2601,33
2025-08-09,Meta Ads,General Dentistry,Clinic D,5184.68,54593,1966,59
2025-08-10,Google Ads,Dental Implant,Clinic A,9849.33,151262,8720,38
2025-08-10,Instagram,Invisalign,Clinic A,8948.93,154701,6507,26
2025-08-10,Meta Ads,Root Canal,Clinic A,5863.53,75406,2667,33
2025-08-10,Google Ads,Dental Crown,Clinic A,5573.76,66883,2240,37
2025-08-10,Google Ads,Teeth Whitening,Clinic A,4336.84,59315,2778,27
2025-08-10,Google Ads,General Dentistry,Clinic A,4907.25,84039,4341,45
2025-08-10,Meta Ads,Dental Implant,Clinic B,10345.26,184711,11965,48
2025-08-10,Meta Ads,Invisalign,Clinic B,5962.49,87759,2981,11
2025-08-10,Instagram,Root Canal,Clinic B,5565.44,64790,2199,31
2025-08-10,Google Ads,Dental Crown,Clinic B,4300.36,51439,2663,25
2025-08-10,Google Ads,Teeth Whitening,Clinic B,3436.25,48472,3002,31
2025-08-10,Google Ads,General Dentistry,Clinic B,5619.88,75229,2778,51
2025-08-10,Meta Ads,Dental Implant,Clinic C,5720.16,67638,2663,16
2025-08-10,Meta Ads,Invisalign,Clinic C,5805.1,65076,2196,12
2025-08-10,Google Ads,Root Canal,Clinic C,6193.04,105810,2693,26
2025-08-10,Meta Ads,Dental Crown,Clinic C,4915.84,79278,4030,27
2025-08-10,Meta Ads,Teeth Whitening,Clinic C,3619.95,48088,1692,36
2025-08-10,Google Ads,General Dentistry,Clinic C,5130.27,73569,3315,47
2025-08-10,Meta Ads,Dental Implant,Clinic D,8475.48,124211,5113,33
2025-08-10,Google Ads,Invisalign,Clinic D,8038.44,67156,2622,21
2025-08-10,Google Ads,Root Canal,Clinic D,6679.75,118187,3111,34
2025-08-10,Instagram,Dental Crown,Clinic D,5049.26,64816,2623,32
2025-08-10,Meta Ads,Teeth Whitening,Clinic D,3108.42,54622,1477,27
2025-08-10,Google Ads,General Dentistry,Clinic D,5309.04,87342,4227,49
2025-08-11,Google Ads,Dental Implant,Clinic A,8357.52,144673,4823,35
2025-08-11,Instagram,Invisalign,Clinic A,6808.13,99507,5016,17
2025-08-11,Instagram,Root Canal,Clinic A,7578.86,130473,5643,36
2025-08-11,Google Ads,Dental Crown,Clinic A,5645.14,70532,4252,32
2025-08-11,Google Ads,Teeth Whitening,Clinic A,3703.8,61831,1630,29
2025-08-11,Google Ads,General Dentistry,Clinic A,3164.31,33556,1365,27
2025-08-11,Meta Ads,Dental Implant,Clinic B,10979.83,114836,3702,32
2025-08-11,Meta Ads,Invisalign,Clinic B,8480.59,121821,5658,22
2025-08-11,Google Ads,Root Canal,Clinic B,5258.76,55034,1417,28
2025-08-11,Meta Ads,Dental Crown,Clinic B,5570.68,84044,5003,34
2025-08-11,Meta Ads,Teeth Whitening,Clinic B,2720.11,32925,1433,21
2025-08-11,Google Ads,General Dentistry,Clinic B,5341.27,53804,2996,49
2025-08-11,Google Ads,Dental Implant,Clinic C,6460.88,104769,4270,18
2025-08-11,Instagram,Invisalign,Clinic C,7683.24,124095,6523,22
2025-08-11,Google Ads,Root Canal,Clinic C,6431.13,94307,5751,26
2025-08-11,Google Ads,Dental Crown,Clinic C,5465.18,61092,2082,26
2025-08-11,Meta Ads,Teeth Whitening,Clinic C,3531.89,50880,2054,29
2025-08-11,Google Ads,General Dentistry,Clinic C,3829.78,36808,1639,30
2025-08-11,Google Ads,Dental Implant,Clinic D,10961.57,154442,7084,40
2025-08-11,Google Ads,Invisalign,Clinic D,9767.88,167306,10019,35
2025-08-11,Google Ads,Root Canal,Clinic D,6546.73,112340,3479,35
2025-08-11,Meta Ads,Dental Crown,Clinic D,4010.84,32997,1110,21
2025-08-11,Google Ads,Teeth Whitening,Clinic D,2474.32,43391,2182,25
2025-08-11,Meta Ads,General Dentistry,Clinic D,3172.82,49729,2173,29
2025-08-12,Instagram,Dental Implant,Clinic A,10813.72,117641,4949,37
2025-08-12,Google Ads,Invisalign,Clinic A,9045.26,125971,6833,28
2025-08-12,Google Ads,Root Canal,Clinic A,5155.86,84647,5436,33
2025-08-12,Meta Ads,Dental Crown,Clinic A,5835.82,85941,2825,34
2025-08-12,Google Ads,Teeth Whitening,Clinic A,3033.89,44900,1628,36
2025-08-12,Google Ads,General Dentistry,Clinic A,4439.59,47578,2166,44
2025-08-12,Meta Ads,Dental Implant,Clinic B,10510.96,109538,2807,44
2025-08-12,Google Ads,Invisalign,Clinic B,6398.89,108225,3045,13
2025-08-12,Google Ads,Root Canal,Clinic B,7075.7,96455,5971,41
2025-08-12,Meta Ads,Dental Crown,Clinic B,2796.16,40606,1540,11
2025-08-12,Meta Ads,Teeth Whitening,Clinic B,2893.06,40356,2182,29
2025-08-12,Instagram,General Dentistry,Clinic B,3700.5,42527,1645,46
2025-08-12,Instagram,Dental Implant,Clinic C,12581.55,193661,8376,35
2025-08-12,Instagram,Invisalign,Clinic C,7530.99,110737,4874,23
2025-08-12,Google Ads,Root Canal,Clinic C,5316.34,66861,3264,26
2025-08-12,Meta Ads,Dental Crown,Clinic C,5865.4,79404,2804,29
2025-08-12,Meta Ads,Teeth Whitening,Clinic C,3824.26,41623,2660,35
2025-08-12,Meta Ads,General Dentistry,Clinic C,5351.98,51265,2228,53
2025-08-12,Google Ads,Dental Implant,Clinic D,8235.44,146605,3712,27
2025-08-12,Instagram,Invisalign,Clinic D,9548.26,110580,3843,29
2025-08-12,Google Ads,Root Canal,Clinic D,4487.52,75395,1975,24
2025-08-12,Google Ads,Dental Crown,Clinic D,4455.93,70080,2902,32
2025-08-12,Meta Ads,Teeth Whitening,Clinic D,2644.65,24177,1023,29
2025-08-12,Meta Ads,General Dentistry,Clinic D,4073.95,67923,2890,45
2025-08-13,Google Ads,Dental Implant,Clinic A,8968.11,110651,3806,34
2025-08-13,Meta Ads,Invisalign,Clinic A,5951.02,63039,2540,17
2025-08-13,Meta Ads,Root Canal,Clinic A,5837.05,89807,5536,33
2025-08-13,Google Ads,Dental Crown,Clinic A,4663.41,75412,2164,16
2025-08-13,Google Ads,Teeth Whitening,Clinic A,3511.66,61247,1923,29
2025-08-13,Google Ads,General Dentistry,Clinic A,5365.31,74938,2598,58
2025-08-13,Google Ads,Dental Implant,Clinic B,10000.91,109633,6432,28
2025-08-13,Meta Ads,Invisalign,Clinic B,8803.71,152909,4454,18
2025-08-13,Meta Ads,Root Canal,Clinic B,4263.16,61515,3469,26
2025-08-13,Google Ads,Dental Crown,Clinic B,5088.84,48695,2282,31
2025-08-13,Meta Ads,Teeth Whitening,Clinic B,4546.76,37635,1638,48
2025-08-13,Google Ads,General Dentistry,Clinic B,4581.17,45038,1756,44
2025-08-13,Meta Ads,Dental Implant,Clinic C,11890.32,195567,6213,37
2025-08-13,Google Ads,Invisalign,Clinic C,7994.97,70296,3841,17
2025-08-13,Google Ads,Root Canal,Clinic C,4960.53,84070,2561,27
2025-08-13,Meta Ads,Dental Crown,Clinic C,4216.22,56832,2392,17
2025-08-13,Meta Ads,Teeth Whitening,Clinic C,2761.77,42498,1771,29
2025-08-13,Google Ads,General Dentistry,Clinic C,4114.62,68312,3742,44
2025-08-13,Google Ads,Dental Implant,Clinic D,8224.1,78007,4669,19
2025-08-13,Meta Ads,Invisalign,Clinic D,8305.68,105311,3927,20
2025-08-13,Google Ads,Root Canal,Clinic D,5743.08,87029,3078,27
2025-08-13,Instagram,Dental Crown,Clinic D,5388.11,87860,5348,34
2025-08-13,Instagram,Teeth Whitening,Clinic D,3694.36,43845,1772,28
2025-08-13,Meta Ads,General Dentistry,Clinic D,5617.85,63385,2928,56
2025-08-14,Instagram,Dental Implant,Clinic A,8606.03,77596,2134,26
2025-08-14,Google Ads,Invisalign,Clinic A,9450.51,98443,3738,25
2025-08-14,Meta Ads,Root Canal,Clinic A,5987.86,90530,4946,29
2025-08-14,Google Ads,Dental Crown,Clinic A,5895.67,71915,2801,36
2025-08-14,Meta Ads,Teeth Whitening,Clinic A,2936.31,33381,1801,27
2025-08-14,Meta Ads,General Dentistry,Clinic A,3588.15,33138,1260,36
2025-08-14,Google Ads,Dental Implant,Clinic B,11302.63,142528,8297,36
2025-08-14,Meta Ads,Invisalign,Clinic B,7175.27,82491,3837,18
2025-08-14,Meta Ads,Root Canal,Clinic B,6126.81,49772,1468,31
2025-08-14,Meta Ads,Dental Crown,Clinic B,5124.88,71793,4645,26
2025-08-14,Meta Ads,Teeth Whitening,Clinic B,3156.75,52917,2000,29
2025-08-14,Google Ads,General Dentistry,Clinic B,5986.81,65522,3675,58
2025-08-14,Google Ads,Dental Implant,Clinic C,9601.75,165301,10147,29
2025-08-14,Google Ads,Invisalign,Clinic C,5793.29,72688,1963,13
2025-08-14,Google Ads,Root Canal,Clinic C,6589.56,67035,3845,36
2025-08-14,Google Ads,Dental Crown,Clinic C,4834.53,78032,2640,24
2025-08-14,Google Ads,Teeth Whitening,Clinic C,3819.79,41796,1446,33
2025-08-14,Instagram,General Dentistry,Clinic C,4966.09,78966,4321,45
2025-08-14,Meta Ads,Dental Implant,Clinic D,11145.41,165955,9412,37
2025-08-14,Google Ads,Invisalign,Clinic D,10663.04,153525,8758,24
2025-08-14,Meta Ads,Root Canal,Clinic D,6108.32,74599,2427,36
2025-08-14,Meta Ads,Dental Crown,Clinic D,6511.89,91356,5417,32
2025-08-14,Google Ads,Teeth Whitening,Clinic D,3490.93,52456,2436,38
2025-08-14,Meta Ads,General Dentistry,Clinic D,3899.05,44540,2658,41
2025-08-15,Meta Ads,Dental Implant,Clinic A,7114.8,71593,1928,28
2025-08-15,Instagram,Invisalign,Clinic A,6349.2,94610,4098,25
2025-08-15,Google Ads,Root Canal,Clinic A,8524.06,139599,4046,44
2025-08-15,Google Ads,Dental Crown,Clinic A,4732.41,61276,3551,25
2025-08-15,Google Ads,Teeth Whitening,Clinic A,5132.28,87950,5458,43
2025-08-15,Meta Ads,General Dentistry,Clinic A,4847.51,73080,2087,43
2025-08-15,Google Ads,Dental Implant,Clinic B,11531.27,131968,5923,38
2025-08-15,Meta Ads,Invisalign,Clinic B,7708.74,131112,5342,22
2025-08-15,Meta Ads,Root Canal,Clinic B,5100.18,58307,2036,34
2025-08-15,Meta Ads,Dental Crown,Clinic B,5434.0,71179,2755,32
2025-08-15,Google Ads,Teeth Whitening,Clinic B,3137.86,43564,2693,26
2025-08-15,Google Ads,General Dentistry,Clinic B,3992.79,70439,2309,44
2025-08-15,Google Ads,Dental Implant,Clinic C,8318.42,75361,2214,25
2025-08-15,Meta Ads,Invisalign,Clinic C,7001.38,121597,5948,15
2025-08-15,Google Ads,Root Canal,Clinic C,8159.24,145090,7912,39
2025-08-15,Google Ads,Dental Crown,Clinic C,3069.41,53601,1438,16
2025-08-15,Google Ads,Teeth Whitening,Clinic C,3183.03,54854,2803,22
2025-08-15,Google Ads,General Dentistry,Clinic C,4859.27,39659,2448,53
2025-08-15,Google Ads,Dental Implant,Clinic D,11408.43,160721,9471,44
2025-08-15,Google Ads,Invisalign,Clinic D,11510.73,137860,6358,37
2025-08-15,Meta Ads,Root Canal,Clinic D,5816.95,48256,3004,32
2025-08-15,Google Ads,Dental Crown,Clinic D,4418.99,35526,1194,28
2025-08-15,Google Ads,Teeth Whitening,Clinic D,3243.67,58181,2880,31
2025-08-15,Google Ads,General Dentistry,Clinic D,4957.08,71191,3925,49
2025-08-16,Meta Ads,Dental Implant,Clinic A,9563.69,134319,6269,31
2025-08-16,Meta Ads,Invisalign,Clinic A,6046.01,91307,2866,6
2025-08-16,Google Ads,Root Canal,Clinic A,5128.15,63359,3622,28
2025-08-16,Google Ads,Dental Crown,Clinic A,4248.1,35673,1022,28
2025-08-16,Google Ads,Teeth Whitening,Clinic A,3288.7,43512,2728,22
2025-08-16,Google Ads,General Dentistry,Clinic A,4578.96,49735,2807,49
2025-08-16,Google Ads,Dental Implant,Clinic B,8657.01,121810,3587,36
2025-08-16,Instagram,Invisalign,Clinic B,6560.01,110830,4778,22
2025-08-16,Google Ads,Root Canal,Clinic B,4371.83,65945,1704,20
2025-08-16,Instagram,Dental Crown,Clinic B,4129.61,64746,4178,22
2025-08-16,Instagram,Teeth Whitening,Clinic B,3206.66,57325,1898,26
2025-08-16,Google Ads,General Dentistry,Clinic B,3311.18,39117,2137,36
2025-08-16,Meta Ads,Dental Implant,Clinic C,9929.84,158804,5099,35
2025-08-16,Google Ads,Invisalign,Clinic C,7740.58,127741,3213,21
2025-08-16,Meta Ads,Root Canal,Clinic C,6455.96,111793,7076,34
2025-08-16,Meta Ads,Dental Crown,Clinic C,4071.11,72634,3964,24
2025-08-16,Meta Ads,Teeth Whitening,Clinic C,5014.08,49448,2417,45
2025-08-16,Google Ads,General Dentistry,Clinic C,5595.62,64774,1853,63
2025-08-16,Meta Ads,Dental Implant,Clinic D,6039.5,74165,2034,17
2025-08-16,Google Ads,Invisalign,Clinic D,8245.61,89309,3072,19
2025-08-16,Meta Ads,Root Canal,Clinic D,4517.15,78471,3211,27
2025-08-16,Google Ads,Dental Crown,Clinic D,5301.7,82117,4841,32
2025-08-16,Meta Ads,Teeth Whitening,Clinic D,3226.53,45681,2376,31
2025-08-16,Google Ads,General Dentistry,Clinic D,4611.78,51085,2923,50
2025-08-17,Meta Ads,Dental Implant,Clinic A,11005.64,139682,4395,38
2025-08-17,Instagram,Invisalign,Clinic A,7434.11,83921,4851,23
2025-08-17,Instagram,Root Canal,Clinic A,8134.3,102979,5358,40
2025-08-17,Google Ads,Dental Crown,Clinic A,5606.91,55651,3553,28
2025-08-17,Google Ads,Teeth Whitening,Clinic A,3160.32,30815,1198,26
2025-08-17,Meta Ads,General Dentistry,Clinic A,5858.93,77393,2977,63
2025-08-17,Meta Ads,Dental Implant,Clinic B,8199.9,81962,4802,23
2025-08-17,Google Ads,Invisalign,Clinic B,7887.98,115142,6404,22
2025-08-17,Google Ads,Root Canal,Clinic B,7028.0,104447,5632,42
2025-08-17,Google Ads,Dental Crown,Clinic B,5550.69,80309,3629,33
2025-08-17,Meta Ads,Teeth Whitening,Clinic B,3283.48,43765,1881,33
2025-08-17,Google Ads,General Dentistry,Clinic B,4903.22,62462,3531,53
2025-08-17,Instagram,Dental Implant,Clinic C,7324.0,125957,7972,23
2025-08-17,Google Ads,Invisalign,Clinic C,6994.46,59204,1703,20
2025-08-17,Meta Ads,Root Canal,Clinic C,8910.71,120704,3953,44
2025-08-17,Meta Ads,Dental Crown,Clinic C,4469.7,63371,3787,22
2025-08-17,Meta Ads,Teeth Whitening,Clinic C,4659.12,75726,2548,39
2025-08-17,Google Ads,General Dentistry,Clinic C,5346.87,60740,3027,55
2025-08-17,Google Ads,Dental Implant,Clinic D,8329.77,115054,3703,29
2025-08-17,Google Ads,Invisalign,Clinic D,8219.27,126880,7028,22
2025-08-17,Google Ads,Root Canal,Clinic D,4043.72,52622,2604,18
2025-08-17,Google Ads,Dental Crown,Clinic D,5115.12,84713,3725,31
2025-08-17,Meta Ads,Teeth Whitening,Clinic D,3640.95,44009,2113,36
2025-08-17,Google Ads,General Dentistry,Clinic D,6101.7,73380,3251,52
2025-08-18,Google Ads,Dental Implant,Clinic A,8826.37,153028,4926,26
2025-08-18,Google Ads,Invisalign,Clinic A,7484.31,88742,2579,23
2025-08-18,Google Ads,Root Canal,Clinic A,5417.64,73602,3106,30
2025-08-18,Google Ads,Dental Crown,Clinic A,3605.94,59803,2123,18
2025-08-18,Meta Ads,Teeth Whitening,Clinic A,2876.29,38993,2287,28
2025-08-18,Google Ads,General Dentistry,Clinic A,3576.73,37226,1896,37
2025-08-18,Meta Ads,Dental Implant,Clinic B,9843.07,155904,7941,40
2025-08-18,Google Ads,Invisalign,Clinic B,7843.35,92760,5203,22
2025-08-18,Google Ads,Root Canal,Clinic B,5799.2,59621,2072,32
2025-08-18,Google Ads,Dental Crown,Clinic B,6816.2,107426,2778,37
2025-08-18,Google Ads,Teeth Whitening,Clinic B,4014.14,70020,2565,39
2025-08-18,Google Ads,General Dentistry,Clinic B,3869.01,59011,2604,39
2025-08-18,Meta Ads,Dental Implant,Clinic C,8796.3,100737,4417,24
2025-08-18,Meta Ads,Invisalign,Clinic C,9141.52,94431,3973,27
2025-08-18,Google Ads,Root Canal,Clinic C,5203.18,64587,4009,21
2025-08-18,Instagram,Dental Crown,Clinic C,4873.21,54582,2152,24
2025-08-18,Meta Ads,Teeth Whitening,Clinic C,3891.86,66826,3525,32
2025-08-18,Google Ads,General Dentistry,Clinic C,4003.66,48615,2910,41
2025-08-18,Meta Ads,Dental Implant,Clinic D,7115.17,95345,3680,20
2025-08-18,Instagram,Invisalign,Clinic D,8515.75,90583,5226,18
2025-08-18,Meta Ads,Root Canal,Clinic D,6931.49,118431,4022,30
2025-08-18,Meta Ads,Dental Crown,Clinic D,4546.55,38115,1207,30
2025-08-18,Google Ads,Teeth Whitening,Clinic D,2890.96,31419,1260,25
2025-08-18,Meta Ads,General Dentistry,Clinic D,4679.82,50247,2634,50
2025-08-19,Instagram,Dental Implant,Clinic A,8470.1,114076,4408,25
2025-08-19,Meta Ads,Invisalign,Clinic A,8783.85,143402,4549,23
2025-08-19,Google Ads,Root Canal,Clinic A,5402.76,55773,3435,35
2025-08-19,Google Ads,Dental Crown,Clinic A,5206.09,47997,1920,33
2025-08-19,Meta Ads,Teeth Whitening,Clinic A,3415.05,36640,1738,30
2025-08-19,Meta Ads,General Dentistry,Clinic A,4824.99,75927,2154,45
2025-08-19,Meta Ads,Dental Implant,Clinic B,10255.26,114707,6311,31
2025-08-19,Meta Ads,Invisalign,Clinic B,8011.89,91489,5375,22
2025-08-19,Meta Ads,Root Canal,Clinic B,5289.84,57296,3710,26
2025-08-19,Meta Ads,Dental Crown,Clinic B,5833.72,104883,5513,26
2025-08-19,Google Ads,Teeth Whitening,Clinic B,3036.7,27795,813,25
2025-08-19,Google Ads,General Dentistry,Clinic B,5792.08,98043,5141,58
2025-08-19,Google Ads,Dental Implant,Clinic C,9507.12,125959,8184,33
2025-08-19,Meta Ads,Invisalign,Clinic C,7415.49,106776,2726,22
2025-08-19,Meta Ads,Root Canal,Clinic C,4705.74,49828,3198,22
2025-08-19,Meta Ads,Dental Crown,Clinic C,5024.33,60246,2930,33
2025-08-19,Meta Ads,Teeth Whitening,Clinic C,4407.96,69640,2214,37
2025-08-19,Meta Ads,General Dentistry,Clinic C,4657.99,68982,2324,47
2025-08-19,Meta Ads,Dental Implant,Clinic D,6745.45,61575,2608,28
2025-08-19,Instagram,Invisalign,Clinic D,7104.99,70768,3072,25
2025-08-19,Meta Ads,Root Canal,Clinic D,7345.99,81652,3656,40
2025-08-19,Google Ads,Dental Crown,Clinic D,4620.94,56759,3268,31
2025-08-19,Meta Ads,Teeth Whitening,Clinic D,2060.37,30666,1922,16
2025-08-19,Google Ads,General Dentistry,Clinic D,4894.24,80554,2850,52
2025-08-20,Meta Ads,Dental Implant,Clinic A,6938.6,73171,4141,24
2025-08-20,Meta Ads,Invisalign,Clinic A,7735.81,131665,5892,22
2025-08-20,Instagram,Root Canal,Clinic A,4554.85,39161,2020,23
2025-08-20,Google Ads,Dental Crown,Clinic A,4549.86,66694,3000,28
2025-08-20,Meta Ads,Teeth Whitening,Clinic A,3379.1,46136,1996,34
2025-08-20,Instagram,General Dentistry,Clinic A,4880.97,41980,2489,47
2025-08-20,Instagram,Dental Implant,Clinic B,7894.86,72168,3250,29
2025-08-20,Meta Ads,Invisalign,Clinic B,8035.79,108214,6757,28
2025-08-20,Google Ads,Root Canal,Clinic B,5758.76,82897,2387,22
2025-08-20,Meta Ads,Dental Crown,Clinic B,4125.87,57412,1758,20
2025-08-20,Google Ads,Teeth Whitening,Clinic B,3717.19,40184,1679,35
2025-08-20,Meta Ads,General Dentistry,Clinic B,3071.72,40979,2291,33
2025-08-20,Meta Ads,Dental Implant,Clinic C,9547.91,85559,4062,32
2025-08-20,Instagram,Invisalign,Clinic C,7750.28,68589,3321,19
2025-08-20,Meta Ads,Root Canal,Clinic C,5632.56,74917,2937,27
2025-08-20,Meta Ads,Dental Crown,Clinic C,5400.11,89382,3997,29
2025-08-20,Meta Ads,Teeth Whitening,Clinic C,3635.08,33220,1406,30
2025-08-20,Google Ads,General Dentistry,Clinic C,5820.64,54736,1856,51
2025-08-20,Google Ads,Dental Implant,Clinic D,8270.6,120618,7709,28
2025-08-20,Instagram,Invisalign,Clinic D,6437.89,113328,4845,15
2025-08-20,Google Ads,Root Canal,Clinic D,5566.39,54495,2064,31
2025-08-20,Instagram,Dental Crown,Clinic D,6266.73,95185,5996,36
2025-08-20,Meta Ads,Teeth Whitening,Clinic D,3336.62,50144,1684,29
2025-08-20,Meta Ads,General Dentistry,Clinic D,4321.65,51096,1524,47
2025-08-21,Instagram,Dental Implant,Clinic A,12024.72,115158,5364,39
2025-08-21,Meta Ads,Invisalign,Clinic A,5583.78,79006,5121,21
2025-08-21,Meta Ads,Root Canal,Clinic A,7867.18,99980,4307,41
2025-08-21,Meta Ads,Dental Crown,Clinic A,4550.61,53563,2903,24
2025-08-21,Meta Ads,Teeth Whitening,Clinic A,3314.42,33875,1719,31
2025-08-21,Meta Ads,General Dentistry,Clinic A,4076.97,68625,3569,48
2025-08-21,Meta Ads,Dental Implant,Clinic B,9109.97,126477,6535,34
2025-08-21,Instagram,Invisalign,Clinic B,9513.95,79572,3995,26
2025-08-21,Instagram,Root Canal,Clinic B,7813.45,86848,4394,37
2025-08-21,Instagram,Dental Crown,Clinic B,5363.34,63405,2578,29
2025-08-21,Meta Ads,Teeth Whitening,Clinic B,2615.52,25778,736,19
2025-08-21,Meta Ads,General Dentistry,Clinic B,6241.25,79764,3188,61
2025-08-21,Google Ads,Dental Implant,Clinic C,9379.63,123086,3403,28
2025-08-21,Meta Ads,Invisalign,Clinic C,7383.7,131212,3695,19
2025-08-21,Meta Ads,Root Canal,Clinic C,6746.79,59738,2191,43
2025-08-21,Google Ads,Dental Crown,Clinic C,5466.57,82082,3474,32
2025-08-21,Meta Ads,Teeth Whitening,Clinic C,2668.39,23119,1155,23
2025-08-21,Instagram,General Dentistry,Clinic C,5064.64,66731,2149,54
2025-08-21,Google Ads,Dental Implant,Clinic D,10520.27,174252,5310,30
2025-08-21,Google Ads,Invisalign,Clinic D,9375.4,165119,7287,26
2025-08-21,Google Ads,Root Canal,Clinic D,5765.6,93633,5596,32
2025-08-21,Google Ads,Dental Crown,Clinic D,5189.01,64716,2300,29
2025-08-21,Meta Ads,Teeth Whitening,Clinic D,3253.05,34498,1377,30
2025-08-21,Google Ads,General Dentistry,Clinic D,4392.65,69977,3824,44
2025-08-22,Google Ads,Dental Implant,Clinic A,9141.48,93168,5377,23
2025-08-22,Google Ads,Invisalign,Clinic A,8449.93,69586,4503,19
2025-08-22,Meta Ads,Root Canal,Clinic A,5027.87,88219,3385,29
2025-08-22,Google Ads,Dental Crown,Clinic A,4043.44,71251,3220,21
2025-08-22,Meta Ads,Teeth Whitening,Clinic A,2506.01,24316,1546,22
2025-08-22,Google Ads,General Dentistry,Clinic A,4506.05,47045,2505,42
2025-08-22,Google Ads,Dental Implant,Clinic B,8826.9,130316,7684,32
2025-08-22,Meta Ads,Invisalign,Clinic B,9972.05,104489,5129,29
2025-08-22,Google Ads,Root Canal,Clinic B,5084.28,85096,3739,21
2025-08-22,Meta Ads,Dental Crown,Clinic B,3242.2,56397,2818,16
2025-08-22,Meta Ads,Teeth Whitening,Clinic B,2642.08,43195,2355,23
2025-08-22,Google Ads,General Dentistry,Clinic B,4350.95,36502,1293,45
2025-08-22,Google Ads,Dental Implant,Clinic C,9838.23,121250,6430,35
2025-08-22,Google Ads,Invisalign,Clinic C,9793.48,128367,7387,26
2025-08-22,Google Ads,Root Canal,Clinic C,5802.6,96273,6092,24
2025-08-22,Google Ads,Dental Crown,Clinic C,5137.66,65960,2292,29
2025-08-22,Google Ads,Teeth Whitening,Clinic C,2948.41,24511,1559,34
2025-08-22,Meta Ads,General Dentistry,Clinic C,4976.01,75331,2001,54
2025-08-22,Google Ads,Dental Implant,Clinic D,10666.44,158693,5056,36
2025-08-22,Meta Ads,Invisalign,Clinic D,6054.43,107596,5637,15
2025-08-22,Google Ads,Root Canal,Clinic D,6687.41,60391,1815,35
2025-08-22,Google Ads,Dental Crown,Clinic D,5259.0,89481,5260,31
2025-08-22,Meta Ads,Teeth Whitening,Clinic D,2653.78,45762,2401,26
2025-08-22,Meta Ads,General Dentistry,Clinic D,4144.56,44744,2481,42
2025-08-23,Meta Ads,Dental Implant,Clinic A,8664.92,90043,4942,24
2025-08-23,Google Ads,Invisalign,Clinic A,7515.98,112061,3202,21
2025-08-23,Google Ads,Root Canal,Clinic A,6162.81,109577,3924,32
2025-08-23,Google Ads,Dental Crown,Clinic A,5232.59,48194,1422,30
2025-08-23,Meta Ads,Teeth Whitening,Clinic A,3153.37,52863,1741,33
2025-08-23,Meta Ads,General Dentistry,Clinic A,3066.55,41016,1522,27
2025-08-23,Google Ads,Dental Implant,Clinic B,11770.36,189557,9672,49
2025-08-23,Google Ads,Invisalign,Clinic B,6970.61,68419,3314,21
2025-08-23,Meta Ads,Root Canal,Clinic B,9093.36,86774,4950,49
2025-08-23,Meta Ads,Dental Crown,Clinic B,6778.27,109785,5600,38
2025-08-23,Google Ads,Teeth Whitening,Clinic B,3797.7,41264,2354,35
2025-08-23,Instagram,General Dentistry,Clinic B,3876.36,35744,1672,43
2025-08-23,Google Ads,Dental Implant,Clinic C,5703.68,72764,2735,17
2025-08-23,Meta Ads,Invisalign,Clinic C,6657.4,96250,5403,18
2025-08-23,Google Ads,Root Canal,Clinic C,5225.12,52303,2556,36
2025-08-23,Meta Ads,Dental Crown,Clinic C,5752.62,95491,5890,27
2025-08-23,Google Ads,Teeth Whitening,Clinic C,3572.83,53043,1601,32
2025-08-23,Meta Ads,General Dentistry,Clinic C,3912.75,66923,3991,41
2025-08-23,Meta Ads,Dental Implant,Clinic D,8156.0,85487,4784,28
2025-08-23,Google Ads,Invisalign,Clinic D,7178.02,102086,2719,17
2025-08-23,Google Ads,Root Canal,Clinic D,6783.36,114482,3834,34
2025-08-23,Meta Ads,Dental Crown,Clinic D,4579.05,43658,1100,24
2025-08-23,Instagram,Teeth Whitening,Clinic D,2938.75,45068,2230,28
2025-08-23,Google Ads,General Dentistry,Clinic D,6484.53,75346,4772,64
2025-08-24,Google Ads,Dental Implant,Clinic A,8093.95,96072,3048,25
2025-08-24,Meta Ads,Invisalign,Clinic A,9288.16,102462,5389,29
2025-08-24,Instagram,Root Canal,Clinic A,3583.49,36164,1083,18
2025-08-24,Instagram,Dental Crown,Clinic A,4971.61,49956,1543,25
2025-08-24,Google Ads,Teeth Whitening,Clinic A,3246.19,41977,1896,21
2025-08-24,Google Ads,General Dentistry,Clinic A,4087.45,36002,2100,37
2025-08-24,Google Ads,Dental Implant,Clinic B,10029.37,173539,5273,28
2025-08-24,Google Ads,Invisalign,Clinic B,7733.57,95755,4606,14
2025-08-24,Google Ads,Root Canal,Clinic B,8010.75,73321,3832,43
2025-08-24,Google Ads,Dental Crown,Clinic B,5740.65,86360,4123,30
2025-08-24,Meta Ads,Teeth Whitening,Clinic B,3703.38,41120,2476,38
2025-08-24,Google Ads,General Dentistry,Clinic B,4684.96,41435,1385,41
2025-08-24,Meta Ads,Dental Implant,Clinic C,8406.31,112539,5032,17
2025-08-24,Google Ads,Invisalign,Clinic C,8357.83,121277,7090,26
2025-08-24,Meta Ads,Root Canal,Clinic C,6097.15,71556,3712,28
2025-08-24,Meta Ads,Dental Crown,Clinic C,3098.86,51944,2451,21
2025-08-24,Meta Ads,Teeth Whitening,Clinic C,3415.72,37257,1485,34
2025-08-24,Google Ads,General Dentistry,Clinic C,4575.48,46023,1478,36
2025-08-24,Google Ads,Dental Implant,Clinic D,8973.53,128813,6251,26
2025-08-24,Google Ads,Invisalign,Clinic D,9274.69,145279,5516,29
2025-08-24,Meta Ads,Root Canal,Clinic D,7327.57,106858,6792,40
2025-08-24,Meta Ads,Dental Crown,Clinic D,4648.87,57210,3076,24
2025-08-24,Google Ads,Teeth Whitening,Clinic D,3196.21,43421,1760,26
2025-08-24,Google Ads,General Dentistry,Clinic D,4558.04,42476,2300,40
2025-08-25,Google Ads,Dental Implant,Clinic A,9402.52,125389,8095,30
2025-08-25,Google Ads,Invisalign,Clinic A,8265.61,93985,3793,25
2025-08-25,Meta Ads,Root Canal,Clinic A,4688.46,69858,2703,29
2025-08-25,Google Ads,Dental Crown,Clinic A,4226.75,35451,2256,22
2025-08-25,Meta Ads,Teeth Whitening,Clinic A,3728.08,57213,3587,36
2025-08-25,Instagram,General Dentistry,Clinic A,4478.94,75109,3410,47
2025-08-25,Meta Ads,Dental Implant,Clinic B,9645.01,156618,9105,33
2025-08-25,Google Ads,Invisalign,Clinic B,5614.29,70933,4499,16
2025-08-25,Meta Ads,Root Canal,Clinic B,8096.01,85284,2838,36
2025-08-25,Google Ads,Dental Crown,Clinic B,5188.99,63554,1940,23
2025-08-25,Meta Ads,Teeth Whitening,Clinic B,3860.97,58382,1966,36
2025-08-25,Meta Ads,General Dentistry,Clinic B,5941.89,48498,1637,57
2025-08-25,Google Ads,Dental Implant,Clinic C,10581.61,189313,8176,34
2025-08-25,Google Ads,Invisalign,Clinic C,7479.7,70296,2731,19
2025-08-25,Meta Ads,Root Canal,Clinic C,5534.15,73347,2153,34
2025-08-25,Meta Ads,Dental Crown,Clinic C,4500.57,47736,2309,30
2025-08-25,Google Ads,Teeth Whitening,Clinic C,4160.76,73996,2893,41
2025-08-25,Google Ads,General Dentistry,Clinic C,3175.55,38435,1229,30
2025-08-25,Meta Ads,Dental Implant,Clinic D,5685.24,83259,2359,24
2025-08-25,Meta Ads,Invisalign,Clinic D,11158.88,120144,7675,28
2025-08-25,Google Ads,Root Canal,Clinic D,6026.69,64948,3631,30
2025-08-25,Google Ads,Dental Crown,Clinic D,4906.07,49762,3077,23
2025-08-25,Google Ads,Teeth Whitening,Clinic D,3168.06,26254,1213,21
2025-08-25,Instagram,General Dentistry,Clinic D,4925.22,45402,2206,48
2025-08-26,Google Ads,Dental Implant,Clinic A,9586.37,160577,8461,34
2025-08-26,Meta Ads,Invisalign,Clinic A,11643.31,184311,8830,39
2025-08-26,Google Ads,Root Canal,Clinic A,6187.56,73440,4648,35
2025-08-26,Google Ads,Dental Crown,Clinic A,4938.45,61530,2886,23
2025-08-26,Google Ads,Teeth Whitening,Clinic A,3873.22,44944,2771,32
2025-08-26,Meta Ads,General Dentistry,Clinic A,3657.11,62560,3761,30
2025-08-26,Meta Ads,Dental Implant,Clinic B,9882.65,161576,5492,30
2025-08-26,Google Ads,Invisalign,Clinic B,9058.59,119979,6517,25
2025-08-26,Meta Ads,Root Canal,Clinic B,6537.26,74098,4188,35
2025-08-26,Meta Ads,Dental Crown,Clinic B,4373.42,60490,1960,28
2025-08-26,Google Ads,Teeth Whitening,Clinic B,4396.66,48560,1852,36
2025-08-26,Meta Ads,General Dentistry,Clinic B,4355.16,65465,3501,38
2025-08-26,Google Ads,Dental Implant,Clinic C,11772.98,174003,4861,32
2025-08-26,Meta Ads,Invisalign,Clinic C,7192.44,61825,2038,20
2025-08-26,Google Ads,Root Canal,Clinic C,5594.35,87462,3928,33
2025-08-26,Google Ads,Dental Crown,Clinic C,5658.9,47309,2573,35
2025-08-26,Meta Ads,Teeth Whitening,Clinic C,4418.75,42047,2039,34
2025-08-26,Google Ads,General Dentistry,Clinic C,4354.34,40119,1201,42
2025-08-26,Instagram,Dental Implant,Clinic D,9456.53,149627,5895,33
2025-08-26,Meta Ads,Invisalign,Clinic D,7932.39,121917,5112,28
2025-08-26,Google Ads,Root Canal,Clinic D,5980.53,76287,2237,35
2025-08-26,Meta Ads,Dental Crown,Clinic D,3588.17,51910,2214,26
2025-08-26,Google Ads,Teeth Whitening,Clinic D,4182.61,63897,2764,37
2025-08-26,Meta Ads,General Dentistry,Clinic D,4357.58,71652,2298,48
2025-08-27,Meta Ads,Dental Implant,Clinic A,7761.96,131312,5854,24
2025-08-27,Meta Ads,Invisalign,Clinic A,12111.72,167857,10048,39
2025-08-27,Instagram,Root Canal,Clinic A,4759.07,62582,3324,30
2025-08-27,Meta Ads,Dental Crown,Clinic A,5589.87,94401,2762,25
2025-08-27,Google Ads,Teeth Whitening,Clinic A,3244.66,56250,3193,29
2025-08-27,Meta Ads,General Dentistry,Clinic A,4936.59,72753,4451,54
2025-08-27,Google Ads,Dental Implant,Clinic B,11435.94,122465,6007,38
2025-08-27,Google Ads,Invisalign,Clinic B,8180.48,75252,3514,19
2025-08-27,Meta Ads,Root Canal,Clinic B,8064.74,104150,5678,45
2025-08-27,Meta Ads,Dental Crown,Clinic B,5550.86,96379,5228,29
2025-08-27,Instagram,Teeth Whitening,Clinic B,2512.37,31532,1275,25
2025-08-27,Google Ads,General Dentistry,Clinic B,3422.28,41313,2305,35
2025-08-27,Meta Ads,Dental Implant,Clinic C,9005.29,89036,3811,38
2025-08-27,Google Ads,Invisalign,Clinic C,8635.25,113393,4318,19
2025-08-27,Google Ads,Root Canal,Clinic C,7059.05,89459,2396,37
2025-08-27,Google Ads,Dental Crown,Clinic C,5497.66,60252,2637,26
2025-08-27,Instagram,Teeth Whitening,Clinic C,3510.0,37745,1607,32
2025-08-27,Meta Ads,General Dentistry,Clinic C,4601.58,78085,4092,51
2025-08-27,Google Ads,Dental Implant,Clinic D,8022.91,74353,3531,28
2025-08-27,Google Ads,Invisalign,Clinic D,9073.42,140023,6263,19
2025-08-27,Meta Ads,Root Canal,Clinic D,6455.28,86785,3264,23
2025-08-27,Google Ads,Dental Crown,Clinic D,5926.53,80028,2348,33
2025-08-27,Meta Ads,Teeth Whitening,Clinic D,1931.3,28803,912,19
2025-08-27,Meta Ads,General Dentistry,Clinic D,3806.89,62676,2050,40
2025-08-28,Meta Ads,Dental Implant,Clinic A,11139.35,95575,3344,34
2025-08-28,Google Ads,Invisalign,Clinic A,9156.14,160601,7606,32
2025-08-28,Google Ads,Root Canal,Clinic A,5600.06,51350,2346,28
2025-08-28,Instagram,Dental Crown,Clinic A,5703.48,66536,1747,28
2025-08-28,Google Ads,Teeth Whitening,Clinic A,2670.35,44099,1749,26
2025-08-28,Google Ads,General Dentistry,Clinic A,4054.11,71059,2452,42
2025-08-28,Meta Ads,Dental Implant,Clinic B,11771.2,110407,3680,39
2025-08-28,Google Ads,Invisalign,Clinic B,7417.59,121639,6678,18
2025-08-28,Google Ads,Root Canal,Clinic B,8092.24,131396,5513,39
2025-08-28,Meta Ads,Dental Crown,Clinic B,5138.41,76589,4175,28
2025-08-28,Meta Ads,Teeth Whitening,Clinic B,3271.79,42254,1314,25
2025-08-28,Google Ads,General Dentistry,Clinic B,3604.39,46188,1406,39
2025-08-28,Google Ads,Dental Implant,Clinic C,11242.61,149091,7474,34
2025-08-28,Google Ads,Invisalign,Clinic C,7309.72,87521,2272,31
2025-08-28,Meta Ads,Root Canal,Clinic C,6548.32,81651,4538,36
2025-08-28,Google Ads,Dental Crown,Clinic C,4618.29,40824,1095,22
2025-08-28,Instagram,Teeth Whitening,Clinic C,3730.59,49943,1820,28
2025-08-28,Meta Ads,General Dentistry,Clinic C,4113.18,48566,2983,33
2025-08-28,Instagram,Dental Implant,Clinic D,6809.36,104628,3934,20
2025-08-28,Meta Ads,Invisalign,Clinic D,8429.72,99722,4127,24
2025-08-28,Google Ads,Root Canal,Clinic D,5260.37,74359,2578,29
2025-08-28,Instagram,Dental Crown,Clinic D,5638.89,72918,1954,31
2025-08-28,Google Ads,Teeth Whitening,Clinic D,3834.8,59796,2933,34
2025-08-28,Google Ads,General Dentistry,Clinic D,6125.93,93131,4106,58
2025-08-29,Meta Ads,Dental Implant,Clinic A,11841.04,171508,9736,51
2025-08-29,Meta Ads,Invisalign,Clinic A,7689.11,108632,4917,28
2025-08-29,Google Ads,Root Canal,Clinic A,7233.73,95405,3035,39
2025-08-29,Google Ads,Dental Crown,Clinic A,6070.94,74913,3047,39
2025-08-29,Google Ads,Teeth Whitening,Clinic A,3360.15,45520,1970,33
2025-08-29,Meta Ads,General Dentistry,Clinic A,4540.75,54822,2700,46
2025-08-29,Google Ads,Dental Implant,Clinic B,5401.61,89163,5663,20
2025-08-29,Google Ads,Invisalign,Clinic B,8669.09,108715,5468,23
2025-08-29,Google Ads,Root Canal,Clinic B,4492.0,62442,2642,24
2025-08-29,Meta Ads,Dental Crown,Clinic B,4103.95,40649,1053,23
2025-08-29,Google Ads,Teeth Whitening,Clinic B,3251.6,48062,2577,28
2025-08-29,Meta Ads,General Dentistry,Clinic B,5007.84,59080,1501,44
2025-08-29,Instagram,Dental Implant,Clinic C,7455.24,82709,5038,28
2025-08-29,Google Ads,Invisalign,Clinic C,8578.68,116182,6101,31
2025-08-29,Instagram,Root Canal,Clinic C,5870.92,84756,4394,33
2025-08-29,Meta Ads,Dental Crown,Clinic C,5412.91,74812,3569,30
2025-08-29,Meta Ads,Teeth Whitening,Clinic C,4101.72,36820,1358,41
2025-08-29,Meta Ads,General Dentistry,Clinic C,3719.15,59840,3591,39
2025-08-29,Meta Ads,Dental Implant,Clinic D,5673.38,93152,5093,20
2025-08-29,Google Ads,Invisalign,Clinic D,9903.31,135599,4844,28
2025-08-29,Google Ads,Root Canal,Clinic D,7143.12,75222,1914,32
2025-08-29,Google Ads,Dental Crown,Clinic D,4404.68,68672,3204,15
2025-08-29,Meta Ads,Teeth Whitening,Clinic D,3241.6,42707,1094,25
2025-08-29,Instagram,General Dentistry,Clinic D,4683.3,47461,1448,49
2025-08-30,Instagram,Dental Implant,Clinic A,7626.35,91184,3057,19
2025-08-30,Meta Ads,Invisalign,Clinic A,9366.13,95482,3683,27
2025-08-30,Meta Ads,Root Canal,Clinic A,6941.89,96920,4013,36
2025-08-30,Google Ads,Dental Crown,Clinic A,6215.25,81299,5101,43
2025-08-30,Meta Ads,Teeth Whitening,Clinic A,3142.07,53718,3487,26
2025-08-30,Meta Ads,General Dentistry,Clinic A,4042.28,67174,2610,46
2025-08-30,Google Ads,Dental Implant,Clinic B,9732.64,118507,7446,32
2025-08-30,Google Ads,Invisalign,Clinic B,6610.58,89169,3390,23
2025-08-30,Meta Ads,Root Canal,Clinic B,5743.85,82363,3059,25
2025-08-30,Google Ads,Dental Crown,Clinic B,6330.87,71739,3040,29
2025-08-30,Google Ads,Teeth Whitening,Clinic B,4080.89,66399,3119,39
2025-08-30,Google Ads,General Dentistry,Clinic B,4929.46,67863,2863,45
2025-08-30,Meta Ads,Dental Implant,Clinic C,9120.6,148848,9637,32
2025-08-30,Instagram,Invisalign,Clinic C,6629.61,93203,4708,9
2025-08-30,Google Ads,Root Canal,Clinic C,5956.45,57191,3384,34
2025-08-30,Meta Ads,Dental Crown,Clinic C,3990.01,52953,2319,20
2025-08-30,Meta Ads,Teeth Whitening,Clinic C,4813.68,55546,1632,42
2025-08-30,Google Ads,General Dentistry,Clinic C,5433.74,44051,1540,49
2025-08-30,Google Ads,Dental Implant,Clinic D,11673.34,157905,7789,37
2025-08-30,Instagram,Invisalign,Clinic D,9926.7,113546,5656,27
2025-08-30,Meta Ads,Root Canal,Clinic D,5908.24,62331,2498,33
2025-08-30,Google Ads,Dental Crown,Clinic D,6235.7,59456,2455,35
2025-08-30,Meta Ads,Teeth Whitening,Clinic D,2862.2,41799,2661,29
2025-08-30,Meta Ads,General Dentistry,Clinic D,4643.94,52845,2445,38
2025-08-31,Meta Ads,Dental Implant,Clinic A,8600.54,123329,5377,24
2025-08-31,Meta Ads,Invisalign,Clinic A,7953.8,72688,4688,23
2025-08-31,Google Ads,Root Canal,Clinic A,4594.3,39302,1179,23
2025-08-31,Google Ads,Dental Crown,Clinic A,3411.4,32193,1429,15
2025-08-31,Instagram,Teeth Whitening,Clinic A,3396.91,31399,905,30
2025-08-31,Google Ads,General Dentistry,Clinic A,4363.08,57787,1914,42
2025-08-31,Google Ads,Dental Implant,Clinic B,7278.1,111869,6793,29
2025-08-31,Instagram,Invisalign,Clinic B,8760.97,76655,3336,21
2025-08-31,Google Ads,Root Canal,Clinic B,7231.54,123897,4376,35
2025-08-31,Google Ads,Dental Crown,Clinic B,5546.37,47499,1308,26
2025-08-31,Google Ads,Teeth Whitening,Clinic B,2473.0,44199,1803,23
2025-08-31,Google Ads,General Dentistry,Clinic B,4637.12,73664,2826,44
2025-08-31,Meta Ads,Dental Implant,Clinic C,10106.31,135649,5546,31
2025-08-31,Meta Ads,Invisalign,Clinic C,8939.15,90376,5330,34
2025-08-31,Google Ads,Root Canal,Clinic C,4874.55,84396,3982,24
2025-08-31,Google Ads,Dental Crown,Clinic C,4955.57,41215,1408,28
2025-08-31,Meta Ads,Teeth Whitening,Clinic C,3352.46,42098,1814,29
2025-08-31,Google Ads,General Dentistry,Clinic C,4036.1,63328,3112,38
2025-08-31,Google Ads,Dental Implant,Clinic D,9454.21,88543,4281,30
2025-08-31,Meta Ads,Invisalign,Clinic D,5260.62,58752,1819,21
2025-08-31,Google Ads,Root Canal,Clinic D,5667.0,57795,2182,32
2025-08-31,Meta Ads,Dental Crown,Clinic D,4625.65,60736,2194,25
2025-08-31,Google Ads,Teeth Whitening,Clinic D,3381.91,38504,2418,31
2025-08-31,Meta Ads,General Dentistry,Clinic D,4062.29,70437,2170,39
2025-09-01,Google Ads,Dental Implant,Clinic A,7754.06,69849,2535,24
2025-09-01,Google Ads,Invisalign,Clinic A,8055.08,137668,4149,24
2025-09-01,Google Ads,Root Canal,Clinic A,6033.22,103620,3809,27
2025-09-01,Meta Ads,Dental Crown,Clinic A,5004.94,66450,3129,31
2025-09-01,Google Ads,Teeth Whitening,Clinic A,4212.22,50535,2110,37
2025-09-01,Google Ads,General Dentistry,Clinic A,3818.88,40756,2615,37
2025-09-01,Instagram,Dental Implant,Clinic B,11377.62,118054,3631,41
2025-09-01,Meta Ads,Invisalign,Clinic B,8340.43,87408,4866,24
2025-09-01,Google Ads,Root Canal,Clinic B,6039.0,67738,2440,22
2025-09-01,Google Ads,Dental Crown,Clinic B,5497.06,68401,2566,33
2025-09-01,Google Ads,Teeth Whitening,Clinic B,3518.99,59255,3226,31
2025-09-01,Google Ads,General Dentistry,Clinic B,3085.26,41426,2510,28
2025-09-01,Meta Ads,Dental Implant,Clinic C,10823.33,86683,3118,35
2025-09-01,Google Ads,Invisalign,Clinic C,6131.52,93497,6018,23
2025-09-01,Meta Ads,Root Canal,Clinic C,8077.14,102103,4740,38
2025-09-01,Instagram,Dental Crown,Clinic C,3354.43,48127,2297,16
2025-09-01,Google Ads,Teeth Whitening,Clinic C,3653.27,35197,1257,25
2025-09-01,Meta Ads,General Dentistry,Clinic C,4332.59,70801,2062,46
2025-09-01,Google Ads,Dental Implant,Clinic D,11707.42,123134,7706,42
2025-09-01,Meta Ads,Invisalign,Clinic D,5416.45,90270,2305,19
2025-09-01,Meta Ads,Root Canal,Clinic D,5001.38,80915,3651,25
2025-09-01,Google Ads,Dental Crown,Clinic D,4524.95,60014,1827,31
2025-09-01,Meta Ads,Teeth Whitening,Clinic D,2615.4,36141,2010,19
2025-09-01,Google Ads,General Dentistry,Clinic D,4603.33,66214,1776,46
2025-09-02,Meta Ads,Dental Implant,Clinic A,8620.07,108505,4870,34
2025-09-02,Google Ads,Invisalign,Clinic A,6787.7,109596,2752,19
2025-09-02,Google Ads,Root Canal,Clinic A,6188.03,79966,3199,35
2025-09-02,Instagram,Dental Crown,Clinic A,3717.89,52127,1743,19
2025-09-02,Google Ads,Teeth Whitening,Clinic A,2330.22,32130,1783,18
2025-09-02,Google Ads,General Dentistry,Clinic A,5296.1,59789,2837,61
2025-09-02,Instagram,Dental Implant,Clinic B,10230.58,88256,4090,32
2025-09-02,Google Ads,Invisalign,Clinic B,7012.25,122157,7323,21
2025-09-02,Google Ads,Root Canal,Clinic B,5685.73,77368,4382,37
2025-09-02,Meta Ads,Dental Crown,Clinic B,5190.76,51151,2190,25
2025-09-02,Google Ads,Teeth Whitening,Clinic B,3731.94,66193,4173,39
2025-09-02,Google Ads,General Dentistry,Clinic B,4155.82,40399,1739,45
2025-09-02,Google Ads,Dental Implant,Clinic C,12568.18,138658,6484,42
2025-09-02,Meta Ads,Invisalign,Clinic C,8992.34,130262,4989,26
2025-09-02,Google Ads,Root Canal,Clinic C,9651.43,130900,6153,48
2025-09-02,Google Ads,Dental Crown,Clinic C,5104.54,52182,1317,30
2025-09-02,Meta Ads,Teeth Whitening,Clinic C,3199.27,40511,2588,30
2025-09-02,Meta Ads,General Dentistry,Clinic C,2830.4,23442,1074,25
2025-09-02,Google Ads,Dental Implant,Clinic D,10483.43,131406,3816,43
2025-09-02,Google Ads,Invisalign,Clinic D,9562.13,126224,3165,25
2025-09-02,Meta Ads,Root Canal,Clinic D,6951.48,108246,2871,39
2025-09-02,Google Ads,Dental Crown,Clinic D,3986.31,61942,2110,23
2025-09-02,Google Ads,Teeth Whitening,Clinic D,3445.47,36374,957,29
2025-09-02,Google Ads,General Dentistry,Clinic D,3186.9,52930,1964,27
2025-09-03,Google Ads,Dental Implant,Clinic A,11725.19,199652,10378,32
2025-09-03,Meta Ads,Invisalign,Clinic A,8598.22,128986,4746,23
2025-09-03,Instagram,Root Canal,Clinic A,6031.7,90743,2293,39
2025-09-03,Google Ads,Dental Crown,Clinic A,5446.58,87155,4728,31
2025-09-03,Meta Ads,Teeth Whitening,Clinic A,3434.89,59217,1979,30
2025-09-03,Google Ads,General Dentistry,Clinic A,5264.31,63602,1780,55
2025-09-03,Meta Ads,Dental Implant,Clinic B,9283.29,134627,7052,31
2025-09-03,Google Ads,Invisalign,Clinic B,8991.24,119628,5799,22
2025-09-03,Meta Ads,Root Canal,Clinic B,5509.59,97741,3388,36
2025-09-03,Google Ads,Dental Crown,Clinic B,3966.48,46824,2465,24
2025-09-03,Google Ads,Teeth Whitening,Clinic B,3556.73,55845,3055,29
2025-09-03,Meta Ads,General Dentistry,Clinic B,3929.2,60272,1627,41
2025-09-03,Meta Ads,Dental Implant,Clinic C,9158.26,120743,4850,30
2025-09-03,Meta Ads,Invisalign,Clinic C,6686.59,64414,2046,16
2025-09-03,Google Ads,Root Canal,Clinic C,6232.46,49865,1852,36
2025-09-03,Instagram,Dental Crown,Clinic C,5025.34,46602,2014,34
2025-09-03,Meta Ads,Teeth Whitening,Clinic C,3489.85,47046,2244,35
2025-09-03,Instagram,General Dentistry,Clinic C,5218.43,64256,3510,50
2025-09-03,Meta Ads,Dental Implant,Clinic D,5872.63,71331,3282,22
2025-09-03,Meta Ads,Invisalign,Clinic D,9548.83,145052,6246,25
2025-09-03,Meta Ads,Root Canal,Clinic D,8455.04,118669,6775,56
2025-09-03,Google Ads,Dental Crown,Clinic D,6030.27,107948,5407,25
2025-09-03,Google Ads,Teeth Whitening,Clinic D,3646.51,65467,3613,38
2025-09-03,Instagram,General Dentistry,Clinic D,4489.61,41743,1991,51
2025-09-04,Google Ads,Dental Implant,Clinic A,7903.81,127167,6649,31
2025-09-04,Meta Ads,Invisalign,Clinic A,8732.75,145302,4956,20
2025-09-04,Meta Ads,Root Canal,Clinic A,7503.61,98711,5098,37
2025-09-04,Google Ads,Dental Crown,Clinic A,4918.06,48858,1397,27
2025-09-04,Instagram,Teeth Whitening,Clinic A,2391.05,26337,1153,11
2025-09-04,Google Ads,General Dentistry,Clinic A,4481.87,55448,3169,48
2025-09-04,Meta Ads,Dental Implant,Clinic B,8259.95,102393,3768,20
2025-09-04,Google Ads,Invisalign,Clinic B,6355.7,101018,3601,20
2025-09-04,Meta Ads,Root Canal,Clinic B,6659.72,61404,2875,35
2025-09-04,Meta Ads,Dental Crown,Clinic B,4917.2,46616,2961,27
2025-09-04,Meta Ads,Teeth Whitening,Clinic B,3236.61,43960,1956,31
2025-09-04,Meta Ads,General Dentistry,Clinic B,5433.79,75045,2990,44
2025-09-04,Google Ads,Dental Implant,Clinic C,3642.03,30624,1361,2
2025-09-04,Meta Ads,Invisalign,Clinic C,6373.71,92901,4708,14
2025-09-04,Instagram,Root Canal,Clinic C,8098.19,95350,3299,40
2025-09-04,Instagram,Dental Crown,Clinic C,2813.96,47995,3003,14
2025-09-04,Google Ads,Teeth Whitening,Clinic C,4164.83,69770,4259,39
2025-09-04,Meta Ads,General Dentistry,Clinic C,4118.78,49165,1852,44
2025-09-04,Google Ads,Dental Implant,Clinic D,10064.72,178254,5529,32
2025-09-04,Meta Ads,Invisalign,Clinic D,7286.91,88195,5437,24
2025-09-04,Google Ads,Root Canal,Clinic D,6888.83,117175,5618,24
2025-09-04,Instagram,Dental Crown,Clinic D,4937.01,40617,2621,19
2025-09-04,Google Ads,Teeth Whitening,Clinic D,3398.15,32799,1370,33
2025-09-04,Google Ads,General Dentistry,Clinic D,4659.68,68494,3299,40
2025-09-05,Instagram,Dental Implant,Clinic A,11316.29,182132,6091,40
2025-09-05,Google Ads,Invisalign,Clinic A,7333.39,107043,3321,24
2025-09-05,Meta Ads,Root Canal,Clinic A,4620.5,43479,1514,24
2025-09-05,Meta Ads,Dental Crown,Clinic A,4154.97,52946,3004,12
2025-09-05,Meta Ads,Teeth Whitening,Clinic A,2624.66,47139,1409,21
2025-09-05,Google Ads,General Dentistry,Clinic A,4456.31,76907,2665,48
2025-09-05,Google Ads,Dental Implant,Clinic B,8894.04,71196,2682,27
2025-09-05,Meta Ads,Invisalign,Clinic B,7233.69,58806,1778,27
2025-09-05,Google Ads,Root Canal,Clinic B,5247.53,87438,2395,27
2025-09-05,Meta Ads,Dental Crown,Clinic B,6913.79,88735,3738,34
2025-09-05,Meta Ads,Teeth Whitening,Clinic B,3452.56,55495,1731,25
2025-09-05,Google Ads,General Dentistry,Clinic B,4857.93,59714,3438,48
2025-09-05,Google Ads,Dental Implant,Clinic C,8855.28,109972,3859,23
2025-09-05,Google Ads,Invisalign,Clinic C,9478.44,104972,6508,25
2025-09-05,Google Ads,Root Canal,Clinic C,5957.74,81863,4593,32
2025-09-05,Meta Ads,Dental Crown,Clinic C,3869.58,47766,2731,28
2025-09-05,Google Ads,Teeth Whitening,Clinic C,4050.62,68428,3290,40
2025-09-05,Google Ads,General Dentistry,Clinic C,4438.54,67475,1801,42
2025-09-05,Google Ads,Dental Implant,Clinic D,7814.55,92299,5065,28
2025-09-05,Google Ads,Invisalign,Clinic D,6913.35,121541,3494,23
2025-09-05,Meta Ads,Root Canal,Clinic D,6792.27,76994,3787,31
2025-09-05,Google Ads,Dental Crown,Clinic D,5322.43,60977,2672,32
2025-09-05,Meta Ads,Teeth Whitening,Clinic D,4466.41,42651,2419,45
2025-09-05,Google Ads,General Dentistry,Clinic D,4272.49,56865,1728,39
2025-09-06,Google Ads,Dental Implant,Clinic A,9204.38,119324,3132,29
2025-09-06,Google Ads,Invisalign,Clinic A,5501.27,45014,1643,11
2025-09-06,Google Ads,Root Canal,Clinic A,7378.22,68491,3631,38
2025-09-06,Google Ads,Dental Crown,Clinic A,2471.08,31729,1761,13
2025-09-06,Google Ads,Teeth Whitening,Clinic A,2749.88,24604,625,19
2025-09-06,Meta Ads,General Dentistry,Clinic A,4214.72,61241,3968,44
2025-09-06,Google Ads,Dental Implant,Clinic B,10330.97,82986,4042,32
2025-09-06,Google Ads,Invisalign,Clinic B,8337.11,109730,5861,30
2025-09-06,Meta Ads,Root Canal,Clinic B,6112.67,107462,4614,37
2025-09-06,Google Ads,Dental Crown,Clinic B,4853.15,56568,2673,29
2025-09-06,Meta Ads,Teeth Whitening,Clinic B,4112.53,39602,1263,35
2025-09-06,Google Ads,General Dentistry,Clinic B,4407.83,35812,1291,37
2025-09-06,Instagram,Dental Implant,Clinic C,8592.99,138935,5030,34
2025-09-06,Meta Ads,Invisalign,Clinic C,7337.25,68087,2486,18
2025-09-06,Meta Ads,Root Canal,Clinic C,6304.22,112712,4617,35
2025-09-06,Meta Ads,Dental Crown,Clinic C,5085.72,60362,2777,29
2025-09-06,Meta Ads,Teeth Whitening,Clinic C,3365.29,44635,2507,27
2025-09-06,Google Ads,General Dentistry,Clinic C,4020.58,60927,3405,43
2025-09-06,Meta Ads,Dental Implant,Clinic D,11243.53,168891,7720,40
2025-09-06,Meta Ads,Invisalign,Clinic D,9880.83,152540,6802,27
2025-09-06,Meta Ads,Root Canal,Clinic D,4874.52,66101,4031,30
2025-09-06,Google Ads,Dental Crown,Clinic D,4884.72,45339,2738,27
2025-09-06,Instagram,Teeth Whitening,Clinic D,4731.89,57241,2797,48
2025-09-06,Meta Ads,General Dentistry,Clinic D,4501.58,75451,2100,40
2025-09-07,Google Ads,Dental Implant,Clinic A,12868.36,193944,6283,43
2025-09-07,Meta Ads,Invisalign,Clinic A,6129.93,52894,1584,13
2025-09-07,Meta Ads,Root Canal,Clinic A,8404.14,135945,7712,43
2025-09-07,Instagram,Dental Crown,Clinic A,4781.43,63241,4017,26
2025-09-07,Google Ads,Teeth Whitening,Clinic A,2064.26,29389,1247,23
2025-09-07,Instagram,General Dentistry,Clinic A,5062.81,59079,3285,53
2025-09-07,Meta Ads,Dental Implant,Clinic B,9614.68,141349,4897,33
2025-09-07,Meta Ads,Invisalign,Clinic B,8380.74,136756,6338,27
2025-09-07,Meta Ads,Root Canal,Clinic B,7798.97,99267,5128,42
2025-09-07,Google Ads,Dental Crown,Clinic B,4008.98,41303,1926,21
2025-09-07,Meta Ads,Teeth Whitening,Clinic B,3425.31,59748,2294,36
2025-09-07,Google Ads,General Dentistry,Clinic B,5057.52,48896,2237,55
2025-09-07,Google Ads,Dental Implant,Clinic C,9531.71,140639,8555,34
2025-09-07,Meta Ads,Invisalign,Clinic C,10076.4,150929,7400,31
2025-09-07,Google Ads,Root Canal,Clinic C,6992.22,94155,3806,46
2025-09-07,Meta Ads,Dental Crown,Clinic C,5192.02,51467,1577,23
2025-09-07,Google Ads,Teeth Whitening,Clinic C,4683.82,49003,2820,37
2025-09-07,Meta Ads,General Dentistry,Clinic C,3796.93,57812,1567,39
2025-09-07,Google Ads,Dental Implant,Clinic D,7584.33,103088,3983,24
2025-09-07,Google Ads,Invisalign,Clinic D,8891.48,91165,3994,18
2025-09-07,Meta Ads,Root Canal,Clinic D,8108.59,120978,5368,44
2025-09-07,Meta Ads,Dental Crown,Clinic D,5201.45,88524,5103,28
2025-09-07,Google Ads,Teeth Whitening,Clinic D,2771.55,38401,1395,28
2025-09-07,Meta Ads,General Dentistry,Clinic D,4099.54,43663,2129,38
2025-09-08,Meta Ads,Dental Implant,Clinic A,7146.0,90285,5610,24
2025-09-08,Instagram,Invisalign,Clinic A,5529.76,99130,3350,15
2025-09-08,Meta Ads,Root Canal,Clinic A,7116.18,65393,2462,36
2025-09-08,Meta Ads,Dental Crown,Clinic A,4805.42,57361,2606,23
2025-09-08,Google Ads,Teeth Whitening,Clinic A,2838.84,29583,983,32
2025-09-08,Meta Ads,General Dentistry,Clinic A,5293.32,42866,2735,48
2025-09-08,Google Ads,Dental Implant,Clinic B,11747.56,167315,10156,35
2025-09-08,Instagram,Invisalign,Clinic B,9243.86,83042,3539,31
2025-09-08,Google Ads,Root Canal,Clinic B,5328.39,84473,3845,26
2025-09-08,Google Ads,Dental Crown,Clinic B,3153.56,41039,1447,18
2025-09-08,Meta Ads,Teeth Whitening,Clinic B,4696.97,39529,2041,46
2025-09-08,Google Ads,General Dentistry,Clinic B,5838.34,81472,4858,58
2025-09-08,Meta Ads,Dental Implant,Clinic C,6856.07,68129,3117,24
2025-09-08,Instagram,Invisalign,Clinic C,7822.51,95371,5200,12
2025-09-08,Google Ads,Root Canal,Clinic C,7560.25,114549,5965,42
2025-09-08,Google Ads,Dental Crown,Clinic C,3667.88,54732,1825,20
2025-09-08,Meta Ads,Teeth Whitening,Clinic C,3033.08,32480,1382,29
2025-09-08,Meta Ads,General Dentistry,Clinic C,3711.87,35470,1259,34
2025-09-08,Google Ads,Dental Implant,Clinic D,8566.25,97403,4121,33
2025-09-08,Google Ads,Invisalign,Clinic D,8238.66,142291,8835,18
2025-09-08,Meta Ads,Root Canal,Clinic D,4458.87,54131,3485,23
2025-09-08,Meta Ads,Dental Crown,Clinic D,6057.1,93734,3856,33
2025-09-08,Meta Ads,Teeth Whitening,Clinic D,3294.91,36947,980,29
2025-09-08,Instagram,General Dentistry,Clinic D,3100.76,27895,742,37
2025-09-09,Google Ads,Dental Implant,Clinic A,11490.1,132371,5857,31
2025-09-09,Meta Ads,Invisalign,Clinic A,8046.98,87292,4912,20
2025-09-09,Google Ads,Root Canal,Clinic A,7055.96,110692,4821,34
2025-09-09,Google Ads,Dental Crown,Clinic A,2660.97,25201,995,9
2025-09-09,Meta Ads,Teeth Whitening,Clinic A,2810.48,47343,2592,25
2025-09-09,Meta Ads,General Dentistry,Clinic A,4124.89,63448,3178,40
2025-09-09,Meta Ads,Dental Implant,Clinic B,7611.5,95330,3573,27
2025-09-09,Meta Ads,Invisalign,Clinic B,7947.16,107155,5359,15
2025-09-09,Meta Ads,Root Canal,Clinic B,4944.14,64558,1764,31
2025-09-09,Meta Ads,Dental Crown,Clinic B,6251.99,59225,2949,37
2025-09-09,Google Ads,Teeth Whitening,Clinic B,3094.52,28746,994,18
2025-09-09,Google Ads,General Dentistry,Clinic B,3806.23,56977,3418,39
2025-09-09,Google Ads,Dental Implant,Clinic C,10780.34,156721,4581,41
2025-09-09,Meta Ads,Invisalign,Clinic C,5949.06,73760,3983,18
2025-09-09,Meta Ads,Root Canal,Clinic C,6871.15,89912,4599,31
2025-09-09,Meta Ads,Dental Crown,Clinic C,4175.98,58228,3277,16
2025-09-09,Meta Ads,Teeth Whitening,Clinic C,3434.47,54101,2384,31
2025-09-09,Google Ads,General Dentistry,Clinic C,4394.22,63168,2837,39
2025-09-09,Google Ads,Dental Implant,Clinic D,10749.71,173908,5681,35
2025-09-09,Meta Ads,Invisalign,Clinic D,9049.08,132171,6922,35
2025-09-09,Google Ads,Root Canal,Clinic D,6092.06,55318,3036,25
2025-09-09,Meta Ads,Dental Crown,Clinic D,5117.8,77049,4478,24
2025-09-09,Google Ads,Teeth Whitening,Clinic D,3501.82,44203,1851,33
2025-09-09,Google Ads,General Dentistry,Clinic D,3660.49,60161,1619,37
2025-09-10,Meta Ads,Dental Implant,Clinic A,8037.08,67162,4055,30
2025-09-10,Meta Ads,Invisalign,Clinic A,7256.37,94966,5922,21
2025-09-10,Google Ads,Root Canal,Clinic A,8151.97,119114,4857,43
2025-09-10,Instagram,Dental Crown,Clinic A,5985.66,84495,3169,33
2025-09-10,Instagram,Teeth Whitening,Clinic A,3271.26,33247,2132,32
2025-09-10,Google Ads,General Dentistry,Clinic A,5127.78,53778,2582,44
2025-09-10,Google Ads,Dental Implant,Clinic B,8896.13,157756,7317,30
2025-09-10,Google Ads,Invisalign,Clinic B,5113.97,50435,1533,15
2025-09-10,Meta Ads,Root Canal,Clinic B,7601.78,67647,1713,37
2025-09-10,Instagram,Dental Crown,Clinic B,7124.38,83089,5306,39
2025-09-10,Meta Ads,Teeth Whitening,Clinic B,2944.15,32420,1533,32
2025-09-10,Google Ads,General Dentistry,Clinic B,5286.01,81943,3922,43
2025-09-10,Google Ads,Dental Implant,Clinic C,9890.05,98716,4461,34
2025-09-10,Google Ads,Invisalign,Clinic C,8026.56,128251,3631,29
2025-09-10,Google Ads,Root Canal,Clinic C,6277.25,97375,3858,26
2025-09-10,Meta Ads,Dental Crown,Clinic C,5008.93,88061,2737,32
2025-09-10,Google Ads,Teeth Whitening,Clinic C,3211.48,42049,1167,29
2025-09-10,Google Ads,General Dentistry,Clinic C,4101.59,46650,3020,46
2025-09-10,Google Ads,Dental Implant,Clinic D,8737.78,130877,6706,20
2025-09-10,Meta Ads,Invisalign,Clinic D,8282.26,80827,3187,27
2025-09-10,Meta Ads,Root Canal,Clinic D,9488.47,104211,3806,53
2025-09-10,Google Ads,Dental Crown,Clinic D,4937.08,63735,1746,25
2025-09-10,Google Ads,Teeth Whitening,Clinic D,2679.55,45434,2195,24
2025-09-10,Meta Ads,General Dentistry,Clinic D,5799.97,95042,4433,58
2025-09-11,Meta Ads,Dental Implant,Clinic A,6496.6,115340,7385,25
2025-09-11,Meta Ads,Invisalign,Clinic A,9493.17,92590,4550,25
2025-09-11,Meta Ads,Root Canal,Clinic A,7450.65,128418,4100,36
2025-09-11,Google Ads,Dental Crown,Clinic A,5013.11,45007,1262,30
2025-09-11,Instagram,Teeth Whitening,Clinic A,3915.37,53909,2905,35
2025-09-11,Google Ads,General Dentistry,Clinic A,4927.23,43140,2071,46
2025-09-11,Meta Ads,Dental Implant,Clinic B,8917.04,123803,7048,28
2025-09-11,Google Ads,Invisalign,Clinic B,8731.32,100127,3702,29
2025-09-11,Meta Ads,Root Canal,Clinic B,7479.61,93055,2408,44
2025-09-11,Meta Ads,Dental Crown,Clinic B,3753.17,37652,2242,23
2025-09-11,Google Ads,Teeth Whitening,Clinic B,3833.68,42903,1829,29
2025-09-11,Meta Ads,General Dentistry,Clinic B,4407.02,37218,1102,44
2025-09-11,Google Ads,Dental Implant,Clinic C,8643.85,142950,8705,27
2025-09-11,Google Ads,Invisalign,Clinic C,8210.53,147382,3817,26
2025-09-11,Meta Ads,Root Canal,Clinic C,6313.69,71905,2485,34
2025-09-11,Google Ads,Dental Crown,Clinic C,7303.97,108713,5404,36
2025-09-11,Google Ads,Teeth Whitening,Clinic C,2766.13,36920,1790,27
2025-09-11,Google Ads,General Dentistry,Clinic C,3164.41,32749,1870,24
2025-09-11,Meta Ads,Dental Implant,Clinic D,6801.14,86749,3685,22
2025-09-11,Google Ads,Invisalign,Clinic D,5718.99,91212,2992,14
2025-09-11,Meta Ads,Root Canal,Clinic D,7875.85,117443,6216,37
2025-09-11,Instagram,Dental Crown,Clinic D,4394.62,52454,3131,28
2025-09-11,Meta Ads,Teeth Whitening,Clinic D,3262.98,35649,1431,26
2025-09-11,Google Ads,General Dentistry,Clinic D,5060.77,50548,1627,54
2025-09-12,Google Ads,Dental Implant,Clinic A,10832.65,126622,5314,31
2025-09-12,Google Ads,Invisalign,Clinic A,4056.3,60179,1989,7
2025-09-12,Meta Ads,Root Canal,Clinic A,7454.97,86333,2360,45
2025-09-12,Google Ads,Dental Crown,Clinic A,4457.16,36097,1350,20
2025-09-12,Meta Ads,Teeth Whitening,Clinic A,4161.43,73303,2481,38
2025-09-12,Meta Ads,General Dentistry,Clinic A,5026.52,53294,3415,55
2025-09-12,Meta Ads,Dental Implant,Clinic B,9015.17,87080,4695,28
2025-09-12,Google Ads,Invisalign,Clinic B,6152.18,104062,6237,13
2025-09-12,Meta Ads,Root Canal,Clinic B,7076.52,104268,5532,35
2025-09-12,Google Ads,Dental Crown,Clinic B,3899.78,51875,3311,24
2025-09-12,Meta Ads,Teeth Whitening,Clinic B,2792.39,45817,2837,28
2025-09-12,Google Ads,General Dentistry,Clinic B,6106.3,102800,4777,58
2025-09-12,Google Ads,Dental Implant,Clinic C,9098.77,102753,6650,28
2025-09-12,Meta Ads,Invisalign,Clinic C,10050.32,177790,9782,30
2025-09-12,Instagram,Root Canal,Clinic C,5936.02,104708,4911,30
2025-09-12,Meta Ads,Dental Crown,Clinic C,6402.77,55040,1523,36
2025-09-12,Instagram,Teeth Whitening,Clinic C,2380.74,40825,2651,19
2025-09-12,Meta Ads,General Dentistry,Clinic C,5161.33,50496,2540,52
2025-09-12,Meta Ads,Dental Implant,Clinic D,10420.77,167252,5602,38
2025-09-12,Meta Ads,Invisalign,Clinic D,8686.71,85336,4063,26
2025-09-12,Google Ads,Root Canal,Clinic D,5325.23,62434,3009,26
2025-09-12,Meta Ads,Dental Crown,Clinic D,5689.55,51268,2386,31
2025-09-12,Instagram,Teeth Whitening,Clinic D,3972.6,41917,2687,33
2025-09-12,Meta Ads,General Dentistry,Clinic D,5194.52,72083,2644,53
2025-09-13,Google Ads,Dental Implant,Clinic A,10265.98,175343,8184,44
2025-09-13,Meta Ads,Invisalign,Clinic A,6469.18,59554,3079,17
2025-09-13,Google Ads,Root Canal,Clinic A,7406.44,117241,4710,39
2025-09-13,Meta Ads,Dental Crown,Clinic A,4745.72,72885,3803,29
2025-09-13,Meta Ads,Teeth Whitening,Clinic A,3673.94,36397,1883,36
2025-09-13,Google Ads,General Dentistry,Clinic A,4418.08,45995,1178,45
2025-09-13,Meta Ads,Dental Implant,Clinic B,6313.06,101026,3914,14
2025-09-13,Google Ads,Invisalign,Clinic B,6879.03,99241,6325,12
2025-09-13,Meta Ads,Root Canal,Clinic B,6269.3,60198,3787,32
2025-09-13,Google Ads,Dental Crown,Clinic B,4537.5,62984,2569,23
2025-09-13,Meta Ads,Teeth Whitening,Clinic B,3634.95,35039,1805,28
2025-09-13,Meta Ads,General Dentistry,Clinic B,3756.56,61539,2794,42
2025-09-13,Meta Ads,Dental Implant,Clinic C,8932.66,113003,3951,31
2025-09-13,Google Ads,Invisalign,Clinic C,9289.37,120232,6645,29
2025-09-13,Google Ads,Root Canal,Clinic C,5768.51,93995,5033,30
2025-09-13,Meta Ads,Dental Crown,Clinic C,4641.08,51979,2041,26
2025-09-13,Meta Ads,Teeth Whitening,Clinic C,3245.84,55084,2652,28
2025-09-13,Google Ads,General Dentistry,Clinic C,4837.98,81743,4532,52
2025-09-13,Meta Ads,Dental Implant,Clinic D,10569.82,90336,5635,45
2025-09-13,Instagram,Invisalign,Clinic D,9320.07,167532,4318,24
2025-09-13,Google Ads,Root Canal,Clinic D,4214.27,74500,2434,27
2025-09-13,Google Ads,Dental Crown,Clinic D,5750.85,51815,1752,34
2025-09-13,Google Ads,Teeth Whitening,Clinic D,5582.86,85821,5144,50
2025-09-13,Google Ads,General Dentistry,Clinic D,3076.31,52159,2405,41
2025-09-14,Google Ads,Dental Implant,Clinic A,9498.81,120907,3916,36
2025-09-14,Google Ads,Invisalign,Clinic A,7515.61,113632,3066,20
2025-09-14,Google Ads,Root Canal,Clinic A,7089.44,64938,2084,33
2025-09-14,Instagram,Dental Crown,Clinic A,5886.26,102002,2719,28
2025-09-14,Google Ads,Teeth Whitening,Clinic A,4500.51,79394,2114,41
2025-09-14,Google Ads,General Dentistry,Clinic A,4886.29,76232,4757,48
2025-09-14,Google Ads,Dental Implant,Clinic B,10938.97,104698,4934,31
2025-09-14,Instagram,Invisalign,Clinic B,7376.03,127039,3816,28
2025-09-14,Google Ads,Root Canal,Clinic B,6201.89,50732,2522,32
2025-09-14,Meta Ads,Dental Crown,Clinic B,5928.69,91420,4187,26
2025-09-14,Meta Ads,Teeth Whitening,Clinic B,3919.54,47140,2267,32
2025-09-14,Meta Ads,General Dentistry,Clinic B,4513.49,78652,2278,44
2025-09-14,Google Ads,Dental Implant,Clinic C,11363.68,125390,5662,37
2025-09-14,Meta Ads,Invisalign,Clinic C,9094.88,149439,9385,19
2025-09-14,Google Ads,Root Canal,Clinic C,6732.02,94269,2820,38
2025-09-14,Meta Ads,Dental Crown,Clinic C,4397.05,41399,1416,17
2025-09-14,Meta Ads,Teeth Whitening,Clinic C,2986.92,42731,2550,36
2025-09-14,Google Ads,General Dentistry,Clinic C,3966.72,54628,2820,35
2025-09-14,Meta Ads,Dental Implant,Clinic D,8199.89,130941,3652,34
2025-09-14,Meta Ads,Invisalign,Clinic D,8200.08,82856,2376,20
2025-09-14,Meta Ads,Root Canal,Clinic D,5492.77,87345,3355,29
2025-09-14,Google Ads,Dental Crown,Clinic D,4194.4,68844,3228,28
2025-09-14,Instagram,Teeth Whitening,Clinic D,2298.05,40457,1749,23
2025-09-14,Meta Ads,General Dentistry,Clinic D,4678.17,60859,2240,51
2025-09-15,Meta Ads,Dental Implant,Clinic A,6557.31,105228,4051,23
2025-09-15,Meta Ads,Invisalign,Clinic A,8879.09,87368,2561,29
2025-09-15,Meta Ads,Root Canal,Clinic A,5409.09,94590,3314,35
2025-09-15,Google Ads,Dental Crown,Clinic A,5023.93,41999,1379,32
2025-09-15,Meta Ads,Teeth Whitening,Clinic A,3421.35,54534,2443,22
2025-09-15,Google Ads,General Dentistry,Clinic A,4256.55,52426,1750,41
2025-09-15,Google Ads,Dental Implant,Clinic B,7432.2,74058,4390,25
2025-09-15,Meta Ads,Invisalign,Clinic B,7887.17,117431,4971,29
2025-09-15,Google Ads,Root Canal,Clinic B,8858.42,93270,4957,42
2025-09-15,Google Ads,Dental Crown,Clinic B,5690.39,58884,2953,27
2025-09-15,Meta Ads,Teeth Whitening,Clinic B,3516.79,61265,2981,26
2025-09-15,Google Ads,General Dentistry,Clinic B,4912.06,62767,1744,47
2025-09-15,Google Ads,Dental Implant,Clinic C,10599.17,147090,8099,38
2025-09-15,Google Ads,Invisalign,Clinic C,4224.25,46154,2354,8
2025-09-15,Meta Ads,Root Canal,Clinic C,6026.85,86901,3363,34
2025-09-15,Instagram,Dental Crown,Clinic C,5963.58,97401,3835,30
2025-09-15,Google Ads,Teeth Whitening,Clinic C,4164.44,59069,1853,39
2025-09-15,Google Ads,General Dentistry,Clinic C,3850.41,32817,1700,31
2025-09-15,Google Ads,Dental Implant,Clinic D,7850.83,117532,5513,26
2025-09-15,Instagram,Invisalign,Clinic D,7599.37,129038,4732,23
2025-09-15,Google Ads,Root Canal,Clinic D,5351.47,67602,3972,27
2025-09-15,Meta Ads,Dental Crown,Clinic D,4897.67,73459,4426,24
2025-09-15,Instagram,Teeth Whitening,Clinic D,3788.62,65405,3294,32
2025-09-15,Meta Ads,General Dentistry,Clinic D,4864.02,79169,3408,53
2025-09-16,Google Ads,Dental Implant,Clinic A,12765.61,214552,5563,42
2025-09-16,Google Ads,Invisalign,Clinic A,7318.68,88226,3840,18
2025-09-16,Google Ads,Root Canal,Clinic A,6088.79,93695,5996,34
2025-09-16,Meta Ads,Dental Crown,Clinic A,4618.3,55606,3358,29
2025-09-16,Meta Ads,Teeth Whitening,Clinic A,4118.67,59018,3258,42
2025-09-16,Meta Ads,General Dentistry,Clinic A,4382.41,39826,2282,42
2025-09-16,Meta Ads,Dental Implant,Clinic B,10232.11,180674,9050,34
2025-09-16,Meta Ads,Invisalign,Clinic B,6843.15,107109,6432,20
2025-09-16,Meta Ads,Root Canal,Clinic B,7109.6,120523,6899,35
2025-09-16,Google Ads,Dental Crown,Clinic B,4803.68,45993,2414,20
2025-09-16,Meta Ads,Teeth Whitening,Clinic B,3483.48,33523,2061,38
2025-09-16,Google Ads,General Dentistry,Clinic B,5018.79,55942,2977,39
2025-09-16,Google Ads,Dental Implant,Clinic C,6985.78,66353,3151,28
2025-09-16,Meta Ads,Invisalign,Clinic C,6870.78,84865,4030,14
2025-09-16,Meta Ads,Root Canal,Clinic C,5160.69,58412,2971,19
2025-09-16,Instagram,Dental Crown,Clinic C,3947.11,44533,2084,23
2025-09-16,Google Ads,Teeth Whitening,Clinic C,4999.74,75297,2590,40
2025-09-16,Google Ads,General Dentistry,Clinic C,3815.53,53492,3004,37
2025-09-16,Meta Ads,Dental Implant,Clinic D,9186.1,164174,9063,27
2025-09-16,Meta Ads,Invisalign,Clinic D,5299.92,88794,5102,16
2025-09-16,Meta Ads,Root Canal,Clinic D,5732.67,96059,3157,32
2025-09-16,Meta Ads,Dental Crown,Clinic D,5291.64,79846,2828,31
2025-09-16,Google Ads,Teeth Whitening,Clinic D,4620.08,52649,3204,49
2025-09-16,Google Ads,General Dentistry,Clinic D,3328.05,57541,1767,30
2025-09-17,Google Ads,Dental Implant,Clinic A,10545.1,115240,5429,36
2025-09-17,Instagram,Invisalign,Clinic A,8573.21,149821,6011,23
2025-09-17,Google Ads,Root Canal,Clinic A,7404.99,109869,3666,37
2025-09-17,Meta Ads,Dental Crown,Clinic A,4958.63,45339,2309,21
2025-09-17,Meta Ads,Teeth Whitening,Clinic A,3000.41,40381,2496,26
2025-09-17,Meta Ads,General Dentistry,Clinic A,3885.93,56571,2192,39
2025-09-17,Meta Ads,Dental Implant,Clinic B,8963.28,103645,2651,27
2025-09-17,Google Ads,Invisalign,Clinic B,9080.74,84105,3099,27
2025-09-17,Meta Ads,Root Canal,Clinic B,6922.97,88051,4324,31
2025-09-17,Instagram,Dental Crown,Clinic B,4909.22,51381,2653,23
2025-09-17,Google Ads,Teeth Whitening,Clinic B,3642.8,53577,3041,36
2025-09-17,Meta Ads,General Dentistry,Clinic B,4758.51,49368,1421,48
2025-09-17,Meta Ads,Dental Implant,Clinic C,9144.33,137104,7123,27
2025-09-17,Google Ads,Invisalign,Clinic C,6337.16,101757,6093,23
2025-09-17,Meta Ads,Root Canal,Clinic C,4818.28,60963,2085,28
2025-09-17,Meta Ads,Dental Crown,Clinic C,4292.36,72876,4700,25
2025-09-17,Google Ads,Teeth Whitening,Clinic C,4009.4,47909,1308,34
2025-09-17,Instagram,General Dentistry,Clinic C,4095.75,50569,2952,41
2025-09-17,Google Ads,Dental Implant,Clinic D,9091.03,101857,5913,36
2025-09-17,Google Ads,Invisalign,Clinic D,7469.83,62683,3707,16
2025-09-17,Google Ads,Root Canal,Clinic D,5867.68,97772,6236,31
2025-09-17,Instagram,Dental Crown,Clinic D,5926.46,97703,3289,35
2025-09-17,Google Ads,Teeth Whitening,Clinic D,3656.18,41554,1293,32
2025-09-17,Instagram,General Dentistry,Clinic D,4733.13,63886,2300,48
2025-09-18,Google Ads,Dental Implant,Clinic A,10231.88,83603,4465,32
2025-09-18,Instagram,Invisalign,Clinic A,7913.93,69821,1830,29
2025-09-18,Google Ads,Root Canal,Clinic A,5447.94,76370,2171,37
2025-09-18,Meta Ads,Dental Crown,Clinic A,5978.21,58150,2723,38
2025-09-18,Google Ads,Teeth Whitening,Clinic A,3463.6,38359,2417,34
2025-09-18,Google Ads,General Dentistry,Clinic A,3453.07,30881,836,34
2025-09-18,Google Ads,Dental Implant,Clinic B,7680.78,132256,6621,31
2025-09-18,Meta Ads,Invisalign,Clinic B,6685.73,83182,4832,16
2025-09-18,Google Ads,Root Canal,Clinic B,4082.19,56840,2570,24
2025-09-18,Google Ads,Dental Crown,Clinic B,3010.2,47784,1324,22
2025-09-18,Google Ads,Teeth Whitening,Clinic B,3059.46,38841,1580,33
2025-09-18,Google Ads,General Dentistry,Clinic B,3505.1,43318,2390,35
2025-09-18,Google Ads,Dental Implant,Clinic C,9379.11,112807,5252,31
2025-09-18,Google Ads,Invisalign,Clinic C,7041.04,110476,3318,26
2025-09-18,Google Ads,Root Canal,Clinic C,5543.86,89655,4959,26
2025-09-18,Instagram,Dental Crown,Clinic C,4851.14,85888,2513,25
2025-09-18,Meta Ads,Teeth Whitening,Clinic C,2753.72,43403,2564,27
2025-09-18,Google Ads,General Dentistry,Clinic C,4726.81,69965,3008,54
2025-09-18,Google Ads,Dental Implant,Clinic D,7068.17,121869,5183,19
2025-09-18,Instagram,Invisalign,Clinic D,7144.34,90572,3654,20
2025-09-18,Google Ads,Root Canal,Clinic D,8187.6,139662,3560,49
2025-09-18,Meta Ads,Dental Crown,Clinic D,4939.74,62839,1745,29
2025-09-18,Meta Ads,Teeth Whitening,Clinic D,3155.15,45378,1812,30
2025-09-18,Meta Ads,General Dentistry,Clinic D,3950.16,43488,2552,40
2025-09-19,Google Ads,Dental Implant,Clinic A,10634.47,151527,8547,37
2025-09-19,Meta Ads,Invisalign,Clinic A,8499.57,97042,4443,27
2025-09-19,Meta Ads,Root Canal,Clinic A,5861.76,104947,3255,32
2025-09-19,Meta Ads,Dental Crown,Clinic A,4963.22,39838,1107,26
2025-09-19,Meta Ads,Teeth Whitening,Clinic A,3047.18,52753,2057,27
2025-09-19,Meta Ads,General Dentistry,Clinic A,3949.96,48472,2983,40
2025-09-19,Google Ads,Dental Implant,Clinic B,7309.89,70296,2432,28
2025-09-19,Google Ads,Invisalign,Clinic B,8100.1,93164,2984,28
2025-09-19,Google Ads,Root Canal,Clinic B,6337.25,79341,2954,25
2025-09-19,Google Ads,Dental Crown,Clinic B,4400.4,75302,3379,28
2025-09-19,Google Ads,Teeth Whitening,Clinic B,4060.76,34087,1476,37
2025-09-19,Meta Ads,General Dentistry,Clinic B,4549.78,73469,2884,43
2025-09-19,Google Ads,Dental Implant,Clinic C,10794.6,149880,5053,36
2025-09-19,Google Ads,Invisalign,Clinic C,7082.91,95042,6071,19
2025-09-19,Meta Ads,Root Canal,Clinic C,7450.76,102615,5845,39
2025-09-19,Google Ads,Dental Crown,Clinic C,5285.76,54497,2570,28
2025-09-19,Google Ads,Teeth Whitening,Clinic C,2920.75,47247,2635,35
2025-09-19,Google Ads,General Dentistry,Clinic C,4820.19,63764,2712,48
2025-09-19,Google Ads,Dental Implant,Clinic D,10022.61,171070,9139,33
2025-09-19,Google Ads,Invisalign,Clinic D,8539.89,115634,6680,31
2025-09-19,Google Ads,Root Canal,Clinic D,8631.53,148948,3867,51
2025-09-19,Google Ads,Dental Crown,Clinic D,5648.81,62249,2252,29
2025-09-19,Meta Ads,Teeth Whitening,Clinic D,3054.47,25436,998,21
2025-09-19,Meta Ads,General Dentistry,Clinic D,3587.84,58132,2232,36
2025-09-20,Meta Ads,Dental Implant,Clinic A,8708.72,148882,4176,29
2025-09-20,Google Ads,Invisalign,Clinic A,7031.03,56895,1927,23
2025-09-20,Google Ads,Root Canal,Clinic A,5565.71,60812,2183,32
2025-09-20,Google Ads,Dental Crown,Clinic A,5515.0,80256,2685,24
2025-09-20,Meta Ads,Teeth Whitening,Clinic A,3459.83,32815,1343,37
2025-09-20,Google Ads,General Dentistry,Clinic A,4196.37,41994,2639,43
2025-09-20,Google Ads,Dental Implant,Clinic B,8506.23,125904,6306,29
2025-09-20,Meta Ads,Invisalign,Clinic B,6946.15,60866,3180,18
2025-09-20,Meta Ads,Root Canal,Clinic B,6557.59,61960,1647,33
2025-09-20,Meta Ads,Dental Crown,Clinic B,5191.54,78762,4885,22
2025-09-20,Google Ads,Teeth Whitening,Clinic B,2752.51,41880,2425,23
2025-09-20,Meta Ads,General Dentistry,Clinic B,6071.83,61930,3369,53
2025-09-20,Meta Ads,Dental Implant,Clinic C,9197.54,142497,6415,33
2025-09-20,Meta Ads,Invisalign,Clinic C,6715.59,63449,3626,28
2025-09-20,Meta Ads,Root Canal,Clinic C,5835.07,70763,2725,23
2025-09-20,Meta Ads,Dental Crown,Clinic C,4259.52,45123,1228,23
2025-09-20,Meta Ads,Teeth Whitening,Clinic C,2882.35,39799,1678,30
2025-09-20,Google Ads,General Dentistry,Clinic C,5407.27,61354,2789,56
2025-09-20,Google Ads,Dental Implant,Clinic D,8949.63,144934,8088,29
2025-09-20,Google Ads,Invisalign,Clinic D,6912.71,104448,4782,20
2025-09-20,Google Ads,Root Canal,Clinic D,6956.23,66023,3442,29
2025-09-20,Google Ads,Dental Crown,Clinic D,5215.57,46924,2216,33
2025-09-20,Google Ads,Teeth Whitening,Clinic D,4074.34,65599,1947,32
2025-09-20,Google Ads,General Dentistry,Clinic D,4367.46,35114,1853,38
2025-09-21,Google Ads,Dental Implant,Clinic A,9607.08,155424,7726,30
2025-09-21,Meta Ads,Invisalign,Clinic A,4959.25,51608,3165,18
2025-09-21,Instagram,Root Canal,Clinic A,6925.63,115728,4125,37
2025-09-21,Meta Ads,Dental Crown,Clinic A,5795.23,53504,3159,43
2025-09-21,Google Ads,Teeth Whitening,Clinic A,3844.07,31766,1046,33
2025-09-21,Meta Ads,General Dentistry,Clinic A,4366.6,42462,1892,47
2025-09-21,Meta Ads,Dental Implant,Clinic B,9383.55,148051,6615,32
2025-09-21,Instagram,Invisalign,Clinic B,8472.38,135006,8266,26
2025-09-21,Google Ads,Root Canal,Clinic B,6139.57,83282,3996,34
2025-09-21,Instagram,Dental Crown,Clinic B,4497.44,42461,1986,18
2025-09-21,Google Ads,Teeth Whitening,Clinic B,3028.49,49468,1935,27
2025-09-21,Meta Ads,General Dentistry,Clinic B,5642.75,58348,1703,61
2025-09-21,Google Ads,Dental Implant,Clinic C,7587.9,90909,5458,25
2025-09-21,Google Ads,Invisalign,Clinic C,6707.19,111325,6091,26
2025-09-21,Google Ads,Root Canal,Clinic C,7576.74,73618,4201,34
2025-09-21,Google Ads,Dental Crown,Clinic C,4521.64,46004,2882,28
2025-09-21,Meta Ads,Teeth Whitening,Clinic C,3106.43,33599,1006,28
2025-09-21,Google Ads,General Dentistry,Clinic C,3992.48,67855,1926,38
2025-09-21,Meta Ads,Dental Implant,Clinic D,7023.95,93216,5541,23
2025-09-21,Instagram,Invisalign,Clinic D,9974.15,86365,3883,23
2025-09-21,Google Ads,Root Canal,Clinic D,6110.42,104707,6066,24
2025-09-21,Google Ads,Dental Crown,Clinic D,5964.6,52637,2951,32
2025-09-21,Google Ads,Teeth Whitening,Clinic D,2928.5,39571,1353,23
2025-09-21,Google Ads,General Dentistry,Clinic D,4067.82,66034,2865,47
2025-09-22,Meta Ads,Dental Implant,Clinic A,6351.99,67127,2918,16
2025-09-22,Meta Ads,Invisalign,Clinic A,6804.58,117403,5032,21
2025-09-22,Google Ads,Root Canal,Clinic A,6391.12,62232,3605,36
2025-09-22,Meta Ads,Dental Crown,Clinic A,5543.34,98781,2802,26
2025-09-22,Google Ads,Teeth Whitening,Clinic A,4834.2,49719,1610,44
2025-09-22,Meta Ads,General Dentistry,Clinic A,3553.57,30449,1735,38
2025-09-22,Meta Ads,Dental Implant,Clinic B,6993.92,103154,3608,23
2025-09-22,Google Ads,Invisalign,Clinic B,9200.52,157378,4425,28
2025-09-22,Meta Ads,Root Canal,Clinic B,5798.64,63728,4013,26
2025-09-22,Google Ads,Dental Crown,Clinic B,6874.25,99808,3390,44
2025-09-22,Google Ads,Teeth Whitening,Clinic B,2432.22,27582,1730,15
2025-09-22,Meta Ads,General Dentistry,Clinic B,3878.09,31055,1959,43
2025-09-22,Meta Ads,Dental Implant,Clinic C,5387.94,67062,2398,14
2025-09-22,Meta Ads,Invisalign,Clinic C,12838.81,183669,9038,28
2025-09-22,Meta Ads,Root Canal,Clinic C,7213.12,71478,2385,40
2025-09-22,Google Ads,Dental Crown,Clinic C,4996.01,59393,2016,21
2025-09-22,Meta Ads,Teeth Whitening,Clinic C,2826.22,31674,1983,25
2025-09-22,Meta Ads,General Dentistry,Clinic C,4450.37,36508,2069,47
2025-09-22,Google Ads,Dental Implant,Clinic D,8758.49,127772,7519,30
2025-09-22,Google Ads,Invisalign,Clinic D,6132.35,93708,3614,16
2025-09-22,Meta Ads,Root Canal,Clinic D,7465.38,111717,2831,35
2025-09-22,Google Ads,Dental Crown,Clinic D,4845.86,75882,3514,25
2025-09-22,Google Ads,Teeth Whitening,Clinic D,2575.59,38886,1945,19
2025-09-22,Meta Ads,General Dentistry,Clinic D,5166.16,55090,1795,45
2025-09-23,Google Ads,Dental Implant,Clinic A,9449.98,104778,2670,26
2025-09-23,Google Ads,Invisalign,Clinic A,6450.75,86329,3113,21
2025-09-23,Meta Ads,Root Canal,Clinic A,6817.34,56896,1811,35
2025-09-23,Meta Ads,Dental Crown,Clinic A,5926.92,49446,1778,29
2025-09-23,Meta Ads,Teeth Whitening,Clinic A,2680.33,35344,1401,22
2025-09-23,Google Ads,General Dentistry,Clinic A,4615.71,56239,2764,46
2025-09-23,Meta Ads,Dental Implant,Clinic B,7356.87,107497,6635,29
2025-09-23,Google Ads,Invisalign,Clinic B,7488.48,117270,3430,21
2025-09-23,Meta Ads,Root Canal,Clinic B,4323.49,61289,1958,22
2025-09-23,Meta Ads,Dental Crown,Clinic B,3545.31,52036,2030,19
2025-09-23,Meta Ads,Teeth Whitening,Clinic B,3557.98,44039,1650,31
2025-09-23,Instagram,General Dentistry,Clinic B,4221.72,53366,1969,36
2025-09-23,Google Ads,Dental Implant,Clinic C,6619.13,94520,6009,26
2025-09-23,Instagram,Invisalign,Clinic C,8569.55,136921,8446,22
2025-09-23,Google Ads,Root Canal,Clinic C,6812.73,91173,3553,42
2025-09-23,Meta Ads,Dental Crown,Clinic C,3313.35,58326,2538,14
2025-09-23,Meta Ads,Teeth Whitening,Clinic C,3763.9,55368,2515,31
2025-09-23,Google Ads,General Dentistry,Clinic C,4788.18,79282,3780,44
2025-09-23,Google Ads,Dental Implant,Clinic D,7022.15,59829,3479,23
2025-09-23,Meta Ads,Invisalign,Clinic D,9148.89,92764,2722,29
2025-09-23,Google Ads,Root Canal,Clinic D,5063.89,41308,2603,33
2025-09-23,Google Ads,Dental Crown,Clinic D,4492.89,78102,3892,20
2025-09-23,Meta Ads,Teeth Whitening,Clinic D,3811.01,38449,1691,31
2025-09-23,Google Ads,General Dentistry,Clinic D,4745.94,78532,2275,44
2025-09-24,Google Ads,Dental Implant,Clinic A,10238.35,158913,9258,31
2025-09-24,Google Ads,Invisalign,Clinic A,7417.79,114557,2978,18
2025-09-24,Google Ads,Root Canal,Clinic A,5981.05,54042,2040,31
2025-09-24,Google Ads,Dental Crown,Clinic A,6162.97,62695,3136,31
2025-09-24,Instagram,Teeth Whitening,Clinic A,3345.26,47881,2569,29
2025-09-24,Google Ads,General Dentistry,Clinic A,5770.0,70190,1768,55
2025-09-24,Instagram,Dental Implant,Clinic B,10024.45,135806,6183,27
2025-09-24,Google Ads,Invisalign,Clinic B,6748.58,117356,5563,22
2025-09-24,Meta Ads,Root Canal,Clinic B,5711.91,50725,1993,30
2025-09-24,Google Ads,Dental Crown,Clinic B,5831.5,49865,1941,32
2025-09-24,Google Ads,Teeth Whitening,Clinic B,3566.18,33595,1305,31
2025-09-24,Instagram,General Dentistry,Clinic B,4399.45,49052,2286,44
2025-09-24,Google Ads,Dental Implant,Clinic C,9801.28,124728,7894,39
2025-09-24,Google Ads,Invisalign,Clinic C,8623.77,86339,2796,27
2025-09-24,Meta Ads,Root Canal,Clinic C,6455.55,73412,4333,30
2025-09-24,Meta Ads,Dental Crown,Clinic C,3742.16,38039,1767,25
2025-09-24,Instagram,Teeth Whitening,Clinic C,3323.62,58619,3420,30
2025-09-24,Instagram,General Dentistry,Clinic C,5263.58,55744,3180,52
2025-09-24,Meta Ads,Dental Implant,Clinic D,8885.69,82059,4404,30
2025-09-24,Instagram,Invisalign,Clinic D,10414.52,145450,9105,27
2025-09-24,Meta Ads,Root Canal,Clinic D,4266.35,69768,3106,26
2025-09-24,Meta Ads,Dental Crown,Clinic D,6425.9,54411,3515,38
2025-09-24,Meta Ads,Teeth Whitening,Clinic D,4106.79,57473,1542,47
2025-09-24,Google Ads,General Dentistry,Clinic D,5497.04,95133,6134,50
2025-09-25,Meta Ads,Dental Implant,Clinic A,7550.45,83588,4893,20
2025-09-25,Meta Ads,Invisalign,Clinic A,7987.09,115155,2950,19
2025-09-25,Meta Ads,Root Canal,Clinic A,4850.0,85151,4855,19
2025-09-25,Meta Ads,Dental Crown,Clinic A,6243.69,60618,2374,39
2025-09-25,Meta Ads,Teeth Whitening,Clinic A,3492.84,57165,2675,29
2025-09-25,Meta Ads,General Dentistry,Clinic A,4710.4,55431,2839,53
2025-09-25,Meta Ads,Dental Implant,Clinic B,9970.95,128844,6854,31
2025-09-25,Google Ads,Invisalign,Clinic B,6012.39,62381,1963,18
2025-09-25,Google Ads,Root Canal,Clinic B,4486.84,63422,2273,24
2025-09-25,Meta Ads,Dental Crown,Clinic B,4644.67,77108,3031,26
2025-09-25,Meta Ads,Teeth Whitening,Clinic B,3893.37,38536,1929,35
2025-09-25,Meta Ads,General Dentistry,Clinic B,2996.15,27335,1471,26
2025-09-25,Meta Ads,Dental Implant,Clinic C,10712.0,96383,4069,32
2025-09-25,Google Ads,Invisalign,Clinic C,8438.92,133029,7402,23
2025-09-25,Meta Ads,Root Canal,Clinic C,7984.93,85167,3121,44
2025-09-25,Instagram,Dental Crown,Clinic C,5652.81,97167,6130,27
2025-09-25,Google Ads,Teeth Whitening,Clinic C,3153.07,49175,1405,22
2025-09-25,Google Ads,General Dentistry,Clinic C,3852.06,44401,2201,38
2025-09-25,Meta Ads,Dental Implant,Clinic D,4120.32,46633,1852,13
2025-09-25,Meta Ads,Invisalign,Clinic D,5669.28,80695,5234,12
2025-09-25,Google Ads,Root Canal,Clinic D,7809.28,70810,2931,49
2025-09-25,Meta Ads,Dental Crown,Clinic D,6355.17,53786,2401,34
2025-09-25,Meta Ads,Teeth Whitening,Clinic D,2921.07,49209,1594,27
2025-09-25,Meta Ads,General Dentistry,Clinic D,4556.58,50147,3212,42
2025-09-26,Instagram,Dental Implant,Clinic A,10840.97,112679,5162,35
2025-09-26,Meta Ads,Invisalign,Clinic A,7244.93,96749,3543,28
2025-09-26,Meta Ads,Root Canal,Clinic A,6957.66,124885,3381,34
2025-09-26,Meta Ads,Dental Crown,Clinic A,5822.76,79641,3864,33
2025-09-26,Instagram,Teeth Whitening,Clinic A,3668.52,48213,1575,36
2025-09-26,Meta Ads,General Dentistry,Clinic A,3850.69,64115,3680,40
2025-09-26,Meta Ads,Dental Implant,Clinic B,9110.77,129951,6771,25
2025-09-26,Meta Ads,Invisalign,Clinic B,6111.09,95713,2599,18
2025-09-26,Google Ads,Root Canal,Clinic B,7953.27,96844,3597,33
2025-09-26,Meta Ads,Dental Crown,Clinic B,4729.6,57741,3695,27
2025-09-26,Meta Ads,Teeth Whitening,Clinic B,2632.66,29539,1166,18
2025-09-26,Instagram,General Dentistry,Clinic B,3949.22,39971,2020,31
2025-09-26,Meta Ads,Dental Implant,Clinic C,7499.64,93849,4916,22
2025-09-26,Google Ads,Invisalign,Clinic C,7567.97,82302,4804,20
2025-09-26,Meta Ads,Root Canal,Clinic C,4955.23,72073,4220,27
2025-09-26,Google Ads,Dental Crown,Clinic C,5153.1,83267,4360,26
2025-09-26,Google Ads,Teeth Whitening,Clinic C,3827.62,51280,2244,43
2025-09-26,Meta Ads,General Dentistry,Clinic C,4890.6,50147,1989,51
2025-09-26,Meta Ads,Dental Implant,Clinic D,9923.6,98471,5110,30
2025-09-26,Instagram,Invisalign,Clinic D,7525.74,122868,6864,30
2025-09-26,Meta Ads,Root Canal,Clinic D,6849.92,55707,1518,32
2025-09-26,Google Ads,Dental Crown,Clinic D,4852.85,84741,2372,23
2025-09-26,Meta Ads,Teeth Whitening,Clinic D,2372.4,26497,686,21
2025-09-26,Meta Ads,General Dentistry,Clinic D,2994.65,43564,2320,19
2025-09-27,Meta Ads,Dental Implant,Clinic A,7366.34,69516,4327,27
2025-09-27,Google Ads,Invisalign,Clinic A,10017.1,93420,5165,35
2025-09-27,Google Ads,Root Canal,Clinic A,7634.4,79901,3004,42
2025-09-27,Google Ads,Dental Crown,Clinic A,3664.71,65382,3640,19
2025-09-27,Meta Ads,Teeth Whitening,Clinic A,3004.03,46370,1801,29
2025-09-27,Google Ads,General Dentistry,Clinic A,5101.54,78794,3944,53
2025-09-27,Google Ads,Dental Implant,Clinic B,7992.09,66390,3885,27
2025-09-27,Meta Ads,Invisalign,Clinic B,8590.67,141239,6045,25
2025-09-27,Google Ads,Root Canal,Clinic B,7793.37,125039,4953,37
2025-09-27,Meta Ads,Dental Crown,Clinic B,5595.5,80626,4803,32
2025-09-27,Google Ads,Teeth Whitening,Clinic B,2997.63,51818,1748,33
2025-09-27,Meta Ads,General Dentistry,Clinic B,4660.54,74056,4476,48
2025-09-27,Google Ads,Dental Implant,Clinic C,8970.02,100685,4750,27
2025-09-27,Instagram,Invisalign,Clinic C,6503.99,91754,5842,22
2025-09-27,Meta Ads,Root Canal,Clinic C,6016.05,64479,3643,33
2025-09-27,Meta Ads,Dental Crown,Clinic C,4474.73,64818,2983,18
2025-09-27,Google Ads,Teeth Whitening,Clinic C,3407.22,61063,2361,27
2025-09-27,Meta Ads,General Dentistry,Clinic C,5677.34,87900,5518,56
2025-09-27,Meta Ads,Dental Implant,Clinic D,11749.69,150430,9369,35
2025-09-27,Google Ads,Invisalign,Clinic D,9670.9,150619,8532,27
2025-09-27,Google Ads,Root Canal,Clinic D,6597.5,66046,3345,26
2025-09-27,Meta Ads,Dental Crown,Clinic D,5145.72,70776,2516,25
2025-09-27,Instagram,Teeth Whitening,Clinic D,4134.52,40946,2250,37
2025-09-27,Google Ads,General Dentistry,Clinic D,4245.24,61283,2695,47
2025-09-28,Google Ads,Dental Implant,Clinic A,9959.55,133236,3668,42
2025-09-28,Google Ads,Invisalign,Clinic A,4762.3,58338,2368,13
2025-09-28,Meta Ads,Root Canal,Clinic A,4059.7,33337,1306,19
2025-09-28,Meta Ads,Dental Crown,Clinic A,5588.26,76739,3257,34
2025-09-28,Meta Ads,Teeth Whitening,Clinic A,3199.28,55482,2824,30
2025-09-28,Google Ads,General Dentistry,Clinic A,3673.36,46952,1983,47
2025-09-28,Instagram,Dental Implant,Clinic B,6587.92,67773,2051,21
2025-09-28,Meta Ads,Invisalign,Clinic B,9140.26,158205,10002,18
2025-09-28,Google Ads,Root Canal,Clinic B,6557.57,91977,2660,27
2025-09-28,Google Ads,Dental Crown,Clinic B,5444.14,68607,3025,23
2025-09-28,Meta Ads,Teeth Whitening,Clinic B,2556.84,30926,1792,21
2025-09-28,Meta Ads,General Dentistry,Clinic B,4908.68,60981,3484,51
2025-09-28,Meta Ads,Dental Implant,Clinic C,8603.39,111745,5399,28
2025-09-28,Google Ads,Invisalign,Clinic C,6535.26,104977,4307,20
2025-09-28,Meta Ads,Root Canal,Clinic C,5998.31,80702,2421,33
2025-09-28,Google Ads,Dental Crown,Clinic C,5104.36,43764,2345,26
2025-09-28,Meta Ads,Teeth Whitening,Clinic C,3791.47,43003,1335,29
2025-09-28,Meta Ads,General Dentistry,Clinic C,4014.88,33670,1600,30
2025-09-28,Meta Ads,Dental Implant,Clinic D,8763.26,144070,5607,35
2025-09-28,Meta Ads,Invisalign,Clinic D,8795.97,101319,5517,23
2025-09-28,Meta Ads,Root Canal,Clinic D,7000.82,76282,3723,34
2025-09-28,Meta Ads,Dental Crown,Clinic D,6229.27,101619,3559,36
2025-09-28,Google Ads,Teeth Whitening,Clinic D,3651.73,46603,1443,31
2025-09-28,Meta Ads,General Dentistry,Clinic D,4529.9,75743,2161,46
2025-09-29,Instagram,Dental Implant,Clinic A,11568.51,108483,4694,47
2025-09-29,Meta Ads,Invisalign,Clinic A,7421.52,124597,3281,17
2025-09-29,Meta Ads,Root Canal,Clinic A,6128.82,93103,5042,32
2025-09-29,Meta Ads,Dental Crown,Clinic A,4091.32,71402,4319,14
2025-09-29,Google Ads,Teeth Whitening,Clinic A,3582.94,47760,2417,31
2025-09-29,Instagram,General Dentistry,Clinic A,5162.12,85026,2128,49
2025-09-29,Google Ads,Dental Implant,Clinic B,10407.98,94483,4713,32
2025-09-29,Meta Ads,Invisalign,Clinic B,7930.23,69539,4212,25
2025-09-29,Meta Ads,Root Canal,Clinic B,7928.2,129054,7039,45
2025-09-29,Google Ads,Dental Crown,Clinic B,5830.77,49783,1492,22
2025-09-29,Google Ads,Teeth Whitening,Clinic B,3671.17,33067,1795,37
2025-09-29,Google Ads,General Dentistry,Clinic B,4674.29,55374,2820,41
2025-09-29,Instagram,Dental Implant,Clinic C,9157.36,129363,7238,37
2025-09-29,Google Ads,Invisalign,Clinic C,8318.57,128571,5386,19
2025-09-29,Google Ads,Root Canal,Clinic C,8151.0,129491,6273,47
2025-09-29,Google Ads,Dental Crown,Clinic C,6255.77,97144,6088,32
2025-09-29,Google Ads,Teeth Whitening,Clinic C,3820.4,51261,2753,30
2025-09-29,Google Ads,General Dentistry,Clinic C,5591.97,67587,2390,51
2025-09-29,Google Ads,Dental Implant,Clinic D,10773.62,171492,5517,39
2025-09-29,Instagram,Invisalign,Clinic D,9035.8,96889,2585,24
2025-09-29,Meta Ads,Root Canal,Clinic D,7589.39,111566,6476,40
2025-09-29,Meta Ads,Dental Crown,Clinic D,5809.05,88513,2599,32
2025-09-29,Google Ads,Teeth Whitening,Clinic D,3618.37,37025,2321,29
2025-09-29,Instagram,General Dentistry,Clinic D,4763.3,78240,2504,48
2025-09-30,Google Ads,Dental Implant,Clinic A,7337.03,104634,5269,29
2025-09-30,Meta Ads,Invisalign,Clinic A,9033.21,90658,2847,24
2025-09-30,Meta Ads,Root Canal,Clinic A,6464.79,57049,3412,37
2025-09-30,Meta Ads,Dental Crown,Clinic A,3646.64,36415,1798,20
2025-09-30,Google Ads,Teeth Whitening,Clinic A,3478.57,35433,2027,30
2025-09-30,Google Ads,General Dentistry,Clinic A,4605.03,73912,3662,51
2025-09-30,Meta Ads,Dental Implant,Clinic B,5221.7,65497,3584,12
2025-09-30,Google Ads,Invisalign,Clinic B,9289.53,112851,4839,24
2025-09-30,Google Ads,Root Canal,Clinic B,7795.94,114431,3463,39
2025-09-30,Google Ads,Dental Crown,Clinic B,5223.72,60429,3859,34
2025-09-30,Meta Ads,Teeth Whitening,Clinic B,2869.18,48155,2343,23
2025-09-30,Google Ads,General Dentistry,Clinic B,3201.69,50440,1741,23
2025-09-30,Google Ads,Dental Implant,Clinic C,9189.14,108985,3885,36
2025-09-30,Instagram,Invisalign,Clinic C,11597.16,206936,11405,28
2025-09-30,Google Ads,Root Canal,Clinic C,4032.28,54586,2776,25
2025-09-30,Instagram,Dental Crown,Clinic C,5822.38,52211,1972,36
2025-09-30,Google Ads,Teeth Whitening,Clinic C,3840.16,37501,1837,37
2025-09-30,Meta Ads,General Dentistry,Clinic C,5548.08,49595,1618,57
2025-09-30,Google Ads,Dental Implant,Clinic D,13004.93,143729,4224,39
2025-09-30,Meta Ads,Invisalign,Clinic D,7757.84,65487,2210,19
2025-09-30,Google Ads,Root Canal,Clinic D,4699.86,40170,1483,23
2025-09-30,Instagram,Dental Crown,Clinic D,5844.58,102368,6482,31
2025-09-30,Google Ads,Teeth Whitening,Clinic D,3177.73,39713,2034,32
2025-09-30,Meta Ads,General Dentistry,Clinic D,3896.61,50983,1979,42
2025-10-01,Meta Ads,Dental Implant,Clinic A,10883.65,193102,7049,36
2025-10-01,Google Ads,Invisalign,Clinic A,8851.27,142425,7824,20
2025-10-01,Meta Ads,Root Canal,Clinic A,6338.41,104824,5672,31
2025-10-01,Google Ads,Dental Crown,Clinic A,7029.23,62859,3021,38
2025-10-01,Meta Ads,Teeth Whitening,Clinic A,3429.68,47565,2577,34
2025-10-01,Google Ads,General Dentistry,Clinic A,4085.4,40667,2615,39
2025-10-01,Meta Ads,Dental Implant,Clinic B,10653.68,166707,10619,33
2025-10-01,Google Ads,Invisalign,Clinic B,10456.84,170386,9730,32
2025-10-01,Google Ads,Root Canal,Clinic B,7570.09,99613,4486,42
2025-10-01,Google Ads,Dental Crown,Clinic B,5469.3,71223,2164,28
2025-10-01,Instagram,Teeth Whitening,Clinic B,3337.8,52796,1670,34
2025-10-01,Instagram,General Dentistry,Clinic B,3823.4,48527,1978,39
2025-10-01,Google Ads,Dental Implant,Clinic C,10599.07,117037,3082,31
2025-10-01,Meta Ads,Invisalign,Clinic C,8629.6,122624,3283,26
2025-10-01,Instagram,Root Canal,Clinic C,6841.78,106995,6728,33
2025-10-01,Instagram,Dental Crown,Clinic C,4162.51,50407,3146,20
2025-10-01,Meta Ads,Teeth Whitening,Clinic C,3476.64,30177,784,31
2025-10-01,Google Ads,General Dentistry,Clinic C,4362.2,55221,1801,46
2025-10-01,Google Ads,Dental Implant,Clinic D,9593.53,78305,3299,27
2025-10-01,Instagram,Invisalign,Clinic D,6639.92,55534,2317,16
2025-10-01,Google Ads,Root Canal,Clinic D,5073.22,83965,3482,32
2025-10-01,Meta Ads,Dental Crown,Clinic D,7056.01,64139,2265,38
2025-10-01,Meta Ads,Teeth Whitening,Clinic D,2851.47,27207,1450,24
2025-10-01,Meta Ads,General Dentistry,Clinic D,5285.36,93083,5940,56
2025-10-02,Google Ads,Dental Implant,Clinic A,10182.89,99105,5575,37
2025-10-02,Meta Ads,Invisalign,Clinic A,8041.88,84365,5258,20
2025-10-02,Google Ads,Root Canal,Clinic A,7959.58,73288,4075,47
2025-10-02,Google Ads,Dental Crown,Clinic A,4031.81,48067,1835,25
2025-10-02,Meta Ads,Teeth Whitening,Clinic A,3757.24,35662,1812,43
2025-10-02,Google Ads,General Dentistry,Clinic A,4724.28,77736,2799,47
2025-10-02,Google Ads,Dental Implant,Clinic B,7650.05,97915,4230,26
2025-10-02,Instagram,Invisalign,Clinic B,8272.33,110877,3409,25
2025-10-02,Meta Ads,Root Canal,Clinic B,7494.0,65930,3722,43
2025-10-02,Google Ads,Dental Crown,Clinic B,4397.35,64288,3061,18
2025-10-02,Meta Ads,Teeth Whitening,Clinic B,4309.11,47301,2478,43
2025-10-02,Meta Ads,General Dentistry,Clinic B,3393.08,43363,2676,38
2025-10-02,Meta Ads,Dental Implant,Clinic C,6876.09,69799,2923,16
2025-10-02,Meta Ads,Invisalign,Clinic C,10481.64,168437,6367,28
2025-10-02,Meta Ads,Root Canal,Clinic C,5396.83,58809,1758,28
2025-10-02,Meta Ads,Dental Crown,Clinic C,5850.59,84335,3857,34
2025-10-02,Google Ads,Teeth Whitening,Clinic C,4014.63,50826,1706,35
2025-10-02,Meta Ads,General Dentistry,Clinic C,3569.42,56791,2436,32
2025-10-02,Google Ads,Dental Implant,Clinic D,10625.83,127506,4375,37
2025-10-02,Google Ads,Invisalign,Clinic D,7780.15,131334,6984,26
2025-10-02,Meta Ads,Root Canal,Clinic D,5250.63,52364,1624,32
2025-10-02,Instagram,Dental Crown,Clinic D,5024.31,78569,3178,27
2025-10-02,Instagram,Teeth Whitening,Clinic D,3925.81,39720,1584,36
2025-10-02,Google Ads,General Dentistry,Clinic D,3973.34,47086,1800,42
2025-10-03,Google Ads,Dental Implant,Clinic A,10579.88,95715,5292,34
2025-10-03,Meta Ads,Invisalign,Clinic A,8962.17,156047,3966,26
2025-10-03,Meta Ads,Root Canal,Clinic A,6066.41,103664,6494,30
2025-10-03,Google Ads,Dental Crown,Clinic A,4631.97,82575,4658,27
2025-10-03,Google Ads,Teeth Whitening,Clinic A,2233.83,34468,1715,17
2025-10-03,Meta Ads,General Dentistry,Clinic A,3971.9,66561,2868,39
2025-10-03,Meta Ads,Dental Implant,Clinic B,7634.09,88973,3447,21
2025-10-03,Google Ads,Invisalign,Clinic B,6798.8,55268,3540,17
2025-10-03,Google Ads,Root Canal,Clinic B,7699.74,61911,3479,38
2025-10-03,Google Ads,Dental Crown,Clinic B,4556.06,74487,2718,23
2025-10-03,Google Ads,Teeth Whitening,Clinic B,4073.33,38431,2473,35
2025-10-03,Google Ads,General Dentistry,Clinic B,4398.13,42858,1497,38
2025-10-03,Instagram,Dental Implant,Clinic C,8196.41,104597,5047,27
2025-10-03,Google Ads,Invisalign,Clinic C,8153.24,98151,5426,23
2025-10-03,Meta Ads,Root Canal,Clinic C,6439.77,58699,2195,39
2025-10-03,Meta Ads,Dental Crown,Clinic C,5150.48,50832,1307,33
2025-10-03,Google Ads,Teeth Whitening,Clinic C,3020.18,32972,982,30
2025-10-03,Meta Ads,General Dentistry,Clinic C,5197.61,68823,4453,46
2025-10-03,Instagram,Dental Implant,Clinic D,11041.59,133253,4769,35
2025-10-03,Google Ads,Invisalign,Clinic D,6589.3,84396,2668,22
2025-10-03,Google Ads,Root Canal,Clinic D,5506.22,58090,2054,33
2025-10-03,Google Ads,Dental Crown,Clinic D,6260.36,66055,3458,35
2025-10-03,Instagram,Teeth Whitening,Clinic D,4452.12,40080,1574,43
2025-10-03,Google Ads,General Dentistry,Clinic D,4081.99,71568,1905,37
2025-10-04,Google Ads,Dental Implant,Clinic A,9066.48,125684,7835,36
2025-10-04,Meta Ads,Invisalign,Clinic A,7485.13,61364,3619,26
2025-10-04,Instagram,Root Canal,Clinic A,7553.94,75130,3692,40
2025-10-04,Google Ads,Dental Crown,Clinic A,5094.93,70119,1878,26
2025-10-04,Google Ads,Teeth Whitening,Clinic A,2932.69,42530,1967,24
2025-10-04,Google Ads,General Dentistry,Clinic A,4891.57,44606,1449,48
2025-10-04,Meta Ads,Dental Implant,Clinic B,9919.45,87114,3200,36
2025-10-04,Meta Ads,Invisalign,Clinic B,7788.76,78674,4018,19
2025-10-04,Google Ads,Root Canal,Clinic B,6907.69,81027,2479,41
2025-10-04,Meta Ads,Dental Crown,Clinic B,5219.27,48498,3114,29
2025-10-04,Google Ads,Teeth Whitening,Clinic B,3083.89,37823,1831,22
2025-10-04,Meta Ads,General Dentistry,Clinic B,4073.41,62808,2108,37
2025-10-04,Meta Ads,Dental Implant,Clinic C,10297.82,158640,5612,37
2025-10-04,Google Ads,Invisalign,Clinic C,8945.26,101001,6315,25
2025-10-04,Meta Ads,Root Canal,Clinic C,7387.93,95743,2847,43
2025-10-04,Meta Ads,Dental Crown,Clinic C,4990.85,71441,2935,25
2025-10-04,Google Ads,Teeth Whitening,Clinic C,4032.66,58130,2801,38
2025-10-04,Google Ads,General Dentistry,Clinic C,3519.81,48561,1861,39
2025-10-04,Meta Ads,Dental Implant,Clinic D,6499.16,69586,3764,20
2025-10-04,Google Ads,Invisalign,Clinic D,9469.55,78371,1967,23
2025-10-04,Google Ads,Root Canal,Clinic D,6672.92,59969,3491,38
2025-10-04,Google Ads,Dental Crown,Clinic D,7143.31,105614,3636,40
2025-10-04,Google Ads,Teeth Whitening,Clinic D,3244.15,43063,1844,33
2025-10-04,Google Ads,General Dentistry,Clinic D,4079.49,38778,2260,40
2025-10-05,Instagram,Dental Implant,Clinic A,9229.74,74982,2198,31
2025-10-05,Meta Ads,Invisalign,Clinic A,9108.93,141822,8907,27
2025-10-05,Meta Ads,Root Canal,Clinic A,5785.86,46551,1396,28
2025-10-05,Meta Ads,Dental Crown,Clinic A,6196.05,69918,2744,32
2025-10-05,Meta Ads,Teeth Whitening,Clinic A,3586.0,36960,1502,35
2025-10-05,Instagram,General Dentistry,Clinic A,4999.02,76881,2291,44
2025-10-05,Meta Ads,Dental Implant,Clinic B,7355.97,91188,2291,25
2025-10-05,Meta Ads,Invisalign,Clinic B,7427.03,110908,5676,26
2025-10-05,Google Ads,Root Canal,Clinic B,7063.52,73330,3128,33
2025-10-05,Meta Ads,Dental Crown,Clinic B,4206.01,46824,2567,18
2025-10-05,Google Ads,Teeth Whitening,Clinic B,4129.72,54144,1950,29
2025-10-05,Meta Ads,General Dentistry,Clinic B,4010.24,47217,2662,31
2025-10-05,Meta Ads,Dental Implant,Clinic C,8993.15,152050,7290,31
2025-10-05,Instagram,Invisalign,Clinic C,6846.33,61207,3401,20
2025-10-05,Meta Ads,Root Canal,Clinic C,3957.18,57805,2729,14
2025-10-05,Google Ads,Dental Crown,Clinic C,5340.96,77525,3415,32
2025-10-05,Instagram,Teeth Whitening,Clinic C,3531.17,49200,2792,33
2025-10-05,Google Ads,General Dentistry,Clinic C,3500.18,51236,1651,26
2025-10-05,Google Ads,Dental Implant,Clinic D,9511.47,130408,5131,33
2025-10-05,Meta Ads,Invisalign,Clinic D,7634.45,99477,4323,16
2025-10-05,Google Ads,Root Canal,Clinic D,7878.17,91196,4430,33
2025-10-05,Meta Ads,Dental Crown,Clinic D,6067.42,51140,1829,31
2025-10-05,Meta Ads,Teeth Whitening,Clinic D,2742.73,22275,1329,26
2025-10-05,Meta Ads,General Dentistry,Clinic D,5053.44,59485,1599,48
2025-10-06,Google Ads,Dental Implant,Clinic A,7142.41,98352,3176,26
2025-10-06,Google Ads,Invisalign,Clinic A,9162.21,141847,3875,27
2025-10-06,Instagram,Root Canal,Clinic A,7084.72,108250,4661,34
2025-10-06,Meta Ads,Dental Crown,Clinic A,4444.71,69241,4165,18
2025-10-06,Meta Ads,Teeth Whitening,Clinic A,3291.08,46406,2991,26
2025-10-06,Google Ads,General Dentistry,Clinic A,3625.87,59971,1908,32
2025-10-06,Meta Ads,Dental Implant,Clinic B,9203.11,85616,4856,31
2025-10-06,Instagram,Invisalign,Clinic B,9010.1,118654,6609,29
2025-10-06,Meta Ads,Root Canal,Clinic B,6297.6,91593,4337,22
2025-10-06,Meta Ads,Dental Crown,Clinic B,5583.7,50390,3255,31
2025-10-06,Instagram,Teeth Whitening,Clinic B,3556.03,36049,1029,36
2025-10-06,Google Ads,General Dentistry,Clinic B,5843.83,59641,2658,61
2025-10-06,Meta Ads,Dental Implant,Clinic C,10014.66,148331,5178,36
2025-10-06,Google Ads,Invisalign,Clinic C,8442.55,120546,7123,29
2025-10-06,Google Ads,Root Canal,Clinic C,6071.19,70057,4413,26
2025-10-06,Google Ads,Dental Crown,Clinic C,5067.83,45416,2357,31
2025-10-06,Meta Ads,Teeth Whitening,Clinic C,3322.58,31506,1010,25
2025-10-06,Meta Ads,General Dentistry,Clinic C,4084.04,70843,3728,40
2025-10-06,Google Ads,Dental Implant,Clinic D,10259.15,123684,6824,36
2025-10-06,Google Ads,Invisalign,Clinic D,8011.92,71960,3515,22
2025-10-06,Google Ads,Root Canal,Clinic D,6682.83,107568,6106,33
2025-10-06,Google Ads,Dental Crown,Clinic D,4498.15,48342,3010,21
2025-10-06,Meta Ads,Teeth Whitening,Clinic D,4401.41,68013,2979,39
2025-10-06,Google Ads,General Dentistry,Clinic D,5076.24,48547,2158,55
2025-10-07,Meta Ads,Dental Implant,Clinic A,11087.69,89516,4538,36
2025-10-07,Google Ads,Invisalign,Clinic A,8693.52,101814,5045,22
2025-10-07,Meta Ads,Root Canal,Clinic A,3726.13,52946,3433,25
2025-10-07,Google Ads,Dental Crown,Clinic A,5216.46,93626,4429,28
2025-10-07,Google Ads,Teeth Whitening,Clinic A,3771.16,49982,3179,38
2025-10-07,Google Ads,General Dentistry,Clinic A,5478.02,44080,2627,48
2025-10-07,Meta Ads,Dental Implant,Clinic B,7762.97,85822,5101,21
2025-10-07,Google Ads,Invisalign,Clinic B,9386.18,129409,5095,23
2025-10-07,Meta Ads,Root Canal,Clinic B,6387.42,51401,2793,36
2025-10-07,Instagram,Dental Crown,Clinic B,5123.53,61405,2921,26
2025-10-07,Google Ads,Teeth Whitening,Clinic B,3279.18,29181,1360,30
2025-10-07,Google Ads,General Dentistry,Clinic B,4975.12,55568,2620,48
2025-10-07,Google Ads,Dental Implant,Clinic C,7828.48,115945,5342,30
2025-10-07,Instagram,Invisalign,Clinic C,8118.2,65471,3541,16
2025-10-07,Meta Ads,Root Canal,Clinic C,8174.26,96568,3018,46
2025-10-07,Google Ads,Dental Crown,Clinic C,3861.98,33589,1486,20
2025-10-07,Meta Ads,Teeth Whitening,Clinic C,2508.87,34985,1634,25
2025-10-07,Google Ads,General Dentistry,Clinic C,5299.72,82278,5116,52
2025-10-07,Instagram,Dental Implant,Clinic D,9937.01,140616,8926,31
2025-10-07,Google Ads,Invisalign,Clinic D,6458.71,53202,2350,11
2025-10-07,Instagram,Root Canal,Clinic D,5900.9,63871,4090,33
2025-10-07,Google Ads,Dental Crown,Clinic D,5892.32,88229,5672,32
2025-10-07,Instagram,Teeth Whitening,Clinic D,3443.9,49040,2783,37
2025-10-07,Google Ads,General Dentistry,Clinic D,6122.49,65594,3364,59
2025-10-08,Google Ads,Dental Implant,Clinic A,7551.88,124122,4605,24
2025-10-08,Instagram,Invisalign,Clinic A,7042.13,98838,4213,24
2025-10-08,Meta Ads,Root Canal,Clinic A,7770.45,118600,4963,46
2025-10-08,Google Ads,Dental Crown,Clinic A,4098.72,47644,2395,21
2025-10-08,Google Ads,Teeth Whitening,Clinic A,3218.14,50894,2645,29
2025-10-08,Google Ads,General Dentistry,Clinic A,4927.87,50049,2309,50
2025-10-08,Meta Ads,Dental Implant,Clinic B,9272.6,145009,6831,29
2025-10-08,Meta Ads,Invisalign,Clinic B,6252.63,59168,3756,22
2025-10-08,Meta Ads,Root Canal,Clinic B,6904.5,106547,3315,43
2025-10-08,Google Ads,Dental Crown,Clinic B,3776.69,51713,2255,20
2025-10-08,Meta Ads,Teeth Whitening,Clinic B,3050.55,31555,918,20
2025-10-08,Google Ads,General Dentistry,Clinic B,4468.17,59764,3265,48
2025-10-08,Meta Ads,Dental Implant,Clinic C,6816.63,86874,4307,21
2025-10-08,Meta Ads,Invisalign,Clinic C,10536.55,189304,5529,31
2025-10-08,Google Ads,Root Canal,Clinic C,5338.47,85852,3010,23
2025-10-08,Google Ads,Dental Crown,Clinic C,4820.44,70280,2341,30
2025-10-08,Meta Ads,Teeth Whitening,Clinic C,3690.27,34671,1049,35
2025-10-08,Google Ads,General Dentistry,Clinic C,4655.54,38053,2227,49
2025-10-08,Google Ads,Dental Implant,Clinic D,10417.49,161876,9367,36
2025-10-08,Meta Ads,Invisalign,Clinic D,7514.75,128826,3703,17
2025-10-08,Instagram,Root Canal,Clinic D,7166.95,80775,5194,32
2025-10-08,Meta Ads,Dental Crown,Clinic D,5150.07,61880,3655,27
2025-10-08,Google Ads,Teeth Whitening,Clinic D,3483.52,40727,1086,33
2025-10-08,Google Ads,General Dentistry,Clinic D,5408.48,80985,4893,50
2025-10-09,Instagram,Dental Implant,Clinic A,10508.06,178583,5399,39
2025-10-09,Google Ads,Invisalign,Clinic A,6526.25,79895,3939,23
2025-10-09,Instagram,Root Canal,Clinic A,6941.45,85429,4844,38
2025-10-09,Google Ads,Dental Crown,Clinic A,4899.74,52014,2265,32
2025-10-09,Meta Ads,Teeth Whitening,Clinic A,2940.81,43861,2558,28
2025-10-09,Google Ads,General Dentistry,Clinic A,5004.79,87161,3419,53
2025-10-09,Meta Ads,Dental Implant,Clinic B,11250.26,139383,5799,29
2025-10-09,Google Ads,Invisalign,Clinic B,5742.95,53994,2969,18
2025-10-09,Meta Ads,Root Canal,Clinic B,7555.43,62443,4029,34
2025-10-09,Google Ads,Dental Crown,Clinic B,4130.15,72907,2741,25
2025-10-09,Google Ads,Teeth Whitening,Clinic B,3207.59,57134,3085,26
2025-10-09,Google Ads,General Dentistry,Clinic B,4350.48,73308,3917,36
2025-10-09,Meta Ads,Dental Implant,Clinic C,11244.81,109398,5225,32
2025-10-09,Meta Ads,Invisalign,Clinic C,6438.14,59023,3759,21
2025-10-09,Google Ads,Root Canal,Clinic C,7482.03,104324,3506,37
2025-10-09,Google Ads,Dental Crown,Clinic C,3832.85,61805,3544,24
2025-10-09,Instagram,Teeth Whitening,Clinic C,3279.31,33893,1140,26
2025-10-09,Google Ads,General Dentistry,Clinic C,4598.51,37085,1801,43
2025-10-09,Google Ads,Dental Implant,Clinic D,6463.03,73086,2387,17
2025-10-09,Google Ads,Invisalign,Clinic D,6728.5,92040,2662,20
2025-10-09,Meta Ads,Root Canal,Clinic D,6108.37,105859,4281,33
2025-10-09,Google Ads,Dental Crown,Clinic D,5990.95,64137,2045,33
2025-10-09,Meta Ads,Teeth Whitening,Clinic D,3209.99,33795,1006,30
2025-10-09,Meta Ads,General Dentistry,Clinic D,5279.4,77961,2800,53
2025-10-10,Google Ads,Dental Implant,Clinic A,7581.81,130507,6911,24
2025-10-10,Meta Ads,Invisalign,Clinic A,6994.68,82497,3876,27
2025-10-10,Meta Ads,Root Canal,Clinic A,6375.07,92593,3340,24
2025-10-10,Meta Ads,Dental Crown,Clinic A,5396.39,43426,2203,28
2025-10-10,Google Ads,Teeth Whitening,Clinic A,3472.24,47177,2981,25
2025-10-10,Meta Ads,General Dentistry,Clinic A,4384.63,73024,4048,40
2025-10-10,Google Ads,Dental Implant,Clinic B,7452.9,66958,4250,25
2025-10-10,Meta Ads,Invisalign,Clinic B,7550.67,111705,6838,18
2025-10-10,Google Ads,Root Canal,Clinic B,4340.15,41853,1943,32
2025-10-10,Google Ads,Dental Crown,Clinic B,4791.37,62962,2138,23
2025-10-10,Meta Ads,Teeth Whitening,Clinic B,4434.43,53113,3220,41
2025-10-10,Meta Ads,General Dentistry,Clinic B,6028.13,57117,3192,62
2025-10-10,Meta Ads,Dental Implant,Clinic C,7961.82,136650,4481,23
2025-10-10,Google Ads,Invisalign,Clinic C,7305.91,70392,3150,24
2025-10-10,Google Ads,Root Canal,Clinic C,3129.19,44348,1742,17
2025-10-10,Google Ads,Dental Crown,Clinic C,4556.41,77261,4864,24
2025-10-10,Google Ads,Teeth Whitening,Clinic C,3526.51,36709,1660,33
2025-10-10,Google Ads,General Dentistry,Clinic C,4192.46,71819,4522,39
2025-10-10,Google Ads,Dental Implant,Clinic D,7747.03,87709,4132,21
2025-10-10,Google Ads,Invisalign,Clinic D,5291.3,75400,3590,19
2025-10-10,Google Ads,Root Canal,Clinic D,7977.28,90533,3276,38
2025-10-10,Meta Ads,Dental Crown,Clinic D,5347.56,66730,2235,32
2025-10-10,Instagram,Teeth Whitening,Clinic D,3004.78,39727,1890,19
2025-10-10,Google Ads,General Dentistry,Clinic D,4119.12,54336,3481,38
2025-10-11,Meta Ads,Dental Implant,Clinic A,9621.11,99383,6189,22
2025-10-11,Instagram,Invisalign,Clinic A,6705.55,86206,3472,20
2025-10-11,Instagram,Root Canal,Clinic A,8034.25,122848,7769,42
2025-10-11,Google Ads,Dental Crown,Clinic A,5180.34,63851,2443,25
2025-10-11,Meta Ads,Teeth Whitening,Clinic A,2288.0,30608,1906,22
2025-10-11,Google Ads,General Dentistry,Clinic A,3058.72,42072,2569,28
2025-10-11,Meta Ads,Dental Implant,Clinic B,8501.47,70996,4162,27
2025-10-11,Google Ads,Invisalign,Clinic B,5709.65,70233,2745,14
2025-10-11,Meta Ads,Root Canal,Clinic B,5955.73,86582,4205,38
2025-10-11,Meta Ads,Dental Crown,Clinic B,4721.78,77053,2797,27
2025-10-11,Google Ads,Teeth Whitening,Clinic B,4002.53,66833,2046,34
2025-10-11,Meta Ads,General Dentistry,Clinic B,3554.35,48219,1910,33
2025-10-11,Meta Ads,Dental Implant,Clinic C,12609.22,140983,8051,47
2025-10-11,Instagram,Invisalign,Clinic C,8236.16,66811,2797,29
2025-10-11,Meta Ads,Root Canal,Clinic C,7034.6,99436,3804,34
2025-10-11,Meta Ads,Dental Crown,Clinic C,3764.42,37542,1174,24
2025-10-11,Instagram,Teeth Whitening,Clinic C,3748.44,47627,2806,37
2025-10-11,Meta Ads,General Dentistry,Clinic C,5687.45,52281,3135,58
2025-10-11,Google Ads,Dental Implant,Clinic D,8764.15,104144,5770,30
2025-10-11,Google Ads,Invisalign,Clinic D,8746.94,73601,1872,23
2025-10-11,Google Ads,Root Canal,Clinic D,8266.37,134154,4174,37
2025-10-11,Instagram,Dental Crown,Clinic D,4510.83,60458,3617,25
2025-10-11,Instagram,Teeth Whitening,Clinic D,1886.27,19256,833,17
2025-10-11,Meta Ads,General Dentistry,Clinic D,5124.19,48388,2500,49
2025-10-12,Google Ads,Dental Implant,Clinic A,12603.43,193288,11842,44
2025-10-12,Meta Ads,Invisalign,Clinic A,9185.54,79246,4315,24
2025-10-12,Meta Ads,Root Canal,Clinic A,8590.37,73931,4429,43
2025-10-12,Google Ads,Dental Crown,Clinic A,4494.75,68950,4259,28
2025-10-12,Meta Ads,Teeth Whitening,Clinic A,3985.23,59780,3704,32
2025-10-12,Google Ads,General Dentistry,Clinic A,4587.41,71646,1927,37
2025-10-12,Google Ads,Dental Implant,Clinic B,13104.45,142443,5864,47
2025-10-12,Instagram,Invisalign,Clinic B,8454.86,150865,6468,19
2025-10-12,Meta Ads,Root Canal,Clinic B,7129.14,128040,6338,41
2025-10-12,Google Ads,Dental Crown,Clinic B,5445.5,54150,2350,32
2025-10-12,Google Ads,Teeth Whitening,Clinic B,3003.3,29942,1086,27
2025-10-12,Meta Ads,General Dentistry,Clinic B,3732.24,66692,1672,37
2025-10-12,Google Ads,Dental Implant,Clinic C,9424.85,108180,6317,30
2025-10-12,Google Ads,Invisalign,Clinic C,6270.12,64185,2189,17
2025-10-12,Meta Ads,Root Canal,Clinic C,7905.74,67501,3175,33
2025-10-12,Meta Ads,Dental Crown,Clinic C,3301.66,38336,1618,21
2025-10-12,Meta Ads,Teeth Whitening,Clinic C,3447.9,60662,3533,30
2025-10-12,Google Ads,General Dentistry,Clinic C,4085.35,48449,2961,42
2025-10-12,Google Ads,Dental Implant,Clinic D,10621.97,152133,8422,33
2025-10-12,Instagram,Invisalign,Clinic D,7645.1,84012,2390,23
2025-10-12,Google Ads,Root Canal,Clinic D,5635.03,91740,4396,33
2025-10-12,Google Ads,Dental Crown,Clinic D,6299.99,70318,3773,33
2025-10-12,Google Ads,Teeth Whitening,Clinic D,3164.08,35080,1575,31
2025-10-12,Meta Ads,General Dentistry,Clinic D,5521.96,51448,2285,54
2025-10-13,Google Ads,Dental Implant,Clinic A,7689.52,107193,6622,28
2025-10-13,Google Ads,Invisalign,Clinic A,7669.26,67684,2556,23
2025-10-13,Meta Ads,Root Canal,Clinic A,5436.79,69409,1740,27
2025-10-13,Google Ads,Dental Crown,Clinic A,5227.24,60819,2500,33
2025-10-13,Google Ads,Teeth Whitening,Clinic A,3993.6,44217,2125,32
2025-10-13,Google Ads,General Dentistry,Clinic A,3752.12,54753,1725,36
2025-10-13,Meta Ads,Dental Implant,Clinic B,7934.73,100437,5255,30
2025-10-13,Google Ads,Invisalign,Clinic B,7707.37,101226,5836,20
2025-10-13,Google Ads,Root Canal,Clinic B,5313.3,77886,3094,21
2025-10-13,Google Ads,Dental Crown,Clinic B,5020.43,58790,3260,29
2025-10-13,Google Ads,Teeth Whitening,Clinic B,2763.84,45867,2900,23
2025-10-13,Google Ads,General Dentistry,Clinic B,4346.55,57454,2668,48
2025-10-13,Instagram,Dental Implant,Clinic C,6670.06,95155,2722,25
2025-10-13,Google Ads,Invisalign,Clinic C,8546.4,113820,6144,19
2025-10-13,Google Ads,Root Canal,Clinic C,8067.81,84058,4724,45
2025-10-13,Google Ads,Dental Crown,Clinic C,4833.92,78223,2695,26
2025-10-13,Google Ads,Teeth Whitening,Clinic C,3308.43,59231,2119,33
2025-10-13,Meta Ads,General Dentistry,Clinic C,4065.63,65415,4057,38
2025-10-13,Instagram,Dental Implant,Clinic D,9479.4,86560,3332,36
2025-10-13,Google Ads,Invisalign,Clinic D,7850.58,135514,3716,17
2025-10-13,Meta Ads,Root Canal,Clinic D,4625.56,80400,3087,29
2025-10-13,Google Ads,Dental Crown,Clinic D,4180.67,45438,2828,28
2025-10-13,Google Ads,Teeth Whitening,Clinic D,4673.95,60076,2249,46
2025-10-13,Meta Ads,General Dentistry,Clinic D,4142.96,45943,2226,41
2025-10-14,Google Ads,Dental Implant,Clinic A,8617.26,117442,3222,29
2025-10-14,Meta Ads,Invisalign,Clinic A,8309.28,76985,4707,26
2025-10-14,Meta Ads,Root Canal,Clinic A,6384.15,77994,3799,37
2025-10-14,Google Ads,Dental Crown,Clinic A,5351.17,53000,2907,28
2025-10-14,Instagram,Teeth Whitening,Clinic A,2454.3,20161,1031,23
2025-10-14,Meta Ads,General Dentistry,Clinic A,4710.29,58947,3059,47
2025-10-14,Google Ads,Dental Implant,Clinic B,8965.77,124334,8004,25
2025-10-14,Meta Ads,Invisalign,Clinic B,5861.95,88762,2921,15
2025-10-14,Google Ads,Root Canal,Clinic B,8244.69,121495,5115,40
2025-10-14,Google Ads,Dental Crown,Clinic B,4945.52,86476,4376,19
2025-10-14,Google Ads,Teeth Whitening,Clinic B,3895.12,65769,3252,38
2025-10-14,Google Ads,General Dentistry,Clinic B,4704.9,70701,3096,51
2025-10-14,Meta Ads,Dental Implant,Clinic C,10371.87,119280,7024,35
2025-10-14,Meta Ads,Invisalign,Clinic C,9302.69,129576,5167,25
2025-10-14,Google Ads,Root Canal,Clinic C,5888.23,77917,4549,36
2025-10-14,Meta Ads,Dental Crown,Clinic C,5032.91,45856,1783,30
2025-10-14,Google Ads,Teeth Whitening,Clinic C,3358.56,28795,738,37
2025-10-14,Google Ads,General Dentistry,Clinic C,3644.91,57505,2617,38
2025-10-14,Meta Ads,Dental Implant,Clinic D,4994.62,79682,2095,13
2025-10-14,Meta Ads,Invisalign,Clinic D,9275.86,88635,3600,29
2025-10-14,Google Ads,Root Canal,Clinic D,4853.37,47267,3062,24
2025-10-14,Meta Ads,Dental Crown,Clinic D,4327.7,67021,2317,25
2025-10-14,Meta Ads,Teeth Whitening,Clinic D,3371.2,57424,2501,33
2025-10-14,Meta Ads,General Dentistry,Clinic D,3575.57,52512,1997,35
2025-10-15,Google Ads,Dental Implant,Clinic A,10550.67,182538,5201,42
2025-10-15,Google Ads,Invisalign,Clinic A,7868.44,129254,8100,16
2025-10-15,Google Ads,Root Canal,Clinic A,4924.48,76919,4712,28
2025-10-15,Google Ads,Dental Crown,Clinic A,6040.47,71364,4029,41
2025-10-15,Meta Ads,Teeth Whitening,Clinic A,3714.48,35415,2081,39
2025-10-15,Google Ads,General Dentistry,Clinic A,5695.67,47669,1832,52
2025-10-15,Google Ads,Dental Implant,Clinic B,7534.77,123304,5147,28
2025-10-15,Instagram,Invisalign,Clinic B,8929.85,155814,6351,20
2025-10-15,Google Ads,Root Canal,Clinic B,4070.13,53157,2340,27
2025-10-15,Google Ads,Dental Crown,Clinic B,3937.19,54449,2313,22
2025-10-15,Instagram,Teeth Whitening,Clinic B,3644.57,41886,2215,31
2025-10-15,Instagram,General Dentistry,Clinic B,4277.5,37241,1240,46
2025-10-15,Google Ads,Dental Implant,Clinic C,8834.3,154179,8847,24
2025-10-15,Meta Ads,Invisalign,Clinic C,8035.25,108036,3226,22
2025-10-15,Meta Ads,Root Canal,Clinic C,7964.65,125719,4819,42
2025-10-15,Meta Ads,Dental Crown,Clinic C,5539.49,68299,2527,24
2025-10-15,Google Ads,Teeth Whitening,Clinic C,2298.89,21786,1204,19
2025-10-15,Google Ads,General Dentistry,Clinic C,5133.79,75066,4665,50
2025-10-15,Meta Ads,Dental Implant,Clinic D,7031.37,114272,4909,20
2025-10-15,Meta Ads,Invisalign,Clinic D,6758.02,120033,4131,22
2025-10-15,Meta Ads,Root Canal,Clinic D,6620.87,77390,4733,28
2025-10-15,Meta Ads,Dental Crown,Clinic D,4007.1,69960,2742,24
2025-10-15,Google Ads,Teeth Whitening,Clinic D,3102.42,28175,1257,25
2025-10-15,Google Ads,General Dentistry,Clinic D,3827.33,53160,2672,38
2025-10-16,Google Ads,Dental Implant,Clinic A,6134.26,58684,3064,22
2025-10-16,Meta Ads,Invisalign,Clinic A,9997.16,149276,9006,30
2025-10-16,Google Ads,Root Canal,Clinic A,7845.73,87269,2355,41
2025-10-16,Meta Ads,Dental Crown,Clinic A,6372.96,71730,4142,33
2025-10-16,Google Ads,Teeth Whitening,Clinic A,3958.01,37524,1811,35
2025-10-16,Meta Ads,General Dentistry,Clinic A,3951.63,63325,2797,46
2025-10-16,Meta Ads,Dental Implant,Clinic B,8271.07,83088,3630,26
2025-10-16,Instagram,Invisalign,Clinic B,7432.79,84001,4715,18
2025-10-16,Meta Ads,Root Canal,Clinic B,5718.06,101236,5799,29
2025-10-16,Google Ads,Dental Crown,Clinic B,5272.38,74361,3303,28
2025-10-16,Google Ads,Teeth Whitening,Clinic B,3352.68,37581,2160,29
2025-10-16,Google Ads,General Dentistry,Clinic B,4130.13,58393,2014,34
2025-10-16,Meta Ads,Dental Implant,Clinic C,9749.58,154876,4015,27
2025-10-16,Instagram,Invisalign,Clinic C,8178.18,87070,5444,23
2025-10-16,Google Ads,Root Canal,Clinic C,7044.21,105289,6514,34
2025-10-16,Google Ads,Dental Crown,Clinic C,5368.63,89783,5197,30
2025-10-16,Meta Ads,Teeth Whitening,Clinic C,3265.75,26633,1717,33
2025-10-16,Meta Ads,General Dentistry,Clinic C,5097.18,59360,2069,47
2025-10-16,Meta Ads,Dental Implant,Clinic D,10841.57,92597,4402,38
2025-10-16,Meta Ads,Invisalign,Clinic D,7480.37,129512,5315,19
2025-10-16,Google Ads,Root Canal,Clinic D,7316.44,102805,3497,32
2025-10-16,Meta Ads,Dental Crown,Clinic D,6268.02,108084,3728,34
2025-10-16,Google Ads,Teeth Whitening,Clinic D,4213.96,49773,1528,32
2025-10-16,Google Ads,General Dentistry,Clinic D,4965.33,84586,5296,50
2025-10-17,Meta Ads,Dental Implant,Clinic A,10556.25,161112,5953,24
2025-10-17,Google Ads,Invisalign,Clinic A,7941.08,70801,3073,19
2025-10-17,Meta Ads,Root Canal,Clinic A,6193.36,72124,3559,31
2025-10-17,Google Ads,Dental Crown,Clinic A,4438.58,50613,2109,26
2025-10-17,Google Ads,Teeth Whitening,Clinic A,4267.12,35304,1511,29
2025-10-17,Instagram,General Dentistry,Clinic A,3846.97,51020,2701,42
2025-10-17,Google Ads,Dental Implant,Clinic B,9298.76,142923,6512,28
2025-10-17,Meta Ads,Invisalign,Clinic B,9271.97,161022,7478,31
2025-10-17,Google Ads,Root Canal,Clinic B,8801.19,100402,4408,50
2025-10-17,Meta Ads,Dental Crown,Clinic B,4256.31,44178,2112,25
2025-10-17,Google Ads,Teeth Whitening,Clinic B,3238.57,36453,1447,30
2025-10-17,Google Ads,General Dentistry,Clinic B,4632.89,59614,3759,41
2025-10-17,Google Ads,Dental Implant,Clinic C,10596.02,186634,12088,32
2025-10-17,Google Ads,Invisalign,Clinic C,8729.15,155139,4609,25
2025-10-17,Google Ads,Root Canal,Clinic C,6989.64,96185,4061,43
2025-10-17,Meta Ads,Dental Crown,Clinic C,5801.46,102724,3784,34
2025-10-17,Google Ads,Teeth Whitening,Clinic C,2954.18,37716,1370,23
2025-10-17,Google Ads,General Dentistry,Clinic C,4803.75,66822,2728,49
2025-10-17,Google Ads,Dental Implant,Clinic D,6560.82,78561,4405,16
2025-10-17,Meta Ads,Invisalign,Clinic D,8137.8,140737,7819,25
2025-10-17,Instagram,Root Canal,Clinic D,6624.96,115183,3513,28
2025-10-17,Meta Ads,Dental Crown,Clinic D,4801.65,59687,3478,29
2025-10-17,Meta Ads,Teeth Whitening,Clinic D,2385.21,31869,1275,21
2025-10-17,Google Ads,General Dentistry,Clinic D,4645.05,38135,1786,47
2025-10-18,Instagram,Dental Implant,Clinic A,7427.73,60259,2490,24
2025-10-18,Meta Ads,Invisalign,Clinic A,8442.93,148000,4127,27
2025-10-18,Google Ads,Root Canal,Clinic A,7084.65,63159,3062,39
2025-10-18,Meta Ads,Dental Crown,Clinic A,4985.59,46239,2212,27
2025-10-18,Google Ads,Teeth Whitening,Clinic A,2719.02,47074,2799,19
2025-10-18,Meta Ads,General Dentistry,Clinic A,5262.43,80251,2083,44
2025-10-18,Google Ads,Dental Implant,Clinic B,5773.65,72649,2767,15
2025-10-18,Meta Ads,Invisalign,Clinic B,6520.48,87644,5318,14
2025-10-18,Meta Ads,Root Canal,Clinic B,6359.12,72719,2619,34
2025-10-18,Meta Ads,Dental Crown,Clinic B,4217.39,46717,2348,30
2025-10-18,Meta Ads,Teeth Whitening,Clinic B,4060.7,67679,3979,41
2025-10-18,Google Ads,General Dentistry,Clinic B,5483.17,81940,5264,61
2025-10-18,Google Ads,Dental Implant,Clinic C,11066.12,89355,4588,43
2025-10-18,Meta Ads,Invisalign,Clinic C,9061.2,76445,4297,29
2025-10-18,Instagram,Root Canal,Clinic C,7586.38,76481,4668,41
2025-10-18,Instagram,Dental Crown,Clinic C,4163.03,62899,2418,17
2025-10-18,Instagram,Teeth Whitening,Clinic C,3545.84,43943,2386,33
2025-10-18,Meta Ads,General Dentistry,Clinic C,3445.86,56681,3507,32
2025-10-18,Instagram,Dental Implant,Clinic D,10710.05,190751,7915,28
2025-10-18,Meta Ads,Invisalign,Clinic D,9368.05,111382,7155,30
2025-10-18,Meta Ads,Root Canal,Clinic D,6518.89,66633,2410,34
2025-10-18,Meta Ads,Dental Crown,Clinic D,3906.38,67263,2598,19
2025-10-18,Google Ads,Teeth Whitening,Clinic D,4515.92,55198,2365,49
2025-10-18,Google Ads,General Dentistry,Clinic D,4399.43,77963,5005,36
2025-10-19,Google Ads,Dental Implant,Clinic A,8790.58,110684,4357,32
2025-10-19,Meta Ads,Invisalign,Clinic A,7748.56,134465,8600,22
2025-10-19,Google Ads,Root Canal,Clinic A,6119.09,61300,1827,32
2025-10-19,Meta Ads,Dental Crown,Clinic A,3333.56,57490,2923,19
2025-10-19,Instagram,Teeth Whitening,Clinic A,3869.99,64041,3899,33
2025-10-19,Meta Ads,General Dentistry,Clinic A,4831.68,81943,3437,49
2025-10-19,Google Ads,Dental Implant,Clinic B,8722.76,145052,9411,27
2025-10-19,Google Ads,Invisalign,Clinic B,4624.09,62467,2756,10
2025-10-19,Meta Ads,Root Canal,Clinic B,5719.2,68778,2596,23
2025-10-19,Meta Ads,Dental Crown,Clinic B,7078.6,73699,3092,45
2025-10-19,Google Ads,Teeth Whitening,Clinic B,3816.53,53622,2873,30
2025-10-19,Google Ads,General Dentistry,Clinic B,4025.88,63966,2409,42
2025-10-19,Google Ads,Dental Implant,Clinic C,9404.86,78355,4201,32
2025-10-19,Google Ads,Invisalign,Clinic C,8472.57,106576,3470,18
2025-10-19,Google Ads,Root Canal,Clinic C,5449.8,69496,2872,21
2025-10-19,Google Ads,Dental Crown,Clinic C,5539.2,49139,1253,30
2025-10-19,Google Ads,Teeth Whitening,Clinic C,3867.64,55162,3529,31
2025-10-19,Meta Ads,General Dentistry,Clinic C,3286.64,28085,998,30
2025-10-19,Google Ads,Dental Implant,Clinic D,8229.01,122093,6216,31
2025-10-19,Google Ads,Invisalign,Clinic D,7934.47,136933,6924,21
2025-10-19,Meta Ads,Root Canal,Clinic D,6355.13,54582,2109,31
2025-10-19,Google Ads,Dental Crown,Clinic D,4163.57,69352,2988,23
2025-10-19,Google Ads,Teeth Whitening,Clinic D,3684.87,47331,1702,28
2025-10-19,Meta Ads,General Dentistry,Clinic D,3726.62,55897,2675,32
2025-10-20,Google Ads,Dental Implant,Clinic A,9330.09,102838,6119,32
2025-10-20,Google Ads,Invisalign,Clinic A,10416.96,139122,8023,25
2025-10-20,Meta Ads,Root Canal,Clinic A,7531.2,85809,5234,47
2025-10-20,Meta Ads,Dental Crown,Clinic A,5178.27,52450,1607,26
2025-10-20,Instagram,Teeth Whitening,Clinic A,3687.5,51148,2066,35
2025-10-20,Google Ads,General Dentistry,Clinic A,4031.92,46045,1565,32
2025-10-20,Instagram,Dental Implant,Clinic B,10127.61,125857,7195,38
2025-10-20,Google Ads,Invisalign,Clinic B,8239.84,104285,6318,25
2025-10-20,Meta Ads,Root Canal,Clinic B,7295.96,125617,4703,43
2025-10-20,Google Ads,Dental Crown,Clinic B,3404.46,29159,1850,23
2025-10-20,Instagram,Teeth Whitening,Clinic B,4123.46,39889,1311,51
2025-10-20,Google Ads,General Dentistry,Clinic B,3804.76,40948,2343,49
2025-10-20,Google Ads,Dental Implant,Clinic C,8396.2,126438,4797,22
2025-10-20,Google Ads,Invisalign,Clinic C,9488.83,126945,7362,23
2025-10-20,Meta Ads,Root Canal,Clinic C,5371.93,92127,2412,29
2025-10-20,Instagram,Dental Crown,Clinic C,4437.78,79236,3401,27
2025-10-20,Meta Ads,Teeth Whitening,Clinic C,3497.38,49663,2542,34
2025-10-20,Meta Ads,General Dentistry,Clinic C,4024.79,36514,1549,36
2025-10-20,Google Ads,Dental Implant,Clinic D,7621.9,116579,7111,24
2025-10-20,Google Ads,Invisalign,Clinic D,8434.51,101710,5847,28
2025-10-20,Meta Ads,Root Canal,Clinic D,7130.97,60957,1986,38
2025-10-20,Google Ads,Dental Crown,Clinic D,5688.22,95441,2566,36
2025-10-20,Meta Ads,Teeth Whitening,Clinic D,3658.07,40696,2396,32
2025-10-20,Meta Ads,General Dentistry,Clinic D,4570.22,66765,3599,40
2025-10-21,Meta Ads,Dental Implant,Clinic A,9744.41,118631,6249,31
2025-10-21,Meta Ads,Invisalign,Clinic A,7904.98,106884,5109,17
2025-10-21,Google Ads,Root Canal,Clinic A,8242.78,84326,3247,46
2025-10-21,Meta Ads,Dental Crown,Clinic A,5462.16,91954,5870,27
2025-10-21,Meta Ads,Teeth Whitening,Clinic A,3892.07,50643,1856,36
2025-10-21,Meta Ads,General Dentistry,Clinic A,3099.6,37994,1899,25
2025-10-21,Instagram,Dental Implant,Clinic B,9223.93,77108,3184,32
2025-10-21,Google Ads,Invisalign,Clinic B,4991.24,76742,3763,18
2025-10-21,Google Ads,Root Canal,Clinic B,5532.84,68625,2890,33
2025-10-21,Meta Ads,Dental Crown,Clinic B,4879.83,43764,1178,25
2025-10-21,Google Ads,Teeth Whitening,Clinic B,4589.45,57965,2016,38
2025-10-21,Meta Ads,General Dentistry,Clinic B,4094.09,71726,4172,36
2025-10-21,Instagram,Dental Implant,Clinic C,9612.14,106689,6151,27
2025-10-21,Google Ads,Invisalign,Clinic C,6727.1,58431,3218,23
2025-10-21,Meta Ads,Root Canal,Clinic C,6918.31,82960,2387,44
2025-10-21,Instagram,Dental Crown,Clinic C,4519.58,44551,1579,20
2025-10-21,Google Ads,Teeth Whitening,Clinic C,4089.18,35095,2021,39
2025-10-21,Meta Ads,General Dentistry,Clinic C,4167.15,36843,1634,39
2025-10-21,Instagram,Dental Implant,Clinic D,9027.46,138462,7046,22
2025-10-21,Google Ads,Invisalign,Clinic D,8736.92,143610,5694,29
2025-10-21,Google Ads,Root Canal,Clinic D,6383.06,60255,2860,24
2025-10-21,Meta Ads,Dental Crown,Clinic D,4307.25,59099,3220,22
2025-10-21,Google Ads,Teeth Whitening,Clinic D,3600.92,64420,3174,34
2025-10-21,Google Ads,General Dentistry,Clinic D,4048.64,32421,1086,46
2025-10-22,Google Ads,Dental Implant,Clinic A,11997.96,162797,4741,39
2025-10-22,Google Ads,Invisalign,Clinic A,8101.55,126039,5152,18
2025-10-22,Google Ads,Root Canal,Clinic A,4333.88,36606,2265,19
2025-10-22,Google Ads,Dental Crown,Clinic A,4944.41,64833,3221,33
2025-10-22,Google Ads,Teeth Whitening,Clinic A,3538.28,57450,2422,34
2025-10-22,Google Ads,General Dentistry,Clinic A,4138.92,40764,2507,37
2025-10-22,Google Ads,Dental Implant,Clinic B,7358.37,131876,6311,23
2025-10-22,Meta Ads,Invisalign,Clinic B,8623.43,127722,7812,21
2025-10-22,Google Ads,Root Canal,Clinic B,6310.15,64689,3326,37
2025-10-22,Google Ads,Dental Crown,Clinic B,4053.15,51497,3259,21
2025-10-22,Google Ads,Teeth Whitening,Clinic B,3425.21,59546,2158,30
2025-10-22,Meta Ads,General Dentistry,Clinic B,5321.0,76152,4826,49
2025-10-22,Google Ads,Dental Implant,Clinic C,10694.33,102471,5546,32
2025-10-22,Meta Ads,Invisalign,Clinic C,8616.8,83327,3202,27
2025-10-22,Google Ads,Root Canal,Clinic C,7453.02,97997,6286,43
2025-10-22,Google Ads,Dental Crown,Clinic C,4845.8,58594,3728,27
2025-10-22,Google Ads,Teeth Whitening,Clinic C,3447.03,48441,2370,37
2025-10-22,Meta Ads,General Dentistry,Clinic C,3380.94,27461,1430,33
2025-10-22,Meta Ads,Dental Implant,Clinic D,9404.01,99621,3043,25
2025-10-22,Google Ads,Invisalign,Clinic D,8226.0,104680,2774,23
2025-10-22,Meta Ads,Root Canal,Clinic D,6195.19,110100,5900,38
2025-10-22,Google Ads,Dental Crown,Clinic D,3966.21,51657,2410,17
2025-10-22,Meta Ads,Teeth Whitening,Clinic D,4926.33,86601,4048,48
2025-10-22,Google Ads,General Dentistry,Clinic D,4265.42,34779,1534,42
2025-10-23,Meta Ads,Dental Implant,Clinic A,9225.7,90510,5547,32
2025-10-23,Meta Ads,Invisalign,Clinic A,8877.52,115351,4915,15
2025-10-23,Google Ads,Root Canal,Clinic A,7759.98,68709,3766,34
2025-10-23,Meta Ads,Dental Crown,Clinic A,4278.39,59142,1608,23
2025-10-23,Meta Ads,Teeth Whitening,Clinic A,4141.85,48830,1709,38
2025-10-23,Instagram,General Dentistry,Clinic A,5278.96,65843,1796,52
2025-10-23,Meta Ads,Dental Implant,Clinic B,9092.44,85381,3635,33
2025-10-23,Google Ads,Invisalign,Clinic B,10600.64,155206,4208,35
2025-10-23,Meta Ads,Root Canal,Clinic B,6226.51,98570,4370,34
2025-10-23,Meta Ads,Dental Crown,Clinic B,5367.81,94384,4831,28
2025-10-23,Google Ads,Teeth Whitening,Clinic B,2313.59,28939,1504,22
2025-10-23,Google Ads,General Dentistry,Clinic B,5025.78,42124,2067,47
2025-10-23,Google Ads,Dental Implant,Clinic C,8487.79,148969,3730,32
2025-10-23,Meta Ads,Invisalign,Clinic C,9440.81,167987,9021,31
2025-10-23,Meta Ads,Root Canal,Clinic C,7429.56,71399,1962,36
2025-10-23,Meta Ads,Dental Crown,Clinic C,3891.65,60980,3640,19
2025-10-23,Google Ads,Teeth Whitening,Clinic C,3274.76,53301,1350,29
2025-10-23,Google Ads,General Dentistry,Clinic C,4645.13,74453,2263,49
2025-10-23,Google Ads,Dental Implant,Clinic D,11208.25,107971,2982,32
2025-10-23,Instagram,Invisalign,Clinic D,9248.84,134991,3583,20
2025-10-23,Meta Ads,Root Canal,Clinic D,8023.74,141944,6359,40
2025-10-23,Instagram,Dental Crown,Clinic D,4924.81,46557,1741,29
2025-10-23,Google Ads,Teeth Whitening,Clinic D,4812.94,69556,3250,41
2025-10-23,Google Ads,General Dentistry,Clinic D,3578.28,52376,1605,28
2025-10-24,Google Ads,Dental Implant,Clinic A,9250.74,144080,8468,23
2025-10-24,Meta Ads,Invisalign,Clinic A,6801.82,114597,3105,22
2025-10-24,Meta Ads,Root Canal,Clinic A,6726.59,56993,2885,32
2025-10-24,Google Ads,Dental Crown,Clinic A,5453.68,60140,3630,27
2025-10-24,Google Ads,Teeth Whitening,Clinic A,3999.69,48521,1849,36
2025-10-24,Instagram,General Dentistry,Clinic A,5899.12,101461,2580,56
2025-10-24,Meta Ads,Dental Implant,Clinic B,7982.1,117571,6731,33
2025-10-24,Google Ads,Invisalign,Clinic B,7128.08,125099,3292,19
2025-10-24,Google Ads,Root Canal,Clinic B,5166.88,66655,2452,27
2025-10-24,Meta Ads,Dental Crown,Clinic B,4763.73,58808,1648,31
2025-10-24,Google Ads,Teeth Whitening,Clinic B,2733.2,34244,982,16
2025-10-24,Google Ads,General Dentistry,Clinic B,2887.15,27208,1386,24
2025-10-24,Google Ads,Dental Implant,Clinic C,9906.04,139199,4343,34
2025-10-24,Meta Ads,Invisalign,Clinic C,10683.03,150499,4655,37
2025-10-24,Google Ads,Root Canal,Clinic C,6265.0,84903,4231,30
2025-10-24,Meta Ads,Dental Crown,Clinic C,5794.37,102812,5031,36
2025-10-24,Google Ads,Teeth Whitening,Clinic C,4363.77,74973,3050,42
2025-10-24,Google Ads,General Dentistry,Clinic C,4252.52,59721,1613,50
2025-10-24,Instagram,Dental Implant,Clinic D,11498.54,151386,8972,37
2025-10-24,Meta Ads,Invisalign,Clinic D,7977.17,126883,4533,14
2025-10-24,Meta Ads,Root Canal,Clinic D,6573.74,113562,2888,39
2025-10-24,Meta Ads,Dental Crown,Clinic D,5627.69,78677,3853,35
2025-10-24,Meta Ads,Teeth Whitening,Clinic D,3490.73,47698,1538,32
2025-10-24,Google Ads,General Dentistry,Clinic D,3731.11,62311,2782,41
2025-10-25,Meta Ads,Dental Implant,Clinic A,10950.72,181340,7919,35
2025-10-25,Instagram,Invisalign,Clinic A,6707.75,85633,4703,13
2025-10-25,Google Ads,Root Canal,Clinic A,6892.53,66859,4084,39
2025-10-25,Meta Ads,Dental Crown,Clinic A,4735.71,73547,3621,32
2025-10-25,Meta Ads,Teeth Whitening,Clinic A,3780.65,31589,994,26
2025-10-25,Meta Ads,General Dentistry,Clinic A,5326.92,72503,3066,55
2025-10-25,Meta Ads,Dental Implant,Clinic B,9177.24,129347,3418,29
2025-10-25,Google Ads,Invisalign,Clinic B,7258.48,80426,2058,20
2025-10-25,Google Ads,Root Canal,Clinic B,6453.98,112913,6454,35
2025-10-25,Google Ads,Dental Crown,Clinic B,4849.86,55545,2062,28
2025-10-25,Google Ads,Teeth Whitening,Clinic B,3472.83,30195,1545,28
2025-10-25,Google Ads,General Dentistry,Clinic B,5069.56,70922,4119,49
2025-10-25,Google Ads,Dental Implant,Clinic C,8702.89,151748,4397,28
2025-10-25,Meta Ads,Invisalign,Clinic C,8126.07,96280,4763,22
2025-10-25,Google Ads,Root Canal,Clinic C,5252.44,59063,1922,26
2025-10-25,Meta Ads,Dental Crown,Clinic C,4793.52,81663,4572,30
2025-10-25,Meta Ads,Teeth Whitening,Clinic C,3949.0,39619,2319,39
2025-10-25,Google Ads,General Dentistry,Clinic C,5110.48,72427,2543,49
2025-10-25,Instagram,Dental Implant,Clinic D,8309.62,110252,6968,27
2025-10-25,Google Ads,Invisalign,Clinic D,6539.05,66718,1874,15
2025-10-25,Google Ads,Root Canal,Clinic D,5845.13,88328,4232,33
2025-10-25,Google Ads,Dental Crown,Clinic D,5769.21,59181,1519,42
2025-10-25,Google Ads,Teeth Whitening,Clinic D,2756.15,41304,2204,21
2025-10-25,Instagram,General Dentistry,Clinic D,5447.09,97614,2743,59
2025-10-26,Meta Ads,Dental Implant,Clinic A,7141.66,112181,4413,25
2025-10-26,Google Ads,Invisalign,Clinic A,6890.07,65944,3576,30
2025-10-26,Google Ads,Root Canal,Clinic A,4330.38,53708,1879,22
2025-10-26,Meta Ads,Dental Crown,Clinic A,4549.08,46093,1817,22
2025-10-26,Meta Ads,Teeth Whitening,Clinic A,1774.66,24355,1373,15
2025-10-26,Google Ads,General Dentistry,Clinic A,4005.77,66012,3851,43
2025-10-26,Meta Ads,Dental Implant,Clinic B,7258.67,117084,3312,17
2025-10-26,Meta Ads,Invisalign,Clinic B,8341.21,141913,6462,22
2025-10-26,Meta Ads,Root Canal,Clinic B,7233.03,108703,3216,35
2025-10-26,Meta Ads,Dental Crown,Clinic B,4752.45,69331,3955,27
2025-10-26,Google Ads,Teeth Whitening,Clinic B,2583.05,25494,1614,20
2025-10-26,Meta Ads,General Dentistry,Clinic B,3800.94,50934,1464,26
2025-10-26,Meta Ads,Dental Implant,Clinic C,10504.61,177295,7825,42
2025-10-26,Meta Ads,Invisalign,Clinic C,8836.49,153057,6777,24
2025-10-26,Meta Ads,Root Canal,Clinic C,7284.72,64474,3836,33
2025-10-26,Meta Ads,Dental Crown,Clinic C,4876.71,65465,3806,21
2025-10-26,Meta Ads,Teeth Whitening,Clinic C,4652.98,67103,3687,41
2025-10-26,Google Ads,General Dentistry,Clinic C,3548.03,34240,1776,36
2025-10-26,Google Ads,Dental Implant,Clinic D,9102.57,95066,4026,28
2025-10-26,Google Ads,Invisalign,Clinic D,9302.2,106394,3194,29
2025-10-26,Instagram,Root Canal,Clinic D,5872.27,60304,1595,32
2025-10-26,Instagram,Dental Crown,Clinic D,4666.61,45775,2866,24
2025-10-26,Google Ads,Teeth Whitening,Clinic D,3103.43,44331,1579,27
2025-10-26,Google Ads,General Dentistry,Clinic D,4546.69,61937,3314,39
2025-10-27,Google Ads,Dental Implant,Clinic A,6499.1,106227,4184,18
2025-10-27,Google Ads,Invisalign,Clinic A,6766.6,111578,4034,20
2025-10-27,Meta Ads,Root Canal,Clinic A,7211.53,63665,2728,34
2025-10-27,Google Ads,Dental Crown,Clinic A,4724.41,44907,1616,26
2025-10-27,Google Ads,Teeth Whitening,Clinic A,2888.65,46819,2144,24
2025-10-27,Google Ads,General Dentistry,Clinic A,3678.21,48009,2220,33
2025-10-27,Instagram,Dental Implant,Clinic B,9882.7,82845,3893,41
2025-10-27,Meta Ads,Invisalign,Clinic B,8433.78,107917,3682,26
2025-10-27,Meta Ads,Root Canal,Clinic B,5421.53,80909,3033,23
2025-10-27,Google Ads,Dental Crown,Clinic B,6746.38,117511,3636,34
2025-10-27,Google Ads,Teeth Whitening,Clinic B,3511.14,28426,1727,32
2025-10-27,Google Ads,General Dentistry,Clinic B,2798.68,27267,1338,31
2025-10-27,Google Ads,Dental Implant,Clinic C,10093.75,145665,8992,31
2025-10-27,Google Ads,Invisalign,Clinic C,6886.98,79875,2152,19
2025-10-27,Google Ads,Root Canal,Clinic C,5097.41,84366,3245,25
2025-10-27,Google Ads,Dental Crown,Clinic C,5863.85,74942,3562,23
2025-10-27,Instagram,Teeth Whitening,Clinic C,2606.05,36229,1765,17
2025-10-27,Google Ads,General Dentistry,Clinic C,3609.67,39524,1752,37
2025-10-27,Meta Ads,Dental Implant,Clinic D,10315.41,136190,4331,38
2025-10-27,Meta Ads,Invisalign,Clinic D,6019.38,105601,2926,7
2025-10-27,Meta Ads,Root Canal,Clinic D,5389.48,45569,2694,25
2025-10-27,Meta Ads,Dental Crown,Clinic D,5984.92,51862,1862,36
2025-10-27,Meta Ads,Teeth Whitening,Clinic D,3703.9,30291,1046,36
2025-10-27,Google Ads,General Dentistry,Clinic D,5730.24,80851,2250,61
2025-10-28,Meta Ads,Dental Implant,Clinic A,7225.48,93665,3301,26
2025-10-28,Meta Ads,Invisalign,Clinic A,7199.8,60709,1981,20
2025-10-28,Meta Ads,Root Canal,Clinic A,6523.25,96411,2601,37
2025-10-28,Meta Ads,Dental Crown,Clinic A,4135.87,66285,1966,11
2025-10-28,Google Ads,Teeth Whitening,Clinic A,4921.85,74196,3727,47
2025-10-28,Meta Ads,General Dentistry,Clinic A,3122.67,48416,1772,24
2025-10-28,Google Ads,Dental Implant,Clinic B,8706.18,151138,9074,30
2025-10-28,Meta Ads,Invisalign,Clinic B,7301.32,70655,2325,19
2025-10-28,Meta Ads,Root Canal,Clinic B,7862.97,123324,5221,36
2025-10-28,Google Ads,Dental Crown,Clinic B,4000.13,64620,3699,21
2025-10-28,Instagram,Teeth Whitening,Clinic B,3830.1,45108,2023,39
2025-10-28,Google Ads,General Dentistry,Clinic B,5264.02,78811,4986,54
2025-10-28,Instagram,Dental Implant,Clinic C,10721.53,120867,3239,39
2025-10-28,Meta Ads,Invisalign,Clinic C,7420.59,92870,2454,14
2025-10-28,Meta Ads,Root Canal,Clinic C,4567.56,65712,4080,26
2025-10-28,Meta Ads,Dental Crown,Clinic C,4544.45,41290,2240,21
2025-10-28,Google Ads,Teeth Whitening,Clinic C,3134.17,48973,2232,30
2025-10-28,Meta Ads,General Dentistry,Clinic C,3163.21,46847,1733,32
2025-10-28,Google Ads,Dental Implant,Clinic D,9882.83,84740,5260,36
2025-10-28,Google Ads,Invisalign,Clinic D,5570.63,75490,2703,15
2025-10-28,Meta Ads,Root Canal,Clinic D,5231.06,88085,5225,34
2025-10-28,Google Ads,Dental Crown,Clinic D,5817.08,94089,6016,34
2025-10-28,Meta Ads,Teeth Whitening,Clinic D,4360.4,48056,1676,40
2025-10-28,Google Ads,General Dentistry,Clinic D,6344.63,71076,3146,67
2025-10-29,Meta Ads,Dental Implant,Clinic A,8739.15,79136,3917,28
2025-10-29,Instagram,Invisalign,Clinic A,8662.68,72782,4592,13
2025-10-29,Meta Ads,Root Canal,Clinic A,7711.24,95385,4129,40
2025-10-29,Meta Ads,Dental Crown,Clinic A,5679.98,57579,3651,30
2025-10-29,Instagram,Teeth Whitening,Clinic A,4316.86,55975,2708,34
2025-10-29,Google Ads,General Dentistry,Clinic A,4556.19,41196,2346,52
2025-10-29,Instagram,Dental Implant,Clinic B,8011.67,99791,4153,27
2025-10-29,Google Ads,Invisalign,Clinic B,8068.49,108854,3356,14
2025-10-29,Meta Ads,Root Canal,Clinic B,5684.29,64277,3244,27
2025-10-29,Instagram,Dental Crown,Clinic B,5203.45,52893,2298,29
2025-10-29,Google Ads,Teeth Whitening,Clinic B,2615.58,42983,1644,23
2025-10-29,Google Ads,General Dentistry,Clinic B,3363.99,47566,3078,28
2025-10-29,Instagram,Dental Implant,Clinic C,8812.42,87256,2228,32
2025-10-29,Google Ads,Invisalign,Clinic C,6811.58,99010,4664,24
2025-10-29,Instagram,Root Canal,Clinic C,5285.18,69241,3106,22
2025-10-29,Meta Ads,Dental Crown,Clinic C,5411.25,52926,2565,33
2025-10-29,Google Ads,Teeth Whitening,Clinic C,4027.07,35162,2233,35
2025-10-29,Google Ads,General Dentistry,Clinic C,4436.37,75179,2443,39
2025-10-29,Google Ads,Dental Implant,Clinic D,11680.83,180726,4923,31
2025-10-29,Meta Ads,Invisalign,Clinic D,7633.18,135061,8670,16
2025-10-29,Instagram,Root Canal,Clinic D,8140.62,136165,6158,39
2025-10-29,Google Ads,Dental Crown,Clinic D,5020.62,69398,2992,35
2025-10-29,Meta Ads,Teeth Whitening,Clinic D,3402.92,43933,2719,35
2025-10-29,Meta Ads,General Dentistry,Clinic D,4891.92,42384,2115,48
2025-10-30,Google Ads,Dental Implant,Clinic A,5880.51,72600,4437,17
2025-10-30,Meta Ads,Invisalign,Clinic A,5458.01,97438,6235,19
2025-10-30,Meta Ads,Root Canal,Clinic A,5807.45,53809,3302,37
2025-10-30,Meta Ads,Dental Crown,Clinic A,4170.43,66417,3127,23
2025-10-30,Google Ads,Teeth Whitening,Clinic A,3749.41,62387,2870,29
2025-10-30,Meta Ads,General Dentistry,Clinic A,4683.92,58133,2204,41
2025-10-30,Google Ads,Dental Implant,Clinic B,9420.55,109483,6494,30
2025-10-30,Meta Ads,Invisalign,Clinic B,7690.55,96384,5868,14
2025-10-30,Meta Ads,Root Canal,Clinic B,7490.73,122962,4588,28
2025-10-30,Google Ads,Dental Crown,Clinic B,5174.19,91573,3550,24
2025-10-30,Instagram,Teeth Whitening,Clinic B,3858.84,59524,3297,37
2025-10-30,Google Ads,General Dentistry,Clinic B,4532.64,67437,3289,42
2025-10-30,Meta Ads,Dental Implant,Clinic C,11409.27,122746,4555,43
2025-10-30,Meta Ads,Invisalign,Clinic C,6449.69,115039,3303,15
2025-10-30,Google Ads,Root Canal,Clinic C,6011.85,63556,2001,33
2025-10-30,Meta Ads,Dental Crown,Clinic C,5022.89,52675,1405,18
2025-10-30,Instagram,Teeth Whitening,Clinic C,3275.01,29454,1266,32
2025-10-30,Meta Ads,General Dentistry,Clinic C,5155.03,75932,3769,52
2025-10-30,Google Ads,Dental Implant,Clinic D,13301.69,190200,5978,49
2025-10-30,Instagram,Invisalign,Clinic D,5325.08,77943,2399,21
2025-10-30,Google Ads,Root Canal,Clinic D,6751.35,84167,4226,35
2025-10-30,Google Ads,Dental Crown,Clinic D,5382.73,80547,4119,43
2025-10-30,Google Ads,Teeth Whitening,Clinic D,3587.75,34495,1924,31
2025-10-30,Meta Ads,General Dentistry,Clinic D,3314.91,30784,1845,33
2025-10-31,Google Ads,Dental Implant,Clinic A,8754.09,146079,6937,27
2025-10-31,Meta Ads,Invisalign,Clinic A,8581.71,138138,8586,25
2025-10-31,Meta Ads,Root Canal,Clinic A,7323.64,81451,3372,32
2025-10-31,Google Ads,Dental Crown,Clinic A,5127.87,72895,3351,25
2025-10-31,Google Ads,Teeth Whitening,Clinic A,3361.84,37339,2345,32
2025-10-31,Instagram,General Dentistry,Clinic A,3120.27,29002,1652,30
2025-10-31,Meta Ads,Dental Implant,Clinic B,9474.92,160848,4380,29
2025-10-31,Google Ads,Invisalign,Clinic B,9822.16,90259,2803,26
2025-10-31,Google Ads,Root Canal,Clinic B,5088.91,86654,2728,27
2025-10-31,Google Ads,Dental Crown,Clinic B,2703.71,47189,2210,13
2025-10-31,Instagram,Teeth Whitening,Clinic B,3575.5,53343,1655,29
2025-10-31,Meta Ads,General Dentistry,Clinic B,4789.67,63238,3336,50
2025-10-31,Google Ads,Dental Implant,Clinic C,9210.98,118133,4968,26
2025-10-31,Google Ads,Invisalign,Clinic C,7832.54,67354,2558,23
2025-10-31,Meta Ads,Root Canal,Clinic C,6819.28,122220,3691,30
2025-10-31,Google Ads,Dental Crown,Clinic C,6215.15,93369,4534,36
2025-10-31,Google Ads,Teeth Whitening,Clinic C,3213.54,33582,1899,30
2025-10-31,Google Ads,General Dentistry,Clinic C,4560.96,71549,3617,45
2025-10-31,Meta Ads,Dental Implant,Clinic D,10993.96,122594,7308,40
2025-10-31,Google Ads,Invisalign,Clinic D,8457.33,135843,5749,13
2025-10-31,Meta Ads,Root Canal,Clinic D,5729.56,52132,2752,34
2025-10-31,Meta Ads,Dental Crown,Clinic D,6607.02,57021,3693,36
2025-10-31,Meta Ads,Teeth Whitening,Clinic D,4258.56,57262,3223,48
2025-10-31,Google Ads,General Dentistry,Clinic D,4314.23,61481,1679,45
2025-11-01,Meta Ads,Dental Implant,Clinic A,8077.55,93661,4755,30
2025-11-01,Google Ads,Invisalign,Clinic A,9873.4,145051,6789,26
2025-11-01,Meta Ads,Root Canal,Clinic A,7840.37,104803,2853,37
2025-11-01,Meta Ads,Dental Crown,Clinic A,4082.61,36174,1511,23
2025-11-01,Meta Ads,Teeth Whitening,Clinic A,3485.14,57146,2014,31
2025-11-01,Google Ads,General Dentistry,Clinic A,4317.09,52562,3349,46
2025-11-01,Meta Ads,Dental Implant,Clinic B,8575.19,120599,5259,30
2025-11-01,Instagram,Invisalign,Clinic B,10840.08,108567,3324,30
2025-11-01,Google Ads,Root Canal,Clinic B,7699.8,128878,3579,41
2025-11-01,Meta Ads,Dental Crown,Clinic B,5171.13,42627,2268,29
2025-11-01,Google Ads,Teeth Whitening,Clinic B,3303.59,48561,1745,36
2025-11-01,Google Ads,General Dentistry,Clinic B,4668.72,81404,4663,48
2025-11-01,Google Ads,Dental Implant,Clinic C,9868.35,106257,6337,40
2025-11-01,Meta Ads,Invisalign,Clinic C,8281.74,129886,4084,19
2025-11-01,Instagram,Root Canal,Clinic C,7696.68,103616,3870,41
2025-11-01,Meta Ads,Dental Crown,Clinic C,6938.66,95454,2611,33
2025-11-01,Google Ads,Teeth Whitening,Clinic C,3298.54,29842,1427,29
2025-11-01,Google Ads,General Dentistry,Clinic C,1529.33,22240,1311,16
2025-11-01,Google Ads,Dental Implant,Clinic D,10358.56,159675,6440,26
2025-11-01,Google Ads,Invisalign,Clinic D,9684.73,150779,6770,32
2025-11-01,Google Ads,Root Canal,Clinic D,4510.06,81085,3912,26
2025-11-01,Google Ads,Dental Crown,Clinic D,3125.53,40053,2112,17
2025-11-01,Meta Ads,Teeth Whitening,Clinic D,3931.96,68979,2731,41
2025-11-01,Google Ads,General Dentistry,Clinic D,4166.14,44653,1160,39
2025-11-02,Google Ads,Dental Implant,Clinic A,6890.1,60728,1953,24
2025-11-02,Meta Ads,Invisalign,Clinic A,11393.98,122172,5576,40
2025-11-02,Meta Ads,Root Canal,Clinic A,7553.98,87898,4414,49
2025-11-02,Meta Ads,Dental Crown,Clinic A,5431.26,69741,4475,28
2025-11-02,Google Ads,Teeth Whitening,Clinic A,3487.58,39069,1974,31
2025-11-02,Google Ads,General Dentistry,Clinic A,3881.49,65065,2103,43
2025-11-02,Meta Ads,Dental Implant,Clinic B,5792.95,83504,3347,20
2025-11-02,Meta Ads,Invisalign,Clinic B,7685.24,62331,2853,28
2025-11-02,Google Ads,Root Canal,Clinic B,5164.16,75647,2515,28
2025-11-02,Instagram,Dental Crown,Clinic B,4591.12,61710,2665,27
2025-11-02,Meta Ads,Teeth Whitening,Clinic B,2944.53,34284,939,30
2025-11-02,Meta Ads,General Dentistry,Clinic B,4121.73,71953,2193,47
2025-11-02,Instagram,Dental Implant,Clinic C,7926.55,141826,7769,25
2025-11-02,Meta Ads,Invisalign,Clinic C,5907.33,82554,3546,14
2025-11-02,Meta Ads,Root Canal,Clinic C,8998.61,155130,9790,45
2025-11-02,Meta Ads,Dental Crown,Clinic C,4184.03,57609,3686,19
2025-11-02,Meta Ads,Teeth Whitening,Clinic C,2973.55,42519,1444,30
2025-11-02,Google Ads,General Dentistry,Clinic C,4925.21,54333,1723,43
2025-11-02,Google Ads,Dental Implant,Clinic D,11025.23,109660,2753,43
2025-11-02,Google Ads,Invisalign,Clinic D,8328.96,140392,4690,16
2025-11-02,Google Ads,Root Canal,Clinic D,6534.19,97451,3787,39
2025-11-02,Meta Ads,Dental Crown,Clinic D,5814.9,69806,4003,31
2025-11-02,Google Ads,Teeth Whitening,Clinic D,2976.93,50522,3212,28
2025-11-02,Google Ads,General Dentistry,Clinic D,2850.39,40273,1577,33
2025-11-03,Meta Ads,Dental Implant,Clinic A,10245.05,95122,3728,35
2025-11-03,Google Ads,Invisalign,Clinic A,9139.25,161755,5688,19
2025-11-03,Google Ads,Root Canal,Clinic A,6016.4,89552,2691,31
2025-11-03,Meta Ads,Dental Crown,Clinic A,5902.79,90591,5087,31
2025-11-03,Google Ads,Teeth Whitening,Clinic A,3661.52,35480,2153,38
2025-11-03,Google Ads,General Dentistry,Clinic A,4639.26,39496,2227,50
2025-11-03,Google Ads,Dental Implant,Clinic B,8536.08,122163,5144,25
2025-11-03,Google Ads,Invisalign,Clinic B,6518.05,97718,3229,17
2025-11-03,Google Ads,Root Canal,Clinic B,6976.29,103631,5988,37
2025-11-03,Google Ads,Dental Crown,Clinic B,3393.86,28439,984,17
2025-11-03,Google Ads,Teeth Whitening,Clinic B,2805.31,28501,727,30
2025-11-03,Google Ads,General Dentistry,Clinic B,4993.7,84771,4065,55
2025-11-03,Google Ads,Dental Implant,Clinic C,5819.7,95989,4921,13
2025-11-03,Google Ads,Invisalign,Clinic C,9241.4,79208,4266,28
2025-11-03,Meta Ads,Root Canal,Clinic C,7036.19,114843,4079,36
2025-11-03,Google Ads,Dental Crown,Clinic C,5753.63,76726,4783,31
2025-11-03,Google Ads,Teeth Whitening,Clinic C,2953.92,43635,1838,31
2025-11-03,Google Ads,General Dentistry,Clinic C,4238.93,43587,1353,46
2025-11-03,Google Ads,Dental Implant,Clinic D,7911.36,69270,2982,26
2025-11-03,Meta Ads,Invisalign,Clinic D,8913.85,116429,3926,26
2025-11-03,Meta Ads,Root Canal,Clinic D,7007.6,105032,3438,33
2025-11-03,Google Ads,Dental Crown,Clinic D,5483.97,89632,3179,28
2025-11-03,Meta Ads,Teeth Whitening,Clinic D,2556.17,21751,1317,24
2025-11-03,Google Ads,General Dentistry,Clinic D,4174.41,62856,2467,47
2025-11-04,Meta Ads,Dental Implant,Clinic A,7648.16,128786,5037,26
2025-11-04,Meta Ads,Invisalign,Clinic A,6109.88,70586,2005,18
2025-11-04,Google Ads,Root Canal,Clinic A,5715.32,91622,2583,26
2025-11-04,Meta Ads,Dental Crown,Clinic A,4780.51,48417,3057,17
2025-11-04,Meta Ads,Teeth Whitening,Clinic A,3470.94,33158,2035,25
2025-11-04,Google Ads,General Dentistry,Clinic A,3355.18,50700,2131,33
2025-11-04,Meta Ads,Dental Implant,Clinic B,9864.18,171002,6846,33
2025-11-04,Instagram,Invisalign,Clinic B,7797.99,70935,3714,20
2025-11-04,Google Ads,Root Canal,Clinic B,5865.48,68927,3365,28
2025-11-04,Meta Ads,Dental Crown,Clinic B,5474.65,91982,4080,29
2025-11-04,Meta Ads,Teeth Whitening,Clinic B,4138.79,56124,2158,39
2025-11-04,Google Ads,General Dentistry,Clinic B,4153.27,73404,3095,38
2025-11-04,Meta Ads,Dental Implant,Clinic C,10812.64,138057,7807,32
2025-11-04,Google Ads,Invisalign,Clinic C,6182.72,65734,3008,17
2025-11-04,Google Ads,Root Canal,Clinic C,8141.07,104166,5713,39
2025-11-04,Google Ads,Dental Crown,Clinic C,5047.08,72415,4559,24
2025-11-04,Meta Ads,Teeth Whitening,Clinic C,3736.86,67069,3663,36
2025-11-04,Meta Ads,General Dentistry,Clinic C,3600.29,38849,1013,32
2025-11-04,Google Ads,Dental Implant,Clinic D,8244.26,66910,3018,26
2025-11-04,Google Ads,Invisalign,Clinic D,7206.56,94020,5485,23
2025-11-04,Meta Ads,Root Canal,Clinic D,6861.05,97179,5370,39
2025-11-04,Google Ads,Dental Crown,Clinic D,5306.54,90217,2834,28
2025-11-04,Meta Ads,Teeth Whitening,Clinic D,5091.63,64618,3635,46
2025-11-04,Google Ads,General Dentistry,Clinic D,4596.93,61250,2639,49
2025-11-05,Google Ads,Dental Implant,Clinic A,9687.49,149371,4575,25
2025-11-05,Meta Ads,Invisalign,Clinic A,7092.98,76809,3551,23
2025-11-05,Google Ads,Root Canal,Clinic A,6309.01,104475,2649,38
2025-11-05,Meta Ads,Dental Crown,Clinic A,5118.74,89412,2666,32
2025-11-05,Google Ads,Teeth Whitening,Clinic A,3725.33,36064,2168,26
2025-11-05,Google Ads,General Dentistry,Clinic A,4304.8,40401,2210,44
2025-11-05,Google Ads,Dental Implant,Clinic B,10075.13,173114,6566,31
2025-11-05,Meta Ads,Invisalign,Clinic B,5656.24,75021,2647,15
2025-11-05,Meta Ads,Root Canal,Clinic B,5897.86,49250,1743,30
2025-11-05,Meta Ads,Dental Crown,Clinic B,5093.78,76335,3988,37
2025-11-05,Meta Ads,Teeth Whitening,Clinic B,4016.89,33753,1968,38
2025-11-05,Google Ads,General Dentistry,Clinic B,5128.7,72154,1972,49
2025-11-05,Google Ads,Dental Implant,Clinic C,8780.44,94197,3100,31
2025-11-05,Meta Ads,Invisalign,Clinic C,7960.33,80819,5251,16
2025-11-05,Google Ads,Root Canal,Clinic C,4794.48,76511,3336,23
2025-11-05,Meta Ads,Dental Crown,Clinic C,4845.45,65937,2117,26
2025-11-05,Meta Ads,Teeth Whitening,Clinic C,3538.73,37471,2346,31
2025-11-05,Google Ads,General Dentistry,Clinic C,4355.16,50976,3227,49
2025-11-05,Instagram,Dental Implant,Clinic D,10007.95,158990,6285,33
2025-11-05,Instagram,Invisalign,Clinic D,8706.02,114564,6249,24
2025-11-05,Meta Ads,Root Canal,Clinic D,5586.46,94368,5463,31
2025-11-05,Meta Ads,Dental Crown,Clinic D,5318.83,65745,1690,23
2025-11-05,Instagram,Teeth Whitening,Clinic D,3709.95,52055,1993,34
2025-11-05,Google Ads,General Dentistry,Clinic D,4130.25,39298,1140,43
2025-11-06,Google Ads,Dental Implant,Clinic A,11798.03,199433,9516,38
2025-11-06,Meta Ads,Invisalign,Clinic A,5785.22,48221,2615,13
2025-11-06,Google Ads,Root Canal,Clinic A,7444.19,133064,3432,43
2025-11-06,Google Ads,Dental Crown,Clinic A,5546.67,52990,2024,30
2025-11-06,Meta Ads,Teeth Whitening,Clinic A,3736.46,46286,2293,33
2025-11-06,Google Ads,General Dentistry,Clinic A,4994.65,79561,4584,47
2025-11-06,Google Ads,Dental Implant,Clinic B,8295.15,96318,3561,31
2025-11-06,Google Ads,Invisalign,Clinic B,8927.42,133389,4736,23
2025-11-06,Google Ads,Root Canal,Clinic B,6613.53,99159,6330,36
2025-11-06,Meta Ads,Dental Crown,Clinic B,3515.16,32059,930,13
2025-11-06,Google Ads,Teeth Whitening,Clinic B,4643.32,58540,3164,38
2025-11-06,Google Ads,General Dentistry,Clinic B,5009.04,42266,2168,48
2025-11-06,Meta Ads,Dental Implant,Clinic C,8085.77,94593,4901,25
2025-11-06,Meta Ads,Invisalign,Clinic C,9250.39,154898,4761,25
2025-11-06,Meta Ads,Root Canal,Clinic C,7227.5,85000,4057,31
2025-11-06,Meta Ads,Dental Crown,Clinic C,5008.7,48297,1556,23
2025-11-06,Meta Ads,Teeth Whitening,Clinic C,3425.02,53303,2560,34
2025-11-06,Meta Ads,General Dentistry,Clinic C,4392.94,47846,2319,44
2025-11-06,Meta Ads,Dental Implant,Clinic D,8591.58,96656,5775,26
2025-11-06,Meta Ads,Invisalign,Clinic D,6437.11,85227,2162,20
2025-11-06,Google Ads,Root Canal,Clinic D,7165.15,96524,5668,42
2025-11-06,Google Ads,Dental Crown,Clinic D,5698.02,62845,3722,29
2025-11-06,Meta Ads,Teeth Whitening,Clinic D,3071.3,39233,1566,28
2025-11-06,Instagram,General Dentistry,Clinic D,4519.54,54781,3133,44
2025-11-07,Meta Ads,Dental Implant,Clinic A,7015.53,70466,3802,22
2025-11-07,Meta Ads,Invisalign,Clinic A,5988.47,57961,2973,11
2025-11-07,Google Ads,Root Canal,Clinic A,7406.98,119296,5838,45
2025-11-07,Google Ads,Dental Crown,Clinic A,5775.26,91963,2928,32
2025-11-07,Google Ads,Teeth Whitening,Clinic A,4171.52,38821,1496,37
2025-11-07,Google Ads,General Dentistry,Clinic A,4270.98,59651,2959,49
2025-11-07,Google Ads,Dental Implant,Clinic B,6929.02,109020,3640,23
2025-11-07,Instagram,Invisalign,Clinic B,9086.36,122504,5774,27
2025-11-07,Instagram,Root Canal,Clinic B,6739.36,58502,3779,31
2025-11-07,Meta Ads,Dental Crown,Clinic B,4791.55,81026,2289,24
2025-11-07,Google Ads,Teeth Whitening,Clinic B,3737.12,37681,2136,33
2025-11-07,Google Ads,General Dentistry,Clinic B,1953.87,28793,1469,13
2025-11-07,Meta Ads,Dental Implant,Clinic C,10328.09,173273,10521,27
2025-11-07,Google Ads,Invisalign,Clinic C,7718.22,86212,4955,22
2025-11-07,Meta Ads,Root Canal,Clinic C,8595.94,89278,5552,42
2025-11-07,Instagram,Dental Crown,Clinic C,5141.25,44805,2219,30
2025-11-07,Google Ads,Teeth Whitening,Clinic C,3274.68,54819,3251,29
2025-11-07,Google Ads,General Dentistry,Clinic C,4821.6,61993,3939,52
2025-11-07,Meta Ads,Dental Implant,Clinic D,8199.83,68242,2282,29
2025-11-07,Instagram,Invisalign,Clinic D,9710.97,144205,4495,28
2025-11-07,Google Ads,Root Canal,Clinic D,7318.59,68286,3078,38
2025-11-07,Meta Ads,Dental Crown,Clinic D,4850.6,64804,1904,23
2025-11-07,Meta Ads,Teeth Whitening,Clinic D,3989.17,34871,880,41
2025-11-07,Meta Ads,General Dentistry,Clinic D,6778.82,115712,5480,66
2025-11-08,Google Ads,Dental Implant,Clinic A,7657.77,113466,4433,14
2025-11-08,Meta Ads,Invisalign,Clinic A,11327.77,176696,4997,39
2025-11-08,Instagram,Root Canal,Clinic A,5824.57,51935,2277,26
2025-11-08,Google Ads,Dental Crown,Clinic A,4476.03,42066,1158,22
2025-11-08,Google Ads,Teeth Whitening,Clinic A,3443.64,59173,2425,33
2025-11-08,Meta Ads,General Dentistry,Clinic A,3812.48,48343,1443,40
2025-11-08,Google Ads,Dental Implant,Clinic B,10291.11,158977,9785,28
2025-11-08,Google Ads,Invisalign,Clinic B,7177.13,119744,6104,21
2025-11-08,Instagram,Root Canal,Clinic B,6445.01,83315,4553,29
2025-11-08,Instagram,Dental Crown,Clinic B,4919.85,81143,3854,25
2025-11-08,Meta Ads,Teeth Whitening,Clinic B,3962.78,63092,3405,37
2025-11-08,Meta Ads,General Dentistry,Clinic B,5429.52,68724,1899,55
2025-11-08,Meta Ads,Dental Implant,Clinic C,7993.11,83921,2920,28
2025-11-08,Meta Ads,Invisalign,Clinic C,6545.88,81100,2107,19
2025-11-08,Google Ads,Root Canal,Clinic C,6487.09,55944,3527,31
2025-11-08,Meta Ads,Dental Crown,Clinic C,4584.62,80199,4490,31
2025-11-08,Google Ads,Teeth Whitening,Clinic C,3430.79,46329,2143,27
2025-11-08,Instagram,General Dentistry,Clinic C,4224.43,63887,2486,49
2025-11-08,Meta Ads,Dental Implant,Clinic D,9779.01,103217,4489,28
2025-11-08,Meta Ads,Invisalign,Clinic D,8459.85,105859,2915,28
2025-11-08,Meta Ads,Root Canal,Clinic D,5356.04,81902,2804,31
2025-11-08,Meta Ads,Dental Crown,Clinic D,6423.48,64664,3821,29
2025-11-08,Instagram,Teeth Whitening,Clinic D,2882.07,38526,2439,23
2025-11-08,Meta Ads,General Dentistry,Clinic D,3722.4,62556,3080,39
2025-11-09,Google Ads,Dental Implant,Clinic A,9886.75,80187,4410,32
2025-11-09,Meta Ads,Invisalign,Clinic A,10643.13,130536,4916,30
2025-11-09,Meta Ads,Root Canal,Clinic A,6836.86,99342,3741,39
2025-11-09,Google Ads,Dental Crown,Clinic A,4098.35,51084,1787,24
2025-11-09,Meta Ads,Teeth Whitening,Clinic A,2911.27,39590,1942,26
2025-11-09,Google Ads,General Dentistry,Clinic A,5152.92,46985,2993,50
2025-11-09,Google Ads,Dental Implant,Clinic B,8041.89,140575,8552,21
2025-11-09,Meta Ads,Invisalign,Clinic B,8153.38,139013,4183,29
2025-11-09,Meta Ads,Root Canal,Clinic B,6821.71,110143,3489,40
2025-11-09,Google Ads,Dental Crown,Clinic B,6625.91,89838,3553,38
2025-11-09,Meta Ads,Teeth Whitening,Clinic B,3574.87,34688,1590,35
2025-11-09,Meta Ads,General Dentistry,Clinic B,4292.38,63031,1774,37
2025-11-09,Google Ads,Dental Implant,Clinic C,7456.89,66612,3650,29
2025-11-09,Google Ads,Invisalign,Clinic C,8367.54,143101,6308,20
2025-11-09,Google Ads,Root Canal,Clinic C,8647.9,150291,9578,49
2025-11-09,Google Ads,Dental Crown,Clinic C,5579.53,80200,4735,32
2025-11-09,Meta Ads,Teeth Whitening,Clinic C,2960.4,34990,894,27
2025-11-09,Meta Ads,General Dentistry,Clinic C,5196.43,46960,1215,51
2025-11-09,Google Ads,Dental Implant,Clinic D,7159.21,91665,5869,27
2025-11-09,Meta Ads,Invisalign,Clinic D,8767.76,131064,4825,25
2025-11-09,Meta Ads,Root Canal,Clinic D,7051.57,124235,5621,30
2025-11-09,Meta Ads,Dental Crown,Clinic D,4155.94,37803,1945,20
2025-11-09,Meta Ads,Teeth Whitening,Clinic D,3963.21,57144,2252,36
2025-11-09,Google Ads,General Dentistry,Clinic D,2870.14,32686,1720,27
2025-11-10,Google Ads,Dental Implant,Clinic A,9321.23,122671,5233,33
2025-11-10,Meta Ads,Invisalign,Clinic A,7463.04,102044,5268,18
2025-11-10,Google Ads,Root Canal,Clinic A,5802.44,48271,2190,34
2025-11-10,Instagram,Dental Crown,Clinic A,3895.67,50139,1612,17
2025-11-10,Meta Ads,Teeth Whitening,Clinic A,2347.29,35258,1143,15
2025-11-10,Instagram,General Dentistry,Clinic A,3448.33,30446,1678,35
2025-11-10,Google Ads,Dental Implant,Clinic B,10434.12,187478,5355,38
2025-11-10,Meta Ads,Invisalign,Clinic B,6640.08,104773,4788,21
2025-11-10,Google Ads,Root Canal,Clinic B,4899.25,77157,4893,20
2025-11-10,Meta Ads,Dental Crown,Clinic B,4647.15,41071,1954,24
2025-11-10,Instagram,Teeth Whitening,Clinic B,2801.81,34876,1978,24
2025-11-10,Meta Ads,General Dentistry,Clinic B,4136.39,59201,2692,31
2025-11-10,Google Ads,Dental Implant,Clinic C,8453.52,96670,3505,34
2025-11-10,Meta Ads,Invisalign,Clinic C,9525.52,104872,3660,22
2025-11-10,Google Ads,Root Canal,Clinic C,5509.53,77583,3266,23
2025-11-10,Meta Ads,Dental Crown,Clinic C,5999.69,63331,3318,33
2025-11-10,Google Ads,Teeth Whitening,Clinic C,3340.55,38078,1441,26
2025-11-10,Meta Ads,General Dentistry,Clinic C,3751.86,37919,1718,36
2025-11-10,Meta Ads,Dental Implant,Clinic D,6970.16,79108,2125,28
2025-11-10,Google Ads,Invisalign,Clinic D,7838.04,71591,4189,21
2025-11-10,Google Ads,Root Canal,Clinic D,7088.18,101146,5264,37
2025-11-10,Google Ads,Dental Crown,Clinic D,5463.64,52392,1635,36
2025-11-10,Meta Ads,Teeth Whitening,Clinic D,3709.05,36810,1537,26
2025-11-10,Meta Ads,General Dentistry,Clinic D,4394.67,56756,2298,51
2025-11-11,Meta Ads,Dental Implant,Clinic A,8109.76,119997,6465,22
2025-11-11,Instagram,Invisalign,Clinic A,9169.95,148925,3783,24
2025-11-11,Meta Ads,Root Canal,Clinic A,7235.92,126890,6930,38
2025-11-11,Meta Ads,Dental Crown,Clinic A,4654.92,83567,4787,18
2025-11-11,Google Ads,Teeth Whitening,Clinic A,3570.02,41887,1442,29
2025-11-11,Google Ads,General Dentistry,Clinic A,4427.43,51439,2214,45
2025-11-11,Google Ads,Dental Implant,Clinic B,11587.71,122739,6126,33
2025-11-11,Google Ads,Invisalign,Clinic B,8748.98,128118,6849,24
2025-11-11,Meta Ads,Root Canal,Clinic B,5005.21,44531,2012,25
2025-11-11,Google Ads,Dental Crown,Clinic B,5125.91,88201,4763,33
2025-11-11,Google Ads,Teeth Whitening,Clinic B,2345.74,27487,1369,23
2025-11-11,Instagram,General Dentistry,Clinic B,5992.21,58674,2923,58
2025-11-11,Meta Ads,Dental Implant,Clinic C,12044.47,123703,5365,35
2025-11-11,Meta Ads,Invisalign,Clinic C,6447.42,83049,5038,22
2025-11-11,Google Ads,Root Canal,Clinic C,6544.59,55407,1782,40
2025-11-11,Meta Ads,Dental Crown,Clinic C,4423.56,66054,3890,19
2025-11-11,Google Ads,Teeth Whitening,Clinic C,5136.75,49815,2435,47
2025-11-11,Meta Ads,General Dentistry,Clinic C,5045.05,62738,4005,52
2025-11-11,Meta Ads,Dental Implant,Clinic D,9886.78,164331,4683,30
2025-11-11,Meta Ads,Invisalign,Clinic D,9720.99,160279,6750,20
2025-11-11,Google Ads,Root Canal,Clinic D,7110.6,86949,4332,33
2025-11-11,Meta Ads,Dental Crown,Clinic D,4811.7,64003,2722,21
2025-11-11,Meta Ads,Teeth Whitening,Clinic D,4325.11,44706,2890,35
2025-11-11,Google Ads,General Dentistry,Clinic D,3029.16,28977,902,35
2025-11-12,Instagram,Dental Implant,Clinic A,9736.56,117117,5148,32
2025-11-12,Google Ads,Invisalign,Clinic A,8282.41,99057,5593,22
2025-11-12,Google Ads,Root Canal,Clinic A,7089.19,103354,6183,39
2025-11-12,Meta Ads,Dental Crown,Clinic A,5612.53,91733,5028,27
2025-11-12,Google Ads,Teeth Whitening,Clinic A,2566.32,40388,2206,26
2025-11-12,Google Ads,General Dentistry,Clinic A,5064.56,64989,2942,49
2025-11-12,Google Ads,Dental Implant,Clinic B,5773.9,80063,4740,13
2025-11-12,Meta Ads,Invisalign,Clinic B,8997.08,84572,5011,22
2025-11-12,Meta Ads,Root Canal,Clinic B,7556.72,121648,5217,38
2025-11-12,Meta Ads,Dental Crown,Clinic B,5116.56,43676,1809,23
2025-11-12,Meta Ads,Teeth Whitening,Clinic B,2596.46,23060,1167,29
2025-11-12,Google Ads,General Dentistry,Clinic B,5065.29,62639,4070,48
2025-11-12,Meta Ads,Dental Implant,Clinic C,7525.62,92502,2818,24
2025-11-12,Meta Ads,Invisalign,Clinic C,7436.08,121104,4729,20
2025-11-12,Meta Ads,Root Canal,Clinic C,6669.09,117439,5496,28
2025-11-12,Meta Ads,Dental Crown,Clinic C,5147.25,77960,4911,28
2025-11-12,Meta Ads,Teeth Whitening,Clinic C,2742.52,29026,1251,29
2025-11-12,Meta Ads,General Dentistry,Clinic C,4146.38,47242,1276,44
2025-11-12,Meta Ads,Dental Implant,Clinic D,8131.41,97411,4019,23
2025-11-12,Meta Ads,Invisalign,Clinic D,7011.06,98192,3659,20
2025-11-12,Google Ads,Root Canal,Clinic D,6192.52,65404,3929,31
2025-11-12,Meta Ads,Dental Crown,Clinic D,4760.78,68963,3433,29
2025-11-12,Google Ads,Teeth Whitening,Clinic D,3191.84,34113,1356,26
2025-11-12,Google Ads,General Dentistry,Clinic D,5408.65,51769,3224,47
2025-11-13,Meta Ads,Dental Implant,Clinic A,8910.01,143868,5624,27
2025-11-13,Google Ads,Invisalign,Clinic A,8707.85,139561,5053,18
2025-11-13,Google Ads,Root Canal,Clinic A,7400.6,93830,4587,37
2025-11-13,Google Ads,Dental Crown,Clinic A,5675.7,85778,2524,28
2025-11-13,Meta Ads,Teeth Whitening,Clinic A,2465.66,23559,750,23
2025-11-13,Google Ads,General Dentistry,Clinic A,4244.28,61587,1891,46
2025-11-13,Google Ads,Dental Implant,Clinic B,7107.9,70700,2530,22
2025-11-13,Google Ads,Invisalign,Clinic B,8281.46,99967,3823,29
2025-11-13,Google Ads,Root Canal,Clinic B,6926.31,106046,3391,38
2025-11-13,Google Ads,Dental Crown,Clinic B,5054.94,72595,4713,25
2025-11-13,Meta Ads,Teeth Whitening,Clinic B,4276.58,61751,1600,34
2025-11-13,Google Ads,General Dentistry,Clinic B,4074.08,65437,4012,41
2025-11-13,Google Ads,Dental Implant,Clinic C,5775.41,76289,3786,19
2025-11-13,Google Ads,Invisalign,Clinic C,7613.3,75511,1984,24
2025-11-13,Instagram,Root Canal,Clinic C,6186.34,103056,4456,38
2025-11-13,Meta Ads,Dental Crown,Clinic C,3788.04,36033,1688,24
2025-11-13,Google Ads,Teeth Whitening,Clinic C,4499.28,68647,3135,35
2025-11-13,Google Ads,General Dentistry,Clinic C,4025.56,39480,1405,45
2025-11-13,Meta Ads,Dental Implant,Clinic D,11455.54,142622,6446,43
2025-11-13,Meta Ads,Invisalign,Clinic D,9258.09,154940,7046,24
2025-11-13,Google Ads,Root Canal,Clinic D,8872.3,79415,4368,47
2025-11-13,Meta Ads,Dental Crown,Clinic D,4184.74,44854,1664,25
2025-11-13,Google Ads,Teeth Whitening,Clinic D,3010.95,31813,1764,27
2025-11-13,Google Ads,General Dentistry,Clinic D,4198.38,59494,2567,40
2025-11-14,Google Ads,Dental Implant,Clinic A,9122.27,156453,6698,29
2025-11-14,Meta Ads,Invisalign,Clinic A,8869.39,116566,7423,21
2025-11-14,Google Ads,Root Canal,Clinic A,6204.65,88566,3092,30
2025-11-14,Google Ads,Dental Crown,Clinic A,4234.59,48321,2223,19
2025-11-14,Meta Ads,Teeth Whitening,Clinic A,2497.81,36360,2119,23
2025-11-14,Meta Ads,General Dentistry,Clinic A,4309.62,74312,3683,48
2025-11-14,Meta Ads,Dental Implant,Clinic B,9454.18,78366,2472,28
2025-11-14,Meta Ads,Invisalign,Clinic B,7937.57,115710,6686,30
2025-11-14,Meta Ads,Root Canal,Clinic B,4221.72,33786,2103,25
2025-11-14,Google Ads,Dental Crown,Clinic B,4536.99,50896,1692,27
2025-11-14,Meta Ads,Teeth Whitening,Clinic B,3829.23,61640,2937,34
2025-11-14,Meta Ads,General Dentistry,Clinic B,4130.11,53439,3168,39
2025-11-14,Google Ads,Dental Implant,Clinic C,8748.96,126625,3820,34
2025-11-14,Meta Ads,Invisalign,Clinic C,7674.07,131773,8016,23
2025-11-14,Google Ads,Root Canal,Clinic C,5313.7,78737,2168,30
2025-11-14,Meta Ads,Dental Crown,Clinic C,4639.71,57529,2023,27
2025-11-14,Google Ads,Teeth Whitening,Clinic C,2413.87,26737,1423,19
2025-11-14,Google Ads,General Dentistry,Clinic C,4123.69,35772,1068,45
2025-11-14,Meta Ads,Dental Implant,Clinic D,8150.05,146318,4941,32
2025-11-14,Google Ads,Invisalign,Clinic D,11740.95,143158,6878,38
2025-11-14,Instagram,Root Canal,Clinic D,6669.33,116600,6206,35
2025-11-14,Meta Ads,Dental Crown,Clinic D,5611.32,91469,4919,32
2025-11-14,Meta Ads,Teeth Whitening,Clinic D,3445.65,58399,1674,20
2025-11-14,Meta Ads,General Dentistry,Clinic D,3778.12,45988,2489,39
2025-11-15,Meta Ads,Dental Implant,Clinic A,7613.92,120114,3637,27
2025-11-15,Instagram,Invisalign,Clinic A,8435.08,132881,3361,19
2025-11-15,Meta Ads,Root Canal,Clinic A,5770.64,50448,1647,28
2025-11-15,Meta Ads,Dental Crown,Clinic A,3574.99,29942,1624,25
2025-11-15,Google Ads,Teeth Whitening,Clinic A,3998.67,40933,2293,38
2025-11-15,Instagram,General Dentistry,Clinic A,2850.92,38530,2204,34
2025-11-15,Meta Ads,Dental Implant,Clinic B,5743.94,47436,1465,24
2025-11-15,Meta Ads,Invisalign,Clinic B,6449.01,95391,4382,20
2025-11-15,Meta Ads,Root Canal,Clinic B,3506.53,39075,1236,22
2025-11-15,Google Ads,Dental Crown,Clinic B,5125.16,91619,5383,33
2025-11-15,Google Ads,Teeth Whitening,Clinic B,3709.48,66313,4015,35
2025-11-15,Google Ads,General Dentistry,Clinic B,5585.88,97264,3104,61
2025-11-15,Google Ads,Dental Implant,Clinic C,9642.44,122678,4335,28
2025-11-15,Google Ads,Invisalign,Clinic C,7973.04,86784,3356,29
2025-11-15,Meta Ads,Root Canal,Clinic C,4899.38,64471,1766,19
2025-11-15,Meta Ads,Dental Crown,Clinic C,5620.52,67583,4348,31
2025-11-15,Meta Ads,Teeth Whitening,Clinic C,3607.51,30747,1309,28
2025-11-15,Meta Ads,General Dentistry,Clinic C,4402.94,68786,2468,43
2025-11-15,Meta Ads,Dental Implant,Clinic D,10450.61,124883,7912,43
2025-11-15,Meta Ads,Invisalign,Clinic D,7765.43,71660,3897,19
2025-11-15,Google Ads,Root Canal,Clinic D,5879.61,73782,2650,30
2025-11-15,Meta Ads,Dental Crown,Clinic D,3947.01,50829,1988,15
2025-11-15,Google Ads,Teeth Whitening,Clinic D,3979.12,52797,2228,36
2025-11-15,Google Ads,General Dentistry,Clinic D,4859.18,85450,3447,46
2025-11-16,Instagram,Dental Implant,Clinic A,9552.2,134623,3520,31
2025-11-16,Google Ads,Invisalign,Clinic A,5773.75,89730,5417,17
2025-11-16,Google Ads,Root Canal,Clinic A,7769.24,98931,3500,44
2025-11-16,Meta Ads,Dental Crown,Clinic A,4686.3,51467,1940,23
2025-11-16,Google Ads,Teeth Whitening,Clinic A,3149.67,52980,3293,18
2025-11-16,Google Ads,General Dentistry,Clinic A,4475.92,73428,1854,47
2025-11-16,Google Ads,Dental Implant,Clinic B,5938.94,74985,2668,14
2025-11-16,Meta Ads,Invisalign,Clinic B,7112.19,95781,3301,21
2025-11-16,Instagram,Root Canal,Clinic B,6810.65,65847,4153,37
2025-11-16,Meta Ads,Dental Crown,Clinic B,5164.07,73241,3565,25
2025-11-16,Meta Ads,Teeth Whitening,Clinic B,4733.33,52012,1972,49
2025-11-16,Google Ads,General Dentistry,Clinic B,4668.03,49892,2669,48
2025-11-16,Meta Ads,Dental Implant,Clinic C,7279.34,74104,2170,28
2025-11-16,Google Ads,Invisalign,Clinic C,7600.17,124938,6228,21
2025-11-16,Google Ads,Root Canal,Clinic C,6876.91,91910,5913,32
2025-11-16,Google Ads,Dental Crown,Clinic C,5204.76,88199,2567,28
2025-11-16,Meta Ads,Teeth Whitening,Clinic C,3670.18,51129,3108,26
2025-11-16,Google Ads,General Dentistry,Clinic C,4545.58,64986,4133,44
2025-11-16,Google Ads,Dental Implant,Clinic D,11613.45,157479,9946,35
2025-11-16,Google Ads,Invisalign,Clinic D,8481.39,121186,5286,20
2025-11-16,Meta Ads,Root Canal,Clinic D,5062.44,50007,2463,23
2025-11-16,Meta Ads,Dental Crown,Clinic D,5018.07,58560,3267,25
2025-11-16,Meta Ads,Teeth Whitening,Clinic D,3156.73,27992,805,24
2025-11-16,Instagram,General Dentistry,Clinic D,5722.15,100323,4068,50
2025-11-17,Google Ads,Dental Implant,Clinic A,11528.76,122152,3880,38
2025-11-17,Meta Ads,Invisalign,Clinic A,10855.53,126469,7278,31
2025-11-17,Google Ads,Root Canal,Clinic A,5147.82,70453,3355,33
2025-11-17,Meta Ads,Dental Crown,Clinic A,4830.64,52778,2390,25
2025-11-17,Instagram,Teeth Whitening,Clinic A,3802.58,43510,1669,36
2025-11-17,Meta Ads,General Dentistry,Clinic A,5594.8,84005,5134,50
2025-11-17,Meta Ads,Dental Implant,Clinic B,11388.2,142261,9194,36
2025-11-17,Google Ads,Invisalign,Clinic B,8284.16,91017,4845,22
2025-11-17,Google Ads,Root Canal,Clinic B,7724.18,72647,2236,46
2025-11-17,Google Ads,Dental Crown,Clinic B,5705.19,95007,4845,35
2025-11-17,Google Ads,Teeth Whitening,Clinic B,3649.9,30915,1883,36
2025-11-17,Meta Ads,General Dentistry,Clinic B,4535.45,54368,3195,45
2025-11-17,Instagram,Dental Implant,Clinic C,10098.04,116764,4500,37
2025-11-17,Instagram,Invisalign,Clinic C,5997.32,91745,5954,21
2025-11-17,Google Ads,Root Canal,Clinic C,7543.96,110504,7153,33
2025-11-17,Meta Ads,Dental Crown,Clinic C,5328.93,80468,4006,28
2025-11-17,Meta Ads,Teeth Whitening,Clinic C,3446.52,58217,1648,28
2025-11-17,Meta Ads,General Dentistry,Clinic C,5009.9,44888,2093,42
2025-11-17,Meta Ads,Dental Implant,Clinic D,8878.62,96201,4399,25
2025-11-17,Meta Ads,Invisalign,Clinic D,8264.62,111057,3792,22
2025-11-17,Meta Ads,Root Canal,Clinic D,8075.34,89701,3687,47
2025-11-17,Meta Ads,Dental Crown,Clinic D,3711.93,61022,3876,15
2025-11-17,Meta Ads,Teeth Whitening,Clinic D,3692.44,47551,2448,35
2025-11-17,Google Ads,General Dentistry,Clinic D,3466.74,60239,3114,37
2025-11-18,Meta Ads,Dental Implant,Clinic A,9384.0,114352,6461,32
2025-11-18,Instagram,Invisalign,Clinic A,10039.1,178682,5102,29
2025-11-18,Meta Ads,Root Canal,Clinic A,7906.31,122627,5277,40
2025-11-18,Instagram,Dental Crown,Clinic A,3835.65,59701,2124,14
2025-11-18,Meta Ads,Teeth Whitening,Clinic A,3909.7,45959,2012,39
2025-11-18,Meta Ads,General Dentistry,Clinic A,4239.02,40837,1472,38
2025-11-18,Instagram,Dental Implant,Clinic B,9130.88,112778,5837,27
2025-11-18,Instagram,Invisalign,Clinic B,8583.36,78931,4850,12
2025-11-18,Google Ads,Root Canal,Clinic B,6544.65,107640,5235,32
2025-11-18,Meta Ads,Dental Crown,Clinic B,4046.06,38043,1967,21
2025-11-18,Google Ads,Teeth Whitening,Clinic B,4360.46,41095,1214,38
2025-11-18,Google Ads,General Dentistry,Clinic B,5814.15,75765,4590,70
2025-11-18,Google Ads,Dental Implant,Clinic C,10442.22,157852,7546,33
2025-11-18,Meta Ads,Invisalign,Clinic C,7252.59,115374,2933,17
2025-11-18,Google Ads,Root Canal,Clinic C,6651.14,101860,4158,37
2025-11-18,Google Ads,Dental Crown,Clinic C,4334.31,40908,2489,31
2025-11-18,Google Ads,Teeth Whitening,Clinic C,2774.35,33069,1635,22
2025-11-18,Google Ads,General Dentistry,Clinic C,4556.52,59910,3036,54
2025-11-18,Google Ads,Dental Implant,Clinic D,8859.86,151425,6878,27
2025-11-18,Instagram,Invisalign,Clinic D,7453.66,107349,2784,18
2025-11-18,Google Ads,Root Canal,Clinic D,6551.31,110161,2768,30
2025-11-18,Google Ads,Dental Crown,Clinic D,3950.24,66892,3111,27
2025-11-18,Google Ads,Teeth Whitening,Clinic D,3487.68,41752,1847,31
2025-11-18,Google Ads,General Dentistry,Clinic D,5184.24,80667,3724,52
2025-11-19,Meta Ads,Dental Implant,Clinic A,9660.23,107405,3541,28
2025-11-19,Instagram,Invisalign,Clinic A,11434.84,103734,6523,24
2025-11-19,Google Ads,Root Canal,Clinic A,5514.5,58615,1960,34
2025-11-19,Google Ads,Dental Crown,Clinic A,4455.3,69969,2402,24
2025-11-19,Google Ads,Teeth Whitening,Clinic A,3462.44,49396,1332,28
2025-11-19,Meta Ads,General Dentistry,Clinic A,3679.16,35537,2144,31
2025-11-19,Google Ads,Dental Implant,Clinic B,10710.05,119477,5192,31
2025-11-19,Instagram,Invisalign,Clinic B,3531.03,56433,1507,6
2025-11-19,Google Ads,Root Canal,Clinic B,7118.67,103131,4764,38
2025-11-19,Google Ads,Dental Crown,Clinic B,2643.99,45984,2639,6
2025-11-19,Google Ads,Teeth Whitening,Clinic B,3607.21,55153,3082,31
2025-11-19,Google Ads,General Dentistry,Clinic B,5621.36,51207,2865,61
2025-11-19,Meta Ads,Dental Implant,Clinic C,8067.93,101525,5992,26
2025-11-19,Google Ads,Invisalign,Clinic C,8478.03,91634,3766,29
2025-11-19,Meta Ads,Root Canal,Clinic C,6897.76,80025,2825,38
2025-11-19,Meta Ads,Dental Crown,Clinic C,4811.49,50551,3023,23
2025-11-19,Meta Ads,Teeth Whitening,Clinic C,3519.49,55933,1643,27
2025-11-19,Meta Ads,General Dentistry,Clinic C,3892.29,67284,3168,41
2025-11-19,Meta Ads,Dental Implant,Clinic D,10968.26,153407,9466,33
2025-11-19,Meta Ads,Invisalign,Clinic D,9913.44,136597,7317,35
2025-11-19,Google Ads,Root Canal,Clinic D,4824.38,60329,2555,32
2025-11-19,Google Ads,Dental Crown,Clinic D,3195.44,30090,1623,13
2025-11-19,Meta Ads,Teeth Whitening,Clinic D,3789.12,63723,2904,36
2025-11-19,Google Ads,General Dentistry,Clinic D,5439.21,48679,2814,55
2025-11-20,Google Ads,Dental Implant,Clinic A,10388.75,151961,5400,35
2025-11-20,Instagram,Invisalign,Clinic A,8866.09,92297,4468,26
2025-11-20,Google Ads,Root Canal,Clinic A,7635.04,115327,7155,38
2025-11-20,Meta Ads,Dental Crown,Clinic A,5584.22,48928,1382,29
2025-11-20,Google Ads,Teeth Whitening,Clinic A,3877.6,54296,3382,36
2025-11-20,Google Ads,General Dentistry,Clinic A,3887.71,37632,1704,35
2025-11-20,Meta Ads,Dental Implant,Clinic B,7846.92,134270,7831,30
2025-11-20,Meta Ads,Invisalign,Clinic B,7908.94,117551,4326,20
2025-11-20,Google Ads,Root Canal,Clinic B,6171.85,58416,2360,35
2025-11-20,Google Ads,Dental Crown,Clinic B,5099.43,52287,2677,25
2025-11-20,Google Ads,Teeth Whitening,Clinic B,3533.61,50652,2396,29
2025-11-20,Google Ads,General Dentistry,Clinic B,4443.16,64845,1802,42
2025-11-20,Instagram,Dental Implant,Clinic C,6950.78,78770,4804,17
2025-11-20,Instagram,Invisalign,Clinic C,8289.8,87901,4801,24
2025-11-20,Google Ads,Root Canal,Clinic C,5325.42,70697,4048,26
2025-11-20,Meta Ads,Dental Crown,Clinic C,6367.75,91298,4256,31
2025-11-20,Google Ads,Teeth Whitening,Clinic C,3056.69,33720,1614,25
2025-11-20,Google Ads,General Dentistry,Clinic C,4693.68,62349,3717,48
2025-11-20,Meta Ads,Dental Implant,Clinic D,9195.1,117756,6214,27
2025-11-20,Google Ads,Invisalign,Clinic D,8755.35,150511,9184,24
2025-11-20,Google Ads,Root Canal,Clinic D,6487.25,108310,4996,28
2025-11-20,Meta Ads,Dental Crown,Clinic D,6480.25,69083,4004,35
2025-11-20,Meta Ads,Teeth Whitening,Clinic D,3780.53,34702,1934,33
2025-11-20,Meta Ads,General Dentistry,Clinic D,4075.15,35908,939,43
2025-11-21,Google Ads,Dental Implant,Clinic A,6685.65,111719,3526,22
2025-11-21,Meta Ads,Invisalign,Clinic A,7506.43,99789,3231,23
2025-11-21,Meta Ads,Root Canal,Clinic A,5620.95,76011,2271,24
2025-11-21,Google Ads,Dental Crown,Clinic A,5853.46,80330,3261,25
2025-11-21,Meta Ads,Teeth Whitening,Clinic A,4218.13,57819,2327,40
2025-11-21,Google Ads,General Dentistry,Clinic A,4920.53,80835,2373,47
2025-11-21,Meta Ads,Dental Implant,Clinic B,9620.99,148772,9200,36
2025-11-21,Meta Ads,Invisalign,Clinic B,6628.69,96411,4333,10
2025-11-21,Google Ads,Root Canal,Clinic B,8134.53,65542,2164,45
2025-11-21,Instagram,Dental Crown,Clinic B,5087.98,42337,1642,37
2025-11-21,Google Ads,Teeth Whitening,Clinic B,3320.87,34054,1453,26
2025-11-21,Meta Ads,General Dentistry,Clinic B,4893.14,40918,2524,56
2025-11-21,Meta Ads,Dental Implant,Clinic C,10720.1,178970,6104,36
2025-11-21,Google Ads,Invisalign,Clinic C,8133.92,123331,3633,20
2025-11-21,Google Ads,Root Canal,Clinic C,7133.11,97230,4485,41
2025-11-21,Google Ads,Dental Crown,Clinic C,3432.45,50594,2567,16
2025-11-21,Google Ads,Teeth Whitening,Clinic C,3697.44,48673,1368,31
2025-11-21,Google Ads,General Dentistry,Clinic C,4887.57,41283,1507,53
2025-11-21,Google Ads,Dental Implant,Clinic D,6493.99,103559,3575,23
2025-11-21,Google Ads,Invisalign,Clinic D,6947.08,82641,3415,19
2025-11-21,Google Ads,Root Canal,Clinic D,6165.11,101611,4906,35
2025-11-21,Google Ads,Dental Crown,Clinic D,4212.8,64535,3392,30
2025-11-21,Meta Ads,Teeth Whitening,Clinic D,3474.06,58754,1856,33
2025-11-21,Google Ads,General Dentistry,Clinic D,3974.16,59820,2072,43
2025-11-22,Meta Ads,Dental Implant,Clinic A,8864.01,114199,4680,30
2025-11-22,Google Ads,Invisalign,Clinic A,7811.26,137532,7400,24
2025-11-22,Google Ads,Root Canal,Clinic A,5573.95,55496,1623,30
2025-11-22,Google Ads,Dental Crown,Clinic A,3702.94,57657,2215,23
2025-11-22,Meta Ads,Teeth Whitening,Clinic A,2247.27,18892,1024,17
2025-11-22,Instagram,General Dentistry,Clinic A,5158.35,76063,3242,46
2025-11-22,Google Ads,Dental Implant,Clinic B,5853.81,98435,3004,19
2025-11-22,Meta Ads,Invisalign,Clinic B,8498.69,119202,5698,21
2025-11-22,Meta Ads,Root Canal,Clinic B,7587.51,63501,3815,39
2025-11-22,Google Ads,Dental Crown,Clinic B,5851.38,59482,2547,25
2025-11-22,Meta Ads,Teeth Whitening,Clinic B,2565.53,35653,1783,19
2025-11-22,Google Ads,General Dentistry,Clinic B,5300.69,48406,3028,54
2025-11-22,Google Ads,Dental Implant,Clinic C,10497.93,110833,5859,35
2025-11-22,Google Ads,Invisalign,Clinic C,11327.26,151725,4872,30
2025-11-22,Google Ads,Root Canal,Clinic C,4976.48,57998,3400,25
2025-11-22,Meta Ads,Dental Crown,Clinic C,5201.52,65019,1730,27
2025-11-22,Meta Ads,Teeth Whitening,Clinic C,3701.42,65815,2059,35
2025-11-22,Meta Ads,General Dentistry,Clinic C,5659.22,99296,3407,55
2025-11-22,Meta Ads,Dental Implant,Clinic D,9209.01,135766,5801,34
2025-11-22,Google Ads,Invisalign,Clinic D,8698.31,84103,2714,21
2025-11-22,Meta Ads,Root Canal,Clinic D,8937.21,118165,4444,44
2025-11-22,Google Ads,Dental Crown,Clinic D,4707.08,41463,2195,36
2025-11-22,Google Ads,Teeth Whitening,Clinic D,3986.52,65688,1909,36
2025-11-22,Google Ads,General Dentistry,Clinic D,5179.63,82882,5273,50
2025-11-23,Meta Ads,Dental Implant,Clinic A,9857.86,102788,4677,32
2025-11-23,Google Ads,Invisalign,Clinic A,7034.14,60870,3295,20
2025-11-23,Google Ads,Root Canal,Clinic A,6425.9,82472,3099,34
2025-11-23,Google Ads,Dental Crown,Clinic A,5726.02,74320,4202,29
2025-11-23,Meta Ads,Teeth Whitening,Clinic A,3703.73,35946,1806,38
2025-11-23,Google Ads,General Dentistry,Clinic A,3917.92,56661,1610,41
2025-11-23,Meta Ads,Dental Implant,Clinic B,6308.19,58389,3764,19
2025-11-23,Google Ads,Invisalign,Clinic B,6221.54,63826,3054,22
2025-11-23,Google Ads,Root Canal,Clinic B,8692.43,94094,2932,45
2025-11-23,Meta Ads,Dental Crown,Clinic B,5308.1,73848,2538,26
2025-11-23,Google Ads,Teeth Whitening,Clinic B,3877.68,31891,1298,34
2025-11-23,Instagram,General Dentistry,Clinic B,4292.23,55582,1672,43
2025-11-23,Google Ads,Dental Implant,Clinic C,10682.86,124375,6515,34
2025-11-23,Google Ads,Invisalign,Clinic C,6655.24,62206,3180,18
2025-11-23,Google Ads,Root Canal,Clinic C,7329.14,77243,4631,40
2025-11-23,Meta Ads,Dental Crown,Clinic C,5454.54,43718,2279,32
2025-11-23,Google Ads,Teeth Whitening,Clinic C,3520.45,49420,3211,32
2025-11-23,Google Ads,General Dentistry,Clinic C,6376.91,64203,2823,63
2025-11-23,Google Ads,Dental Implant,Clinic D,10217.52,150915,4301,27
2025-11-23,Google Ads,Invisalign,Clinic D,7511.2,111206,3660,23
2025-11-23,Meta Ads,Root Canal,Clinic D,3367.25,43801,1137,24
2025-11-23,Meta Ads,Dental Crown,Clinic D,4836.06,53247,2374,26
2025-11-23,Meta Ads,Teeth Whitening,Clinic D,3166.18,36048,1253,29
2025-11-23,Google Ads,General Dentistry,Clinic D,5468.96,90803,4212,54
2025-11-24,Meta Ads,Dental Implant,Clinic A,9232.06,85507,2627,30
2025-11-24,Google Ads,Invisalign,Clinic A,7540.16,104233,6088,21
2025-11-24,Google Ads,Root Canal,Clinic A,4826.22,64168,2976,27
2025-11-24,Google Ads,Dental Crown,Clinic A,3850.92,61779,2475,30
2025-11-24,Meta Ads,Teeth Whitening,Clinic A,3129.87,46101,1957,30
2025-11-24,Instagram,General Dentistry,Clinic A,3008.87,31973,1412,32
2025-11-24,Meta Ads,Dental Implant,Clinic B,11202.07,184065,7205,38
2025-11-24,Meta Ads,Invisalign,Clinic B,8750.26,83127,4562,26
2025-11-24,Instagram,Root Canal,Clinic B,6413.19,51494,2981,27
2025-11-24,Meta Ads,Dental Crown,Clinic B,5203.93,59270,1910,30
2025-11-24,Google Ads,Teeth Whitening,Clinic B,3276.28,41477,1375,28
2025-11-24,Google Ads,General Dentistry,Clinic B,6153.16,80481,2577,68
2025-11-24,Google Ads,Dental Implant,Clinic C,10706.0,150028,8749,39
2025-11-24,Meta Ads,Invisalign,Clinic C,6107.09,50987,1935,15
2025-11-24,Meta Ads,Root Canal,Clinic C,5981.14,78202,2445,34
2025-11-24,Google Ads,Dental Crown,Clinic C,4335.73,55937,3526,22
2025-11-24,Meta Ads,Teeth Whitening,Clinic C,2916.87,35817,2146,29
2025-11-24,Google Ads,General Dentistry,Clinic C,3802.71,52549,1462,36
2025-11-24,Google Ads,Dental Implant,Clinic D,8739.75,70588,3071,25
2025-11-24,Instagram,Invisalign,Clinic D,9943.29,79817,4368,27
2025-11-24,Google Ads,Root Canal,Clinic D,8148.01,79032,4462,44
2025-11-24,Meta Ads,Dental Crown,Clinic D,5653.66,82855,4691,33
2025-11-24,Meta Ads,Teeth Whitening,Clinic D,4301.77,68395,2242,39
2025-11-24,Google Ads,General Dentistry,Clinic D,4287.4,77053,3960,46
2025-11-25,Google Ads,Dental Implant,Clinic A,11067.59,129393,5183,34
2025-11-25,Google Ads,Invisalign,Clinic A,6500.18,64316,3650,16
2025-11-25,Meta Ads,Root Canal,Clinic A,7535.86,105171,4635,36
2025-11-25,Meta Ads,Dental Crown,Clinic A,5963.81,61797,2921,29
2025-11-25,Meta Ads,Teeth Whitening,Clinic A,4177.74,60488,2271,51
2025-11-25,Instagram,General Dentistry,Clinic A,3671.78,52667,3166,41
2025-11-25,Meta Ads,Dental Implant,Clinic B,9597.39,139310,8589,31
2025-11-25,Google Ads,Invisalign,Clinic B,8152.76,118277,5635,30
2025-11-25,Meta Ads,Root Canal,Clinic B,8060.78,66119,2053,42
2025-11-25,Google Ads,Dental Crown,Clinic B,4086.47,64428,1949,27
2025-11-25,Google Ads,Teeth Whitening,Clinic B,3091.17,47150,2834,26
2025-11-25,Meta Ads,General Dentistry,Clinic B,3993.08,66955,2186,42
2025-11-25,Google Ads,Dental Implant,Clinic C,12299.31,137787,7661,38
2025-11-25,Meta Ads,Invisalign,Clinic C,8909.45,150282,8371,21
2025-11-25,Meta Ads,Root Canal,Clinic C,7236.36,94652,2411,36
2025-11-25,Meta Ads,Dental Crown,Clinic C,5626.56,97507,2772,33
2025-11-25,Google Ads,Teeth Whitening,Clinic C,3567.52,43420,1325,33
2025-11-25,Meta Ads,General Dentistry,Clinic C,5224.69,70911,3295,50
2025-11-25,Meta Ads,Dental Implant,Clinic D,7485.69,103737,4342,24
2025-11-25,Google Ads,Invisalign,Clinic D,6490.36,67463,2461,19
2025-11-25,Google Ads,Root Canal,Clinic D,7496.76,110247,2796,35
2025-11-25,Google Ads,Dental Crown,Clinic D,2520.39,27580,1241,13
2025-11-25,Google Ads,Teeth Whitening,Clinic D,3879.64,66437,3418,37
2025-11-25,Google Ads,General Dentistry,Clinic D,4239.45,52554,1837,40
2025-11-26,Google Ads,Dental Implant,Clinic A,8762.86,83516,3243,31
2025-11-26,Google Ads,Invisalign,Clinic A,10122.01,121811,5731,32
2025-11-26,Meta Ads,Root Canal,Clinic A,5906.63,62531,2111,29
2025-11-26,Meta Ads,Dental Crown,Clinic A,4866.64,63046,3039,29
2025-11-26,Meta Ads,Teeth Whitening,Clinic A,2955.33,47336,2596,32
2025-11-26,Meta Ads,General Dentistry,Clinic A,4187.24,37927,1774,40
2025-11-26,Google Ads,Dental Implant,Clinic B,8431.94,78526,2744,31
2025-11-26,Meta Ads,Invisalign,Clinic B,9627.1,159341,9617,31
2025-11-26,Instagram,Root Canal,Clinic B,7302.4,105299,3147,37
2025-11-26,Meta Ads,Dental Crown,Clinic B,4397.67,46048,2464,23
2025-11-26,Google Ads,Teeth Whitening,Clinic B,3947.06,54878,3464,36
2025-11-26,Google Ads,General Dentistry,Clinic B,2675.35,30791,1292,27
2025-11-26,Meta Ads,Dental Implant,Clinic C,11476.79,171050,6500,36
2025-11-26,Meta Ads,Invisalign,Clinic C,8902.36,87854,3975,30
2025-11-26,Google Ads,Root Canal,Clinic C,5454.11,75105,4553,34
2025-11-26,Google Ads,Dental Crown,Clinic C,5040.02,67362,4324,26
2025-11-26,Google Ads,Teeth Whitening,Clinic C,2715.21,25692,1665,21
2025-11-26,Instagram,General Dentistry,Clinic C,4561.3,40845,1223,40
2025-11-26,Meta Ads,Dental Implant,Clinic D,9461.91,86347,5010,35
2025-11-26,Meta Ads,Invisalign,Clinic D,5063.04,61151,3145,20
2025-11-26,Instagram,Root Canal,Clinic D,6595.06,76103,3129,35
2025-11-26,Meta Ads,Dental Crown,Clinic D,5469.11,87080,5585,31
2025-11-26,Google Ads,Teeth Whitening,Clinic D,3069.46,26549,1101,19
2025-11-26,Google Ads,General Dentistry,Clinic D,4906.45,85079,4233,55
2025-11-27,Meta Ads,Dental Implant,Clinic A,8365.45,85345,3846,29
2025-11-27,Google Ads,Invisalign,Clinic A,7898.41,96409,5574,24
2025-11-27,Google Ads,Root Canal,Clinic A,5754.72,69355,4267,33
2025-11-27,Google Ads,Dental Crown,Clinic A,4837.31,42932,2383,29
2025-11-27,Google Ads,Teeth Whitening,Clinic A,3798.57,67409,2833,40
2025-11-27,Instagram,General Dentistry,Clinic A,3925.77,59366,2998,41
2025-11-27,Instagram,Dental Implant,Clinic B,12591.61,190078,9375,35
2025-11-27,Meta Ads,Invisalign,Clinic B,10190.39,82492,2581,28
2025-11-27,Meta Ads,Root Canal,Clinic B,6637.9,63541,3061,35
2025-11-27,Google Ads,Dental Crown,Clinic B,3747.05,35118,1148,21
2025-11-27,Instagram,Teeth Whitening,Clinic B,3680.58,32726,1498,28
2025-11-27,Meta Ads,General Dentistry,Clinic B,5757.99,75992,2175,58
2025-11-27,Meta Ads,Dental Implant,Clinic C,9383.25,168410,6060,23
2025-11-27,Meta Ads,Invisalign,Clinic C,9183.36,157093,8416,26
2025-11-27,Google Ads,Root Canal,Clinic C,5447.32,71131,2124,28
2025-11-27,Meta Ads,Dental Crown,Clinic C,6981.28,56482,3346,44
2025-11-27,Google Ads,Teeth Whitening,Clinic C,3109.23,48039,2049,29
2025-11-27,Meta Ads,General Dentistry,Clinic C,4638.3,65626,3495,47
2025-11-27,Meta Ads,Dental Implant,Clinic D,11044.03,149596,7525,36
2025-11-27,Google Ads,Invisalign,Clinic D,8030.03,81361,3070,25
2025-11-27,Google Ads,Root Canal,Clinic D,6656.34,60538,2611,40
2025-11-27,Google Ads,Dental Crown,Clinic D,4638.12,66815,3104,17
2025-11-27,Google Ads,Teeth Whitening,Clinic D,3121.53,47711,2459,28
2025-11-27,Instagram,General Dentistry,Clinic D,4349.32,66985,3323,41
2025-11-28,Google Ads,Dental Implant,Clinic A,7337.98,131679,6001,22
2025-11-28,Meta Ads,Invisalign,Clinic A,5955.65,76705,4278,14
2025-11-28,Instagram,Root Canal,Clinic A,6158.94,59193,2198,31
2025-11-28,Meta Ads,Dental Crown,Clinic A,4308.17,74056,3215,29
2025-11-28,Meta Ads,Teeth Whitening,Clinic A,4220.34,50685,2142,46
2025-11-28,Meta Ads,General Dentistry,Clinic A,6037.18,74871,3077,63
2025-11-28,Meta Ads,Dental Implant,Clinic B,10868.55,181744,5080,35
2025-11-28,Google Ads,Invisalign,Clinic B,7304.98,97874,2530,19
2025-11-28,Meta Ads,Root Canal,Clinic B,5133.13,57980,2158,29
2025-11-28,Instagram,Dental Crown,Clinic B,5145.31,59892,2603,32
2025-11-28,Meta Ads,Teeth Whitening,Clinic B,3039.71,38385,2372,27
2025-11-28,Google Ads,General Dentistry,Clinic B,3776.16,40395,1380,49
2025-11-28,Meta Ads,Dental Implant,Clinic C,7793.31,62484,2962,33
2025-11-28,Meta Ads,Invisalign,Clinic C,9174.58,89600,3473,19
2025-11-28,Google Ads,Root Canal,Clinic C,7940.05,93179,5376,38
2025-11-28,Instagram,Dental Crown,Clinic C,5851.2,62167,2968,26
2025-11-28,Google Ads,Teeth Whitening,Clinic C,2761.65,32963,1136,26
2025-11-28,Meta Ads,General Dentistry,Clinic C,4322.38,67784,2012,39
2025-11-28,Google Ads,Dental Implant,Clinic D,11529.32,183015,10838,37
2025-11-28,Google Ads,Invisalign,Clinic D,7440.67,119412,5901,16
2025-11-28,Meta Ads,Root Canal,Clinic D,5109.03,42568,1089,33
2025-11-28,Google Ads,Dental Crown,Clinic D,6202.59,70969,4175,38
2025-11-28,Instagram,Teeth Whitening,Clinic D,2879.84,34712,1253,20
2025-11-28,Meta Ads,General Dentistry,Clinic D,4378.22,42908,1407,47
2025-11-29,Meta Ads,Dental Implant,Clinic A,8712.73,135979,6177,35
2025-11-29,Google Ads,Invisalign,Clinic A,8073.67,132084,8192,18
2025-11-29,Google Ads,Root Canal,Clinic A,5064.32,76011,3511,34
2025-11-29,Google Ads,Dental Crown,Clinic A,5706.18,80910,3375,28
2025-11-29,Meta Ads,Teeth Whitening,Clinic A,3055.43,34304,2064,28
2025-11-29,Meta Ads,General Dentistry,Clinic A,4309.31,43186,1739,41
2025-11-29,Instagram,Dental Implant,Clinic B,7116.61,112819,5465,24
2025-11-29,Meta Ads,Invisalign,Clinic B,9429.75,156137,4299,26
2025-11-29,Meta Ads,Root Canal,Clinic B,4128.17,35304,1047,21
2025-11-29,Google Ads,Dental Crown,Clinic B,4791.56,64556,3096,24
2025-11-29,Google Ads,Teeth Whitening,Clinic B,3619.1,52700,2789,29
2025-11-29,Instagram,General Dentistry,Clinic B,4342.83,36939,1505,43
2025-11-29,Meta Ads,Dental Implant,Clinic C,7192.84,102179,4063,27
2025-11-29,Meta Ads,Invisalign,Clinic C,6305.26,73039,3441,21
2025-11-29,Google Ads,Root Canal,Clinic C,6620.19,94562,5122,35
2025-11-29,Google Ads,Dental Crown,Clinic C,5078.4,49467,2935,29
2025-11-29,Meta Ads,Teeth Whitening,Clinic C,3670.26,56303,3567,42
2025-11-29,Google Ads,General Dentistry,Clinic C,5392.49,90534,5243,54
2025-11-29,Meta Ads,Dental Implant,Clinic D,8004.38,96246,4975,24
2025-11-29,Google Ads,Invisalign,Clinic D,8790.1,99414,4357,27
2025-11-29,Meta Ads,Root Canal,Clinic D,7010.59,120738,6013,40
2025-11-29,Google Ads,Dental Crown,Clinic D,6271.1,84812,3159,41
2025-11-29,Meta Ads,Teeth Whitening,Clinic D,4541.95,72759,3780,41
2025-11-29,Google Ads,General Dentistry,Clinic D,5692.86,59029,3021,59
2025-11-30,Google Ads,Dental Implant,Clinic A,8205.45,71003,2279,29
2025-11-30,Google Ads,Invisalign,Clinic A,12007.69,134311,3448,35
2025-11-30,Google Ads,Root Canal,Clinic A,6463.24,81008,3835,37
2025-11-30,Google Ads,Dental Crown,Clinic A,4507.89,65060,1833,29
2025-11-30,Meta Ads,Teeth Whitening,Clinic A,2795.02,42337,1167,22
2025-11-30,Meta Ads,General Dentistry,Clinic A,5651.07,81318,4933,53
2025-11-30,Meta Ads,Dental Implant,Clinic B,6952.5,86913,2753,21
2025-11-30,Google Ads,Invisalign,Clinic B,8084.02,110444,5656,20
2025-11-30,Instagram,Root Canal,Clinic B,6206.01,89130,3875,35
2025-11-30,Meta Ads,Dental Crown,Clinic B,4208.2,40986,1211,25
2025-11-30,Google Ads,Teeth Whitening,Clinic B,3034.18,43114,2364,22
2025-11-30,Google Ads,General Dentistry,Clinic B,4950.0,77129,4459,43
2025-11-30,Google Ads,Dental Implant,Clinic C,12083.73,130279,3687,37
2025-11-30,Google Ads,Invisalign,Clinic C,9276.8,159387,8962,24
2025-11-30,Meta Ads,Root Canal,Clinic C,6751.12,73942,4619,39
2025-11-30,Meta Ads,Dental Crown,Clinic C,4655.2,67952,3974,22
2025-11-30,Instagram,Teeth Whitening,Clinic C,3860.32,35452,1852,32
2025-11-30,Google Ads,General Dentistry,Clinic C,5311.13,89984,4182,63
2025-11-30,Meta Ads,Dental Implant,Clinic D,7381.86,61903,2164,18
2025-11-30,Google Ads,Invisalign,Clinic D,7385.28,114802,7449,16
2025-11-30,Google Ads,Root Canal,Clinic D,5346.22,88189,3380,33
2025-11-30,Google Ads,Dental Crown,Clinic D,5080.93,58571,1938,28
2025-11-30,Meta Ads,Teeth Whitening,Clinic D,2723.03,32608,1035,15
2025-11-30,Instagram,General Dentistry,Clinic D,3775.88,52558,2423,42
2025-12-01,Google Ads,Dental Implant,Clinic A,8907.56,125914,4458,31
2025-12-01,Google Ads,Invisalign,Clinic A,9079.33,160935,9232,26
2025-12-01,Meta Ads,Root Canal,Clinic A,3582.22,55376,1720,19
2025-12-01,Meta Ads,Dental Crown,Clinic A,4592.61,73847,1910,24
2025-12-01,Instagram,Teeth Whitening,Clinic A,2568.4,24420,760,24
2025-12-01,Google Ads,General Dentistry,Clinic A,4811.92,40025,1361,53
2025-12-01,Google Ads,Dental Implant,Clinic B,8815.62,131438,7370,32
2025-12-01,Meta Ads,Invisalign,Clinic B,6187.32,97034,5848,16
2025-12-01,Meta Ads,Root Canal,Clinic B,6884.65,61963,1913,36
2025-12-01,Google Ads,Dental Crown,Clinic B,4861.55,67856,2519,22
2025-12-01,Google Ads,Teeth Whitening,Clinic B,4685.65,78289,2280,50
2025-12-01,Google Ads,General Dentistry,Clinic B,4224.36,46526,2661,41
2025-12-01,Google Ads,Dental Implant,Clinic C,9414.34,84320,2855,33
2025-12-01,Google Ads,Invisalign,Clinic C,8497.68,81100,2976,21
2025-12-01,Meta Ads,Root Canal,Clinic C,7419.06,84137,3338,40
2025-12-01,Google Ads,Dental Crown,Clinic C,5688.64,53395,2127,29
2025-12-01,Meta Ads,Teeth Whitening,Clinic C,3158.57,25485,1572,26
2025-12-01,Meta Ads,General Dentistry,Clinic C,4946.75,87719,3264,47
2025-12-01,Meta Ads,Dental Implant,Clinic D,9642.16,108718,5396,26
2025-12-01,Meta Ads,Invisalign,Clinic D,8747.42,79568,2865,26
2025-12-01,Google Ads,Root Canal,Clinic D,4281.8,48594,3134,15
2025-12-01,Meta Ads,Dental Crown,Clinic D,4824.47,80134,2537,23
2025-12-01,Google Ads,Teeth Whitening,Clinic D,3407.41,55112,1621,31
2025-12-01,Google Ads,General Dentistry,Clinic D,4509.69,76705,4735,47
2025-12-02,Google Ads,Dental Implant,Clinic A,10306.98,137231,7361,33
2025-12-02,Google Ads,Invisalign,Clinic A,9318.76,137891,8704,28
2025-12-02,Meta Ads,Root Canal,Clinic A,5192.02,74216,2140,23
2025-12-02,Google Ads,Dental Crown,Clinic A,6810.83,70349,4368,32
2025-12-02,Instagram,Teeth Whitening,Clinic A,4555.87,50440,1778,45
2025-12-02,Google Ads,General Dentistry,Clinic A,5069.73,56203,2053,50
2025-12-02,Google Ads,Dental Implant,Clinic B,10261.19,123475,5398,30
2025-12-02,Meta Ads,Invisalign,Clinic B,6431.25,52940,3213,25
2025-12-02,Google Ads,Root Canal,Clinic B,7060.68,115383,7011,39
2025-12-02,Google Ads,Dental Crown,Clinic B,4400.82,49167,1506,24
2025-12-02,Meta Ads,Teeth Whitening,Clinic B,4235.17,43348,1508,46
2025-12-02,Google Ads,General Dentistry,Clinic B,4314.37,64907,3709,38
2025-12-02,Google Ads,Dental Implant,Clinic C,9207.27,115803,4488,28
2025-12-02,Meta Ads,Invisalign,Clinic C,11768.08,133713,4932,32
2025-12-02,Instagram,Root Canal,Clinic C,5276.31,94920,2577,32
2025-12-02,Google Ads,Dental Crown,Clinic C,6598.78,77222,3411,35
2025-12-02,Meta Ads,Teeth Whitening,Clinic C,4311.93,49495,1644,36
2025-12-02,Google Ads,General Dentistry,Clinic C,4686.65,79616,4952,48
2025-12-02,Google Ads,Dental Implant,Clinic D,8295.07,83696,2274,22
2025-12-02,Instagram,Invisalign,Clinic D,7865.31,101556,6510,22
2025-12-02,Meta Ads,Root Canal,Clinic D,3766.16,34911,1032,24
2025-12-02,Meta Ads,Dental Crown,Clinic D,4271.66,39989,1627,20
2025-12-02,Meta Ads,Teeth Whitening,Clinic D,3174.52,40293,1682,29
2025-12-02,Google Ads,General Dentistry,Clinic D,4916.81,73775,2374,49
2025-12-03,Meta Ads,Dental Implant,Clinic A,9254.19,163020,10410,26
2025-12-03,Instagram,Invisalign,Clinic A,10046.51,97429,6060,25
2025-12-03,Google Ads,Root Canal,Clinic A,4194.49,50944,2036,26
2025-12-03,Google Ads,Dental Crown,Clinic A,5074.6,57713,1706,28
2025-12-03,Google Ads,Teeth Whitening,Clinic A,4285.5,49385,1738,40
2025-12-03,Google Ads,General Dentistry,Clinic A,3566.99,30919,1909,32
2025-12-03,Instagram,Dental Implant,Clinic B,9686.8,149974,7984,34
2025-12-03,Meta Ads,Invisalign,Clinic B,8517.32,140424,5181,27
2025-12-03,Google Ads,Root Canal,Clinic B,5299.95,52534,3401,29
2025-12-03,Meta Ads,Dental Crown,Clinic B,4977.01,61811,3002,29
2025-12-03,Meta Ads,Teeth Whitening,Clinic B,3028.22,48959,1917,25
2025-12-03,Google Ads,General Dentistry,Clinic B,4851.02,73795,3768,51
2025-12-03,Google Ads,Dental Implant,Clinic C,8529.19,91077,4242,31
2025-12-03,Google Ads,Invisalign,Clinic C,9813.2,117510,7354,25
2025-12-03,Meta Ads,Root Canal,Clinic C,7145.67,70970,3334,35
2025-12-03,Google Ads,Dental Crown,Clinic C,3667.71,64603,3336,20
2025-12-03,Google Ads,Teeth Whitening,Clinic C,3117.69,49170,2172,26
2025-12-03,Instagram,General Dentistry,Clinic C,4499.49,57912,3724,44
2025-12-03,Meta Ads,Dental Implant,Clinic D,12819.62,192181,11867,47
2025-12-03,Google Ads,Invisalign,Clinic D,5144.19,43830,2144,11
2025-12-03,Meta Ads,Root Canal,Clinic D,6541.65,116543,3147,31
2025-12-03,Google Ads,Dental Crown,Clinic D,3864.65,52219,3085,20
2025-12-03,Google Ads,Teeth Whitening,Clinic D,3647.27,52911,2964,34
2025-12-03,Google Ads,General Dentistry,Clinic D,2557.55,21482,747,24
2025-12-04,Meta Ads,Dental Implant,Clinic A,9262.65,151391,4902,33
2025-12-04,Meta Ads,Invisalign,Clinic A,7866.57,117784,6059,19
2025-12-04,Google Ads,Root Canal,Clinic A,6148.03,86712,2478,29
2025-12-04,Meta Ads,Dental Crown,Clinic A,6041.39,87545,5599,33
2025-12-04,Meta Ads,Teeth Whitening,Clinic A,3450.77,33447,956,38
2025-12-04,Google Ads,General Dentistry,Clinic A,5471.13,51522,3192,55
2025-12-04,Google Ads,Dental Implant,Clinic B,8177.36,144702,3968,27
2025-12-04,Google Ads,Invisalign,Clinic B,10050.64,123403,7374,34
2025-12-04,Google Ads,Root Canal,Clinic B,7753.84,137141,8287,35
2025-12-04,Meta Ads,Dental Crown,Clinic B,5209.78,48548,1500,27
2025-12-04,Meta Ads,Teeth Whitening,Clinic B,3832.09,67377,2925,35
2025-12-04,Meta Ads,General Dentistry,Clinic B,3859.66,54771,1611,39
2025-12-04,Meta Ads,Dental Implant,Clinic C,8715.75,130194,6898,31
2025-12-04,Google Ads,Invisalign,Clinic C,8897.84,123848,6632,22
2025-12-04,Google Ads,Root Canal,Clinic C,5898.04,105471,4463,35
2025-12-04,Google Ads,Dental Crown,Clinic C,5121.43,74890,4289,32
2025-12-04,Meta Ads,Teeth Whitening,Clinic C,4450.61,54116,1523,40
2025-12-04,Meta Ads,General Dentistry,Clinic C,4576.35,59983,2231,44
2025-12-04,Google Ads,Dental Implant,Clinic D,8047.11,98533,4009,14
2025-12-04,Google Ads,Invisalign,Clinic D,6447.44,72060,4403,25
2025-12-04,Google Ads,Root Canal,Clinic D,6967.6,63800,2287,34
2025-12-04,Google Ads,Dental Crown,Clinic D,5897.49,58834,3093,29
2025-12-04,Google Ads,Teeth Whitening,Clinic D,3930.66,63335,1768,29
2025-12-04,Meta Ads,General Dentistry,Clinic D,4458.83,68142,3873,45
2025-12-05,Meta Ads,Dental Implant,Clinic A,6172.91,93987,2919,25
2025-12-05,Google Ads,Invisalign,Clinic A,7434.93,73349,4105,18
2025-12-05,Meta Ads,Root Canal,Clinic A,5075.3,81361,4898,24
2025-12-05,Meta Ads,Dental Crown,Clinic A,4080.71,44494,1123,30
2025-12-05,Meta Ads,Teeth Whitening,Clinic A,4157.95,46646,1796,37
2025-12-05,Google Ads,General Dentistry,Clinic A,2698.82,39263,2158,15
2025-12-05,Google Ads,Dental Implant,Clinic B,8871.83,121879,5942,32
2025-12-05,Meta Ads,Invisalign,Clinic B,6518.11,98169,5959,24
2025-12-05,Meta Ads,Root Canal,Clinic B,4972.44,68707,2967,34
2025-12-05,Google Ads,Dental Crown,Clinic B,4128.36,57769,3365,18
2025-12-05,Google Ads,Teeth Whitening,Clinic B,5120.14,90164,5203,54
2025-12-05,Google Ads,General Dentistry,Clinic B,5800.73,85271,5229,62
2025-12-05,Meta Ads,Dental Implant,Clinic C,10000.3,103537,3070,28
2025-12-05,Meta Ads,Invisalign,Clinic C,9203.06,149134,4599,20
2025-12-05,Google Ads,Root Canal,Clinic C,8692.17,72759,3325,47
2025-12-05,Google Ads,Dental Crown,Clinic C,7708.32,116846,3502,44
2025-12-05,Instagram,Teeth Whitening,Clinic C,4214.19,72564,4385,42
2025-12-05,Google Ads,General Dentistry,Clinic C,4539.07,58664,1501,53
2025-12-05,Meta Ads,Dental Implant,Clinic D,8572.7,69495,2851,26
2025-12-05,Instagram,Invisalign,Clinic D,9446.75,149113,7648,30
2025-12-05,Google Ads,Root Canal,Clinic D,5137.82,71588,3732,29
2025-12-05,Google Ads,Dental Crown,Clinic D,3593.4,57761,3595,19
2025-12-05,Meta Ads,Teeth Whitening,Clinic D,2994.2,35608,1096,27
2025-12-05,Meta Ads,General Dentistry,Clinic D,5786.07,104001,2769,53
2025-12-06,Google Ads,Dental Implant,Clinic A,9351.6,153559,6072,28
2025-12-06,Google Ads,Invisalign,Clinic A,8777.65,81322,2645,18
2025-12-06,Google Ads,Root Canal,Clinic A,6658.08,65258,2892,34
2025-12-06,Meta Ads,Dental Crown,Clinic A,4803.17,48714,3000,21
2025-12-06,Google Ads,Teeth Whitening,Clinic A,4109.09,65173,2237,38
2025-12-06,Meta Ads,General Dentistry,Clinic A,4399.11,52123,1459,43
2025-12-06,Google Ads,Dental Implant,Clinic B,8814.4,153572,4800,34
2025-12-06,Meta Ads,Invisalign,Clinic B,9079.96,141712,4493,28
2025-12-06,Google Ads,Root Canal,Clinic B,6697.75,78604,2009,39
2025-12-06,Meta Ads,Dental Crown,Clinic B,4875.06,87508,2924,27
2025-12-06,Meta Ads,Teeth Whitening,Clinic B,4482.94,57802,2222,40
2025-12-06,Instagram,General Dentistry,Clinic B,4043.33,50254,2264,40
2025-12-06,Google Ads,Dental Implant,Clinic C,8704.02,79521,3055,36
2025-12-06,Meta Ads,Invisalign,Clinic C,7840.08,133575,7382,26
2025-12-06,Meta Ads,Root Canal,Clinic C,8169.29,101575,4255,46
2025-12-06,Google Ads,Dental Crown,Clinic C,6638.12,70738,2423,39
2025-12-06,Google Ads,Teeth Whitening,Clinic C,3250.93,44713,2084,34
2025-12-06,Meta Ads,General Dentistry,Clinic C,3312.99,39082,1545,35
2025-12-06,Instagram,Dental Implant,Clinic D,11702.8,129461,3749,37
2025-12-06,Meta Ads,Invisalign,Clinic D,10832.17,115473,6022,32
2025-12-06,Instagram,Root Canal,Clinic D,7024.85,96844,3248,35
2025-12-06,Meta Ads,Dental Crown,Clinic D,5365.49,62108,3292,28
2025-12-06,Meta Ads,Teeth Whitening,Clinic D,4289.39,50175,2966,38
2025-12-06,Meta Ads,General Dentistry,Clinic D,4450.65,72012,2561,42
2025-12-07,Meta Ads,Dental Implant,Clinic A,5962.6,100733,4452,17
2025-12-07,Meta Ads,Invisalign,Clinic A,5278.0,90790,2761,13
2025-12-07,Meta Ads,Root Canal,Clinic A,6235.12,55834,3109,32
2025-12-07,Google Ads,Dental Crown,Clinic A,4733.94,78981,4393,37
2025-12-07,Meta Ads,Teeth Whitening,Clinic A,3616.29,58316,3449,36
2025-12-07,Meta Ads,General Dentistry,Clinic A,5471.79,72443,2803,52
2025-12-07,Google Ads,Dental Implant,Clinic B,7214.12,76750,3735,28
2025-12-07,Google Ads,Invisalign,Clinic B,9676.09,142507,8861,23
2025-12-07,Meta Ads,Root Canal,Clinic B,5951.86,81381,3330,23
2025-12-07,Instagram,Dental Crown,Clinic B,5081.71,71938,4481,27
2025-12-07,Instagram,Teeth Whitening,Clinic B,3421.42,33775,1944,22
2025-12-07,Meta Ads,General Dentistry,Clinic B,4180.59,35904,1005,42
2025-12-07,Meta Ads,Dental Implant,Clinic C,11175.1,147288,4812,34
2025-12-07,Google Ads,Invisalign,Clinic C,8304.67,116660,5775,26
2025-12-07,Google Ads,Root Canal,Clinic C,6427.13,78720,2662,37
2025-12-07,Google Ads,Dental Crown,Clinic C,5003.59,87572,2344,35
2025-12-07,Google Ads,Teeth Whitening,Clinic C,3503.54,40345,1329,31
2025-12-07,Google Ads,General Dentistry,Clinic C,4361.71,76110,2972,46
2025-12-07,Instagram,Dental Implant,Clinic D,8074.4,98944,6206,31
2025-12-07,Meta Ads,Invisalign,Clinic D,8713.45,74972,4452,29
2025-12-07,Meta Ads,Root Canal,Clinic D,8558.8,88273,5475,47
2025-12-07,Google Ads,Dental Crown,Clinic D,4738.39,64020,2127,34
2025-12-07,Google Ads,Teeth Whitening,Clinic D,3301.74,46481,1816,26
2025-12-07,Google Ads,General Dentistry,Clinic D,4127.97,35329,1380,42
2025-12-08,Google Ads,Dental Implant,Clinic A,8537.31,118404,4266,30
2025-12-08,Google Ads,Invisalign,Clinic A,9892.76,132939,5113,31
2025-12-08,Instagram,Root Canal,Clinic A,6565.74,96438,4044,32
2025-12-08,Google Ads,Dental Crown,Clinic A,5453.58,88260,4130,27
2025-12-08,Google Ads,Teeth Whitening,Clinic A,3192.17,47055,1642,33
2025-12-08,Meta Ads,General Dentistry,Clinic A,3553.29,54336,3243,32
2025-12-08,Meta Ads,Dental Implant,Clinic B,10402.91,137311,5374,34
2025-12-08,Meta Ads,Invisalign,Clinic B,7055.87,112719,5032,13
2025-12-08,Google Ads,Root Canal,Clinic B,7357.24,121076,6303,36
2025-12-08,Meta Ads,Dental Crown,Clinic B,5465.63,97302,4225,33
2025-12-08,Google Ads,Teeth Whitening,Clinic B,3367.73,42969,1800,30
2025-12-08,Instagram,General Dentistry,Clinic B,4809.96,68316,2500,40
2025-12-08,Google Ads,Dental Implant,Clinic C,7897.2,72319,3520,24
2025-12-08,Google Ads,Invisalign,Clinic C,7316.87,68666,2104,19
2025-12-08,Meta Ads,Root Canal,Clinic C,5603.64,52051,2759,26
2025-12-08,Google Ads,Dental Crown,Clinic C,6584.29,110547,2774,39
2025-12-08,Meta Ads,Teeth Whitening,Clinic C,2813.77,24096,1135,30
2025-12-08,Google Ads,General Dentistry,Clinic C,4498.4,68217,3127,42
2025-12-08,Instagram,Dental Implant,Clinic D,11335.48,162161,10367,44
2025-12-08,Google Ads,Invisalign,Clinic D,9283.51,132930,5681,33
2025-12-08,Meta Ads,Root Canal,Clinic D,7562.81,129607,4312,41
2025-12-08,Meta Ads,Dental Crown,Clinic D,3360.61,33313,1153,20
2025-12-08,Google Ads,Teeth Whitening,Clinic D,2244.89,26416,1623,19
2025-12-08,Google Ads,General Dentistry,Clinic D,3518.07,61475,2443,31
2025-12-09,Google Ads,Dental Implant,Clinic A,6531.8,106211,4558,28
2025-12-09,Google Ads,Invisalign,Clinic A,9060.41,120901,4522,26
2025-12-09,Google Ads,Root Canal,Clinic A,7088.86,58772,3084,32
2025-12-09,Instagram,Dental Crown,Clinic A,5886.53,52097,2833,34
2025-12-09,Meta Ads,Teeth Whitening,Clinic A,4307.51,53123,2857,35
2025-12-09,Meta Ads,General Dentistry,Clinic A,3918.03,53880,2694,43
2025-12-09,Instagram,Dental Implant,Clinic B,9053.79,129844,6419,28
2025-12-09,Meta Ads,Invisalign,Clinic B,5998.26,63559,2547,21
2025-12-09,Meta Ads,Root Canal,Clinic B,7226.45,83861,4341,35
2025-12-09,Google Ads,Dental Crown,Clinic B,4885.14,80284,4255,26
2025-12-09,Instagram,Teeth Whitening,Clinic B,4433.5,58857,1609,45
2025-12-09,Google Ads,General Dentistry,Clinic B,2915.95,29854,1448,14
2025-12-09,Instagram,Dental Implant,Clinic C,9547.33,101436,3505,37
2025-12-09,Meta Ads,Invisalign,Clinic C,9931.8,167402,6651,22
2025-12-09,Meta Ads,Root Canal,Clinic C,6005.59,52708,3056,33
2025-12-09,Instagram,Dental Crown,Clinic C,4703.69,72254,2365,15
2025-12-09,Google Ads,Teeth Whitening,Clinic C,3758.22,55663,2679,37
2025-12-09,Meta Ads,General Dentistry,Clinic C,4554.32,42796,1527,46
2025-12-09,Google Ads,Dental Implant,Clinic D,9670.5,127727,5636,30
2025-12-09,Instagram,Invisalign,Clinic D,7912.6,80249,3377,20
2025-12-09,Google Ads,Root Canal,Clinic D,5985.38,55363,3483,28
2025-12-09,Google Ads,Dental Crown,Clinic D,6354.32,104511,6629,34
2025-12-09,Meta Ads,Teeth Whitening,Clinic D,4151.39,57863,2812,32
2025-12-09,Google Ads,General Dentistry,Clinic D,4620.46,64888,2745,50
2025-12-10,Google Ads,Dental Implant,Clinic A,9979.69,81133,5055,28
2025-12-10,Google Ads,Invisalign,Clinic A,7700.14,70615,2064,26
2025-12-10,Google Ads,Root Canal,Clinic A,5851.38,48206,2080,23
2025-12-10,Google Ads,Dental Crown,Clinic A,7021.18,91816,4196,42
2025-12-10,Google Ads,Teeth Whitening,Clinic A,3701.32,65728,2561,33
2025-12-10,Meta Ads,General Dentistry,Clinic A,3610.31,55612,2155,35
2025-12-10,Meta Ads,Dental Implant,Clinic B,7161.62,118383,3205,22
2025-12-10,Google Ads,Invisalign,Clinic B,9074.35,87214,2515,27
2025-12-10,Google Ads,Root Canal,Clinic B,7502.26,77848,3889,35
2025-12-10,Meta Ads,Dental Crown,Clinic B,5381.97,92622,4879,34
2025-12-10,Google Ads,Teeth Whitening,Clinic B,3870.47,51051,1603,32
2025-12-10,Google Ads,General Dentistry,Clinic B,5780.37,53642,2154,60
2025-12-10,Meta Ads,Dental Implant,Clinic C,5226.73,46819,2449,18
2025-12-10,Meta Ads,Invisalign,Clinic C,9062.2,141011,5583,25
2025-12-10,Google Ads,Root Canal,Clinic C,6179.79,78621,3812,38
2025-12-10,Meta Ads,Dental Crown,Clinic C,3635.19,35548,928,23
2025-12-10,Google Ads,Teeth Whitening,Clinic C,2746.85,32944,959,22
2025-12-10,Meta Ads,General Dentistry,Clinic C,3922.56,64935,3101,34
2025-12-10,Google Ads,Dental Implant,Clinic D,9438.21,90857,2986,28
2025-12-10,Meta Ads,Invisalign,Clinic D,8126.67,103071,6116,26
2025-12-10,Google Ads,Root Canal,Clinic D,6572.84,61252,1679,32
2025-12-10,Google Ads,Dental Crown,Clinic D,5279.57,72984,2759,26
2025-12-10,Google Ads,Teeth Whitening,Clinic D,4474.45,68746,1809,48
2025-12-10,Meta Ads,General Dentistry,Clinic D,3199.31,39530,2252,34
2025-12-11,Meta Ads,Dental Implant,Clinic A,7832.09,105448,6149,32
2025-12-11,Meta Ads,Invisalign,Clinic A,5164.06,51158,3270,21
2025-12-11,Google Ads,Root Canal,Clinic A,6941.34,106944,3342,33
2025-12-11,Meta Ads,Dental Crown,Clinic A,5170.99,41599,1107,29
2025-12-11,Google Ads,Teeth Whitening,Clinic A,3050.08,30280,1899,26
2025-12-11,Google Ads,General Dentistry,Clinic A,4045.64,56244,2451,38
2025-12-11,Google Ads,Dental Implant,Clinic B,7060.52,109184,5999,21
2025-12-11,Google Ads,Invisalign,Clinic B,5990.24,105757,4657,16
2025-12-11,Meta Ads,Root Canal,Clinic B,5365.67,52732,2062,30
2025-12-11,Instagram,Dental Crown,Clinic B,4305.56,59243,2029,21
2025-12-11,Meta Ads,Teeth Whitening,Clinic B,2686.37,33696,1472,29
2025-12-11,Google Ads,General Dentistry,Clinic B,5137.81,63164,1647,54
2025-12-11,Google Ads,Dental Implant,Clinic C,10727.35,188624,11073,39
2025-12-11,Google Ads,Invisalign,Clinic C,6198.43,63984,3743,18
2025-12-11,Instagram,Root Canal,Clinic C,6493.51,91999,4761,36
2025-12-11,Google Ads,Dental Crown,Clinic C,6282.06,51438,2223,44
2025-12-11,Instagram,Teeth Whitening,Clinic C,4712.44,70875,1858,40
2025-12-11,Google Ads,General Dentistry,Clinic C,4513.73,80292,4881,48
2025-12-11,Google Ads,Dental Implant,Clinic D,7674.6,100462,6116,20
2025-12-11,Meta Ads,Invisalign,Clinic D,8562.4,88102,3688,30
2025-12-11,Google Ads,Root Canal,Clinic D,6524.04,57131,2741,35
2025-12-11,Meta Ads,Dental Crown,Clinic D,3193.47,33465,1111,16
2025-12-11,Google Ads,Teeth Whitening,Clinic D,4414.8,60909,1559,36
2025-12-11,Meta Ads,General Dentistry,Clinic D,5794.26,90605,3992,54
2025-12-12,Meta Ads,Dental Implant,Clinic A,11057.84,163998,5173,38
2025-12-12,Google Ads,Invisalign,Clinic A,5260.24,58427,2542,10
2025-12-12,Meta Ads,Root Canal,Clinic A,6189.45,52916,1985,34
2025-12-12,Meta Ads,Dental Crown,Clinic A,3909.68,46423,2497,19
2025-12-12,Google Ads,Teeth Whitening,Clinic A,3016.34,53688,2296,29
2025-12-12,Google Ads,General Dentistry,Clinic A,3618.85,40988,1962,37
2025-12-12,Google Ads,Dental Implant,Clinic B,8970.14,132176,4952,23
2025-12-12,Meta Ads,Invisalign,Clinic B,7402.09,90482,2390,14
2025-12-12,Instagram,Root Canal,Clinic B,7100.26,79768,4627,43
2025-12-12,Meta Ads,Dental Crown,Clinic B,5175.27,55054,2975,24
2025-12-12,Google Ads,Teeth Whitening,Clinic B,3686.81,63071,3647,32
2025-12-12,Google Ads,General Dentistry,Clinic B,4307.67,38964,1227,43
2025-12-12,Meta Ads,Dental Implant,Clinic C,10740.0,166038,9248,34
2025-12-12,Instagram,Invisalign,Clinic C,9556.36,100951,6230,28
2025-12-12,Instagram,Root Canal,Clinic C,4624.96,50796,2246,20
2025-12-12,Meta Ads,Dental Crown,Clinic C,7962.69,68523,4171,47
2025-12-12,Google Ads,Teeth Whitening,Clinic C,2896.0,36779,929,30
2025-12-12,Meta Ads,General Dentistry,Clinic C,4576.46,44108,1493,42
2025-12-12,Google Ads,Dental Implant,Clinic D,6021.19,107262,3167,19
2025-12-12,Google Ads,Invisalign,Clinic D,5537.95,90432,2900,13
2025-12-12,Meta Ads,Root Canal,Clinic D,6060.01,93320,2664,29
2025-12-12,Instagram,Dental Crown,Clinic D,3961.45,40978,2452,17
2025-12-12,Meta Ads,Teeth Whitening,Clinic D,3554.64,39633,1245,35
2025-12-12,Google Ads,General Dentistry,Clinic D,4285.63,40685,1549,44
2025-12-13,Google Ads,Dental Implant,Clinic A,7882.38,79099,2433,31
2025-12-13,Meta Ads,Invisalign,Clinic A,7835.81,65568,2356,24
2025-12-13,Google Ads,Root Canal,Clinic A,7628.98,134588,4630,41
2025-12-13,Meta Ads,Dental Crown,Clinic A,5124.52,58716,1753,24
2025-12-13,Google Ads,Teeth Whitening,Clinic A,4081.64,73085,1920,33
2025-12-13,Meta Ads,General Dentistry,Clinic A,3668.22,37865,1591,36
2025-12-13,Meta Ads,Dental Implant,Clinic B,10118.48,108631,6298,28
2025-12-13,Google Ads,Invisalign,Clinic B,7230.2,97502,5522,24
2025-12-13,Google Ads,Root Canal,Clinic B,5344.59,68247,3236,28
2025-12-13,Google Ads,Dental Crown,Clinic B,4606.39,41598,1993,26
2025-12-13,Meta Ads,Teeth Whitening,Clinic B,3185.02,39408,2123,29
2025-12-13,Google Ads,General Dentistry,Clinic B,3809.46,67275,2984,44
2025-12-13,Meta Ads,Dental Implant,Clinic C,11062.44,124602,4533,33
2025-12-13,Google Ads,Invisalign,Clinic C,7517.39,87253,2374,30
2025-12-13,Meta Ads,Root Canal,Clinic C,5177.11,75554,4548,31
2025-12-13,Google Ads,Dental Crown,Clinic C,5678.81,70287,2189,33
2025-12-13,Google Ads,Teeth Whitening,Clinic C,3601.68,35146,895,39
2025-12-13,Google Ads,General Dentistry,Clinic C,4840.96,45493,1476,48
2025-12-13,Instagram,Dental Implant,Clinic D,8196.2,95219,5853,29
2025-12-13,Meta Ads,Invisalign,Clinic D,8511.49,111997,3087,25
2025-12-13,Meta Ads,Root Canal,Clinic D,6245.11,55760,2289,28
2025-12-13,Google Ads,Dental Crown,Clinic D,4178.46,42409,2687,16
2025-12-13,Google Ads,Teeth Whitening,Clinic D,2552.03,40723,2134,26
2025-12-13,Meta Ads,General Dentistry,Clinic D,4137.84,41475,2206,37
2025-12-14,Meta Ads,Dental Implant,Clinic A,9200.0,87267,5439,33
2025-12-14,Meta Ads,Invisalign,Clinic A,9905.65,89006,3543,19
2025-12-14,Meta Ads,Root Canal,Clinic A,6483.86,70252,3932,35
2025-12-14,Meta Ads,Dental Crown,Clinic A,4740.22,80274,4178,35
2025-12-14,Google Ads,Teeth Whitening,Clinic A,3280.57,27734,1767,29
2025-12-14,Meta Ads,General Dentistry,Clinic A,4698.82,45707,1852,45
2025-12-14,Meta Ads,Dental Implant,Clinic B,9588.98,172228,9653,30
2025-12-14,Meta Ads,Invisalign,Clinic B,4968.36,46775,1510,15
2025-12-14,Google Ads,Root Canal,Clinic B,6617.33,110258,3834,36
2025-12-14,Google Ads,Dental Crown,Clinic B,4771.52,51321,2441,27
2025-12-14,Meta Ads,Teeth Whitening,Clinic B,4174.55,57792,2950,37
2025-12-14,Google Ads,General Dentistry,Clinic B,4292.17,37557,2386,42
2025-12-14,Meta Ads,Dental Implant,Clinic C,8407.63,120590,7155,25
2025-12-14,Google Ads,Invisalign,Clinic C,6921.59,87361,4707,19
2025-12-14,Meta Ads,Root Canal,Clinic C,5393.45,96439,2860,24
2025-12-14,Meta Ads,Dental Crown,Clinic C,5775.46,84672,3523,35
2025-12-14,Google Ads,Teeth Whitening,Clinic C,4694.79,68189,4234,48
2025-12-14,Google Ads,General Dentistry,Clinic C,4047.28,35418,1542,39
2025-12-14,Meta Ads,Dental Implant,Clinic D,10694.45,128484,3442,27
2025-12-14,Google Ads,Invisalign,Clinic D,9141.7,152213,4912,20
2025-12-14,Google Ads,Root Canal,Clinic D,4913.6,57061,1814,21
2025-12-14,Meta Ads,Dental Crown,Clinic D,3914.32,40077,1325,22
2025-12-14,Meta Ads,Teeth Whitening,Clinic D,2865.42,44855,2752,30
2025-12-14,Meta Ads,General Dentistry,Clinic D,4687.22,46663,1646,49
2025-12-15,Meta Ads,Dental Implant,Clinic A,9495.15,78759,2121,34
2025-12-15,Google Ads,Invisalign,Clinic A,8878.77,136531,4234,27
2025-12-15,Instagram,Root Canal,Clinic A,6982.36,103343,4170,40
2025-12-15,Meta Ads,Dental Crown,Clinic A,6162.75,69998,4411,30
2025-12-15,Instagram,Teeth Whitening,Clinic A,3954.47,35639,1256,33
2025-12-15,Google Ads,General Dentistry,Clinic A,5074.82,55661,2338,51
2025-12-15,Google Ads,Dental Implant,Clinic B,10954.61,161390,6603,28
2025-12-15,Meta Ads,Invisalign,Clinic B,5727.92,67107,4264,18
2025-12-15,Meta Ads,Root Canal,Clinic B,4568.21,60897,1721,24
2025-12-15,Google Ads,Dental Crown,Clinic B,4821.76,79167,2105,31
2025-12-15,Google Ads,Teeth Whitening,Clinic B,4069.94,58848,3639,40
2025-12-15,Meta Ads,General Dentistry,Clinic B,3736.65,52845,2956,41
2025-12-15,Meta Ads,Dental Implant,Clinic C,8360.49,90516,3260,32
2025-12-15,Meta Ads,Invisalign,Clinic C,7462.9,87457,5406,23
2025-12-15,Google Ads,Root Canal,Clinic C,7876.46,74597,3909,35
2025-12-15,Google Ads,Dental Crown,Clinic C,5249.63,74502,1909,33
2025-12-15,Instagram,Teeth Whitening,Clinic C,3391.84,43575,1595,35
2025-12-15,Google Ads,General Dentistry,Clinic C,3834.68,33666,1941,38
2025-12-15,Google Ads,Dental Implant,Clinic D,9295.76,102989,3671,33
2025-12-15,Instagram,Invisalign,Clinic D,8491.13,149010,4958,15
2025-12-15,Google Ads,Root Canal,Clinic D,5698.75,85765,2735,27
2025-12-15,Google Ads,Dental Crown,Clinic D,3094.1,25709,1229,20
2025-12-15,Google Ads,Teeth Whitening,Clinic D,3744.04,30791,1620,34
2025-12-15,Meta Ads,General Dentistry,Clinic D,5763.64,67675,2024,60
2025-12-16,Google Ads,Dental Implant,Clinic A,11046.71,153637,4747,35
2025-12-16,Google Ads,Invisalign,Clinic A,8816.02,146240,7354,26
2025-12-16,Google Ads,Root Canal,Clinic A,6661.68,111336,6315,38
2025-12-16,Meta Ads,Dental Crown,Clinic A,4746.94,59377,3464,26
2025-12-16,Google Ads,Teeth Whitening,Clinic A,4014.0,57587,3497,39
2025-12-16,Google Ads,General Dentistry,Clinic A,4985.06,87171,4376,45
2025-12-16,Meta Ads,Dental Implant,Clinic B,9159.35,151639,6117,27
2025-12-16,Instagram,Invisalign,Clinic B,6531.39,73390,3131,11
2025-12-16,Google Ads,Root Canal,Clinic B,4359.87,51669,2540,22
2025-12-16,Google Ads,Dental Crown,Clinic B,4677.17,65821,2642,26
2025-12-16,Google Ads,Teeth Whitening,Clinic B,3857.89,66751,2326,39
2025-12-16,Google Ads,General Dentistry,Clinic B,4001.46,58706,3010,37
2025-12-16,Meta Ads,Dental Implant,Clinic C,9347.16,122371,5842,26
2025-12-16,Google Ads,Invisalign,Clinic C,7762.53,86580,3098,19
2025-12-16,Meta Ads,Root Canal,Clinic C,4845.49,64626,3256,29
2025-12-16,Google Ads,Dental Crown,Clinic C,5997.26,85808,2730,35
2025-12-16,Google Ads,Teeth Whitening,Clinic C,3433.84,55977,1713,32
2025-12-16,Instagram,General Dentistry,Clinic C,4581.74,44840,2278,43
2025-12-16,Instagram,Dental Implant,Clinic D,7737.01,65497,3145,19
2025-12-16,Meta Ads,Invisalign,Clinic D,9072.76,80980,3550,26
2025-12-16,Google Ads,Root Canal,Clinic D,5612.65,97583,3422,24
2025-12-16,Google Ads,Dental Crown,Clinic D,3597.81,39241,1691,17
2025-12-16,Meta Ads,Teeth Whitening,Clinic D,3460.65,56686,1793,36
2025-12-16,Google Ads,General Dentistry,Clinic D,5138.68,76391,1950,54
2025-12-17,Google Ads,Dental Implant,Clinic A,8913.5,137512,4632,34
2025-12-17,Google Ads,Invisalign,Clinic A,7253.22,74001,3033,23
2025-12-17,Meta Ads,Root Canal,Clinic A,7275.15,113243,5216,39
2025-12-17,Google Ads,Dental Crown,Clinic A,4771.28,53501,2012,24
2025-12-17,Google Ads,Teeth Whitening,Clinic A,4199.15,38150,1050,37
2025-12-17,Meta Ads,General Dentistry,Clinic A,3903.6,66641,3484,42
2025-12-17,Google Ads,Dental Implant,Clinic B,8008.74,85675,3039,30
2025-12-17,Google Ads,Invisalign,Clinic B,7612.6,127441,7689,25
2025-12-17,Google Ads,Root Canal,Clinic B,5893.06,54814,3446,25
2025-12-17,Google Ads,Dental Crown,Clinic B,5316.76,91642,3979,30
2025-12-17,Meta Ads,Teeth Whitening,Clinic B,5463.2,56918,2736,52
2025-12-17,Google Ads,General Dentistry,Clinic B,5493.16,44106,2625,56
2025-12-17,Google Ads,Dental Implant,Clinic C,6663.08,119850,5944,24
2025-12-17,Instagram,Invisalign,Clinic C,8633.42,91386,4639,25
2025-12-17,Google Ads,Root Canal,Clinic C,7311.99,112970,4406,35
2025-12-17,Google Ads,Dental Crown,Clinic C,4165.43,70125,4073,21
2025-12-17,Meta Ads,Teeth Whitening,Clinic C,3149.97,53769,3086,34
2025-12-17,Instagram,General Dentistry,Clinic C,3017.0,43703,2285,30
2025-12-17,Meta Ads,Dental Implant,Clinic D,9542.73,86990,4262,22
2025-12-17,Google Ads,Invisalign,Clinic D,7953.5,91318,4673,17
2025-12-17,Meta Ads,Root Canal,Clinic D,7871.48,76661,3866,40
2025-12-17,Google Ads,Dental Crown,Clinic D,3823.98,39855,1726,18
2025-12-17,Meta Ads,Teeth Whitening,Clinic D,4849.8,73352,2687,50
2025-12-17,Google Ads,General Dentistry,Clinic D,6932.06,93723,5197,73
2025-12-18,Google Ads,Dental Implant,Clinic A,8278.86,94339,5995,31
2025-12-18,Google Ads,Invisalign,Clinic A,8327.79,145919,8196,18
2025-12-18,Google Ads,Root Canal,Clinic A,6651.35,101026,2933,35
2025-12-18,Meta Ads,Dental Crown,Clinic A,4601.17,43405,2540,31
2025-12-18,Meta Ads,Teeth Whitening,Clinic A,4908.45,66918,2717,47
2025-12-18,Google Ads,General Dentistry,Clinic A,5279.16,87594,4343,57
2025-12-18,Google Ads,Dental Implant,Clinic B,7549.37,105443,3493,24
2025-12-18,Instagram,Invisalign,Clinic B,8412.58,118512,4424,22
2025-12-18,Meta Ads,Root Canal,Clinic B,6952.35,108471,3885,38
2025-12-18,Meta Ads,Dental Crown,Clinic B,4026.78,51372,2446,18
2025-12-18,Google Ads,Teeth Whitening,Clinic B,3082.52,36800,1456,23
2025-12-18,Google Ads,General Dentistry,Clinic B,3324.73,57051,3090,32
2025-12-18,Meta Ads,Dental Implant,Clinic C,7709.63,98415,2698,30
2025-12-18,Google Ads,Invisalign,Clinic C,8910.5,141199,5058,28
2025-12-18,Google Ads,Root Canal,Clinic C,4901.59,69817,2008,14
2025-12-18,Google Ads,Dental Crown,Clinic C,5669.13,57820,3386,36
2025-12-18,Google Ads,Teeth Whitening,Clinic C,2823.37,50049,2703,25
2025-12-18,Google Ads,General Dentistry,Clinic C,4388.46,53773,1699,45
2025-12-18,Google Ads,Dental Implant,Clinic D,8903.84,133570,8567,31
2025-12-18,Meta Ads,Invisalign,Clinic D,6656.48,69001,4338,13
2025-12-18,Instagram,Root Canal,Clinic D,5721.12,91059,5254,30
2025-12-18,Meta Ads,Dental Crown,Clinic D,4514.09,72791,3111,21
2025-12-18,Google Ads,Teeth Whitening,Clinic D,4219.54,55672,2157,45
2025-12-18,Meta Ads,General Dentistry,Clinic D,5365.63,87447,5484,54
2025-12-19,Meta Ads,Dental Implant,Clinic A,8424.86,130813,3976,24
2025-12-19,Meta Ads,Invisalign,Clinic A,6357.79,85509,2445,15
2025-12-19,Meta Ads,Root Canal,Clinic A,8441.42,74893,3185,38
2025-12-19,Meta Ads,Dental Crown,Clinic A,5298.54,52574,2554,36
2025-12-19,Meta Ads,Teeth Whitening,Clinic A,4485.28,52734,2151,42
2025-12-19,Instagram,General Dentistry,Clinic A,4832.4,65624,1846,42
2025-12-19,Instagram,Dental Implant,Clinic B,10099.76,150652,4769,36
2025-12-19,Google Ads,Invisalign,Clinic B,8200.97,128913,5321,19
2025-12-19,Meta Ads,Root Canal,Clinic B,5967.88,89239,4815,29
2025-12-19,Meta Ads,Dental Crown,Clinic B,4782.09,72966,3940,29
2025-12-19,Google Ads,Teeth Whitening,Clinic B,3563.36,50815,1359,37
2025-12-19,Meta Ads,General Dentistry,Clinic B,5071.56,47714,1555,51
2025-12-19,Meta Ads,Dental Implant,Clinic C,7522.29,71692,3842,23
2025-12-19,Meta Ads,Invisalign,Clinic C,7532.64,94426,2884,24
2025-12-19,Google Ads,Root Canal,Clinic C,7087.01,100728,4724,30
2025-12-19,Google Ads,Dental Crown,Clinic C,2518.74,39580,2427,18
2025-12-19,Meta Ads,Teeth Whitening,Clinic C,2994.16,41670,1952,33
2025-12-19,Instagram,General Dentistry,Clinic C,3756.2,63377,2943,41
2025-12-19,Google Ads,Dental Implant,Clinic D,9166.51,80593,3275,35
2025-12-19,Meta Ads,Invisalign,Clinic D,6619.88,61581,3289,14
2025-12-19,Google Ads,Root Canal,Clinic D,5434.92,67860,3829,25
2025-12-19,Google Ads,Dental Crown,Clinic D,6068.66,66729,2358,32
2025-12-19,Meta Ads,Teeth Whitening,Clinic D,2778.57,22941,1261,28
2025-12-19,Google Ads,General Dentistry,Clinic D,4267.6,52637,1775,40
2025-12-20,Google Ads,Dental Implant,Clinic A,9030.9,144049,8109,21
2025-12-20,Google Ads,Invisalign,Clinic A,9591.68,81604,3623,27
2025-12-20,Meta Ads,Root Canal,Clinic A,6487.08,58463,3074,39
2025-12-20,Meta Ads,Dental Crown,Clinic A,3366.87,29515,1821,17
2025-12-20,Meta Ads,Teeth Whitening,Clinic A,3171.38,40517,1671,25
2025-12-20,Instagram,General Dentistry,Clinic A,3950.84,49960,2265,38
2025-12-20,Google Ads,Dental Implant,Clinic B,8949.77,98958,4399,35
2025-12-20,Instagram,Invisalign,Clinic B,8555.8,124135,6094,28
2025-12-20,Google Ads,Root Canal,Clinic B,8168.31,111810,6396,49
2025-12-20,Google Ads,Dental Crown,Clinic B,4409.12,70360,2414,24
2025-12-20,Google Ads,Teeth Whitening,Clinic B,3793.06,43203,1169,33
2025-12-20,Google Ads,General Dentistry,Clinic B,4437.54,70729,3676,44
2025-12-20,Meta Ads,Dental Implant,Clinic C,5777.22,67130,3862,29
2025-12-20,Google Ads,Invisalign,Clinic C,4655.82,44421,2375,14
2025-12-20,Google Ads,Root Canal,Clinic C,4556.88,64232,1633,21
2025-12-20,Meta Ads,Dental Crown,Clinic C,6465.14,105957,4828,33
2025-12-20,Meta Ads,Teeth Whitening,Clinic C,3404.99,33074,2016,30
2025-12-20,Meta Ads,General Dentistry,Clinic C,5233.46,83125,2593,48
2025-12-20,Google Ads,Dental Implant,Clinic D,12624.38,154116,8678,40
2025-12-20,Instagram,Invisalign,Clinic D,8036.95,125384,6140,23
2025-12-20,Instagram,Root Canal,Clinic D,5802.74,55465,3259,40
2025-12-20,Google Ads,Dental Crown,Clinic D,3982.66,59678,1601,25
2025-12-20,Google Ads,Teeth Whitening,Clinic D,3915.86,53101,1526,41
2025-12-20,Meta Ads,General Dentistry,Clinic D,5378.01,94668,4454,61
2025-12-21,Meta Ads,Dental Implant,Clinic A,7937.9,115917,5818,22
2025-12-21,Google Ads,Invisalign,Clinic A,10207.91,121362,4256,29
2025-12-21,Meta Ads,Root Canal,Clinic A,7088.44,79843,4714,37
2025-12-21,Instagram,Dental Crown,Clinic A,4792.42,77213,2068,31
2025-12-21,Meta Ads,Teeth Whitening,Clinic A,1635.76,25070,1560,12
2025-12-21,Google Ads,General Dentistry,Clinic A,6005.2,84461,2904,56
2025-12-21,Google Ads,Dental Implant,Clinic B,7466.83,76547,3863,28
2025-12-21,Meta Ads,Invisalign,Clinic B,11188.64,129457,3313,32
2025-12-21,Google Ads,Root Canal,Clinic B,7988.42,71120,4000,39
2025-12-21,Meta Ads,Dental Crown,Clinic B,6024.26,79919,2678,27
2025-12-21,Instagram,Teeth Whitening,Clinic B,3291.19,39819,2178,28
2025-12-21,Google Ads,General Dentistry,Clinic B,4680.28,46341,2164,51
2025-12-21,Google Ads,Dental Implant,Clinic C,8262.03,114705,2913,25
2025-12-21,Instagram,Invisalign,Clinic C,9113.05,118485,4420,18
2025-12-21,Google Ads,Root Canal,Clinic C,6049.03,86739,4221,28
2025-12-21,Meta Ads,Dental Crown,Clinic C,4487.71,72003,4124,23
2025-12-21,Meta Ads,Teeth Whitening,Clinic C,2448.87,23197,745,17
2025-12-21,Google Ads,General Dentistry,Clinic C,2669.15,25387,1323,29
2025-12-21,Google Ads,Dental Implant,Clinic D,10685.46,152507,3870,38
2025-12-21,Google Ads,Invisalign,Clinic D,7920.6,129854,7449,21
2025-12-21,Google Ads,Root Canal,Clinic D,7407.48,123291,7047,40
2025-12-21,Google Ads,Dental Crown,Clinic D,5458.08,62426,2683,31
2025-12-21,Google Ads,Teeth Whitening,Clinic D,3278.87,49308,1310,27
2025-12-21,Google Ads,General Dentistry,Clinic D,5271.25,90428,4287,56
2025-12-22,Google Ads,Dental Implant,Clinic A,9053.74,146134,4942,36
2025-12-22,Google Ads,Invisalign,Clinic A,6792.2,103065,4645,17
2025-12-22,Google Ads,Root Canal,Clinic A,7959.62,86839,4955,43
2025-12-22,Google Ads,Dental Crown,Clinic A,3504.39,48223,1612,21
2025-12-22,Meta Ads,Teeth Whitening,Clinic A,4033.72,57679,3352,36
2025-12-22,Meta Ads,General Dentistry,Clinic A,5965.6,80875,2095,60
2025-12-22,Meta Ads,Dental Implant,Clinic B,8946.27,98476,3165,28
2025-12-22,Google Ads,Invisalign,Clinic B,6217.44,89405,3582,15
2025-12-22,Google Ads,Root Canal,Clinic B,5692.31,54961,2022,34
2025-12-22,Meta Ads,Dental Crown,Clinic B,5297.63,80879,4105,26
2025-12-22,Google Ads,Teeth Whitening,Clinic B,4140.96,46189,1651,39
2025-12-22,Instagram,General Dentistry,Clinic B,4244.31,41201,1727,44
2025-12-22,Meta Ads,Dental Implant,Clinic C,6921.35,82106,4896,22
2025-12-22,Google Ads,Invisalign,Clinic C,9071.36,123507,4275,24
2025-12-22,Google Ads,Root Canal,Clinic C,5206.71,78619,3278,26
2025-12-22,Instagram,Dental Crown,Clinic C,4688.7,41465,2289,34
2025-12-22,Google Ads,Teeth Whitening,Clinic C,3740.62,61859,2622,32
2025-12-22,Meta Ads,General Dentistry,Clinic C,4727.27,68734,4076,46
2025-12-22,Google Ads,Dental Implant,Clinic D,7967.47,114738,7208,28
2025-12-22,Instagram,Invisalign,Clinic D,8819.46,131650,6917,21
2025-12-22,Meta Ads,Root Canal,Clinic D,6031.27,63072,3883,30
2025-12-22,Google Ads,Dental Crown,Clinic D,3458.16,59630,1765,11
2025-12-22,Google Ads,Teeth Whitening,Clinic D,3253.51,40745,1276,30
2025-12-22,Google Ads,General Dentistry,Clinic D,4295.39,54045,1393,41
2025-12-23,Instagram,Dental Implant,Clinic A,10374.8,173203,8321,24
2025-12-23,Google Ads,Invisalign,Clinic A,7251.24,92895,3435,22
2025-12-23,Meta Ads,Root Canal,Clinic A,6105.9,85013,2160,36
2025-12-23,Google Ads,Dental Crown,Clinic A,4272.89,72454,3442,21
2025-12-23,Instagram,Teeth Whitening,Clinic A,3014.46,34838,1676,24
2025-12-23,Google Ads,General Dentistry,Clinic A,3981.63,58044,2249,39
2025-12-23,Instagram,Dental Implant,Clinic B,9056.38,158299,8436,29
2025-12-23,Google Ads,Invisalign,Clinic B,6150.01,94070,4052,21
2025-12-23,Meta Ads,Root Canal,Clinic B,5935.13,99747,3966,23
2025-12-23,Meta Ads,Dental Crown,Clinic B,3959.43,50003,1737,19
2025-12-23,Google Ads,Teeth Whitening,Clinic B,2974.61,25008,648,28
2025-12-23,Meta Ads,General Dentistry,Clinic B,3127.14,27010,1540,23
2025-12-23,Google Ads,Dental Implant,Clinic C,6580.0,110677,6455,13
2025-12-23,Google Ads,Invisalign,Clinic C,8148.33,87531,3269,20
2025-12-23,Instagram,Root Canal,Clinic C,5702.23,82526,2695,35
2025-12-23,Meta Ads,Dental Crown,Clinic C,5164.52,87108,4200,26
2025-12-23,Google Ads,Teeth Whitening,Clinic C,2291.71,25015,630,23
2025-12-23,Google Ads,General Dentistry,Clinic C,5576.18,57194,3195,61
2025-12-23,Google Ads,Dental Implant,Clinic D,8412.49,107261,5025,23
2025-12-23,Meta Ads,Invisalign,Clinic D,7584.31,127941,4561,24
2025-12-23,Google Ads,Root Canal,Clinic D,8606.83,94278,2996,48
2025-12-23,Google Ads,Dental Crown,Clinic D,3133.54,33999,1150,12
2025-12-23,Google Ads,Teeth Whitening,Clinic D,2925.97,29724,1356,32
2025-12-23,Instagram,General Dentistry,Clinic D,4965.4,85299,3432,44
2025-12-24,Instagram,Dental Implant,Clinic A,8777.28,156455,4806,42
2025-12-24,Instagram,Invisalign,Clinic A,7409.64,86508,2577,23
2025-12-24,Instagram,Root Canal,Clinic A,5987.76,82482,2912,31
2025-12-24,Google Ads,Dental Crown,Clinic A,4275.66,55123,2014,23
2025-12-24,Meta Ads,Teeth Whitening,Clinic A,3158.99,29690,1168,30
2025-12-24,Google Ads,General Dentistry,Clinic A,3640.81,42530,2734,33
2025-12-24,Instagram,Dental Implant,Clinic B,8591.86,96933,2457,28
2025-12-24,Google Ads,Invisalign,Clinic B,6919.14,67258,2842,20
2025-12-24,Meta Ads,Root Canal,Clinic B,8520.52,76048,2391,45
2025-12-24,Instagram,Dental Crown,Clinic B,4948.41,89001,2975,27
2025-12-24,Google Ads,Teeth Whitening,Clinic B,3951.89,70774,3447,44
2025-12-24,Google Ads,General Dentistry,Clinic B,2985.23,43748,1162,32
2025-12-24,Google Ads,Dental Implant,Clinic C,11422.99,186587,11489,39
2025-12-24,Google Ads,Invisalign,Clinic C,10395.7,176667,10396,36
2025-12-24,Google Ads,Root Canal,Clinic C,7410.06,133368,7273,39
2025-12-24,Google Ads,Dental Crown,Clinic C,4950.08,56957,2084,31
2025-12-24,Meta Ads,Teeth Whitening,Clinic C,3691.29,31729,2045,36
2025-12-24,Meta Ads,General Dentistry,Clinic C,4939.88,56081,3461,52
2025-12-24,Google Ads,Dental Implant,Clinic D,7964.05,115752,4584,21
2025-12-24,Instagram,Invisalign,Clinic D,11839.37,168865,7095,29
2025-12-24,Meta Ads,Root Canal,Clinic D,6505.24,73523,2432,30
2025-12-24,Google Ads,Dental Crown,Clinic D,4649.47,45144,1432,26
2025-12-24,Instagram,Teeth Whitening,Clinic D,3029.59,53600,2684,25
2025-12-24,Meta Ads,General Dentistry,Clinic D,4658.22,62550,4061,51
2025-12-25,Meta Ads,Dental Implant,Clinic A,8200.62,74977,3397,28
2025-12-25,Meta Ads,Invisalign,Clinic A,9121.06,137984,4096,28
2025-12-25,Meta Ads,Root Canal,Clinic A,5772.03,69765,3288,35
2025-12-25,Instagram,Dental Crown,Clinic A,5622.26,56540,2557,33
2025-12-25,Meta Ads,Teeth Whitening,Clinic A,3714.06,58503,2600,32
2025-12-25,Meta Ads,General Dentistry,Clinic A,5164.23,56044,1667,51
2025-12-25,Google Ads,Dental Implant,Clinic B,6078.31,107427,6477,17
2025-12-25,Google Ads,Invisalign,Clinic B,7281.35,116624,6893,15
2025-12-25,Instagram,Root Canal,Clinic B,7264.51,105566,4657,38
2025-12-25,Google Ads,Dental Crown,Clinic B,4423.39,77149,4349,31
2025-12-25,Meta Ads,Teeth Whitening,Clinic B,3443.6,43246,1936,27
2025-12-25,Meta Ads,General Dentistry,Clinic B,4008.84,66462,3880,37
2025-12-25,Meta Ads,Dental Implant,Clinic C,9210.3,83619,3417,29
2025-12-25,Meta Ads,Invisalign,Clinic C,8122.37,109845,4402,22
2025-12-25,Google Ads,Root Canal,Clinic C,6863.19,62497,3975,34
2025-12-25,Google Ads,Dental Crown,Clinic C,5398.65,63400,3903,36
2025-12-25,Google Ads,Teeth Whitening,Clinic C,3984.83,65176,3954,39
2025-12-25,Google Ads,General Dentistry,Clinic C,5128.12,71369,1855,58
2025-12-25,Instagram,Dental Implant,Clinic D,8521.95,127864,4286,23
2025-12-25,Google Ads,Invisalign,Clinic D,8265.2,77255,4629,27
2025-12-25,Google Ads,Root Canal,Clinic D,7572.77,107509,2717,41
2025-12-25,Meta Ads,Dental Crown,Clinic D,5955.17,65872,3297,43
2025-12-25,Google Ads,Teeth Whitening,Clinic D,2208.16,18721,664,20
2025-12-25,Meta Ads,General Dentistry,Clinic D,4342.0,59278,2162,36
2025-12-26,Meta Ads,Dental Implant,Clinic A,9239.85,145925,7145,34
2025-12-26,Google Ads,Invisalign,Clinic A,5468.34,76217,3629,22
2025-12-26,Meta Ads,Root Canal,Clinic A,6927.32,111579,5850,43
2025-12-26,Google Ads,Dental Crown,Clinic A,6192.9,77065,3397,40
2025-12-26,Meta Ads,Teeth Whitening,Clinic A,3109.55,31536,866,34
2025-12-26,Meta Ads,General Dentistry,Clinic A,3620.28,63463,3238,40
2025-12-26,Meta Ads,Dental Implant,Clinic B,12179.71,219120,12503,44
2025-12-26,Google Ads,Invisalign,Clinic B,8886.05,149205,6849,22
2025-12-26,Instagram,Root Canal,Clinic B,4804.82,58908,2466,26
2025-12-26,Google Ads,Dental Crown,Clinic B,5785.36,58369,3252,34
2025-12-26,Google Ads,Teeth Whitening,Clinic B,4255.56,51062,1292,35
2025-12-26,Meta Ads,General Dentistry,Clinic B,4916.77,51836,1824,47
2025-12-26,Instagram,Dental Implant,Clinic C,11151.3,129024,6019,32
2025-12-26,Meta Ads,Invisalign,Clinic C,8334.75,98412,4011,26
2025-12-26,Google Ads,Root Canal,Clinic C,7881.11,73307,2598,42
2025-12-26,Google Ads,Dental Crown,Clinic C,4372.46,60302,2193,24
2025-12-26,Meta Ads,Teeth Whitening,Clinic C,2560.81,26418,1638,34
2025-12-26,Instagram,General Dentistry,Clinic C,3842.84,61038,3294,42
2025-12-26,Google Ads,Dental Implant,Clinic D,7953.59,121170,7388,30
2025-12-26,Meta Ads,Invisalign,Clinic D,7761.11,72786,4100,22
2025-12-26,Google Ads,Root Canal,Clinic D,5614.45,86090,3305,31
2025-12-26,Google Ads,Dental Crown,Clinic D,3974.27,70324,1880,23
2025-12-26,Instagram,Teeth Whitening,Clinic D,4146.57,74554,2570,32
2025-12-26,Google Ads,General Dentistry,Clinic D,4827.96,72046,3209,45
2025-12-27,Google Ads,Dental Implant,Clinic A,10022.52,81519,3937,29
2025-12-27,Google Ads,Invisalign,Clinic A,9966.68,166865,7057,30
2025-12-27,Meta Ads,Root Canal,Clinic A,9208.33,109227,6178,56
2025-12-27,Google Ads,Dental Crown,Clinic A,4016.24,45907,1818,31
2025-12-27,Google Ads,Teeth Whitening,Clinic A,4520.71,61687,2802,38
2025-12-27,Google Ads,General Dentistry,Clinic A,3179.55,47930,2036,20
2025-12-27,Meta Ads,Dental Implant,Clinic B,9480.88,156983,4195,31
2025-12-27,Meta Ads,Invisalign,Clinic B,5946.41,53244,3261,12
2025-12-27,Meta Ads,Root Canal,Clinic B,6622.0,68715,1956,38
2025-12-27,Google Ads,Dental Crown,Clinic B,5373.28,56786,2114,25
2025-12-27,Meta Ads,Teeth Whitening,Clinic B,3215.17,26963,1377,34
2025-12-27,Meta Ads,General Dentistry,Clinic B,5678.4,57878,2633,58
2025-12-27,Meta Ads,Dental Implant,Clinic C,11304.13,136567,8167,39
2025-12-27,Google Ads,Invisalign,Clinic C,8607.97,69739,4396,22
2025-12-27,Google Ads,Root Canal,Clinic C,6084.88,65754,3224,33
2025-12-27,Google Ads,Dental Crown,Clinic C,4439.91,58566,3419,26
2025-12-27,Google Ads,Teeth Whitening,Clinic C,3759.99,42922,2782,35
2025-12-27,Google Ads,General Dentistry,Clinic C,3995.26,33405,1076,41
2025-12-27,Meta Ads,Dental Implant,Clinic D,5328.09,71119,2531,14
2025-12-27,Google Ads,Invisalign,Clinic D,7661.85,116019,5274,16
2025-12-27,Meta Ads,Root Canal,Clinic D,4818.31,63224,2520,25
2025-12-27,Meta Ads,Dental Crown,Clinic D,5160.57,59180,1519,27
2025-12-27,Meta Ads,Teeth Whitening,Clinic D,3189.13,37471,1655,29
2025-12-27,Meta Ads,General Dentistry,Clinic D,4583.06,40976,1598,44
2025-12-28,Meta Ads,Dental Implant,Clinic A,7849.54,127258,7116,31
2025-12-28,Google Ads,Invisalign,Clinic A,9138.83,99230,5203,23
2025-12-28,Meta Ads,Root Canal,Clinic A,5752.68,99760,4207,32
2025-12-28,Google Ads,Dental Crown,Clinic A,4921.28,40373,1561,28
2025-12-28,Instagram,Teeth Whitening,Clinic A,3264.96,31115,1580,33
2025-12-28,Meta Ads,General Dentistry,Clinic A,3678.64,59753,1580,38
2025-12-28,Instagram,Dental Implant,Clinic B,11612.72,137556,4060,44
2025-12-28,Meta Ads,Invisalign,Clinic B,4719.44,79079,1983,12
2025-12-28,Google Ads,Root Canal,Clinic B,5608.07,92278,5128,31
2025-12-28,Google Ads,Dental Crown,Clinic B,6367.05,52802,2470,37
2025-12-28,Google Ads,Teeth Whitening,Clinic B,4066.79,48589,2062,38
2025-12-28,Instagram,General Dentistry,Clinic B,3057.76,54927,2868,29
2025-12-28,Meta Ads,Dental Implant,Clinic C,10820.44,90613,2989,38
2025-12-28,Google Ads,Invisalign,Clinic C,9488.12,114191,6036,23
2025-12-28,Google Ads,Root Canal,Clinic C,8705.07,133183,3390,51
2025-12-28,Google Ads,Dental Crown,Clinic C,6108.4,52924,3050,23
2025-12-28,Google Ads,Teeth Whitening,Clinic C,2357.89,30638,822,24
2025-12-28,Meta Ads,General Dentistry,Clinic C,3713.7,45698,1633,33
2025-12-28,Meta Ads,Dental Implant,Clinic D,8717.22,79581,4780,33
2025-12-28,Meta Ads,Invisalign,Clinic D,9729.09,154514,7096,28
2025-12-28,Instagram,Root Canal,Clinic D,6332.98,65624,2636,36
2025-12-28,Google Ads,Dental Crown,Clinic D,6198.56,58170,2123,38
2025-12-28,Instagram,Teeth Whitening,Clinic D,4386.81,37168,1545,43
2025-12-28,Instagram,General Dentistry,Clinic D,5024.88,85277,2831,52
2025-12-29,Instagram,Dental Implant,Clinic A,10923.93,120666,6156,35
2025-12-29,Google Ads,Invisalign,Clinic A,5080.17,52445,2808,15
2025-12-29,Google Ads,Root Canal,Clinic A,5875.69,65522,2744,23
2025-12-29,Google Ads,Dental Crown,Clinic A,4873.88,61706,3333,30
2025-12-29,Google Ads,Teeth Whitening,Clinic A,3239.81,41451,2009,28
2025-12-29,Meta Ads,General Dentistry,Clinic A,5433.41,79572,4710,57
2025-12-29,Meta Ads,Dental Implant,Clinic B,9875.06,123928,3701,33
2025-12-29,Google Ads,Invisalign,Clinic B,9657.95,153199,6969,27
2025-12-29,Meta Ads,Root Canal,Clinic B,6853.24,56953,2256,35
2025-12-29,Google Ads,Dental Crown,Clinic B,4864.73,80647,2932,33
2025-12-29,Google Ads,Teeth Whitening,Clinic B,3064.77,34972,1214,25
2025-12-29,Meta Ads,General Dentistry,Clinic B,4502.5,53708,2056,43
2025-12-29,Google Ads,Dental Implant,Clinic C,7665.79,133383,8404,30
2025-12-29,Meta Ads,Invisalign,Clinic C,6364.25,69219,3623,11
2025-12-29,Meta Ads,Root Canal,Clinic C,7411.37,68297,3518,28
2025-12-29,Meta Ads,Dental Crown,Clinic C,3670.18,56632,2500,23
2025-12-29,Google Ads,Teeth Whitening,Clinic C,3026.56,26010,1424,28
2025-12-29,Google Ads,General Dentistry,Clinic C,4509.95,76453,2201,43
2025-12-29,Google Ads,Dental Implant,Clinic D,8147.46,74023,3163,29
2025-12-29,Meta Ads,Invisalign,Clinic D,9342.86,85355,3524,24
2025-12-29,Meta Ads,Root Canal,Clinic D,7558.86,84099,5009,38
2025-12-29,Meta Ads,Dental Crown,Clinic D,4353.1,50685,2407,27
2025-12-29,Google Ads,Teeth Whitening,Clinic D,3404.18,34677,2074,30
2025-12-29,Google Ads,General Dentistry,Clinic D,5018.12,79787,2469,49
2025-12-30,Google Ads,Dental Implant,Clinic A,9605.98,153380,4854,38
2025-12-30,Google Ads,Invisalign,Clinic A,7274.45,106543,3497,26
2025-12-30,Meta Ads,Root Canal,Clinic A,7114.97,95492,4031,34
2025-12-30,Google Ads,Dental Crown,Clinic A,4055.02,37387,1168,24
2025-12-30,Google Ads,Teeth Whitening,Clinic A,3412.28,43241,1881,38
2025-12-30,Google Ads,General Dentistry,Clinic A,3494.43,37862,1098,35
2025-12-30,Meta Ads,Dental Implant,Clinic B,8937.08,72085,2598,27
2025-12-30,Google Ads,Invisalign,Clinic B,5657.04,55232,3213,8
2025-12-30,Meta Ads,Root Canal,Clinic B,6710.98,54240,3360,40
2025-12-30,Instagram,Dental Crown,Clinic B,5815.73,62040,2834,32
2025-12-30,Meta Ads,Teeth Whitening,Clinic B,4254.26,57090,1809,38
2025-12-30,Meta Ads,General Dentistry,Clinic B,4592.57,59598,3137,53
2025-12-30,Meta Ads,Dental Implant,Clinic C,10424.98,172511,5942,31
2025-12-30,Google Ads,Invisalign,Clinic C,6689.99,59684,3471,16
2025-12-30,Google Ads,Root Canal,Clinic C,5337.83,69643,3231,36
2025-12-30,Meta Ads,Dental Crown,Clinic C,4520.19,50341,1487,27
2025-12-30,Meta Ads,Teeth Whitening,Clinic C,4138.45,63202,1689,35
2025-12-30,Google Ads,General Dentistry,Clinic C,5786.43,67742,2234,61
2025-12-30,Google Ads,Dental Implant,Clinic D,7952.58,89167,3978,24
2025-12-30,Meta Ads,Invisalign,Clinic D,8583.79,124644,7042,27
2025-12-30,Instagram,Root Canal,Clinic D,7198.33,60301,3899,32
2025-12-30,Meta Ads,Dental Crown,Clinic D,6220.57,83684,4917,28
2025-12-30,Google Ads,Teeth Whitening,Clinic D,3462.84,31801,1822,27
2025-12-30,Google Ads,General Dentistry,Clinic D,3837.03,45222,2873,37
2025-12-31,Instagram,Dental Implant,Clinic A,12214.7,140726,4702,44
2025-12-31,Google Ads,Invisalign,Clinic A,7849.35,69492,2772,19
2025-12-31,Meta Ads,Root Canal,Clinic A,5105.41,67746,2545,18
2025-12-31,Google Ads,Dental Crown,Clinic A,4299.02,40637,1157,27
2025-12-31,Meta Ads,Teeth Whitening,Clinic A,3530.82,40548,1835,31
2025-12-31,Instagram,General Dentistry,Clinic A,4278.38,39206,1591,44
2025-12-31,Instagram,Dental Implant,Clinic B,9980.58,106823,5752,33
2025-12-31,Google Ads,Invisalign,Clinic B,9323.37,82810,3050,26
2025-12-31,Google Ads,Root Canal,Clinic B,6314.59,52274,1387,31
2025-12-31,Google Ads,Dental Crown,Clinic B,3759.08,43262,1970,14
2025-12-31,Instagram,Teeth Whitening,Clinic B,2915.58,43200,2731,26
2025-12-31,Google Ads,General Dentistry,Clinic B,4003.25,34000,1946,37
2025-12-31,Google Ads,Dental Implant,Clinic C,9959.8,90853,4254,38
2025-12-31,Meta Ads,Invisalign,Clinic C,7853.5,126448,8130,20
2025-12-31,Meta Ads,Root Canal,Clinic C,5196.65,72055,4491,23
2025-12-31,Google Ads,Dental Crown,Clinic C,5065.92,69692,4353,21
2025-12-31,Google Ads,Teeth Whitening,Clinic C,2300.72,35285,1384,17
2025-12-31,Google Ads,General Dentistry,Clinic C,4291.31,57589,2347,42
2025-12-31,Google Ads,Dental Implant,Clinic D,11632.31,152592,5331,42
2025-12-31,Meta Ads,Invisalign,Clinic D,6947.39,62274,1977,17
2025-12-31,Instagram,Root Canal,Clinic D,7576.3,118474,5641,34
2025-12-31,Meta Ads,Dental Crown,Clinic D,3972.91,67489,3304,19
2025-12-31,Google Ads,Teeth Whitening,Clinic D,3245.98,42835,1176,30
2025-12-31,Google Ads,General Dentistry,Clinic D,4672.93,57903,2012,59
