Lead_ID,Lead_Date,Patient_ID,Lead_Source,Campaign,Clinic,Lead_Status,First_Response_Minutes,Appointment_Booked,Appointment_Date
L00001,26-09-2025,P00001,Google Organic,Root Canal,Clinic D,Appointment Booked,17,Yes,02-10-2025
L00002,06-07-2025,P00002,Facebook,Invisalign,Clinic A,Appointment Booked,14,Yes,13-07-2025
L00003,27-09-2025,,Google Organic,Dental Implant,Clinic A,Contacted - No Appointment,14,No,
L00004,07-11-2025,P00004,Google Ads,Teeth Whitening,Clinic D,Appointment Booked,18,Yes,13-11-2025
L00005,02-09-2025,,Google Ads,General Dentistry,Clinic C,Contacted - No Appointment,28,No,
L00006,04-06-2025,P00006,Google Organic,Root Canal,Clinic A,Appointment Booked,8,Yes,18-06-2025
L00007,26-01-2025,P00007,Google Ads,Dental Crown,Clinic A,Appointment Booked,17,Yes,02-02-2025
L00008,06-11-2025,P00008,Google Ads,Invisalign,Clinic B,Appointment Booked,7,Yes,15-11-2025
L00009,18-06-2025,,Facebook,Dental Crown,Clinic C,Contacted - No Appointment,19,No,
L00010,01-11-2025,P00010,Google Organic,Dental Implant,Clinic C,Appointment Booked,8,Yes,06-11-2025
L00011,05-12-2025,P00011,Referral,Root Canal,Clinic D,Appointment Booked,18,Yes,17-12-2025
L00012,05-10-2025,,Google Organic,Dental Crown,Clinic B,Contacted - No Appointment,42,No,
L00013,22-04-2025,P00013,Google Organic,General Dentistry,Clinic C,Appointment Booked,23,Yes,06-05-2025
L00014,03-09-2025,,Facebook,Root Canal,Clinic C,Contacted - No Appointment,31,No,
L00015,02-05-2025,P00015,Google Ads,Teeth Whitening,Clinic B,Appointment Booked,6,Yes,10-05-2025
L00016,04-09-2025,,Google Ads,Dental Crown,Clinic A,Contacted - No Appointment,12,No,
L00017,27-03-2025,,Instagram,General Dentistry,Clinic D,Contacted - No Appointment,21,No,
L00018,27-02-2025,P00018,Facebook,Root Canal,Clinic D,Appointment Booked,19,Yes,08-03-2025
L00019,11-06-2025,P00019,Google Ads,Invisalign,Clinic B,Appointment Booked,14,Yes,21-06-2025
L00020,03-08-2025,P00020,Facebook,General Dentistry,Clinic C,Appointment Booked,27,Yes,07-08-2025
L00021,22-02-2025,P00021,Instagram,Dental Implant,Clinic A,Appointment Booked,74,Yes,28-02-2025
L00022,11-03-2025,P00022,Facebook,Dental Implant,Clinic C,Appointment Booked,18,Yes,22-03-2025
L00023,08-02-2025,,Google Organic,Dental Implant,Clinic C,Contacted - No Appointment,11,No,
L00024,17-04-2025,,Google Organic,General Dentistry,Clinic C,Contacted - No Appointment,12,No,
L00025,02-01-2025,P00025,Google Organic,Dental Implant,Clinic D,Appointment Booked,14,Yes,14-01-2025
L00026,04-07-2025,P00026,Referral,General Dentistry,Clinic C,Appointment Booked,23,Yes,11-07-2025
L00027,15-01-2025,P00027,Google Ads,Root Canal,Clinic B,Appointment Booked,15,Yes,28-01-2025
L00028,24-04-2025,P00028,Instagram,Dental Implant,Clinic D,Appointment Booked,1,Yes,01-05-2025
L00029,07-03-2025,,Referral,Root Canal,Clinic A,Contacted - No Appointment,9,No,
L00030,18-12-2025,,Instagram,Invisalign,Clinic B,Contacted - No Appointment,12,No,
L00031,23-04-2025,P00031,Google Organic,Dental Crown,Clinic B,Appointment Booked,5,Yes,28-04-2025
L00032,18-04-2025,,Facebook,Dental Crown,Clinic B,Contacted - No Appointment,29,No,
L00033,08-03-2025,,Instagram,Root Canal,Clinic D,Not Contacted/Cold,63,No,
L00034,04-05-2025,,Google Ads,Dental Implant,Clinic B,Contacted - No Appointment,36,No,
L00035,12-03-2025,P00035,Referral,Dental Crown,Clinic D,Appointment Booked,49,Yes,22-03-2025
L00036,29-11-2025,,Google Organic,General Dentistry,Clinic C,Contacted - No Appointment,41,No,
L00037,03-06-2025,,Referral,Teeth Whitening,Clinic B,Contacted - No Appointment,9,No,
L00038,06-09-2025,,Google Organic,General Dentistry,Clinic D,Not Contacted/Cold,48,No,
L00039,14-12-2025,,Google Ads,Invisalign,Clinic A,Contacted - No Appointment,33,No,
L00040,05-11-2025,P00040,Google Ads,General Dentistry,Clinic A,Appointment Booked,16,Yes,18-11-2025
L00041,27-05-2025,P00041,Referral,Invisalign,Clinic B,Appointment Booked,31,Yes,28-05-2025
L00042,21-08-2025,P00042,Facebook,Dental Implant,Clinic B,Appointment Booked,21,Yes,30-08-2025
L00043,15-07-2025,,Google Ads,General Dentistry,Clinic A,Contacted - No Appointment,25,No,
L00044,01-03-2025,P00044,Instagram,General Dentistry,Clinic C,Appointment Booked,34,Yes,02-03-2025
L00045,05-08-2025,,Facebook,Dental Crown,Clinic C,Contacted - No Appointment,19,No,
L00046,16-11-2025,,Instagram,Invisalign,Clinic B,Contacted - No Appointment,25,No,
L00047,28-11-2025,,Facebook,Invisalign,Clinic D,Contacted - No Appointment,8,No,
L00048,18-11-2025,,Google Organic,Root Canal,Clinic C,Contacted - No Appointment,29,No,
L00049,17-10-2025,,Referral,General Dentistry,Clinic D,Contacted - No Appointment,4,No,
L00050,29-01-2025,P00050,Google Ads,Dental Implant,Clinic A,Appointment Booked,34,Yes,04-02-2025
L00051,25-10-2025,,Facebook,General Dentistry,Clinic C,Contacted - No Appointment,3,No,
L00052,31-01-2025,,Facebook,Invisalign,Clinic D,Contacted - No Appointment,35,No,
L00053,18-11-2025,,Referral,Teeth Whitening,Clinic C,Contacted - No Appointment,26,No,
L00054,15-09-2025,P00054,Facebook,General Dentistry,Clinic C,Appointment Booked,19,Yes,27-09-2025
L00055,07-05-2025,,Facebook,Root Canal,Clinic B,Not Contacted/Cold,112,No,
L00056,29-09-2025,,Instagram,Root Canal,Clinic A,Contacted - No Appointment,30,No,
L00057,27-06-2025,,Facebook,Teeth Whitening,Clinic B,Not Contacted/Cold,49,No,
L00058,22-08-2025,P00058,Referral,Root Canal,Clinic B,Appointment Booked,13,Yes,26-08-2025
L00059,22-08-2025,,Referral,Dental Crown,Clinic D,Contacted - No Appointment,25,No,
L00060,09-02-2025,P00060,Facebook,Dental Crown,Clinic A,Appointment Booked,13,Yes,20-02-2025
L00061,04-07-2025,P00061,Instagram,Dental Implant,Clinic D,Appointment Booked,22,Yes,08-07-2025
L00062,10-05-2025,,Google Ads,General Dentistry,Clinic D,Contacted - No Appointment,27,No,
L00063,17-01-2025,P00063,Google Organic,Invisalign,Clinic A,Appointment Booked,29,Yes,23-01-2025
L00064,14-07-2025,P00064,Google Organic,General Dentistry,Clinic B,Appointment Booked,4,Yes,19-07-2025
L00065,04-08-2025,,Facebook,Invisalign,Clinic D,Contacted - No Appointment,13,No,
L00066,14-08-2025,,Google Ads,Teeth Whitening,Clinic D,Contacted - No Appointment,22,No,
L00067,27-11-2025,,Referral,Invisalign,Clinic B,Contacted - No Appointment,17,No,
L00068,12-05-2025,,Facebook,Invisalign,Clinic B,Contacted - No Appointment,30,No,
L00069,27-06-2025,,Instagram,Invisalign,Clinic C,Contacted - No Appointment,7,No,
L00070,30-08-2025,,Google Ads,Teeth Whitening,Clinic C,Contacted - No Appointment,28,No,
L00071,31-01-2025,P00071,Facebook,Dental Crown,Clinic B,Appointment Booked,11,Yes,03-02-2025
L00072,29-05-2025,,Google Organic,General Dentistry,Clinic C,Contacted - No Appointment,13,No,
L00073,10-09-2025,,Facebook,Invisalign,Clinic A,Contacted - No Appointment,35,No,
L00074,06-06-2025,,Instagram,Dental Crown,Clinic A,Not Contacted/Cold,54,No,
L00075,16-03-2025,P00075,Google Ads,Teeth Whitening,Clinic B,Appointment Booked,21,Yes,21-03-2025
L00076,02-06-2025,,Facebook,Dental Implant,Clinic B,Contacted - No Appointment,43,No,
L00077,22-01-2025,,Referral,Root Canal,Clinic B,Contacted - No Appointment,13,No,
L00078,18-02-2025,P00078,Instagram,Root Canal,Clinic B,Appointment Booked,44,Yes,23-02-2025
L00079,07-05-2025,,Referral,Root Canal,Clinic B,Contacted - No Appointment,21,No,
L00080,08-11-2025,P00080,Referral,Invisalign,Clinic A,Appointment Booked,9,Yes,17-11-2025
L00081,24-09-2025,,Referral,Dental Crown,Clinic B,Contacted - No Appointment,6,No,
L00082,16-12-2025,P00082,Referral,Invisalign,Clinic D,Appointment Booked,67,Yes,30-12-2025
L00083,13-06-2025,,Google Ads,Teeth Whitening,Clinic B,Contacted - No Appointment,40,No,
L00084,09-08-2025,,Referral,General Dentistry,Clinic B,Contacted - No Appointment,12,No,
L00085,28-08-2025,,Google Ads,Dental Crown,Clinic C,Contacted - No Appointment,43,No,
L00086,16-09-2025,P00086,Google Ads,Dental Crown,Clinic D,Appointment Booked,7,Yes,30-09-2025
L00087,14-09-2025,P00087,Google Ads,Dental Implant,Clinic A,Appointment Booked,12,Yes,20-09-2025
L00088,04-01-2025,P00088,Facebook,General Dentistry,Clinic C,Appointment Booked,10,Yes,16-01-2025
L00089,11-02-2025,,Instagram,Invisalign,Clinic C,Contacted - No Appointment,13,No,
L00090,12-11-2025,,Facebook,Dental Crown,Clinic C,Not Contacted/Cold,46,No,
L00091,26-03-2025,,Google Ads,General Dentistry,Clinic A,Contacted - No Appointment,31,No,
L00092,09-08-2025,,Facebook,Dental Crown,Clinic C,Contacted - No Appointment,17,No,
L00093,10-04-2025,P00093,Facebook,Teeth Whitening,Clinic A,Appointment Booked,36,Yes,17-04-2025
L00094,13-08-2025,,Google Organic,Root Canal,Clinic C,Contacted - No Appointment,2,No,
L00095,28-07-2025,P00095,Google Ads,Dental Implant,Clinic C,Appointment Booked,18,Yes,08-08-2025
L00096,26-08-2025,,Google Ads,Teeth Whitening,Clinic A,Not Contacted/Cold,47,No,
L00097,26-07-2025,P00097,Google Ads,Dental Implant,Clinic D,Appointment Booked,11,Yes,07-08-2025
L00098,05-02-2025,,Facebook,Teeth Whitening,Clinic A,Contacted - No Appointment,31,No,
L00099,06-11-2025,,Instagram,Dental Implant,Clinic D,Contacted - No Appointment,16,No,
L00100,08-05-2025,P00100,Facebook,General Dentistry,Clinic B,Appointment Booked,27,Yes,20-05-2025
L00101,07-01-2025,P00101,Facebook,Dental Implant,Clinic A,Appointment Booked,22,Yes,14-01-2025
L00102,03-02-2025,,Facebook,Root Canal,Clinic A,Contacted - No Appointment,23,No,
L00103,16-09-2025,P00103,Facebook,Dental Crown,Clinic D,Appointment Booked,7,Yes,18-09-2025
L00104,03-11-2025,,Referral,Root Canal,Clinic A,Contacted - No Appointment,20,No,
L00105,12-01-2025,,Google Ads,Invisalign,Clinic A,Contacted - No Appointment,17,No,
L00106,07-09-2025,,Google Organic,Root Canal,Clinic B,Contacted - No Appointment,3,No,
L00107,08-02-2025,,Google Organic,Invisalign,Clinic C,Contacted - No Appointment,11,No,
L00108,19-10-2025,P00108,Google Ads,Root Canal,Clinic C,Appointment Booked,10,Yes,29-10-2025
L00109,13-09-2025,,Referral,Root Canal,Clinic A,Contacted - No Appointment,29,No,
L00110,12-10-2025,P00110,Google Organic,Dental Crown,Clinic B,Appointment Booked,30,Yes,22-10-2025
L00111,01-02-2025,P00111,Google Organic,Invisalign,Clinic A,Appointment Booked,9,Yes,11-02-2025
L00112,31-01-2025,,Facebook,General Dentistry,Clinic A,Contacted - No Appointment,16,No,
L00113,10-02-2025,,Instagram,Root Canal,Clinic B,Contacted - No Appointment,4,No,
L00114,16-09-2025,,Google Ads,Invisalign,Clinic C,Contacted - No Appointment,9,No,
L00115,03-08-2025,,Google Ads,Root Canal,Clinic A,Contacted - No Appointment,20,No,
L00116,30-09-2025,,Google Organic,General Dentistry,Clinic B,Not Contacted/Cold,58,No,
L00117,30-06-2025,P00117,Referral,Dental Implant,Clinic B,Appointment Booked,38,Yes,10-07-2025
L00118,08-05-2025,,Google Ads,Dental Crown,Clinic D,Contacted - No Appointment,41,No,
L00119,15-01-2025,P00119,Google Organic,Root Canal,Clinic D,Appointment Booked,9,Yes,24-01-2025
L00120,25-12-2025,P00120,Google Organic,Dental Implant,Clinic D,Appointment Booked,12,Yes,29-12-2025
L00121,22-09-2025,,Google Ads,Teeth Whitening,Clinic A,Contacted - No Appointment,13,No,
L00122,01-03-2025,,Facebook,Root Canal,Clinic A,Contacted - No Appointment,32,No,
L00123,30-07-2025,,Facebook,Invisalign,Clinic B,Contacted - No Appointment,14,No,
L00124,01-01-2025,,Google Organic,General Dentistry,Clinic B,Contacted - No Appointment,31,No,
L00125,05-05-2025,,Google Organic,Dental Crown,Clinic B,Contacted - No Appointment,19,No,
L00126,17-03-2025,,Google Ads,General Dentistry,Clinic D,Contacted - No Appointment,33,No,
L00127,26-11-2025,,Instagram,Dental Crown,Clinic D,Contacted - No Appointment,43,No,
L00128,31-07-2025,P00128,Google Organic,Teeth Whitening,Clinic D,Appointment Booked,13,Yes,07-08-2025
L00129,19-06-2025,P00129,Google Organic,General Dentistry,Clinic B,Appointment Booked,27,Yes,02-07-2025
L00130,09-08-2025,P00130,Google Ads,Dental Implant,Clinic C,Appointment Booked,5,Yes,19-08-2025
L00131,02-10-2025,P00131,Facebook,Teeth Whitening,Clinic B,Appointment Booked,14,Yes,14-10-2025
L00132,08-11-2025,,Referral,Dental Crown,Clinic A,Contacted - No Appointment,24,No,
L00133,28-05-2025,,Facebook,Dental Implant,Clinic C,Not Contacted/Cold,58,No,
L00134,25-06-2025,,Facebook,Root Canal,Clinic A,Contacted - No Appointment,18,No,
L00135,05-07-2025,,Google Organic,Dental Implant,Clinic B,Not Contacted/Cold,47,No,
L00136,21-01-2025,,Google Ads,Teeth Whitening,Clinic B,Contacted - No Appointment,39,No,
L00137,02-05-2025,P00137,Referral,Root Canal,Clinic C,Appointment Booked,11,Yes,08-05-2025
L00138,25-02-2025,,Facebook,General Dentistry,Clinic D,Contacted - No Appointment,21,No,
L00139,08-10-2025,,Google Ads,Invisalign,Clinic B,Contacted - No Appointment,6,No,
L00140,07-08-2025,P00140,Google Ads,Dental Crown,Clinic D,Appointment Booked,97,Yes,21-08-2025
L00141,05-07-2025,P00141,Google Ads,Invisalign,Clinic B,Appointment Booked,16,Yes,10-07-2025
L00142,09-08-2025,,Google Ads,Dental Crown,Clinic B,Contacted - No Appointment,32,No,
L00143,10-12-2025,,Google Organic,Teeth Whitening,Clinic C,Contacted - No Appointment,31,No,
L00144,12-05-2025,,Google Ads,Teeth Whitening,Clinic C,Contacted - No Appointment,14,No,
L00145,19-11-2025,P00145,Referral,Teeth Whitening,Clinic D,Appointment Booked,10,Yes,24-11-2025
L00146,14-02-2025,,Facebook,General Dentistry,Clinic A,Contacted - No Appointment,20,No,
L00147,05-07-2025,,Facebook,Dental Implant,Clinic C,Contacted - No Appointment,42,No,
L00148,09-11-2025,P00148,Facebook,Invisalign,Clinic C,Appointment Booked,13,Yes,10-11-2025
L00149,31-10-2025,,Google Organic,Dental Crown,Clinic D,Not Contacted/Cold,47,No,
L00150,25-07-2025,P00150,Facebook,Root Canal,Clinic A,Appointment Booked,25,Yes,01-08-2025
L00151,18-05-2025,,Google Ads,Invisalign,Clinic D,Contacted - No Appointment,8,No,
L00152,24-03-2025,,Referral,Dental Crown,Clinic C,Contacted - No Appointment,6,No,
L00153,22-02-2025,,Facebook,Root Canal,Clinic B,Contacted - No Appointment,26,No,
L00154,30-06-2025,P00154,Google Ads,Root Canal,Clinic B,Appointment Booked,13,Yes,03-07-2025
L00155,09-11-2025,,Facebook,Teeth Whitening,Clinic B,Not Contacted/Cold,47,No,
L00156,26-08-2025,P00156,Instagram,Root Canal,Clinic C,Appointment Booked,29,Yes,03-09-2025
L00157,31-08-2025,P00157,Google Ads,Dental Implant,Clinic D,Appointment Booked,21,Yes,13-09-2025
L00158,03-04-2025,P00158,Google Organic,Dental Implant,Clinic C,Appointment Booked,11,Yes,15-04-2025
L00159,01-06-2025,,Instagram,General Dentistry,Clinic C,Not Contacted/Cold,58,No,
L00160,24-09-2025,,Instagram,General Dentistry,Clinic C,Contacted - No Appointment,7,No,
L00161,24-08-2025,,Facebook,Dental Crown,Clinic A,Contacted - No Appointment,19,No,
L00162,05-03-2025,,Referral,Root Canal,Clinic A,Contacted - No Appointment,17,No,
L00163,07-08-2025,,Google Ads,General Dentistry,Clinic B,Contacted - No Appointment,22,No,
L00164,22-11-2025,,Instagram,Dental Crown,Clinic B,Contacted - No Appointment,5,No,
L00165,22-06-2025,,Facebook,General Dentistry,Clinic A,Contacted - No Appointment,4,No,
L00166,06-01-2025,,Google Organic,Teeth Whitening,Clinic B,Contacted - No Appointment,10,No,
L00167,30-04-2025,,Google Ads,Root Canal,Clinic B,Contacted - No Appointment,13,No,
L00168,28-05-2025,,Google Ads,Root Canal,Clinic A,Contacted - No Appointment,14,No,
L00169,25-04-2025,P00169,Google Organic,Invisalign,Clinic B,Appointment Booked,11,Yes,26-04-2025
L00170,14-09-2025,,Facebook,Invisalign,Clinic A,Contacted - No Appointment,25,No,
L00171,28-05-2025,,Facebook,Teeth Whitening,Clinic D,Contacted - No Appointment,6,No,
L00172,29-05-2025,,Instagram,General Dentistry,Clinic D,Contacted - No Appointment,21,No,
L00173,24-11-2025,,Google Organic,Teeth Whitening,Clinic C,Contacted - No Appointment,8,No,
L00174,22-03-2025,P00174,Google Ads,Root Canal,Clinic A,Appointment Booked,7,Yes,25-03-2025
L00175,23-09-2025,,Google Ads,Dental Implant,Clinic D,Contacted - No Appointment,14,No,
L00176,29-10-2025,,Referral,Dental Implant,Clinic D,Contacted - No Appointment,17,No,
L00177,21-03-2025,P00177,Instagram,Root Canal,Clinic D,Appointment Booked,26,Yes,02-04-2025
L00178,10-03-2025,,Facebook,Root Canal,Clinic A,Contacted - No Appointment,5,No,
L00179,20-12-2025,,Google Organic,Dental Crown,Clinic C,Contacted - No Appointment,38,No,
L00180,09-10-2025,P00180,Facebook,Dental Implant,Clinic D,Appointment Booked,12,Yes,22-10-2025
L00181,17-03-2025,,Google Ads,General Dentistry,Clinic C,Contacted - No Appointment,21,No,
L00182,09-04-2025,P00182,Google Ads,Root Canal,Clinic C,Appointment Booked,40,Yes,18-04-2025
L00183,02-04-2025,,Facebook,General Dentistry,Clinic B,Contacted - No Appointment,17,No,
L00184,11-11-2025,P00184,Referral,Root Canal,Clinic C,Appointment Booked,19,Yes,18-11-2025
L00185,15-11-2025,,Google Ads,Dental Implant,Clinic A,Contacted - No Appointment,5,No,
L00186,09-01-2025,,Google Ads,Teeth Whitening,Clinic C,Contacted - No Appointment,19,No,
L00187,13-09-2025,P00187,Referral,Teeth Whitening,Clinic A,Appointment Booked,60,Yes,19-09-2025
L00188,28-06-2025,,Google Ads,Root Canal,Clinic B,Contacted - No Appointment,7,No,
L00189,26-11-2025,,Instagram,Root Canal,Clinic B,Not Contacted/Cold,46,No,
L00190,03-04-2025,,Google Ads,Dental Implant,Clinic C,Contacted - No Appointment,24,No,
L00191,08-02-2025,,Instagram,Dental Crown,Clinic A,Contacted - No Appointment,6,No,
L00192,07-02-2025,,Facebook,General Dentistry,Clinic C,Contacted - No Appointment,4,No,
L00193,11-01-2025,,Google Ads,Dental Implant,Clinic D,Contacted - No Appointment,10,No,
L00194,07-03-2025,P00194,Instagram,Invisalign,Clinic A,Appointment Booked,24,Yes,08-03-2025
L00195,21-11-2025,,Google Organic,General Dentistry,Clinic A,Contacted - No Appointment,36,No,
L00196,20-12-2025,,Google Organic,Invisalign,Clinic A,Contacted - No Appointment,34,No,
L00197,22-05-2025,P00197,Instagram,Dental Crown,Clinic D,Appointment Booked,33,Yes,28-05-2025
L00198,25-07-2025,,Facebook,Root Canal,Clinic C,Contacted - No Appointment,8,No,
L00199,08-02-2025,,Facebook,Dental Crown,Clinic B,Contacted - No Appointment,24,No,
L00200,03-10-2025,P00200,Instagram,Root Canal,Clinic A,Appointment Booked,10,Yes,15-10-2025
L00201,22-04-2025,,Google Organic,Invisalign,Clinic C,Contacted - No Appointment,34,No,
L00202,24-09-2025,P00202,Instagram,Dental Implant,Clinic D,Appointment Booked,74,Yes,04-10-2025
L00203,28-11-2025,P00203,Instagram,Teeth Whitening,Clinic D,Appointment Booked,4,Yes,07-12-2025
L00204,12-09-2025,P00204,Google Ads,Teeth Whitening,Clinic C,Appointment Booked,9,Yes,13-09-2025
L00205,04-02-2025,,Google Ads,Dental Crown,Clinic A,Contacted - No Appointment,37,No,
L00206,29-12-2025,,Google Ads,Dental Crown,Clinic A,Contacted - No Appointment,26,No,
L00207,05-09-2025,,Referral,Invisalign,Clinic A,Contacted - No Appointment,30,No,
L00208,29-09-2025,P00208,Google Organic,Dental Implant,Clinic A,Appointment Booked,4,Yes,04-10-2025
L00209,01-01-2025,P00209,Instagram,Teeth Whitening,Clinic A,Appointment Booked,36,Yes,06-01-2025
L00210,23-12-2025,,Google Ads,Root Canal,Clinic B,Contacted - No Appointment,25,No,
L00211,20-06-2025,P00211,Google Ads,Invisalign,Clinic B,Appointment Booked,5,Yes,01-07-2025
L00212,23-11-2025,P00212,Referral,Dental Implant,Clinic D,Appointment Booked,24,Yes,04-12-2025
L00213,30-01-2025,,Referral,Dental Implant,Clinic C,Contacted - No Appointment,20,No,
L00214,15-07-2025,P00214,Google Ads,Invisalign,Clinic D,Appointment Booked,8,Yes,20-07-2025
L00215,01-08-2025,P00215,Google Organic,Teeth Whitening,Clinic C,Appointment Booked,12,Yes,03-08-2025
L00216,19-06-2025,,Facebook,General Dentistry,Clinic A,Contacted - No Appointment,32,No,
L00217,04-12-2025,,Facebook,General Dentistry,Clinic C,Contacted - No Appointment,17,No,
L00218,09-12-2025,,Google Organic,General Dentistry,Clinic B,Contacted - No Appointment,40,No,
L00219,02-05-2025,,Instagram,General Dentistry,Clinic C,Contacted - No Appointment,10,No,
L00220,07-04-2025,P00220,Google Organic,Root Canal,Clinic B,Appointment Booked,20,Yes,16-04-2025
L00221,24-01-2025,P00221,Google Ads,Invisalign,Clinic D,Appointment Booked,7,Yes,01-02-2025
L00222,14-01-2025,,Facebook,Teeth Whitening,Clinic B,Contacted - No Appointment,10,No,
L00223,20-07-2025,,Facebook,Invisalign,Clinic B,Contacted - No Appointment,42,No,
L00224,17-05-2025,P00224,Facebook,Invisalign,Clinic D,Appointment Booked,24,Yes,19-05-2025
L00225,01-09-2025,P00225,Facebook,Invisalign,Clinic A,Appointment Booked,29,Yes,06-09-2025
L00226,29-09-2025,,Google Ads,Root Canal,Clinic C,Contacted - No Appointment,15,No,
L00227,24-08-2025,,Facebook,Invisalign,Clinic C,Contacted - No Appointment,3,No,
L00228,01-10-2025,,Facebook,Dental Implant,Clinic D,Contacted - No Appointment,37,No,
L00229,29-01-2025,,Google Organic,Root Canal,Clinic D,Contacted - No Appointment,19,No,
L00230,03-02-2025,P00230,Instagram,General Dentistry,Clinic D,Appointment Booked,13,Yes,12-02-2025
L00231,20-11-2025,,Instagram,Dental Crown,Clinic A,Contacted - No Appointment,7,No,
L00232,10-03-2025,,Google Ads,General Dentistry,Clinic D,Contacted - No Appointment,6,No,
L00233,18-12-2025,,Facebook,Invisalign,Clinic C,Contacted - No Appointment,27,No,
L00234,18-09-2025,P00234,Google Ads,Dental Implant,Clinic C,Appointment Booked,17,Yes,29-09-2025
L00235,26-01-2025,,Google Ads,Dental Crown,Clinic A,Contacted - No Appointment,28,No,
L00236,02-10-2025,,Google Ads,Root Canal,Clinic C,Contacted - No Appointment,42,No,
L00237,20-02-2025,,Google Ads,Dental Crown,Clinic D,Contacted - No Appointment,22,No,
L00238,09-03-2025,P00238,Instagram,Teeth Whitening,Clinic D,Appointment Booked,15,Yes,17-03-2025
L00239,05-01-2025,P00239,Referral,Teeth Whitening,Clinic B,Appointment Booked,9,Yes,16-01-2025
L00240,12-12-2025,,Google Ads,General Dentistry,Clinic A,Contacted - No Appointment,3,No,
L00241,30-01-2025,,Google Organic,Root Canal,Clinic B,Contacted - No Appointment,17,No,
L00242,26-05-2025,,Google Ads,Invisalign,Clinic D,Contacted - No Appointment,22,No,
L00243,22-05-2025,,Instagram,Dental Crown,Clinic C,Contacted - No Appointment,16,No,
L00244,16-06-2025,,Instagram,Dental Implant,Clinic B,Not Contacted/Cold,55,No,
L00245,23-01-2025,P00245,Referral,Invisalign,Clinic A,Appointment Booked,19,Yes,30-01-2025
L00246,16-06-2025,,Google Ads,Invisalign,Clinic B,Contacted - No Appointment,14,No,
L00247,03-09-2025,P00247,Facebook,Root Canal,Clinic B,Appointment Booked,19,Yes,11-09-2025
L00248,14-05-2025,,Google Ads,Dental Implant,Clinic D,Contacted - No Appointment,12,No,
L00249,08-07-2025,P00249,Facebook,Dental Implant,Clinic C,Appointment Booked,6,Yes,12-07-2025
L00250,25-03-2025,P00250,Referral,Dental Crown,Clinic B,Appointment Booked,27,Yes,06-04-2025
L00251,07-04-2025,P00251,Google Organic,Dental Crown,Clinic C,Appointment Booked,18,Yes,17-04-2025
L00252,26-09-2025,,Google Organic,Teeth Whitening,Clinic A,Contacted - No Appointment,5,No,
L00253,30-07-2025,,Facebook,Dental Crown,Clinic D,Contacted - No Appointment,23,No,
L00254,24-05-2025,P00254,Referral,Dental Implant,Clinic B,Appointment Booked,20,Yes,07-06-2025
L00255,01-01-2025,,Facebook,Invisalign,Clinic B,Contacted - No Appointment,26,No,
L00256,07-06-2025,P00256,Google Ads,Dental Implant,Clinic B,Appointment Booked,7,Yes,14-06-2025
L00257,19-06-2025,,Google Organic,General Dentistry,Clinic C,Contacted - No Appointment,8,No,
L00258,26-09-2025,P00258,Google Ads,Teeth Whitening,Clinic C,Appointment Booked,16,Yes,29-09-2025
L00259,31-07-2025,,Google Ads,Invisalign,Clinic C,Contacted - No Appointment,17,No,
L00260,29-04-2025,,Google Ads,Invisalign,Clinic B,Contacted - No Appointment,17,No,
L00261,31-05-2025,P00261,Instagram,General Dentistry,Clinic B,Appointment Booked,19,Yes,07-06-2025
L00262,14-07-2025,,Instagram,Dental Crown,Clinic A,Contacted - No Appointment,11,No,
L00263,17-03-2025,,Google Ads,Teeth Whitening,Clinic C,Contacted - No Appointment,37,No,
L00264,22-08-2025,,Google Organic,Invisalign,Clinic A,Contacted - No Appointment,25,No,
L00265,30-03-2025,,Google Organic,Invisalign,Clinic C,Contacted - No Appointment,20,No,
L00266,19-02-2025,,Referral,Teeth Whitening,Clinic D,Contacted - No Appointment,14,No,
L00267,09-09-2025,,Instagram,Dental Crown,Clinic D,Contacted - No Appointment,27,No,
L00268,08-03-2025,,Google Organic,Dental Crown,Clinic B,Contacted - No Appointment,31,No,
L00269,19-07-2025,,Google Organic,Dental Crown,Clinic B,Contacted - No Appointment,32,No,
L00270,28-06-2025,,Google Ads,Dental Crown,Clinic A,Contacted - No Appointment,7,No,
L00271,04-10-2025,,Facebook,Teeth Whitening,Clinic C,Contacted - No Appointment,25,No,
L00272,08-10-2025,,Facebook,Invisalign,Clinic D,Contacted - No Appointment,5,No,
L00273,27-02-2025,P00273,Google Ads,Root Canal,Clinic A,Appointment Booked,26,Yes,02-03-2025
L00274,10-01-2025,,Google Ads,General Dentistry,Clinic B,Contacted - No Appointment,24,No,
L00275,03-01-2025,P00275,Facebook,Invisalign,Clinic D,Appointment Booked,24,Yes,10-01-2025
L00276,14-05-2025,P00276,Google Ads,Root Canal,Clinic D,Appointment Booked,19,Yes,15-05-2025
L00277,26-08-2025,,Google Ads,Teeth Whitening,Clinic A,Contacted - No Appointment,17,No,
L00278,17-08-2025,P00278,Facebook,General Dentistry,Clinic C,Appointment Booked,17,Yes,24-08-2025
L00279,31-03-2025,,Google Organic,Root Canal,Clinic A,Contacted - No Appointment,18,No,
L00280,16-09-2025,,Google Organic,Root Canal,Clinic A,Contacted - No Appointment,21,No,
L00281,07-03-2025,P00281,Facebook,General Dentistry,Clinic D,Appointment Booked,12,Yes,20-03-2025
L00282,11-04-2025,P00282,Facebook,Teeth Whitening,Clinic D,Appointment Booked,18,Yes,16-04-2025
L00283,18-03-2025,,Facebook,Teeth Whitening,Clinic D,Contacted - No Appointment,21,No,
L00284,15-09-2025,,Google Ads,Root Canal,Clinic A,Contacted - No Appointment,44,No,
L00285,20-02-2025,,Google Ads,Invisalign,Clinic D,Contacted - No Appointment,40,No,
L00286,01-08-2025,,Google Organic,Dental Crown,Clinic B,Contacted - No Appointment,10,No,
L00287,10-09-2025,P00287,Facebook,General Dentistry,Clinic B,Appointment Booked,18,Yes,16-09-2025
L00288,03-05-2025,,Google Organic,General Dentistry,Clinic C,Contacted - No Appointment,27,No,
L00289,05-03-2025,,Google Organic,Dental Implant,Clinic A,Contacted - No Appointment,2,No,
L00290,27-10-2025,,Google Ads,Root Canal,Clinic D,Contacted - No Appointment,29,No,
L00291,03-12-2025,P00291,Facebook,Root Canal,Clinic C,Appointment Booked,9,Yes,15-12-2025
L00292,13-01-2025,,Facebook,General Dentistry,Clinic A,Contacted - No Appointment,31,No,
L00293,16-05-2025,,Facebook,Dental Crown,Clinic A,Contacted - No Appointment,34,No,
L00294,09-07-2025,,Facebook,Root Canal,Clinic A,Contacted - No Appointment,13,No,
L00295,03-05-2025,,Referral,Dental Implant,Clinic A,Contacted - No Appointment,16,No,
L00296,12-06-2025,P00296,Google Organic,Dental Crown,Clinic C,Appointment Booked,39,Yes,24-06-2025
L00297,24-03-2025,P00297,Referral,Dental Implant,Clinic D,Appointment Booked,6,Yes,06-04-2025
L00298,08-11-2025,,Google Ads,General Dentistry,Clinic A,Not Contacted/Cold,46,No,
L00299,30-01-2025,,Google Ads,Teeth Whitening,Clinic A,Contacted - No Appointment,34,No,
L00300,19-03-2025,,Google Ads,Root Canal,Clinic C,Contacted - No Appointment,23,No,
L00301,30-12-2025,,Google Ads,Root Canal,Clinic D,Contacted - No Appointment,7,No,
L00302,08-12-2025,P00302,Facebook,General Dentistry,Clinic B,Appointment Booked,8,Yes,09-12-2025
L00303,05-02-2025,P00303,Instagram,Invisalign,Clinic B,Appointment Booked,26,Yes,17-02-2025
L00304,20-01-2025,,Facebook,Invisalign,Clinic C,Contacted - No Appointment,18,No,
L00305,13-08-2025,,Referral,General Dentistry,Clinic B,Contacted - No Appointment,21,No,
L00306,15-07-2025,P00306,Referral,Teeth Whitening,Clinic A,Appointment Booked,19,Yes,29-07-2025
L00307,05-08-2025,,Google Ads,General Dentistry,Clinic C,Contacted - No Appointment,21,No,
L00308,15-03-2025,P00308,Referral,Invisalign,Clinic C,Appointment Booked,60,Yes,16-03-2025
L00309,23-12-2025,,Facebook,Dental Implant,Clinic C,Contacted - No Appointment,4,No,
L00310,24-04-2025,,Facebook,Dental Implant,Clinic C,Contacted - No Appointment,20,No,
L00311,24-01-2025,,Google Organic,Invisalign,Clinic C,Contacted - No Appointment,3,No,
L00312,20-01-2025,,Google Ads,Teeth Whitening,Clinic A,Contacted - No Appointment,22,No,
L00313,06-12-2025,,Referral,Invisalign,Clinic B,Contacted - No Appointment,26,No,
L00314,25-01-2025,P00314,Google Organic,Teeth Whitening,Clinic A,Appointment Booked,23,Yes,27-01-2025
L00315,27-03-2025,P00315,Referral,Invisalign,Clinic A,Appointment Booked,18,Yes,28-03-2025
L00316,04-12-2025,,Referral,Root Canal,Clinic C,Contacted - No Appointment,2,No,
L00317,04-09-2025,P00317,Facebook,General Dentistry,Clinic D,Appointment Booked,43,Yes,12-09-2025
L00318,08-10-2025,P00318,Google Ads,Invisalign,Clinic D,Appointment Booked,2,Yes,17-10-2025
L00319,10-10-2025,,Google Ads,Root Canal,Clinic C,Contacted - No Appointment,40,No,
L00320,16-03-2025,,Facebook,Invisalign,Clinic A,Contacted - No Appointment,28,No,
L00321,17-02-2025,,Google Ads,Dental Implant,Clinic A,Contacted - No Appointment,17,No,
L00322,11-01-2025,P00322,Google Organic,Root Canal,Clinic D,Appointment Booked,24,Yes,15-01-2025
L00323,01-08-2025,,Google Ads,Root Canal,Clinic C,Contacted - No Appointment,23,No,
L00324,28-08-2025,,Referral,Dental Crown,Clinic C,Contacted - No Appointment,5,No,
L00325,02-09-2025,,Google Organic,Teeth Whitening,Clinic D,Contacted - No Appointment,5,No,
L00326,15-08-2025,,Google Ads,Root Canal,Clinic C,Not Contacted/Cold,56,No,
L00327,01-05-2025,,Facebook,Dental Implant,Clinic D,Contacted - No Appointment,18,No,
L00328,04-05-2025,,Facebook,Dental Crown,Clinic A,Contacted - No Appointment,2,No,
L00329,31-05-2025,,Facebook,Dental Implant,Clinic C,Contacted - No Appointment,8,No,
L00330,20-06-2025,,Facebook,Dental Crown,Clinic D,Contacted - No Appointment,34,No,
L00331,12-12-2025,P00331,Google Ads,Dental Crown,Clinic B,Appointment Booked,6,Yes,26-12-2025
L00332,15-07-2025,,Google Organic,Invisalign,Clinic C,Contacted - No Appointment,25,No,
L00333,16-04-2025,,Facebook,Teeth Whitening,Clinic B,Contacted - No Appointment,19,No,
L00334,17-12-2025,,Google Organic,General Dentistry,Clinic D,Contacted - No Appointment,19,No,
L00335,30-03-2025,,Google Organic,Teeth Whitening,Clinic A,Contacted - No Appointment,18,No,
L00336,23-08-2025,,Google Ads,Invisalign,Clinic C,Contacted - No Appointment,20,No,
L00337,09-07-2025,P00337,Google Ads,Dental Crown,Clinic A,Appointment Booked,9,Yes,17-07-2025
L00338,12-09-2025,P00338,Google Organic,General Dentistry,Clinic C,Appointment Booked,57,Yes,14-09-2025
L00339,11-02-2025,,Referral,Invisalign,Clinic A,Contacted - No Appointment,2,No,
L00340,23-07-2025,P00340,Facebook,General Dentistry,Clinic A,Appointment Booked,10,Yes,31-07-2025
L00341,23-10-2025,,Google Ads,Dental Implant,Clinic B,Contacted - No Appointment,12,No,
L00342,21-05-2025,,Google Ads,Dental Implant,Clinic D,Contacted - No Appointment,22,No,
L00343,29-04-2025,,Google Ads,Teeth Whitening,Clinic A,Contacted - No Appointment,30,No,
L00344,27-04-2025,,Facebook,Teeth Whitening,Clinic A,Contacted - No Appointment,34,No,
L00345,24-01-2025,P00345,Facebook,Teeth Whitening,Clinic D,Appointment Booked,39,Yes,07-02-2025
L00346,07-01-2025,P00346,Instagram,General Dentistry,Clinic B,Appointment Booked,17,Yes,14-01-2025
L00347,09-04-2025,P00347,Google Ads,Dental Implant,Clinic D,Appointment Booked,24,Yes,12-04-2025
L00348,05-07-2025,,Google Ads,Invisalign,Clinic A,Contacted - No Appointment,12,No,
L00349,03-06-2025,,Facebook,General Dentistry,Clinic C,Not Contacted/Cold,48,No,
L00350,23-08-2025,P00350,Referral,Dental Implant,Clinic A,Appointment Booked,22,Yes,31-08-2025
L00351,06-10-2025,P00351,Facebook,Dental Crown,Clinic A,Appointment Booked,12,Yes,07-10-2025
L00352,26-01-2025,,Referral,Root Canal,Clinic C,Contacted - No Appointment,13,No,
L00353,20-02-2025,,Facebook,Dental Implant,Clinic C,Contacted - No Appointment,33,No,
L00354,05-11-2025,,Google Ads,Invisalign,Clinic D,Contacted - No Appointment,30,No,
L00355,30-05-2025,,Google Ads,Root Canal,Clinic B,Contacted - No Appointment,20,No,
L00356,22-07-2025,,Google Organic,General Dentistry,Clinic B,Contacted - No Appointment,12,No,
L00357,23-12-2025,P00357,Facebook,Teeth Whitening,Clinic B,Appointment Booked,12,Yes,26-12-2025
L00358,11-08-2025,,Instagram,Dental Crown,Clinic D,Contacted - No Appointment,18,No,
L00359,24-11-2025,,Google Organic,Root Canal,Clinic B,Contacted - No Appointment,13,No,
L00360,29-06-2025,,Google Organic,Invisalign,Clinic B,Contacted - No Appointment,32,No,
L00361,09-04-2025,P00361,Google Ads,Dental Implant,Clinic B,Appointment Booked,11,Yes,18-04-2025
L00362,15-01-2025,,Google Organic,Root Canal,Clinic C,Contacted - No Appointment,22,No,
L00363,02-03-2025,,Facebook,Dental Implant,Clinic A,Contacted - No Appointment,1,No,
L00364,03-06-2025,,Facebook,Invisalign,Clinic D,Contacted - No Appointment,9,No,
L00365,28-09-2025,,Facebook,Root Canal,Clinic B,Contacted - No Appointment,26,No,
L00366,29-09-2025,,Instagram,Root Canal,Clinic D,Contacted - No Appointment,19,No,
L00367,08-09-2025,,Google Ads,Dental Implant,Clinic A,Contacted - No Appointment,12,No,
L00368,25-12-2025,,Facebook,Dental Crown,Clinic C,Contacted - No Appointment,20,No,
L00369,25-05-2025,,Facebook,Root Canal,Clinic D,Contacted - No Appointment,18,No,
L00370,19-11-2025,,Facebook,Dental Implant,Clinic A,Contacted - No Appointment,5,No,
L00371,25-08-2025,,Google Ads,General Dentistry,Clinic D,Contacted - No Appointment,28,No,
L00372,01-08-2025,,Google Ads,Dental Implant,Clinic B,Not Contacted/Cold,52,No,
L00373,29-10-2025,P00373,Google Ads,General Dentistry,Clinic D,Appointment Booked,25,Yes,03-11-2025
L00374,17-11-2025,,Facebook,Dental Implant,Clinic C,Contacted - No Appointment,35,No,
L00375,04-09-2025,,Referral,General Dentistry,Clinic B,Contacted - No Appointment,28,No,
L00376,11-03-2025,,Google Ads,Dental Implant,Clinic A,Contacted - No Appointment,27,No,
L00377,23-12-2025,P00377,Facebook,Teeth Whitening,Clinic B,Appointment Booked,28,Yes,31-12-2025
L00378,27-10-2025,,Facebook,Root Canal,Clinic A,Not Contacted/Cold,55,No,
L00379,23-10-2025,P00379,Google Organic,Teeth Whitening,Clinic A,Appointment Booked,3,Yes,24-10-2025
L00380,25-09-2025,,Google Ads,Root Canal,Clinic A,Contacted - No Appointment,11,No,
L00381,23-07-2025,P00381,Google Ads,Dental Implant,Clinic B,Appointment Booked,7,Yes,31-07-2025
L00382,06-01-2025,P00382,Google Ads,Teeth Whitening,Clinic D,Appointment Booked,14,Yes,19-01-2025
L00383,02-09-2025,P00383,Referral,Dental Implant,Clinic A,Appointment Booked,29,Yes,10-09-2025
L00384,30-08-2025,P00384,Instagram,General Dentistry,Clinic A,Appointment Booked,16,Yes,10-09-2025
L00385,08-05-2025,,Google Ads,Dental Implant,Clinic C,Contacted - No Appointment,11,No,
L00386,10-03-2025,,Google Ads,Root Canal,Clinic A,Contacted - No Appointment,15,No,
L00387,11-09-2025,,Google Ads,Teeth Whitening,Clinic A,Contacted - No Appointment,36,No,
L00388,11-05-2025,,Google Ads,Root Canal,Clinic A,Contacted - No Appointment,19,No,
L00389,27-12-2025,,Google Organic,Invisalign,Clinic D,Contacted - No Appointment,5,No,
L00390,02-09-2025,P00390,Facebook,Teeth Whitening,Clinic D,Appointment Booked,23,Yes,15-09-2025
L00391,09-09-2025,,Instagram,Teeth Whitening,Clinic B,Contacted - No Appointment,33,No,
L00392,13-05-2025,,Facebook,General Dentistry,Clinic C,Contacted - No Appointment,24,No,
L00393,15-08-2025,,Instagram,Root Canal,Clinic C,Contacted - No Appointment,29,No,
L00394,03-02-2025,,Google Ads,Root Canal,Clinic C,Contacted - No Appointment,20,No,
L00395,03-04-2025,P00395,Facebook,Root Canal,Clinic C,Appointment Booked,8,Yes,08-04-2025
L00396,03-03-2025,,Instagram,Invisalign,Clinic C,Contacted - No Appointment,19,No,
L00397,07-08-2025,,Google Ads,Teeth Whitening,Clinic B,Contacted - No Appointment,7,No,
L00398,04-06-2025,,Instagram,Invisalign,Clinic A,Contacted - No Appointment,32,No,
L00399,25-06-2025,P00399,Referral,Root Canal,Clinic B,Appointment Booked,23,Yes,01-07-2025
L00400,23-04-2025,P00400,Google Ads,Root Canal,Clinic D,Appointment Booked,29,Yes,28-04-2025
L00401,02-10-2025,P00401,Referral,Teeth Whitening,Clinic C,Appointment Booked,61,Yes,13-10-2025
L00402,21-07-2025,,Google Ads,General Dentistry,Clinic D,Contacted - No Appointment,27,No,
L00403,03-03-2025,P00403,Facebook,Dental Crown,Clinic D,Appointment Booked,16,Yes,09-03-2025
L00404,02-05-2025,,Instagram,Root Canal,Clinic A,Contacted - No Appointment,31,No,
L00405,23-05-2025,,Instagram,Teeth Whitening,Clinic C,Not Contacted/Cold,48,No,
L00406,26-03-2025,P00406,Google Ads,Dental Crown,Clinic C,Appointment Booked,10,Yes,02-04-2025
L00407,10-09-2025,,Google Organic,Dental Implant,Clinic D,Not Contacted/Cold,52,No,
L00408,12-12-2025,P00408,Referral,Dental Implant,Clinic D,Appointment Booked,12,Yes,13-12-2025
L00409,02-08-2025,P00409,Google Ads,Dental Implant,Clinic C,Appointment Booked,12,Yes,07-08-2025
L00410,19-12-2025,P00410,Referral,Root Canal,Clinic A,Appointment Booked,50,Yes,26-12-2025
L00411,01-03-2025,P00411,Instagram,General Dentistry,Clinic D,Appointment Booked,24,Yes,15-03-2025
L00412,09-04-2025,P00412,Referral,Invisalign,Clinic A,Appointment Booked,42,Yes,16-04-2025
L00413,30-09-2025,,Google Ads,Root Canal,Clinic D,Contacted - No Appointment,22,No,
L00414,19-04-2025,P00414,Google Organic,General Dentistry,Clinic D,Appointment Booked,16,Yes,30-04-2025
L00415,09-03-2025,P00415,Google Ads,General Dentistry,Clinic B,Appointment Booked,14,Yes,16-03-2025
L00416,17-06-2025,,Referral,Dental Crown,Clinic C,Contacted - No Appointment,16,No,
L00417,16-10-2025,P00417,Google Organic,Invisalign,Clinic B,Appointment Booked,18,Yes,30-10-2025
L00418,22-06-2025,,Facebook,Dental Implant,Clinic B,Not Contacted/Cold,49,No,
L00419,19-02-2025,,Google Ads,Dental Implant,Clinic B,Not Contacted/Cold,57,No,
L00420,27-01-2025,,Google Organic,Dental Implant,Clinic D,Contacted - No Appointment,13,No,
L00421,24-06-2025,P00421,Instagram,Invisalign,Clinic D,Appointment Booked,25,Yes,05-07-2025
L00422,23-01-2025,P00422,Facebook,Dental Crown,Clinic D,Appointment Booked,18,Yes,25-01-2025
L00423,31-03-2025,,Facebook,Dental Implant,Clinic A,Contacted - No Appointment,6,No,
L00424,15-07-2025,,Google Organic,Dental Implant,Clinic D,Contacted - No Appointment,36,No,
L00425,31-07-2025,,Facebook,Invisalign,Clinic C,Not Contacted/Cold,54,No,
L00426,26-04-2025,,Google Ads,Dental Crown,Clinic A,Contacted - No Appointment,15,No,
L00427,03-05-2025,P00427,Referral,Dental Crown,Clinic A,Appointment Booked,8,Yes,09-05-2025
L00428,28-04-2025,,Facebook,Dental Crown,Clinic B,Contacted - No Appointment,23,No,
L00429,12-03-2025,P00429,Facebook,Invisalign,Clinic D,Appointment Booked,9,Yes,13-03-2025
L00430,02-11-2025,,Google Ads,Root Canal,Clinic C,Contacted - No Appointment,7,No,
L00431,22-08-2025,P00431,Referral,Dental Implant,Clinic C,Appointment Booked,6,Yes,28-08-2025
L00432,13-10-2025,,Google Ads,Invisalign,Clinic A,Contacted - No Appointment,42,No,
L00433,11-11-2025,P00433,Instagram,General Dentistry,Clinic C,Appointment Booked,18,Yes,24-11-2025
L00434,12-05-2025,,Referral,General Dentistry,Clinic A,Contacted - No Appointment,25,No,
L00435,11-08-2025,,Google Ads,Dental Crown,Clinic B,Contacted - No Appointment,25,No,
L00436,24-11-2025,,Google Organic,General Dentistry,Clinic C,Contacted - No Appointment,18,No,
L00437,30-08-2025,,Facebook,Dental Crown,Clinic A,Contacted - No Appointment,24,No,
L00438,17-01-2025,P00438,Instagram,Dental Implant,Clinic D,Appointment Booked,19,Yes,28-01-2025
L00439,27-08-2025,,Facebook,General Dentistry,Clinic A,Contacted - No Appointment,13,No,
L00440,30-06-2025,,Google Organic,Dental Implant,Clinic C,Contacted - No Appointment,5,No,
L00441,04-07-2025,,Google Ads,Dental Crown,Clinic B,Contacted - No Appointment,45,No,
L00442,15-12-2025,P00442,Google Ads,Invisalign,Clinic C,Appointment Booked,8,Yes,17-12-2025
L00443,26-03-2025,P00443,Referral,Root Canal,Clinic A,Appointment Booked,22,Yes,06-04-2025
L00444,13-02-2025,P00444,Google Ads,Dental Crown,Clinic A,Appointment Booked,9,Yes,14-02-2025
L00445,26-05-2025,P00445,Google Organic,Root Canal,Clinic D,Appointment Booked,13,Yes,28-05-2025
L00446,29-08-2025,,Google Ads,Invisalign,Clinic B,Contacted - No Appointment,31,No,
L00447,14-08-2025,,Facebook,Invisalign,Clinic D,Contacted - No Appointment,5,No,
L00448,18-09-2025,P00448,Google Organic,Invisalign,Clinic D,Appointment Booked,7,Yes,23-09-2025
L00449,28-04-2025,,Google Ads,General Dentistry,Clinic A,Contacted - No Appointment,25,No,
L00450,28-05-2025,P00450,Referral,Teeth Whitening,Clinic B,Appointment Booked,9,Yes,01-06-2025
L00451,01-03-2025,P00451,Facebook,Root Canal,Clinic C,Appointment Booked,9,Yes,12-03-2025
L00452,09-02-2025,,Facebook,Invisalign,Clinic D,Contacted - No Appointment,7,No,
L00453,01-11-2025,,Instagram,Teeth Whitening,Clinic D,Contacted - No Appointment,9,No,
L00454,09-02-2025,,Facebook,Dental Implant,Clinic B,Contacted - No Appointment,22,No,
L00455,03-02-2025,,Facebook,Invisalign,Clinic D,Contacted - No Appointment,22,No,
L00456,28-05-2025,P00456,Google Organic,Root Canal,Clinic A,Appointment Booked,18,Yes,03-06-2025
L00457,02-10-2025,P00457,Facebook,General Dentistry,Clinic D,Appointment Booked,23,Yes,07-10-2025
L00458,17-11-2025,,Google Ads,Dental Implant,Clinic D,Contacted - No Appointment,37,No,
L00459,11-05-2025,P00459,Google Organic,Dental Implant,Clinic A,Appointment Booked,7,Yes,17-05-2025
L00460,10-11-2025,,Google Organic,Root Canal,Clinic B,Contacted - No Appointment,27,No,
L00461,20-10-2025,P00461,Facebook,Invisalign,Clinic A,Appointment Booked,23,Yes,21-10-2025
L00462,12-10-2025,,Facebook,Dental Crown,Clinic B,Contacted - No Appointment,5,No,
L00463,09-04-2025,,Google Organic,Root Canal,Clinic D,Contacted - No Appointment,20,No,
L00464,14-05-2025,,Facebook,Root Canal,Clinic B,Not Contacted/Cold,53,No,
L00465,07-07-2025,,Facebook,Dental Implant,Clinic A,Contacted - No Appointment,18,No,
L00466,13-03-2025,P00466,Referral,Dental Implant,Clinic B,Appointment Booked,20,Yes,20-03-2025
L00467,08-09-2025,P00467,Google Ads,General Dentistry,Clinic D,Appointment Booked,4,Yes,22-09-2025
L00468,25-09-2025,,Instagram,General Dentistry,Clinic C,Contacted - No Appointment,9,No,
L00469,20-02-2025,P00469,Referral,Invisalign,Clinic B,Appointment Booked,13,Yes,02-03-2025
L00470,24-04-2025,,Google Organic,Dental Implant,Clinic A,Not Contacted/Cold,49,No,
L00471,19-06-2025,P00471,Referral,Dental Implant,Clinic D,Appointment Booked,10,Yes,01-07-2025
L00472,22-05-2025,,Facebook,Dental Crown,Clinic D,Contacted - No Appointment,12,No,
L00473,08-08-2025,P00473,Google Ads,Teeth Whitening,Clinic B,Appointment Booked,10,Yes,19-08-2025
L00474,14-02-2025,,Referral,Root Canal,Clinic A,Contacted - No Appointment,9,No,
L00475,27-09-2025,P00475,Facebook,Dental Crown,Clinic A,Appointment Booked,14,Yes,05-10-2025
L00476,01-10-2025,P00476,Google Organic,Teeth Whitening,Clinic A,Appointment Booked,24,Yes,09-10-2025
L00477,16-04-2025,P00477,Google Ads,General Dentistry,Clinic C,Appointment Booked,18,Yes,30-04-2025
L00478,22-07-2025,,Google Organic,Dental Implant,Clinic D,Contacted - No Appointment,7,No,
L00479,18-11-2025,,Facebook,Invisalign,Clinic B,Not Contacted/Cold,56,No,
L00480,24-01-2025,P00480,Google Ads,Dental Implant,Clinic D,Appointment Booked,27,Yes,31-01-2025
L00481,05-02-2025,P00481,Facebook,General Dentistry,Clinic B,Appointment Booked,48,Yes,17-02-2025
L00482,17-01-2025,,Google Organic,Teeth Whitening,Clinic C,Contacted - No Appointment,18,No,
L00483,06-01-2025,,Google Ads,Dental Crown,Clinic C,Contacted - No Appointment,15,No,
L00484,20-06-2025,,Instagram,Dental Implant,Clinic A,Contacted - No Appointment,26,No,
L00485,16-10-2025,P00485,Facebook,Invisalign,Clinic B,Appointment Booked,49,Yes,30-10-2025
L00486,07-10-2025,,Google Ads,Invisalign,Clinic C,Not Contacted/Cold,68,No,
L00487,18-12-2025,P00487,Google Organic,Dental Crown,Clinic A,Appointment Booked,14,Yes,19-12-2025
L00488,10-10-2025,P00488,Facebook,Invisalign,Clinic B,Appointment Booked,36,Yes,19-10-2025
L00489,19-12-2025,P00489,Google Ads,Dental Implant,Clinic C,Appointment Booked,33,Yes,20-12-2025
L00490,28-12-2025,,Facebook,Teeth Whitening,Clinic D,Contacted - No Appointment,22,No,
L00491,26-07-2025,,Google Organic,Invisalign,Clinic B,Not Contacted/Cold,105,No,
L00492,15-05-2025,P00492,Referral,Root Canal,Clinic D,Appointment Booked,16,Yes,20-05-2025
L00493,06-11-2025,,Google Ads,Dental Implant,Clinic B,Contacted - No Appointment,14,No,
L00494,28-04-2025,P00494,Facebook,Teeth Whitening,Clinic D,Appointment Booked,30,Yes,11-05-2025
L00495,22-04-2025,P00495,Google Ads,Dental Crown,Clinic C,Appointment Booked,9,Yes,06-05-2025
L00496,14-11-2025,,Google Organic,General Dentistry,Clinic D,Contacted - No Appointment,33,No,
L00497,02-09-2025,,Facebook,Root Canal,Clinic B,Contacted - No Appointment,13,No,
L00498,26-03-2025,,Google Organic,General Dentistry,Clinic C,Contacted - No Appointment,9,No,
L00499,09-07-2025,,Facebook,General Dentistry,Clinic C,Contacted - No Appointment,25,No,
L00500,23-12-2025,,Google Organic,Dental Crown,Clinic B,Contacted - No Appointment,16,No,
L00501,15-10-2025,P00501,Facebook,General Dentistry,Clinic A,Appointment Booked,47,Yes,26-10-2025
L00502,06-01-2025,P00502,Referral,Invisalign,Clinic A,Appointment Booked,16,Yes,07-01-2025
L00503,23-10-2025,P00503,Google Ads,Root Canal,Clinic A,Appointment Booked,16,Yes,25-10-2025
L00504,14-08-2025,,Facebook,Dental Implant,Clinic D,Not Contacted/Cold,50,No,
L00505,21-08-2025,,Google Organic,Dental Crown,Clinic A,Contacted - No Appointment,30,No,
L00506,12-10-2025,P00506,Instagram,Teeth Whitening,Clinic A,Appointment Booked,23,Yes,16-10-2025
L00507,27-09-2025,,Google Ads,Teeth Whitening,Clinic C,Contacted - No Appointment,13,No,
L00508,05-11-2025,P00508,Referral,Dental Implant,Clinic B,Appointment Booked,5,Yes,15-11-2025
L00509,17-04-2025,,Google Ads,Root Canal,Clinic B,Contacted - No Appointment,24,No,
L00510,14-12-2025,,Google Ads,Dental Implant,Clinic A,Contacted - No Appointment,6,No,
L00511,22-06-2025,P00511,Facebook,Dental Crown,Clinic D,Appointment Booked,13,Yes,06-07-2025
L00512,25-06-2025,P00512,Facebook,Dental Implant,Clinic D,Appointment Booked,8,Yes,29-06-2025
L00513,15-09-2025,P00513,Google Organic,General Dentistry,Clinic D,Appointment Booked,5,Yes,28-09-2025
L00514,17-03-2025,,Facebook,Invisalign,Clinic B,Contacted - No Appointment,28,No,
L00515,24-05-2025,,Facebook,Invisalign,Clinic D,Contacted - No Appointment,17,No,
L00516,12-03-2025,,Facebook,General Dentistry,Clinic A,Contacted - No Appointment,5,No,
L00517,03-12-2025,P00517,Facebook,Root Canal,Clinic A,Appointment Booked,13,Yes,14-12-2025
L00518,17-03-2025,,Referral,Dental Implant,Clinic A,Contacted - No Appointment,29,No,
L00519,01-02-2025,,Referral,Root Canal,Clinic C,Contacted - No Appointment,1,No,
L00520,27-11-2025,,Facebook,Dental Implant,Clinic B,Contacted - No Appointment,20,No,
L00521,03-11-2025,,Google Ads,General Dentistry,Clinic C,Contacted - No Appointment,2,No,
L00522,01-12-2025,P00522,Referral,Dental Crown,Clinic A,Appointment Booked,14,Yes,08-12-2025
L00523,13-07-2025,P00523,Google Ads,Invisalign,Clinic B,Appointment Booked,22,Yes,27-07-2025
L00524,24-12-2025,,Google Ads,Dental Crown,Clinic C,Contacted - No Appointment,31,No,
L00525,09-07-2025,,Google Ads,Dental Implant,Clinic B,Contacted - No Appointment,31,No,
L00526,13-04-2025,,Google Ads,Teeth Whitening,Clinic C,Contacted - No Appointment,33,No,
L00527,27-07-2025,P00527,Google Organic,General Dentistry,Clinic A,Appointment Booked,25,Yes,01-08-2025
L00528,29-01-2025,,Instagram,General Dentistry,Clinic D,Not Contacted/Cold,47,No,
L00529,06-02-2025,,Referral,Invisalign,Clinic C,Contacted - No Appointment,26,No,
L00530,12-01-2025,P00530,Google Ads,Invisalign,Clinic A,Appointment Booked,8,Yes,16-01-2025
L00531,18-02-2025,,Facebook,Dental Implant,Clinic A,Contacted - No Appointment,10,No,
L00532,08-01-2025,,Referral,Dental Crown,Clinic C,Contacted - No Appointment,7,No,
L00533,08-01-2025,,Google Organic,Root Canal,Clinic D,Contacted - No Appointment,17,No,
L00534,22-08-2025,,Google Organic,Root Canal,Clinic B,Contacted - No Appointment,14,No,
L00535,02-01-2025,P00535,Google Ads,General Dentistry,Clinic A,Appointment Booked,7,Yes,06-01-2025
L00536,20-08-2025,,Google Organic,Dental Implant,Clinic D,Contacted - No Appointment,15,No,
L00537,25-11-2025,,Facebook,Dental Implant,Clinic C,Contacted - No Appointment,19,No,
L00538,28-06-2025,P00538,Facebook,Dental Implant,Clinic B,Appointment Booked,15,Yes,10-07-2025
L00539,20-09-2025,,Instagram,Invisalign,Clinic B,Not Contacted/Cold,53,No,
L00540,21-09-2025,,Instagram,Dental Implant,Clinic A,Contacted - No Appointment,3,No,
L00541,29-05-2025,P00541,Google Organic,Root Canal,Clinic C,Appointment Booked,14,Yes,10-06-2025
L00542,01-09-2025,P00542,Instagram,Invisalign,Clinic B,Appointment Booked,29,Yes,03-09-2025
L00543,21-02-2025,P00543,Google Ads,Invisalign,Clinic D,Appointment Booked,19,Yes,03-03-2025
L00544,18-12-2025,,Facebook,Teeth Whitening,Clinic B,Contacted - No Appointment,16,No,
L00545,13-01-2025,P00545,Instagram,Invisalign,Clinic B,Appointment Booked,6,Yes,27-01-2025
L00546,31-10-2025,,Google Ads,Dental Crown,Clinic C,Contacted - No Appointment,37,No,
L00547,24-04-2025,,Facebook,Invisalign,Clinic D,Contacted - No Appointment,6,No,
L00548,14-11-2025,,Google Ads,Root Canal,Clinic D,Contacted - No Appointment,24,No,
L00549,10-02-2025,P00549,Facebook,General Dentistry,Clinic B,Appointment Booked,19,Yes,12-02-2025
L00550,17-10-2025,,Referral,Dental Implant,Clinic C,Contacted - No Appointment,42,No,
L00551,13-04-2025,,Google Ads,Root Canal,Clinic C,Contacted - No Appointment,10,No,
L00552,12-11-2025,P00552,Facebook,General Dentistry,Clinic B,Appointment Booked,21,Yes,15-11-2025
L00553,25-11-2025,,Google Organic,Dental Crown,Clinic A,Contacted - No Appointment,10,No,
L00554,06-08-2025,,Google Ads,Invisalign,Clinic B,Contacted - No Appointment,23,No,
L00555,22-10-2025,,Referral,Root Canal,Clinic A,Contacted - No Appointment,13,No,
L00556,31-08-2025,P00556,Facebook,Dental Crown,Clinic D,Appointment Booked,23,Yes,01-09-2025
L00557,03-08-2025,P00557,Referral,General Dentistry,Clinic B,Appointment Booked,19,Yes,08-08-2025
L00558,11-10-2025,P00558,Google Ads,Dental Implant,Clinic D,Appointment Booked,9,Yes,17-10-2025
L00559,25-07-2025,P00559,Google Ads,Dental Implant,Clinic C,Appointment Booked,9,Yes,31-07-2025
L00560,26-12-2025,,Facebook,Invisalign,Clinic C,Contacted - No Appointment,15,No,
L00561,30-10-2025,,Facebook,Invisalign,Clinic C,Not Contacted/Cold,46,No,
L00562,27-08-2025,P00562,Google Organic,Invisalign,Clinic A,Appointment Booked,26,Yes,06-09-2025
L00563,09-12-2025,,Google Ads,Invisalign,Clinic B,Contacted - No Appointment,12,No,
L00564,06-01-2025,,Instagram,Invisalign,Clinic A,Contacted - No Appointment,35,No,
L00565,11-09-2025,,Google Ads,Dental Implant,Clinic C,Contacted - No Appointment,23,No,
L00566,20-03-2025,,Google Organic,General Dentistry,Clinic B,Contacted - No Appointment,30,No,
L00567,28-07-2025,,Google Organic,Dental Implant,Clinic D,Contacted - No Appointment,14,No,
L00568,18-08-2025,P00568,Facebook,Invisalign,Clinic A,Appointment Booked,28,Yes,29-08-2025
L00569,03-10-2025,,Google Ads,Invisalign,Clinic A,Contacted - No Appointment,27,No,
L00570,20-12-2025,,Instagram,General Dentistry,Clinic B,Contacted - No Appointment,19,No,
L00571,09-02-2025,P00571,Google Ads,Teeth Whitening,Clinic D,Appointment Booked,10,Yes,12-02-2025
L00572,03-02-2025,P00572,Google Ads,Teeth Whitening,Clinic C,Appointment Booked,23,Yes,17-02-2025
L00573,01-07-2025,P00573,Instagram,Dental Implant,Clinic B,Appointment Booked,25,Yes,09-07-2025
L00574,12-05-2025,P00574,Referral,General Dentistry,Clinic C,Appointment Booked,3,Yes,23-05-2025
L00575,10-04-2025,,Referral,Root Canal,Clinic A,Contacted - No Appointment,24,No,
L00576,01-11-2025,,Instagram,Invisalign,Clinic D,Contacted - No Appointment,36,No,
L00577,20-01-2025,P00577,Facebook,Dental Crown,Clinic C,Appointment Booked,31,Yes,29-01-2025
L00578,16-09-2025,,Referral,General Dentistry,Clinic B,Contacted - No Appointment,9,No,
L00579,10-07-2025,P00579,Facebook,Teeth Whitening,Clinic C,Appointment Booked,16,Yes,11-07-2025
L00580,15-03-2025,P00580,Facebook,General Dentistry,Clinic A,Appointment Booked,5,Yes,24-03-2025
L00581,03-04-2025,P00581,Referral,General Dentistry,Clinic D,Appointment Booked,25,Yes,17-04-2025
L00582,17-01-2025,P00582,Google Ads,Invisalign,Clinic A,Appointment Booked,14,Yes,27-01-2025
L00583,12-02-2025,,Google Ads,Root Canal,Clinic C,Contacted - No Appointment,44,No,
L00584,06-04-2025,,Instagram,Dental Implant,Clinic A,Contacted - No Appointment,25,No,
L00585,19-08-2025,P00585,Google Ads,General Dentistry,Clinic C,Appointment Booked,9,Yes,22-08-2025
L00586,27-03-2025,,Facebook,Dental Implant,Clinic D,Contacted - No Appointment,22,No,
L00587,17-05-2025,P00587,Facebook,General Dentistry,Clinic C,Appointment Booked,8,Yes,27-05-2025
L00588,03-01-2025,,Facebook,Invisalign,Clinic C,Contacted - No Appointment,10,No,
L00589,17-11-2025,,Referral,Root Canal,Clinic D,Contacted - No Appointment,28,No,
L00590,02-02-2025,P00590,Google Ads,Dental Implant,Clinic A,Appointment Booked,6,Yes,04-02-2025
L00591,19-02-2025,,Facebook,Invisalign,Clinic B,Contacted - No Appointment,33,No,
L00592,15-05-2025,,Google Ads,General Dentistry,Clinic A,Contacted - No Appointment,15,No,
L00593,24-06-2025,P00593,Instagram,Dental Implant,Clinic D,Appointment Booked,13,Yes,30-06-2025
L00594,12-03-2025,P00594,Google Organic,Root Canal,Clinic B,Appointment Booked,23,Yes,23-03-2025
L00595,27-02-2025,,Facebook,Dental Implant,Clinic C,Contacted - No Appointment,4,No,
L00596,10-01-2025,P00596,Google Ads,Root Canal,Clinic C,Appointment Booked,13,Yes,21-01-2025
L00597,30-08-2025,P00597,Instagram,Dental Implant,Clinic A,Appointment Booked,12,Yes,08-09-2025
L00598,13-01-2025,,Facebook,Invisalign,Clinic A,Contacted - No Appointment,12,No,
L00599,27-09-2025,,Google Ads,General Dentistry,Clinic B,Not Contacted/Cold,48,No,
L00600,27-04-2025,,Facebook,Root Canal,Clinic B,Contacted - No Appointment,38,No,
L00601,07-01-2025,,Facebook,Invisalign,Clinic A,Contacted - No Appointment,19,No,
L00602,01-07-2025,,Referral,Dental Crown,Clinic A,Contacted - No Appointment,44,No,
L00603,08-06-2025,P00603,Google Organic,Dental Implant,Clinic D,Appointment Booked,8,Yes,09-06-2025
L00604,16-07-2025,P00604,Google Organic,Invisalign,Clinic D,Appointment Booked,10,Yes,27-07-2025
L00605,02-09-2025,P00605,Referral,Root Canal,Clinic B,Appointment Booked,9,Yes,07-09-2025
L00606,19-11-2025,,Google Organic,Invisalign,Clinic B,Contacted - No Appointment,42,No,
L00607,29-09-2025,P00607,Referral,Dental Crown,Clinic A,Appointment Booked,27,Yes,05-10-2025
L00608,28-03-2025,,Google Ads,Root Canal,Clinic C,Contacted - No Appointment,18,No,
L00609,23-02-2025,,Facebook,Teeth Whitening,Clinic D,Contacted - No Appointment,9,No,
L00610,25-06-2025,,Google Organic,General Dentistry,Clinic A,Contacted - No Appointment,15,No,
L00611,12-02-2025,P00611,Instagram,Dental Implant,Clinic A,Appointment Booked,17,Yes,19-02-2025
L00612,25-10-2025,,Google Ads,Invisalign,Clinic D,Contacted - No Appointment,16,No,
L00613,27-04-2025,,Facebook,Invisalign,Clinic C,Contacted - No Appointment,33,No,
L00614,22-06-2025,,Facebook,Dental Implant,Clinic A,Contacted - No Appointment,39,No,
L00615,03-10-2025,,Google Ads,Teeth Whitening,Clinic C,Contacted - No Appointment,9,No,
L00616,11-02-2025,,Facebook,Teeth Whitening,Clinic B,Contacted - No Appointment,23,No,
L00617,03-10-2025,,Facebook,Root Canal,Clinic B,Contacted - No Appointment,36,No,
L00618,25-06-2025,,Referral,Root Canal,Clinic D,Contacted - No Appointment,5,No,
L00619,08-08-2025,,Google Organic,Dental Implant,Clinic D,Contacted - No Appointment,8,No,
L00620,30-04-2025,,Google Organic,Dental Crown,Clinic B,Contacted - No Appointment,9,No,
L00621,02-01-2025,,Referral,Teeth Whitening,Clinic D,Contacted - No Appointment,14,No,
L00622,28-05-2025,,Facebook,Dental Crown,Clinic B,Contacted - No Appointment,17,No,
L00623,24-11-2025,P00623,Facebook,Invisalign,Clinic D,Appointment Booked,10,Yes,03-12-2025
L00624,23-10-2025,P00624,Google Ads,Dental Crown,Clinic B,Appointment Booked,15,Yes,30-10-2025
L00625,29-11-2025,,Referral,Root Canal,Clinic D,Contacted - No Appointment,33,No,
L00626,19-10-2025,,Google Ads,Root Canal,Clinic D,Contacted - No Appointment,36,No,
L00627,11-12-2025,,Google Organic,Root Canal,Clinic A,Contacted - No Appointment,30,No,
L00628,21-01-2025,,Facebook,Root Canal,Clinic D,Contacted - No Appointment,10,No,
L00629,24-03-2025,,Referral,Teeth Whitening,Clinic D,Contacted - No Appointment,25,No,
L00630,01-12-2025,P00630,Facebook,General Dentistry,Clinic D,Appointment Booked,14,Yes,11-12-2025
L00631,13-07-2025,,Google Organic,Dental Implant,Clinic A,Contacted - No Appointment,6,No,
L00632,27-05-2025,P00632,Google Ads,General Dentistry,Clinic D,Appointment Booked,11,Yes,29-05-2025
L00633,27-01-2025,,Google Ads,Root Canal,Clinic D,Contacted - No Appointment,27,No,
L00634,21-06-2025,,Instagram,Teeth Whitening,Clinic B,Contacted - No Appointment,26,No,
L00635,27-09-2025,,Referral,General Dentistry,Clinic D,Contacted - No Appointment,3,No,
L00636,18-03-2025,P00636,Facebook,Root Canal,Clinic A,Appointment Booked,16,Yes,25-03-2025
L00637,23-07-2025,P00637,Referral,General Dentistry,Clinic A,Appointment Booked,19,Yes,06-08-2025
L00638,03-10-2025,P00638,Google Organic,Dental Implant,Clinic C,Appointment Booked,17,Yes,12-10-2025
L00639,26-12-2025,,Google Organic,Dental Implant,Clinic C,Not Contacted/Cold,59,No,
L00640,21-04-2025,,Facebook,Dental Crown,Clinic C,Contacted - No Appointment,9,No,
L00641,23-08-2025,,Facebook,General Dentistry,Clinic A,Contacted - No Appointment,20,No,
L00642,07-05-2025,,Google Ads,General Dentistry,Clinic D,Contacted - No Appointment,36,No,
L00643,07-03-2025,,Referral,Dental Crown,Clinic A,Contacted - No Appointment,7,No,
L00644,05-07-2025,,Referral,Root Canal,Clinic A,Contacted - No Appointment,17,No,
L00645,27-07-2025,,Google Organic,Invisalign,Clinic A,Contacted - No Appointment,33,No,
L00646,08-03-2025,,Google Ads,General Dentistry,Clinic C,Contacted - No Appointment,14,No,
L00647,04-01-2025,P00647,Google Ads,Invisalign,Clinic D,Appointment Booked,20,Yes,10-01-2025
L00648,28-02-2025,,Referral,Teeth Whitening,Clinic C,Contacted - No Appointment,12,No,
L00649,18-11-2025,,Google Ads,Root Canal,Clinic D,Contacted - No Appointment,22,No,
L00650,10-07-2025,,Google Organic,Dental Crown,Clinic A,Contacted - No Appointment,17,No,
L00651,24-04-2025,P00651,Facebook,Root Canal,Clinic C,Appointment Booked,10,Yes,07-05-2025
L00652,12-07-2025,,Facebook,General Dentistry,Clinic B,Contacted - No Appointment,12,No,
L00653,07-11-2025,P00653,Google Organic,Dental Crown,Clinic B,Appointment Booked,13,Yes,12-11-2025
L00654,03-06-2025,,Google Ads,General Dentistry,Clinic A,Contacted - No Appointment,30,No,
L00655,12-02-2025,P00655,Facebook,Dental Implant,Clinic C,Appointment Booked,21,Yes,16-02-2025
L00656,06-07-2025,P00656,Referral,Dental Crown,Clinic B,Appointment Booked,24,Yes,10-07-2025
L00657,05-06-2025,,Google Organic,Teeth Whitening,Clinic D,Contacted - No Appointment,14,No,
L00658,21-02-2025,,Google Organic,Teeth Whitening,Clinic B,Contacted - No Appointment,3,No,
L00659,02-09-2025,,Google Organic,General Dentistry,Clinic A,Contacted - No Appointment,21,No,
L00660,16-01-2025,P00660,Google Ads,Dental Implant,Clinic C,Appointment Booked,23,Yes,19-01-2025
L00661,02-05-2025,,Google Ads,Dental Implant,Clinic A,Contacted - No Appointment,10,No,
L00662,01-08-2025,,Facebook,Root Canal,Clinic D,Contacted - No Appointment,12,No,
L00663,29-11-2025,P00663,Facebook,Dental Implant,Clinic C,Appointment Booked,1,Yes,12-12-2025
L00664,18-11-2025,,Facebook,General Dentistry,Clinic A,Contacted - No Appointment,12,No,
L00665,13-01-2025,,Google Organic,Invisalign,Clinic D,Contacted - No Appointment,17,No,
L00666,14-11-2025,,Google Ads,Root Canal,Clinic C,Contacted - No Appointment,13,No,
L00667,31-03-2025,,Instagram,Dental Implant,Clinic A,Contacted - No Appointment,11,No,
L00668,02-12-2025,,Google Ads,Root Canal,Clinic C,Contacted - No Appointment,14,No,
L00669,02-06-2025,,Google Ads,Root Canal,Clinic A,Contacted - No Appointment,16,No,
L00670,01-01-2025,,Facebook,Dental Implant,Clinic D,Contacted - No Appointment,24,No,
L00671,28-06-2025,P00671,Google Organic,Invisalign,Clinic D,Appointment Booked,19,Yes,12-07-2025
L00672,16-05-2025,,Google Ads,Root Canal,Clinic D,Contacted - No Appointment,7,No,
L00673,22-07-2025,,Instagram,General Dentistry,Clinic B,Contacted - No Appointment,14,No,
L00674,14-09-2025,P00674,Google Organic,Invisalign,Clinic B,Appointment Booked,5,Yes,26-09-2025
L00675,21-09-2025,,Google Ads,Root Canal,Clinic D,Contacted - No Appointment,23,No,
L00676,24-09-2025,,Facebook,General Dentistry,Clinic A,Contacted - No Appointment,32,No,
L00677,01-06-2025,,Referral,Teeth Whitening,Clinic C,Contacted - No Appointment,19,No,
L00678,13-05-2025,,Facebook,General Dentistry,Clinic C,Contacted - No Appointment,18,No,
L00679,24-06-2025,,Google Ads,General Dentistry,Clinic A,Not Contacted/Cold,46,No,
L00680,12-09-2025,,Instagram,Root Canal,Clinic B,Contacted - No Appointment,36,No,
L00681,20-11-2025,P00681,Instagram,Dental Crown,Clinic D,Appointment Booked,26,Yes,22-11-2025
L00682,22-11-2025,,Google Ads,Dental Implant,Clinic D,Contacted - No Appointment,15,No,
L00683,17-01-2025,P00683,Google Ads,Root Canal,Clinic A,Appointment Booked,5,Yes,26-01-2025
L00684,17-07-2025,,Google Ads,Teeth Whitening,Clinic A,Contacted - No Appointment,33,No,
L00685,16-02-2025,P00685,Google Ads,Root Canal,Clinic B,Appointment Booked,26,Yes,22-02-2025
L00686,13-06-2025,P00686,Google Ads,Teeth Whitening,Clinic D,Appointment Booked,60,Yes,26-06-2025
L00687,06-01-2025,,Facebook,Teeth Whitening,Clinic A,Contacted - No Appointment,30,No,
L00688,13-01-2025,,Facebook,Invisalign,Clinic C,Contacted - No Appointment,9,No,
L00689,01-06-2025,,Referral,General Dentistry,Clinic A,Contacted - No Appointment,18,No,
L00690,10-12-2025,,Instagram,Root Canal,Clinic C,Contacted - No Appointment,19,No,
L00691,26-06-2025,,Referral,Invisalign,Clinic B,Contacted - No Appointment,10,No,
L00692,24-01-2025,,Facebook,General Dentistry,Clinic D,Contacted - No Appointment,33,No,
L00693,27-01-2025,,Google Ads,Root Canal,Clinic A,Contacted - No Appointment,25,No,
L00694,08-12-2025,P00694,Facebook,Teeth Whitening,Clinic C,Appointment Booked,18,Yes,22-12-2025
L00695,01-07-2025,,Google Organic,Root Canal,Clinic A,Contacted - No Appointment,23,No,
L00696,16-12-2025,,Google Ads,Root Canal,Clinic C,Contacted - No Appointment,25,No,
L00697,23-04-2025,,Google Ads,Teeth Whitening,Clinic D,Not Contacted/Cold,88,No,
L00698,10-05-2025,P00698,Facebook,Dental Crown,Clinic A,Appointment Booked,12,Yes,21-05-2025
L00699,04-02-2025,,Facebook,Root Canal,Clinic D,Contacted - No Appointment,8,No,
L00700,23-02-2025,,Facebook,Dental Implant,Clinic C,Contacted - No Appointment,4,No,
L00701,15-06-2025,P00701,Google Ads,General Dentistry,Clinic A,Appointment Booked,9,Yes,22-06-2025
L00702,31-01-2025,P00702,Google Ads,Dental Implant,Clinic B,Appointment Booked,4,Yes,14-02-2025
L00703,13-02-2025,P00703,Google Organic,General Dentistry,Clinic A,Appointment Booked,48,Yes,16-02-2025
L00704,29-12-2025,,Facebook,Root Canal,Clinic C,Contacted - No Appointment,26,No,
L00705,18-11-2025,,Instagram,Dental Crown,Clinic D,Contacted - No Appointment,29,No,
L00706,09-05-2025,P00706,Facebook,General Dentistry,Clinic A,Appointment Booked,40,Yes,16-05-2025
L00707,25-02-2025,,Facebook,Dental Implant,Clinic B,Contacted - No Appointment,25,No,
L00708,06-04-2025,,Google Ads,Dental Crown,Clinic D,Not Contacted/Cold,49,No,
L00709,21-08-2025,,Facebook,Teeth Whitening,Clinic D,Contacted - No Appointment,42,No,
L00710,08-04-2025,,Google Ads,Teeth Whitening,Clinic C,Contacted - No Appointment,28,No,
L00711,24-05-2025,,Facebook,Root Canal,Clinic D,Not Contacted/Cold,56,No,
L00712,31-01-2025,,Instagram,Dental Crown,Clinic C,Contacted - No Appointment,32,No,
L00713,11-07-2025,,Google Ads,Teeth Whitening,Clinic B,Contacted - No Appointment,20,No,
L00714,18-02-2025,P00714,Google Ads,General Dentistry,Clinic D,Appointment Booked,36,Yes,04-03-2025
L00715,25-09-2025,P00715,Google Ads,Teeth Whitening,Clinic B,Appointment Booked,19,Yes,08-10-2025
L00716,12-03-2025,,Google Ads,Root Canal,Clinic B,Contacted - No Appointment,22,No,
L00717,17-08-2025,P00717,Facebook,General Dentistry,Clinic B,Appointment Booked,17,Yes,24-08-2025
L00718,15-07-2025,,Referral,Root Canal,Clinic D,Contacted - No Appointment,23,No,
L00719,13-12-2025,,Facebook,Dental Implant,Clinic D,Contacted - No Appointment,28,No,
L00720,03-05-2025,P00720,Facebook,Root Canal,Clinic B,Appointment Booked,6,Yes,06-05-2025
L00721,07-01-2025,,Instagram,Dental Implant,Clinic B,Contacted - No Appointment,28,No,
L00722,04-02-2025,,Instagram,Dental Implant,Clinic B,Contacted - No Appointment,30,No,
L00723,13-07-2025,P00723,Referral,Invisalign,Clinic C,Appointment Booked,14,Yes,18-07-2025
L00724,25-11-2025,P00724,Referral,Dental Implant,Clinic A,Appointment Booked,17,Yes,04-12-2025
L00725,27-11-2025,,Google Organic,Dental Crown,Clinic D,Contacted - No Appointment,17,No,
L00726,09-02-2025,,Referral,Dental Implant,Clinic B,Contacted - No Appointment,33,No,
L00727,24-02-2025,,Google Ads,Invisalign,Clinic B,Contacted - No Appointment,32,No,
L00728,04-10-2025,P00728,Instagram,Dental Implant,Clinic A,Appointment Booked,23,Yes,09-10-2025
L00729,21-03-2025,,Referral,Dental Implant,Clinic A,Not Contacted/Cold,71,No,
L00730,31-01-2025,P00730,Instagram,Invisalign,Clinic D,Appointment Booked,7,Yes,14-02-2025
L00731,27-10-2025,,Referral,Dental Crown,Clinic B,Contacted - No Appointment,11,No,
L00732,17-04-2025,P00732,Google Ads,General Dentistry,Clinic A,Appointment Booked,26,Yes,25-04-2025
L00733,06-10-2025,,Facebook,General Dentistry,Clinic B,Contacted - No Appointment,6,No,
L00734,01-11-2025,,Referral,General Dentistry,Clinic B,Contacted - No Appointment,45,No,
L00735,10-09-2025,,Facebook,Dental Implant,Clinic A,Contacted - No Appointment,15,No,
L00736,13-11-2025,,Google Organic,Invisalign,Clinic B,Not Contacted/Cold,48,No,
L00737,14-05-2025,,Google Ads,Dental Implant,Clinic C,Contacted - No Appointment,30,No,
L00738,29-08-2025,,Google Organic,Teeth Whitening,Clinic C,Contacted - No Appointment,38,No,
L00739,01-01-2025,P00739,Referral,Dental Implant,Clinic B,Appointment Booked,18,Yes,06-01-2025
L00740,28-05-2025,,Facebook,Dental Crown,Clinic B,Contacted - No Appointment,38,No,
L00741,01-05-2025,,Google Ads,Invisalign,Clinic D,Contacted - No Appointment,45,No,
L00742,30-08-2025,,Google Ads,Invisalign,Clinic B,Contacted - No Appointment,16,No,
L00743,23-02-2025,P00743,Referral,General Dentistry,Clinic A,Appointment Booked,23,Yes,01-03-2025
L00744,23-12-2025,,Google Organic,Teeth Whitening,Clinic A,Contacted - No Appointment,23,No,
L00745,07-12-2025,P00745,Google Ads,General Dentistry,Clinic B,Appointment Booked,12,Yes,09-12-2025
L00746,29-07-2025,,Google Ads,Dental Crown,Clinic D,Contacted - No Appointment,22,No,
L00747,20-12-2025,,Google Organic,General Dentistry,Clinic A,Contacted - No Appointment,21,No,
L00748,08-01-2025,,Google Organic,Dental Crown,Clinic C,Contacted - No Appointment,34,No,
L00749,13-02-2025,,Google Ads,General Dentistry,Clinic A,Contacted - No Appointment,22,No,
L00750,03-10-2025,P00750,Facebook,Invisalign,Clinic B,Appointment Booked,37,Yes,17-10-2025
L00751,14-08-2025,,Google Organic,Dental Crown,Clinic D,Not Contacted/Cold,57,No,
L00752,11-07-2025,,Facebook,Dental Crown,Clinic B,Contacted - No Appointment,16,No,
L00753,19-03-2025,,Referral,Root Canal,Clinic C,Contacted - No Appointment,22,No,
L00754,16-05-2025,P00754,Facebook,General Dentistry,Clinic A,Appointment Booked,14,Yes,27-05-2025
L00755,24-07-2025,P00755,Google Organic,General Dentistry,Clinic C,Appointment Booked,11,Yes,06-08-2025
L00756,02-06-2025,P00756,Facebook,Root Canal,Clinic A,Appointment Booked,18,Yes,07-06-2025
L00757,19-09-2025,,Referral,Root Canal,Clinic D,Not Contacted/Cold,51,No,
L00758,06-08-2025,,Facebook,Root Canal,Clinic A,Contacted - No Appointment,30,No,
L00759,02-11-2025,,Google Ads,General Dentistry,Clinic D,Contacted - No Appointment,31,No,
L00760,05-12-2025,,Facebook,Dental Crown,Clinic B,Contacted - No Appointment,28,No,
L00761,07-02-2025,,Referral,Dental Implant,Clinic C,Contacted - No Appointment,12,No,
L00762,01-09-2025,P00762,Facebook,Root Canal,Clinic B,Appointment Booked,11,Yes,07-09-2025
L00763,06-11-2025,,Facebook,Dental Implant,Clinic D,Contacted - No Appointment,12,No,
L00764,14-11-2025,,Facebook,Teeth Whitening,Clinic A,Contacted - No Appointment,2,No,
L00765,25-11-2025,,Google Ads,Invisalign,Clinic A,Contacted - No Appointment,32,No,
L00766,31-05-2025,,Google Ads,Root Canal,Clinic B,Contacted - No Appointment,41,No,
L00767,27-09-2025,,Google Ads,Teeth Whitening,Clinic A,Contacted - No Appointment,44,No,
L00768,12-12-2025,,Instagram,Dental Implant,Clinic A,Contacted - No Appointment,16,No,
L00769,18-06-2025,,Google Organic,Dental Implant,Clinic D,Contacted - No Appointment,27,No,
L00770,23-09-2025,,Google Organic,Root Canal,Clinic D,Contacted - No Appointment,27,No,
L00771,16-06-2025,P00771,Referral,Invisalign,Clinic B,Appointment Booked,15,Yes,26-06-2025
L00772,05-12-2025,,Facebook,Invisalign,Clinic D,Contacted - No Appointment,17,No,
L00773,02-07-2025,,Google Organic,General Dentistry,Clinic C,Contacted - No Appointment,16,No,
L00774,25-08-2025,,Google Ads,General Dentistry,Clinic B,Contacted - No Appointment,38,No,
L00775,01-09-2025,P00775,Google Ads,General Dentistry,Clinic C,Appointment Booked,5,Yes,03-09-2025
L00776,21-09-2025,P00776,Google Ads,General Dentistry,Clinic C,Appointment Booked,2,Yes,04-10-2025
L00777,24-10-2025,,Facebook,Invisalign,Clinic D,Contacted - No Appointment,33,No,
L00778,05-06-2025,P00778,Google Ads,Invisalign,Clinic B,Appointment Booked,26,Yes,16-06-2025
L00779,11-02-2025,,Google Ads,Invisalign,Clinic C,Contacted - No Appointment,23,No,
L00780,06-12-2025,,Instagram,General Dentistry,Clinic A,Not Contacted/Cold,69,No,
L00781,14-09-2025,P00781,Facebook,Dental Crown,Clinic A,Appointment Booked,26,Yes,27-09-2025
L00782,05-06-2025,,Instagram,Invisalign,Clinic A,Contacted - No Appointment,20,No,
L00783,14-10-2025,,Facebook,Root Canal,Clinic D,Contacted - No Appointment,38,No,
L00784,26-07-2025,,Google Ads,Root Canal,Clinic D,Contacted - No Appointment,12,No,
L00785,13-02-2025,,Google Ads,Root Canal,Clinic D,Contacted - No Appointment,25,No,
L00786,27-01-2025,P00786,Google Ads,General Dentistry,Clinic B,Appointment Booked,19,Yes,04-02-2025
L00787,06-12-2025,,Google Ads,Root Canal,Clinic B,Contacted - No Appointment,35,No,
L00788,01-02-2025,,Instagram,General Dentistry,Clinic A,Contacted - No Appointment,3,No,
L00789,31-03-2025,,Google Organic,Root Canal,Clinic B,Contacted - No Appointment,37,No,
L00790,29-04-2025,,Facebook,Teeth Whitening,Clinic B,Contacted - No Appointment,3,No,
L00791,13-02-2025,,Facebook,General Dentistry,Clinic D,Not Contacted/Cold,47,No,
L00792,06-05-2025,P00792,Google Organic,General Dentistry,Clinic C,Appointment Booked,16,Yes,15-05-2025
L00793,03-01-2025,,Google Ads,Dental Implant,Clinic A,Contacted - No Appointment,15,No,
L00794,28-01-2025,P00794,Google Ads,Invisalign,Clinic A,Appointment Booked,21,Yes,09-02-2025
L00795,23-07-2025,,Facebook,Root Canal,Clinic A,Contacted - No Appointment,19,No,
L00796,19-09-2025,P00796,Instagram,Root Canal,Clinic B,Appointment Booked,19,Yes,26-09-2025
L00797,03-03-2025,,Instagram,Dental Crown,Clinic D,Not Contacted/Cold,55,No,
L00798,21-04-2025,,Google Organic,General Dentistry,Clinic C,Contacted - No Appointment,32,No,
L00799,01-10-2025,P00799,Google Ads,Dental Implant,Clinic D,Appointment Booked,7,Yes,11-10-2025
L00800,23-05-2025,,Facebook,Root Canal,Clinic B,Contacted - No Appointment,11,No,
L00801,06-07-2025,P00801,Google Ads,Invisalign,Clinic B,Appointment Booked,17,Yes,13-07-2025
L00802,12-05-2025,,Google Organic,General Dentistry,Clinic A,Contacted - No Appointment,38,No,
L00803,28-02-2025,,Referral,General Dentistry,Clinic D,Contacted - No Appointment,10,No,
L00804,20-07-2025,P00804,Google Ads,Root Canal,Clinic D,Appointment Booked,14,Yes,22-07-2025
L00805,13-05-2025,P00805,Google Ads,Dental Implant,Clinic A,Appointment Booked,21,Yes,21-05-2025
L00806,01-09-2025,,Google Ads,Teeth Whitening,Clinic C,Contacted - No Appointment,6,No,
L00807,07-12-2025,P00807,Google Ads,Dental Crown,Clinic B,Appointment Booked,6,Yes,09-12-2025
L00808,23-12-2025,,Facebook,Root Canal,Clinic C,Contacted - No Appointment,14,No,
L00809,15-05-2025,,Facebook,General Dentistry,Clinic D,Contacted - No Appointment,43,No,
L00810,28-04-2025,,Referral,General Dentistry,Clinic C,Contacted - No Appointment,7,No,
L00811,27-01-2025,,Facebook,Dental Crown,Clinic C,Contacted - No Appointment,6,No,
L00812,03-07-2025,P00812,Google Ads,Dental Crown,Clinic A,Appointment Booked,32,Yes,14-07-2025
L00813,21-02-2025,,Google Ads,Invisalign,Clinic A,Contacted - No Appointment,38,No,
L00814,21-02-2025,P00814,Google Ads,Dental Crown,Clinic A,Appointment Booked,16,Yes,05-03-2025
L00815,07-05-2025,P00815,Google Ads,Root Canal,Clinic A,Appointment Booked,23,Yes,20-05-2025
L00816,25-10-2025,P00816,Google Organic,Invisalign,Clinic C,Appointment Booked,9,Yes,30-10-2025
L00817,29-07-2025,,Google Ads,Dental Implant,Clinic C,Contacted - No Appointment,26,No,
L00818,09-10-2025,P00818,Referral,Invisalign,Clinic A,Appointment Booked,4,Yes,21-10-2025
L00819,10-07-2025,,Facebook,Invisalign,Clinic D,Contacted - No Appointment,22,No,
L00820,02-05-2025,,Facebook,Root Canal,Clinic A,Contacted - No Appointment,16,No,
L00821,27-10-2025,,Facebook,Dental Crown,Clinic B,Contacted - No Appointment,33,No,
L00822,18-03-2025,,Google Organic,Dental Crown,Clinic A,Contacted - No Appointment,25,No,
L00823,05-03-2025,,Facebook,Root Canal,Clinic B,Contacted - No Appointment,33,No,
L00824,04-06-2025,,Facebook,Root Canal,Clinic A,Contacted - No Appointment,7,No,
L00825,25-10-2025,P00825,Google Ads,General Dentistry,Clinic B,Appointment Booked,14,Yes,02-11-2025
L00826,10-06-2025,,Referral,Root Canal,Clinic B,Contacted - No Appointment,25,No,
L00827,02-10-2025,P00827,Google Ads,General Dentistry,Clinic D,Appointment Booked,16,Yes,10-10-2025
L00828,30-11-2025,,Facebook,Root Canal,Clinic A,Contacted - No Appointment,10,No,
L00829,28-11-2025,,Facebook,Dental Crown,Clinic A,Contacted - No Appointment,42,No,
L00830,23-04-2025,P00830,Google Ads,Dental Implant,Clinic A,Appointment Booked,31,Yes,02-05-2025
L00831,08-06-2025,P00831,Google Ads,Dental Crown,Clinic C,Appointment Booked,21,Yes,17-06-2025
L00832,19-12-2025,P00832,Google Ads,General Dentistry,Clinic A,Appointment Booked,21,Yes,01-01-2026
L00833,07-07-2025,,Google Organic,General Dentistry,Clinic D,Contacted - No Appointment,30,No,
L00834,21-06-2025,,Facebook,General Dentistry,Clinic C,Contacted - No Appointment,9,No,
L00835,24-09-2025,,Google Organic,Invisalign,Clinic C,Not Contacted/Cold,76,No,
L00836,15-01-2025,,Google Organic,Dental Crown,Clinic C,Contacted - No Appointment,13,No,
L00837,25-04-2025,,Google Ads,Root Canal,Clinic A,Contacted - No Appointment,34,No,
L00838,07-04-2025,,Instagram,Dental Crown,Clinic A,Contacted - No Appointment,32,No,
L00839,13-03-2025,,Google Organic,Dental Implant,Clinic B,Contacted - No Appointment,6,No,
L00840,22-03-2025,,Instagram,General Dentistry,Clinic C,Contacted - No Appointment,12,No,
L00841,23-10-2025,P00841,Instagram,General Dentistry,Clinic A,Appointment Booked,19,Yes,24-10-2025
L00842,17-06-2025,P00842,Google Organic,Root Canal,Clinic A,Appointment Booked,13,Yes,20-06-2025
L00843,18-11-2025,P00843,Google Ads,Invisalign,Clinic D,Appointment Booked,35,Yes,30-11-2025
L00844,04-03-2025,P00844,Google Organic,Dental Implant,Clinic A,Appointment Booked,20,Yes,07-03-2025
L00845,09-09-2025,P00845,Google Ads,Dental Crown,Clinic D,Appointment Booked,14,Yes,14-09-2025
L00846,25-09-2025,P00846,Instagram,Invisalign,Clinic D,Appointment Booked,17,Yes,01-10-2025
L00847,11-09-2025,,Google Ads,General Dentistry,Clinic B,Contacted - No Appointment,25,No,
L00848,04-07-2025,P00848,Google Organic,Dental Crown,Clinic A,Appointment Booked,34,Yes,14-07-2025
L00849,29-05-2025,,Facebook,Dental Crown,Clinic A,Contacted - No Appointment,25,No,
L00850,04-07-2025,,Instagram,Dental Crown,Clinic C,Contacted - No Appointment,33,No,
L00851,08-04-2025,P00851,Google Organic,Dental Implant,Clinic C,Appointment Booked,23,Yes,11-04-2025
L00852,27-04-2025,P00852,Referral,General Dentistry,Clinic D,Appointment Booked,23,Yes,01-05-2025
L00853,21-11-2025,P00853,Google Organic,Dental Crown,Clinic D,Appointment Booked,10,Yes,02-12-2025
L00854,06-01-2025,,Google Ads,General Dentistry,Clinic C,Contacted - No Appointment,32,No,
L00855,16-04-2025,P00855,Referral,Root Canal,Clinic A,Appointment Booked,3,Yes,24-04-2025
L00856,01-04-2025,P00856,Instagram,Teeth Whitening,Clinic A,Appointment Booked,15,Yes,10-04-2025
L00857,25-08-2025,,Instagram,Dental Implant,Clinic D,Contacted - No Appointment,8,No,
L00858,22-01-2025,P00858,Referral,Dental Crown,Clinic A,Appointment Booked,27,Yes,23-01-2025
L00859,03-07-2025,,Google Ads,Teeth Whitening,Clinic A,Contacted - No Appointment,23,No,
L00860,26-06-2025,P00860,Google Ads,Teeth Whitening,Clinic C,Appointment Booked,18,Yes,28-06-2025
L00861,03-12-2025,P00861,Facebook,Teeth Whitening,Clinic B,Appointment Booked,48,Yes,06-12-2025
L00862,27-02-2025,P00862,Google Organic,Invisalign,Clinic D,Appointment Booked,16,Yes,01-03-2025
L00863,22-03-2025,,Facebook,General Dentistry,Clinic C,Contacted - No Appointment,16,No,
L00864,25-11-2025,,Instagram,General Dentistry,Clinic A,Contacted - No Appointment,11,No,
L00865,23-03-2025,,Facebook,Dental Implant,Clinic D,Contacted - No Appointment,35,No,
L00866,20-03-2025,P00866,Instagram,General Dentistry,Clinic A,Appointment Booked,27,Yes,31-03-2025
L00867,17-01-2025,,Google Organic,Invisalign,Clinic B,Contacted - No Appointment,32,No,
L00868,04-05-2025,,Google Ads,Dental Crown,Clinic B,Contacted - No Appointment,36,No,
L00869,08-02-2025,,Google Organic,Invisalign,Clinic A,Contacted - No Appointment,38,No,
L00870,11-04-2025,,Google Organic,General Dentistry,Clinic B,Not Contacted/Cold,64,No,
L00871,11-07-2025,P00871,Facebook,Dental Implant,Clinic A,Appointment Booked,55,Yes,20-07-2025
L00872,09-03-2025,,Facebook,Root Canal,Clinic B,Contacted - No Appointment,30,No,
L00873,18-09-2025,,Google Ads,Root Canal,Clinic B,Contacted - No Appointment,10,No,
L00874,05-06-2025,P00874,Google Organic,Invisalign,Clinic D,Appointment Booked,28,Yes,19-06-2025
L00875,03-03-2025,,Facebook,Dental Crown,Clinic D,Contacted - No Appointment,22,No,
L00876,30-03-2025,,Facebook,Dental Implant,Clinic A,Contacted - No Appointment,2,No,
L00877,27-02-2025,,Facebook,Teeth Whitening,Clinic B,Contacted - No Appointment,33,No,
L00878,10-08-2025,P00878,Facebook,General Dentistry,Clinic B,Appointment Booked,21,Yes,16-08-2025
L00879,25-08-2025,P00879,Google Organic,Teeth Whitening,Clinic A,Appointment Booked,21,Yes,28-08-2025
L00880,12-03-2025,P00880,Google Organic,General Dentistry,Clinic D,Appointment Booked,10,Yes,16-03-2025
L00881,03-09-2025,,Facebook,Root Canal,Clinic C,Contacted - No Appointment,34,No,
L00882,29-08-2025,P00882,Instagram,Invisalign,Clinic A,Appointment Booked,9,Yes,03-09-2025
L00883,27-11-2025,,Google Organic,Root Canal,Clinic B,Contacted - No Appointment,17,No,
L00884,24-04-2025,P00884,Google Ads,Dental Implant,Clinic A,Appointment Booked,12,Yes,29-04-2025
L00885,18-09-2025,,Google Ads,General Dentistry,Clinic C,Contacted - No Appointment,12,No,
L00886,04-08-2025,P00886,Referral,Dental Implant,Clinic A,Appointment Booked,33,Yes,06-08-2025
L00887,08-03-2025,P00887,Google Organic,General Dentistry,Clinic D,Appointment Booked,17,Yes,15-03-2025
L00888,26-02-2025,,Instagram,Dental Implant,Clinic D,Contacted - No Appointment,18,No,
L00889,07-03-2025,,Google Ads,General Dentistry,Clinic B,Contacted - No Appointment,45,No,
L00890,23-07-2025,,Google Organic,Dental Implant,Clinic C,Contacted - No Appointment,44,No,
L00891,29-04-2025,,Instagram,Dental Implant,Clinic D,Contacted - No Appointment,17,No,
L00892,26-01-2025,,Google Organic,Teeth Whitening,Clinic C,Contacted - No Appointment,27,No,
L00893,04-08-2025,,Referral,Invisalign,Clinic A,Contacted - No Appointment,32,No,
L00894,31-07-2025,P00894,Referral,Teeth Whitening,Clinic B,Appointment Booked,12,Yes,03-08-2025
L00895,18-05-2025,P00895,Referral,Dental Crown,Clinic D,Appointment Booked,4,Yes,27-05-2025
L00896,08-02-2025,,Google Ads,Dental Implant,Clinic C,Contacted - No Appointment,39,No,
L00897,09-09-2025,,Referral,General Dentistry,Clinic C,Contacted - No Appointment,15,No,
L00898,23-06-2025,P00898,Google Ads,Root Canal,Clinic D,Appointment Booked,20,Yes,24-06-2025
L00899,29-05-2025,,Referral,Teeth Whitening,Clinic D,Contacted - No Appointment,12,No,
L00900,13-12-2025,,Google Ads,Root Canal,Clinic D,Contacted - No Appointment,39,No,
L00901,05-01-2025,P00901,Instagram,Dental Crown,Clinic A,Appointment Booked,24,Yes,16-01-2025
L00902,28-01-2025,,Google Ads,Invisalign,Clinic C,Contacted - No Appointment,18,No,
L00903,12-09-2025,,Google Organic,Invisalign,Clinic C,Contacted - No Appointment,19,No,
L00904,18-04-2025,,Google Ads,Root Canal,Clinic D,Not Contacted/Cold,46,No,
L00905,07-08-2025,,Facebook,Root Canal,Clinic C,Contacted - No Appointment,19,No,
L00906,19-10-2025,,Google Organic,Root Canal,Clinic A,Contacted - No Appointment,32,No,
L00907,22-01-2025,,Google Organic,Dental Crown,Clinic D,Contacted - No Appointment,4,No,
L00908,27-09-2025,P00908,Google Ads,Dental Crown,Clinic C,Appointment Booked,24,Yes,06-10-2025
L00909,12-03-2025,,Facebook,Dental Implant,Clinic A,Contacted - No Appointment,19,No,
L00910,01-07-2025,,Google Ads,Invisalign,Clinic B,Contacted - No Appointment,9,No,
L00911,08-05-2025,,Google Organic,Root Canal,Clinic A,Not Contacted/Cold,71,No,
L00912,22-03-2025,,Referral,Dental Implant,Clinic B,Contacted - No Appointment,7,No,
L00913,04-11-2025,,Instagram,Invisalign,Clinic A,Contacted - No Appointment,14,No,
L00914,11-03-2025,P00914,Google Ads,Dental Implant,Clinic B,Appointment Booked,15,Yes,24-03-2025
L00915,16-05-2025,,Facebook,General Dentistry,Clinic C,Contacted - No Appointment,44,No,
L00916,16-05-2025,,Referral,Teeth Whitening,Clinic C,Contacted - No Appointment,15,No,
L00917,14-11-2025,,Google Ads,Dental Implant,Clinic C,Contacted - No Appointment,21,No,
L00918,01-03-2025,P00918,Instagram,Dental Implant,Clinic D,Appointment Booked,16,Yes,03-03-2025
L00919,05-10-2025,,Facebook,Teeth Whitening,Clinic A,Contacted - No Appointment,23,No,
L00920,11-09-2025,P00920,Google Organic,Root Canal,Clinic A,Appointment Booked,26,Yes,17-09-2025
L00921,07-06-2025,,Referral,Teeth Whitening,Clinic D,Contacted - No Appointment,26,No,
L00922,13-07-2025,,Facebook,General Dentistry,Clinic A,Contacted - No Appointment,17,No,
L00923,06-05-2025,,Instagram,Dental Crown,Clinic D,Contacted - No Appointment,35,No,
L00924,16-09-2025,P00924,Facebook,Invisalign,Clinic D,Appointment Booked,14,Yes,29-09-2025
L00925,27-05-2025,P00925,Google Ads,Teeth Whitening,Clinic B,Appointment Booked,14,Yes,31-05-2025
L00926,16-07-2025,P00926,Google Ads,General Dentistry,Clinic D,Appointment Booked,20,Yes,20-07-2025
L00927,07-10-2025,,Facebook,Dental Crown,Clinic A,Contacted - No Appointment,24,No,
L00928,31-01-2025,,Google Ads,Dental Crown,Clinic B,Contacted - No Appointment,16,No,
L00929,06-11-2025,,Google Organic,Invisalign,Clinic C,Contacted - No Appointment,19,No,
L00930,18-05-2025,,Google Ads,Root Canal,Clinic B,Contacted - No Appointment,23,No,
L00931,29-09-2025,P00931,Google Ads,Teeth Whitening,Clinic D,Appointment Booked,1,Yes,05-10-2025
L00932,30-03-2025,,Facebook,General Dentistry,Clinic A,Contacted - No Appointment,16,No,
L00933,21-05-2025,P00933,Google Ads,Dental Crown,Clinic C,Appointment Booked,32,Yes,26-05-2025
L00934,02-10-2025,,Facebook,Teeth Whitening,Clinic C,Contacted - No Appointment,40,No,
L00935,16-01-2025,,Facebook,Dental Implant,Clinic C,Contacted - No Appointment,7,No,
L00936,18-02-2025,P00936,Google Organic,Invisalign,Clinic A,Appointment Booked,18,Yes,25-02-2025
L00937,08-10-2025,P00937,Referral,Root Canal,Clinic B,Appointment Booked,21,Yes,15-10-2025
L00938,17-04-2025,,Google Organic,Dental Implant,Clinic D,Contacted - No Appointment,19,No,
L00939,02-04-2025,P00939,Google Ads,Dental Crown,Clinic A,Appointment Booked,4,Yes,08-04-2025
L00940,06-01-2025,,Referral,Invisalign,Clinic D,Contacted - No Appointment,26,No,
L00941,22-05-2025,,Facebook,Teeth Whitening,Clinic C,Contacted - No Appointment,19,No,
L00942,22-02-2025,,Facebook,Teeth Whitening,Clinic D,Not Contacted/Cold,49,No,
L00943,29-08-2025,P00943,Facebook,Root Canal,Clinic C,Appointment Booked,4,Yes,02-09-2025
L00944,11-11-2025,P00944,Google Ads,Invisalign,Clinic A,Appointment Booked,22,Yes,16-11-2025
L00945,29-08-2025,,Referral,Dental Crown,Clinic C,Contacted - No Appointment,13,No,
L00946,04-09-2025,P00946,Facebook,General Dentistry,Clinic D,Appointment Booked,17,Yes,07-09-2025
L00947,06-03-2025,,Instagram,Dental Crown,Clinic B,Contacted - No Appointment,13,No,
L00948,02-03-2025,,Google Ads,Dental Implant,Clinic D,Not Contacted/Cold,49,No,
L00949,08-09-2025,,Google Organic,Dental Implant,Clinic B,Contacted - No Appointment,21,No,
L00950,23-09-2025,,Google Organic,Invisalign,Clinic A,Not Contacted/Cold,72,No,
L00951,13-11-2025,,Google Ads,Invisalign,Clinic B,Contacted - No Appointment,7,No,
L00952,19-01-2025,P00952,Google Organic,Teeth Whitening,Clinic D,Appointment Booked,8,Yes,26-01-2025
L00953,21-08-2025,,Google Organic,General Dentistry,Clinic B,Contacted - No Appointment,12,No,
L00954,20-10-2025,P00954,Instagram,Invisalign,Clinic D,Appointment Booked,21,Yes,03-11-2025
L00955,21-04-2025,P00955,Instagram,Invisalign,Clinic D,Appointment Booked,6,Yes,30-04-2025
L00956,31-05-2025,P00956,Instagram,Invisalign,Clinic B,Appointment Booked,6,Yes,10-06-2025
L00957,12-08-2025,,Google Ads,General Dentistry,Clinic A,Contacted - No Appointment,21,No,
L00958,09-05-2025,,Google Organic,Root Canal,Clinic C,Contacted - No Appointment,10,No,
L00959,13-12-2025,,Facebook,Dental Crown,Clinic B,Contacted - No Appointment,44,No,
L00960,01-06-2025,P00960,Facebook,Root Canal,Clinic D,Appointment Booked,26,Yes,06-06-2025
L00961,20-07-2025,,Referral,Dental Crown,Clinic B,Contacted - No Appointment,28,No,
L00962,12-09-2025,,Google Ads,Root Canal,Clinic B,Not Contacted/Cold,50,No,
L00963,27-07-2025,,Google Ads,Invisalign,Clinic D,Contacted - No Appointment,4,No,
L00964,18-08-2025,,Google Ads,Dental Crown,Clinic B,Contacted - No Appointment,11,No,
L00965,01-06-2025,P00965,Google Ads,Dental Crown,Clinic B,Appointment Booked,7,Yes,07-06-2025
L00966,24-03-2025,P00966,Google Ads,Invisalign,Clinic B,Appointment Booked,25,Yes,05-04-2025
L00967,29-11-2025,P00967,Referral,Dental Implant,Clinic B,Appointment Booked,37,Yes,10-12-2025
L00968,23-08-2025,P00968,Google Ads,Root Canal,Clinic C,Appointment Booked,22,Yes,02-09-2025
L00969,03-11-2025,,Instagram,Root Canal,Clinic D,Not Contacted/Cold,51,No,
L00970,08-02-2025,,Google Ads,Dental Crown,Clinic B,Contacted - No Appointment,32,No,
L00971,26-05-2025,P00971,Instagram,General Dentistry,Clinic C,Appointment Booked,19,Yes,29-05-2025
L00972,06-09-2025,,Referral,Dental Implant,Clinic C,Not Contacted/Cold,56,No,
L00973,14-03-2025,,Google Ads,Invisalign,Clinic B,Contacted - No Appointment,28,No,
L00974,27-07-2025,,Google Organic,Invisalign,Clinic B,Contacted - No Appointment,26,No,
L00975,19-10-2025,,Referral,Root Canal,Clinic D,Contacted - No Appointment,40,No,
L00976,09-07-2025,P00976,Instagram,Root Canal,Clinic C,Appointment Booked,15,Yes,21-07-2025
L00977,25-05-2025,,Facebook,Teeth Whitening,Clinic C,Contacted - No Appointment,12,No,
L00978,15-02-2025,P00978,Google Organic,Invisalign,Clinic C,Appointment Booked,22,Yes,27-02-2025
L00979,09-04-2025,,Google Organic,Dental Crown,Clinic A,Contacted - No Appointment,24,No,
L00980,28-03-2025,P00980,Google Ads,General Dentistry,Clinic C,Appointment Booked,22,Yes,06-04-2025
L00981,19-01-2025,P00981,Facebook,General Dentistry,Clinic B,Appointment Booked,39,Yes,27-01-2025
L00982,20-10-2025,P00982,Facebook,General Dentistry,Clinic C,Appointment Booked,20,Yes,25-10-2025
L00983,28-04-2025,,Google Ads,Teeth Whitening,Clinic B,Contacted - No Appointment,3,No,
L00984,27-02-2025,,Referral,General Dentistry,Clinic A,Contacted - No Appointment,12,No,
L00985,21-02-2025,,Facebook,Invisalign,Clinic A,Contacted - No Appointment,22,No,
L00986,04-11-2025,,Facebook,Invisalign,Clinic D,Contacted - No Appointment,26,No,
L00987,24-11-2025,,Instagram,Dental Implant,Clinic B,Contacted - No Appointment,27,No,
L00988,29-04-2025,P00988,Google Ads,Teeth Whitening,Clinic B,Appointment Booked,19,Yes,10-05-2025
L00989,20-02-2025,P00989,Google Ads,General Dentistry,Clinic A,Appointment Booked,36,Yes,24-02-2025
L00990,04-10-2025,,Facebook,Invisalign,Clinic A,Contacted - No Appointment,18,No,
L00991,07-02-2025,,Facebook,Dental Crown,Clinic C,Contacted - No Appointment,9,No,
L00992,21-02-2025,,Google Ads,Teeth Whitening,Clinic C,Contacted - No Appointment,25,No,
L00993,19-10-2025,,Google Ads,General Dentistry,Clinic B,Contacted - No Appointment,4,No,
L00994,25-03-2025,,Facebook,Dental Crown,Clinic A,Contacted - No Appointment,7,No,
L00995,08-09-2025,,Google Organic,General Dentistry,Clinic C,Contacted - No Appointment,33,No,
L00996,23-09-2025,,Referral,Invisalign,Clinic A,Contacted - No Appointment,7,No,
L00997,29-07-2025,P00997,Google Ads,Invisalign,Clinic A,Appointment Booked,13,Yes,10-08-2025
L00998,20-01-2025,,Instagram,Root Canal,Clinic B,Contacted - No Appointment,27,No,
L00999,03-06-2025,,Referral,Root Canal,Clinic B,Contacted - No Appointment,24,No,
L01000,10-08-2025,P01000,Facebook,Dental Implant,Clinic A,Appointment Booked,15,Yes,22-08-2025
L01001,10-12-2025,P01001,Referral,Teeth Whitening,Clinic C,Appointment Booked,34,Yes,12-12-2025
L01002,06-02-2025,,Referral,Teeth Whitening,Clinic C,Contacted - No Appointment,5,No,
L01003,16-12-2025,,Google Ads,Teeth Whitening,Clinic D,Contacted - No Appointment,14,No,
L01004,17-06-2025,P01004,Google Ads,Invisalign,Clinic B,Appointment Booked,11,Yes,01-07-2025
L01005,28-12-2025,,Google Ads,Root Canal,Clinic A,Contacted - No Appointment,37,No,
L01006,19-12-2025,P01006,Google Ads,Root Canal,Clinic B,Appointment Booked,19,Yes,02-01-2026
L01007,21-10-2025,,Referral,Dental Implant,Clinic D,Contacted - No Appointment,31,No,
L01008,22-05-2025,,Referral,Dental Crown,Clinic C,Contacted - No Appointment,24,No,
L01009,14-09-2025,P01009,Google Ads,Dental Implant,Clinic C,Appointment Booked,11,Yes,25-09-2025
L01010,30-11-2025,,Instagram,Dental Implant,Clinic A,Contacted - No Appointment,36,No,
L01011,18-09-2025,,Instagram,Teeth Whitening,Clinic C,Contacted - No Appointment,27,No,
L01012,06-04-2025,,Facebook,Dental Implant,Clinic A,Contacted - No Appointment,40,No,
L01013,26-07-2025,,Instagram,General Dentistry,Clinic C,Contacted - No Appointment,9,No,
L01014,13-03-2025,,Referral,Root Canal,Clinic D,Contacted - No Appointment,22,No,
L01015,16-02-2025,P01015,Google Ads,General Dentistry,Clinic D,Appointment Booked,41,Yes,23-02-2025
L01016,06-03-2025,P01016,Google Ads,Dental Implant,Clinic C,Appointment Booked,32,Yes,13-03-2025
L01017,18-08-2025,,Google Ads,Dental Crown,Clinic B,Not Contacted/Cold,62,No,
L01018,23-07-2025,P01018,Facebook,Invisalign,Clinic D,Appointment Booked,30,Yes,27-07-2025
L01019,14-04-2025,,Facebook,General Dentistry,Clinic C,Not Contacted/Cold,58,No,
L01020,10-06-2025,,Facebook,Root Canal,Clinic A,Not Contacted/Cold,57,No,
L01021,14-12-2025,P01021,Facebook,Invisalign,Clinic B,Appointment Booked,13,Yes,21-12-2025
L01022,16-02-2025,P01022,Google Organic,General Dentistry,Clinic A,Appointment Booked,5,Yes,18-02-2025
L01023,02-01-2025,,Facebook,Root Canal,Clinic B,Contacted - No Appointment,27,No,
L01024,25-11-2025,P01024,Facebook,Dental Implant,Clinic B,Appointment Booked,13,Yes,30-11-2025
L01025,01-06-2025,,Google Organic,Root Canal,Clinic C,Contacted - No Appointment,29,No,
L01026,27-07-2025,P01026,Google Organic,Dental Crown,Clinic B,Appointment Booked,11,Yes,29-07-2025
L01027,23-11-2025,,Google Ads,Invisalign,Clinic A,Not Contacted/Cold,49,No,
L01028,25-10-2025,P01028,Facebook,Root Canal,Clinic B,Appointment Booked,20,Yes,05-11-2025
L01029,21-08-2025,P01029,Google Organic,Dental Implant,Clinic D,Appointment Booked,66,Yes,04-09-2025
L01030,29-11-2025,P01030,Google Ads,Dental Crown,Clinic C,Appointment Booked,25,Yes,02-12-2025
L01031,11-06-2025,,Facebook,Teeth Whitening,Clinic B,Contacted - No Appointment,38,No,
L01032,14-08-2025,,Facebook,Root Canal,Clinic D,Contacted - No Appointment,23,No,
L01033,03-06-2025,P01033,Google Ads,Root Canal,Clinic D,Appointment Booked,17,Yes,17-06-2025
L01034,31-01-2025,P01034,Google Ads,Dental Implant,Clinic A,Appointment Booked,5,Yes,05-02-2025
L01035,13-07-2025,P01035,Facebook,Invisalign,Clinic A,Appointment Booked,1,Yes,23-07-2025
L01036,08-09-2025,,Google Organic,Dental Implant,Clinic C,Contacted - No Appointment,12,No,
L01037,16-12-2025,P01037,Google Organic,Root Canal,Clinic D,Appointment Booked,23,Yes,29-12-2025
L01038,07-11-2025,,Referral,Root Canal,Clinic D,Contacted - No Appointment,27,No,
L01039,03-05-2025,,Google Ads,General Dentistry,Clinic D,Contacted - No Appointment,17,No,
L01040,24-03-2025,,Google Ads,Dental Implant,Clinic C,Contacted - No Appointment,8,No,
L01041,17-05-2025,,Google Organic,Dental Crown,Clinic C,Contacted - No Appointment,8,No,
L01042,08-09-2025,P01042,Facebook,Root Canal,Clinic A,Appointment Booked,16,Yes,13-09-2025
L01043,19-07-2025,,Facebook,Root Canal,Clinic A,Contacted - No Appointment,36,No,
L01044,01-03-2025,P01044,Google Ads,General Dentistry,Clinic B,Appointment Booked,17,Yes,13-03-2025
L01045,23-06-2025,,Google Ads,Invisalign,Clinic C,Contacted - No Appointment,33,No,
L01046,23-09-2025,P01046,Facebook,Dental Implant,Clinic C,Appointment Booked,10,Yes,02-10-2025
L01047,18-11-2025,P01047,Google Ads,Dental Crown,Clinic C,Appointment Booked,51,Yes,20-11-2025
L01048,13-09-2025,P01048,Referral,Invisalign,Clinic B,Appointment Booked,7,Yes,21-09-2025
L01049,19-06-2025,,Google Ads,Dental Implant,Clinic C,Contacted - No Appointment,21,No,
L01050,05-06-2025,,Referral,Invisalign,Clinic A,Contacted - No Appointment,10,No,
L01051,22-11-2025,P01051,Google Organic,Invisalign,Clinic B,Appointment Booked,3,Yes,29-11-2025
L01052,17-02-2025,P01052,Facebook,Dental Crown,Clinic D,Appointment Booked,24,Yes,21-02-2025
L01053,18-01-2025,P01053,Google Organic,Dental Implant,Clinic C,Appointment Booked,15,Yes,30-01-2025
L01054,11-04-2025,P01054,Google Organic,Root Canal,Clinic D,Appointment Booked,25,Yes,20-04-2025
L01055,23-08-2025,,Google Ads,Root Canal,Clinic B,Contacted - No Appointment,18,No,
L01056,26-06-2025,,Facebook,Root Canal,Clinic B,Contacted - No Appointment,16,No,
L01057,04-01-2025,,Facebook,General Dentistry,Clinic B,Contacted - No Appointment,19,No,
L01058,01-12-2025,,Instagram,Dental Implant,Clinic B,Contacted - No Appointment,8,No,
L01059,13-07-2025,P01059,Facebook,General Dentistry,Clinic D,Appointment Booked,5,Yes,19-07-2025
L01060,06-12-2025,,Facebook,Dental Crown,Clinic C,Not Contacted/Cold,47,No,
L01061,21-11-2025,,Facebook,Teeth Whitening,Clinic D,Contacted - No Appointment,13,No,
L01062,17-07-2025,,Facebook,Root Canal,Clinic A,Contacted - No Appointment,17,No,
L01063,10-07-2025,,Facebook,Root Canal,Clinic D,Not Contacted/Cold,58,No,
L01064,22-03-2025,,Facebook,General Dentistry,Clinic A,Contacted - No Appointment,17,No,
L01065,07-01-2025,,Referral,General Dentistry,Clinic D,Contacted - No Appointment,13,No,
L01066,09-09-2025,P01066,Instagram,Invisalign,Clinic B,Appointment Booked,50,Yes,14-09-2025
L01067,12-10-2025,P01067,Google Organic,Invisalign,Clinic B,Appointment Booked,27,Yes,22-10-2025
L01068,12-08-2025,,Instagram,Root Canal,Clinic C,Contacted - No Appointment,19,No,
L01069,29-01-2025,P01069,Instagram,General Dentistry,Clinic D,Appointment Booked,4,Yes,01-02-2025
L01070,04-11-2025,,Instagram,Invisalign,Clinic A,Contacted - No Appointment,8,No,
L01071,06-10-2025,,Google Ads,Dental Crown,Clinic B,Contacted - No Appointment,3,No,
L01072,30-04-2025,,Referral,Teeth Whitening,Clinic D,Contacted - No Appointment,9,No,
L01073,29-07-2025,P01073,Google Ads,Teeth Whitening,Clinic B,Appointment Booked,16,Yes,31-07-2025
L01074,22-10-2025,,Facebook,Dental Crown,Clinic A,Not Contacted/Cold,50,No,
L01075,23-02-2025,,Google Ads,Root Canal,Clinic B,Contacted - No Appointment,11,No,
L01076,01-09-2025,,Google Ads,General Dentistry,Clinic B,Contacted - No Appointment,16,No,
L01077,09-01-2025,,Google Organic,Dental Crown,Clinic D,Contacted - No Appointment,18,No,
L01078,29-05-2025,,Facebook,Teeth Whitening,Clinic D,Contacted - No Appointment,10,No,
L01079,26-04-2025,P01079,Google Organic,Invisalign,Clinic B,Appointment Booked,22,Yes,29-04-2025
L01080,29-07-2025,P01080,Google Ads,Dental Crown,Clinic D,Appointment Booked,18,Yes,02-08-2025
L01081,17-11-2025,,Google Ads,Invisalign,Clinic B,Contacted - No Appointment,19,No,
L01082,06-11-2025,P01082,Google Ads,Invisalign,Clinic A,Appointment Booked,17,Yes,09-11-2025
L01083,23-08-2025,P01083,Instagram,Teeth Whitening,Clinic B,Appointment Booked,11,Yes,02-09-2025
L01084,02-11-2025,,Google Organic,Root Canal,Clinic B,Contacted - No Appointment,12,No,
L01085,13-06-2025,,Facebook,Dental Crown,Clinic A,Contacted - No Appointment,8,No,
L01086,22-01-2025,,Facebook,Invisalign,Clinic D,Contacted - No Appointment,12,No,
L01087,05-07-2025,P01087,Referral,Dental Crown,Clinic D,Appointment Booked,19,Yes,06-07-2025
L01088,26-10-2025,,Google Ads,Root Canal,Clinic B,Contacted - No Appointment,12,No,
L01089,04-12-2025,P01089,Facebook,Dental Crown,Clinic C,Appointment Booked,21,Yes,13-12-2025
L01090,22-06-2025,P01090,Facebook,Invisalign,Clinic C,Appointment Booked,32,Yes,23-06-2025
L01091,29-06-2025,,Google Ads,Teeth Whitening,Clinic D,Contacted - No Appointment,5,No,
L01092,22-01-2025,P01092,Google Ads,Teeth Whitening,Clinic D,Appointment Booked,28,Yes,03-02-2025
L01093,02-07-2025,P01093,Google Ads,Invisalign,Clinic C,Appointment Booked,4,Yes,06-07-2025
L01094,01-02-2025,,Referral,Invisalign,Clinic D,Contacted - No Appointment,17,No,
L01095,26-10-2025,,Instagram,Dental Crown,Clinic C,Contacted - No Appointment,21,No,
L01096,30-01-2025,,Google Organic,Dental Crown,Clinic C,Contacted - No Appointment,7,No,
L01097,17-03-2025,P01097,Facebook,Teeth Whitening,Clinic A,Appointment Booked,5,Yes,24-03-2025
L01098,14-10-2025,P01098,Instagram,Dental Crown,Clinic A,Appointment Booked,12,Yes,22-10-2025
L01099,07-10-2025,,Google Organic,Root Canal,Clinic C,Contacted - No Appointment,20,No,
L01100,03-10-2025,,Referral,Root Canal,Clinic B,Contacted - No Appointment,20,No,
L01101,26-10-2025,P01101,Google Ads,Invisalign,Clinic A,Appointment Booked,34,Yes,05-11-2025
L01102,12-07-2025,P01102,Facebook,Dental Implant,Clinic C,Appointment Booked,52,Yes,15-07-2025
L01103,14-12-2025,,Google Organic,Dental Crown,Clinic A,Contacted - No Appointment,7,No,
L01104,01-06-2025,,Referral,Dental Implant,Clinic C,Contacted - No Appointment,11,No,
L01105,27-11-2025,P01105,Referral,General Dentistry,Clinic C,Appointment Booked,1,Yes,28-11-2025
L01106,22-06-2025,,Instagram,General Dentistry,Clinic D,Contacted - No Appointment,15,No,
L01107,03-04-2025,P01107,Google Ads,General Dentistry,Clinic B,Appointment Booked,3,Yes,07-04-2025
L01108,26-10-2025,,Google Ads,General Dentistry,Clinic A,Contacted - No Appointment,14,No,
L01109,28-04-2025,,Referral,Root Canal,Clinic C,Contacted - No Appointment,10,No,
L01110,13-01-2025,,Facebook,General Dentistry,Clinic D,Contacted - No Appointment,11,No,
L01111,19-01-2025,P01111,Google Ads,Dental Implant,Clinic D,Appointment Booked,30,Yes,22-01-2025
L01112,19-04-2025,P01112,Referral,Dental Implant,Clinic B,Appointment Booked,12,Yes,23-04-2025
L01113,01-03-2025,,Google Ads,Teeth Whitening,Clinic B,Contacted - No Appointment,21,No,
L01114,06-04-2025,P01114,Google Organic,Dental Implant,Clinic D,Appointment Booked,10,Yes,10-04-2025
L01115,26-09-2025,,Instagram,General Dentistry,Clinic A,Contacted - No Appointment,20,No,
L01116,03-11-2025,,Google Ads,Dental Crown,Clinic C,Contacted - No Appointment,4,No,
L01117,21-12-2025,P01117,Facebook,Teeth Whitening,Clinic B,Appointment Booked,61,Yes,28-12-2025
L01118,17-09-2025,,Google Ads,Invisalign,Clinic A,Contacted - No Appointment,31,No,
L01119,23-06-2025,,Instagram,Dental Crown,Clinic B,Contacted - No Appointment,16,No,
L01120,05-08-2025,P01120,Facebook,Dental Implant,Clinic B,Appointment Booked,14,Yes,17-08-2025
L01121,23-01-2025,P01121,Google Ads,General Dentistry,Clinic C,Appointment Booked,6,Yes,28-01-2025
L01122,19-01-2025,,Referral,Dental Implant,Clinic D,Not Contacted/Cold,64,No,
L01123,27-08-2025,,Facebook,Dental Crown,Clinic B,Contacted - No Appointment,16,No,
L01124,11-09-2025,P01124,Google Ads,Invisalign,Clinic D,Appointment Booked,8,Yes,20-09-2025
L01125,31-03-2025,,Google Ads,Dental Implant,Clinic A,Contacted - No Appointment,20,No,
L01126,15-03-2025,P01126,Google Ads,Root Canal,Clinic C,Appointment Booked,16,Yes,16-03-2025
L01127,31-08-2025,P01127,Referral,Dental Implant,Clinic A,Appointment Booked,35,Yes,08-09-2025
L01128,08-03-2025,,Google Ads,Teeth Whitening,Clinic D,Not Contacted/Cold,46,No,
L01129,14-09-2025,P01129,Facebook,Invisalign,Clinic D,Appointment Booked,17,Yes,20-09-2025
L01130,12-07-2025,,Referral,Invisalign,Clinic C,Contacted - No Appointment,9,No,
L01131,13-09-2025,P01131,Instagram,Dental Crown,Clinic D,Appointment Booked,13,Yes,14-09-2025
L01132,28-01-2025,,Facebook,Invisalign,Clinic C,Contacted - No Appointment,37,No,
L01133,18-05-2025,,Referral,Root Canal,Clinic D,Contacted - No Appointment,22,No,
L01134,02-04-2025,,Google Organic,Teeth Whitening,Clinic C,Contacted - No Appointment,5,No,
L01135,21-06-2025,P01135,Google Ads,Dental Implant,Clinic D,Appointment Booked,27,Yes,28-06-2025
L01136,07-06-2025,,Instagram,Dental Implant,Clinic C,Contacted - No Appointment,5,No,
L01137,09-08-2025,,Referral,Invisalign,Clinic A,Contacted - No Appointment,25,No,
L01138,09-06-2025,,Facebook,Root Canal,Clinic C,Contacted - No Appointment,18,No,
L01139,28-06-2025,P01139,Google Organic,Root Canal,Clinic A,Appointment Booked,11,Yes,08-07-2025
L01140,01-09-2025,,Referral,Root Canal,Clinic C,Contacted - No Appointment,18,No,
L01141,06-07-2025,,Google Organic,Teeth Whitening,Clinic B,Contacted - No Appointment,9,No,
L01142,19-06-2025,P01142,Google Ads,Dental Implant,Clinic C,Appointment Booked,16,Yes,23-06-2025
L01143,09-04-2025,P01143,Google Ads,Root Canal,Clinic A,Appointment Booked,28,Yes,16-04-2025
L01144,24-05-2025,,Instagram,Root Canal,Clinic A,Contacted - No Appointment,19,No,
L01145,05-03-2025,,Google Ads,Dental Crown,Clinic B,Contacted - No Appointment,30,No,
L01146,13-01-2025,,Referral,General Dentistry,Clinic D,Contacted - No Appointment,40,No,
L01147,12-11-2025,,Facebook,Root Canal,Clinic B,Contacted - No Appointment,11,No,
L01148,07-05-2025,P01148,Facebook,General Dentistry,Clinic B,Appointment Booked,25,Yes,15-05-2025
L01149,16-08-2025,,Google Organic,Invisalign,Clinic C,Contacted - No Appointment,31,No,
L01150,25-05-2025,P01150,Facebook,Dental Implant,Clinic C,Appointment Booked,1,Yes,05-06-2025
L01151,15-01-2025,P01151,Facebook,Dental Implant,Clinic B,Appointment Booked,9,Yes,20-01-2025
L01152,30-06-2025,,Google Ads,Root Canal,Clinic B,Contacted - No Appointment,17,No,
L01153,11-07-2025,P01153,Instagram,Invisalign,Clinic A,Appointment Booked,9,Yes,19-07-2025
L01154,14-11-2025,P01154,Referral,Dental Implant,Clinic D,Appointment Booked,29,Yes,21-11-2025
L01155,06-02-2025,,Google Organic,Root Canal,Clinic A,Contacted - No Appointment,30,No,
L01156,05-12-2025,,Facebook,Invisalign,Clinic B,Not Contacted/Cold,48,No,
L01157,24-04-2025,P01157,Google Ads,Dental Implant,Clinic A,Appointment Booked,32,Yes,29-04-2025
L01158,14-11-2025,P01158,Google Organic,Invisalign,Clinic A,Appointment Booked,7,Yes,18-11-2025
L01159,09-05-2025,,Referral,General Dentistry,Clinic D,Not Contacted/Cold,47,No,
L01160,21-06-2025,P01160,Facebook,Invisalign,Clinic A,Appointment Booked,17,Yes,27-06-2025
L01161,25-02-2025,,Google Organic,Teeth Whitening,Clinic A,Not Contacted/Cold,50,No,
L01162,17-03-2025,,Facebook,Dental Crown,Clinic B,Contacted - No Appointment,16,No,
L01163,14-11-2025,,Facebook,Root Canal,Clinic A,Contacted - No Appointment,36,No,
L01164,29-10-2025,,Google Organic,Invisalign,Clinic A,Contacted - No Appointment,21,No,
L01165,25-06-2025,,Google Ads,Root Canal,Clinic D,Contacted - No Appointment,14,No,
L01166,29-08-2025,P01166,Facebook,Dental Crown,Clinic D,Appointment Booked,6,Yes,02-09-2025
L01167,04-04-2025,,Google Ads,Root Canal,Clinic D,Contacted - No Appointment,32,No,
L01168,06-11-2025,,Facebook,Invisalign,Clinic D,Contacted - No Appointment,19,No,
L01169,23-09-2025,P01169,Instagram,Dental Implant,Clinic C,Appointment Booked,6,Yes,05-10-2025
L01170,13-06-2025,P01170,Google Ads,General Dentistry,Clinic A,Appointment Booked,10,Yes,17-06-2025
L01171,18-04-2025,,Instagram,Root Canal,Clinic D,Contacted - No Appointment,11,No,
L01172,08-01-2025,,Google Ads,Dental Crown,Clinic D,Contacted - No Appointment,13,No,
L01173,28-03-2025,P01173,Instagram,Root Canal,Clinic D,Appointment Booked,23,Yes,08-04-2025
L01174,23-02-2025,,Google Ads,General Dentistry,Clinic B,Contacted - No Appointment,17,No,
L01175,17-04-2025,,Google Organic,Root Canal,Clinic A,Contacted - No Appointment,11,No,
L01176,27-03-2025,,Instagram,Root Canal,Clinic D,Contacted - No Appointment,36,No,
L01177,01-01-2025,,Referral,General Dentistry,Clinic C,Contacted - No Appointment,19,No,
L01178,21-03-2025,P01178,Referral,Teeth Whitening,Clinic D,Appointment Booked,13,Yes,26-03-2025
L01179,29-03-2025,P01179,Google Ads,Dental Implant,Clinic A,Appointment Booked,14,Yes,09-04-2025
L01180,20-09-2025,P01180,Google Ads,Dental Implant,Clinic A,Appointment Booked,4,Yes,02-10-2025
L01181,28-09-2025,,Instagram,Teeth Whitening,Clinic A,Contacted - No Appointment,20,No,
L01182,20-12-2025,P01182,Instagram,General Dentistry,Clinic D,Appointment Booked,10,Yes,27-12-2025
L01183,02-05-2025,,Google Ads,Root Canal,Clinic A,Contacted - No Appointment,13,No,
L01184,16-01-2025,,Google Ads,Dental Crown,Clinic A,Contacted - No Appointment,31,No,
L01185,30-04-2025,,Instagram,Dental Crown,Clinic D,Contacted - No Appointment,20,No,
L01186,16-08-2025,,Referral,Root Canal,Clinic A,Contacted - No Appointment,5,No,
L01187,04-02-2025,,Referral,Dental Crown,Clinic D,Contacted - No Appointment,4,No,
L01188,12-07-2025,,Google Ads,Dental Implant,Clinic B,Contacted - No Appointment,21,No,
L01189,12-02-2025,,Facebook,General Dentistry,Clinic D,Not Contacted/Cold,56,No,
L01190,16-12-2025,P01190,Google Ads,Teeth Whitening,Clinic C,Appointment Booked,17,Yes,17-12-2025
L01191,06-10-2025,,Facebook,Dental Crown,Clinic D,Contacted - No Appointment,25,No,
L01192,02-01-2025,,Google Organic,Invisalign,Clinic D,Contacted - No Appointment,20,No,
L01193,15-04-2025,,Google Organic,Dental Implant,Clinic A,Not Contacted/Cold,46,No,
L01194,09-05-2025,P01194,Facebook,Root Canal,Clinic A,Appointment Booked,29,Yes,11-05-2025
L01195,09-03-2025,,Google Ads,Dental Crown,Clinic A,Contacted - No Appointment,20,No,
L01196,22-11-2025,,Facebook,Dental Crown,Clinic C,Contacted - No Appointment,38,No,
L01197,15-01-2025,P01197,Referral,Root Canal,Clinic D,Appointment Booked,21,Yes,19-01-2025
L01198,14-06-2025,,Google Ads,Dental Crown,Clinic B,Contacted - No Appointment,7,No,
L01199,29-06-2025,,Facebook,Teeth Whitening,Clinic C,Contacted - No Appointment,31,No,
L01200,31-05-2025,P01200,Google Organic,Dental Implant,Clinic A,Appointment Booked,43,Yes,10-06-2025
L01201,24-04-2025,P01201,Google Organic,Root Canal,Clinic D,Appointment Booked,36,Yes,05-05-2025
L01202,10-05-2025,P01202,Referral,Teeth Whitening,Clinic D,Appointment Booked,27,Yes,18-05-2025
L01203,10-08-2025,,Facebook,Root Canal,Clinic B,Contacted - No Appointment,6,No,
L01204,14-03-2025,,Facebook,Dental Crown,Clinic B,Contacted - No Appointment,8,No,
L01205,29-03-2025,,Facebook,Root Canal,Clinic A,Contacted - No Appointment,30,No,
L01206,26-08-2025,,Referral,General Dentistry,Clinic C,Contacted - No Appointment,15,No,
L01207,26-01-2025,P01207,Google Organic,Dental Implant,Clinic B,Appointment Booked,5,Yes,29-01-2025
L01208,12-06-2025,,Google Organic,Root Canal,Clinic A,Contacted - No Appointment,39,No,
L01209,24-12-2025,P01209,Google Ads,Dental Implant,Clinic B,Appointment Booked,14,Yes,28-12-2025
L01210,23-07-2025,,Google Organic,Dental Implant,Clinic B,Not Contacted/Cold,50,No,
L01211,08-05-2025,,Facebook,Root Canal,Clinic C,Contacted - No Appointment,25,No,
L01212,27-11-2025,P01212,Google Ads,Dental Implant,Clinic C,Appointment Booked,13,Yes,10-12-2025
L01213,14-12-2025,,Google Ads,General Dentistry,Clinic A,Contacted - No Appointment,24,No,
L01214,17-09-2025,P01214,Google Organic,General Dentistry,Clinic D,Appointment Booked,16,Yes,30-09-2025
L01215,26-12-2025,,Facebook,Invisalign,Clinic C,Contacted - No Appointment,19,No,
L01216,26-06-2025,P01216,Referral,Dental Crown,Clinic B,Appointment Booked,18,Yes,08-07-2025
L01217,06-01-2025,,Google Organic,Root Canal,Clinic A,Contacted - No Appointment,33,No,
L01218,20-01-2025,,Google Ads,Teeth Whitening,Clinic D,Contacted - No Appointment,42,No,
L01219,07-11-2025,,Google Organic,Dental Crown,Clinic D,Contacted - No Appointment,24,No,
L01220,31-05-2025,,Google Ads,Dental Implant,Clinic A,Contacted - No Appointment,12,No,
L01221,18-02-2025,,Facebook,Teeth Whitening,Clinic B,Contacted - No Appointment,21,No,
L01222,29-10-2025,,Instagram,Teeth Whitening,Clinic A,Contacted - No Appointment,45,No,
L01223,19-10-2025,P01223,Referral,Root Canal,Clinic C,Appointment Booked,18,Yes,31-10-2025
L01224,02-05-2025,,Facebook,General Dentistry,Clinic A,Contacted - No Appointment,34,No,
L01225,14-02-2025,P01225,Google Organic,General Dentistry,Clinic B,Appointment Booked,23,Yes,23-02-2025
L01226,01-06-2025,,Google Organic,Root Canal,Clinic C,Contacted - No Appointment,14,No,
L01227,11-06-2025,,Facebook,Dental Crown,Clinic C,Contacted - No Appointment,11,No,
L01228,30-01-2025,P01228,Facebook,General Dentistry,Clinic B,Appointment Booked,30,Yes,07-02-2025
L01229,09-04-2025,P01229,Google Organic,Invisalign,Clinic B,Appointment Booked,23,Yes,10-04-2025
L01230,08-04-2025,P01230,Google Ads,Invisalign,Clinic C,Appointment Booked,8,Yes,15-04-2025
L01231,09-05-2025,,Referral,Invisalign,Clinic A,Contacted - No Appointment,33,No,
L01232,07-07-2025,,Google Organic,General Dentistry,Clinic A,Contacted - No Appointment,21,No,
L01233,06-05-2025,,Google Ads,Teeth Whitening,Clinic D,Not Contacted/Cold,47,No,
L01234,17-03-2025,,Referral,Dental Implant,Clinic A,Contacted - No Appointment,5,No,
L01235,04-07-2025,,Google Ads,General Dentistry,Clinic C,Contacted - No Appointment,26,No,
L01236,02-03-2025,,Referral,Teeth Whitening,Clinic D,Contacted - No Appointment,23,No,
L01237,21-09-2025,,Facebook,General Dentistry,Clinic B,Contacted - No Appointment,25,No,
L01238,25-10-2025,P01238,Google Organic,Dental Implant,Clinic B,Appointment Booked,11,Yes,07-11-2025
L01239,24-01-2025,P01239,Facebook,Root Canal,Clinic C,Appointment Booked,3,Yes,01-02-2025
L01240,18-04-2025,P01240,Google Organic,Dental Crown,Clinic D,Appointment Booked,10,Yes,28-04-2025
L01241,14-08-2025,,Google Ads,Root Canal,Clinic D,Contacted - No Appointment,21,No,
L01242,29-10-2025,,Google Ads,Dental Crown,Clinic C,Contacted - No Appointment,20,No,
L01243,17-04-2025,,Google Ads,Teeth Whitening,Clinic A,Contacted - No Appointment,32,No,
L01244,21-04-2025,P01244,Referral,Root Canal,Clinic C,Appointment Booked,17,Yes,24-04-2025
L01245,29-07-2025,P01245,Google Ads,General Dentistry,Clinic B,Appointment Booked,71,Yes,31-07-2025
L01246,19-07-2025,P01246,Google Organic,Dental Implant,Clinic B,Appointment Booked,14,Yes,21-07-2025
L01247,22-05-2025,P01247,Google Organic,Invisalign,Clinic A,Appointment Booked,59,Yes,01-06-2025
L01248,11-01-2025,P01248,Referral,Dental Implant,Clinic A,Appointment Booked,31,Yes,21-01-2025
L01249,24-11-2025,P01249,Google Ads,Root Canal,Clinic D,Appointment Booked,31,Yes,04-12-2025
L01250,08-08-2025,P01250,Referral,Root Canal,Clinic B,Appointment Booked,13,Yes,12-08-2025
L01251,25-10-2025,P01251,Google Ads,Teeth Whitening,Clinic B,Appointment Booked,54,Yes,03-11-2025
L01252,07-07-2025,P01252,Google Organic,Dental Crown,Clinic B,Appointment Booked,39,Yes,09-07-2025
L01253,20-06-2025,,Google Organic,Root Canal,Clinic D,Contacted - No Appointment,37,No,
L01254,09-08-2025,,Google Ads,Dental Crown,Clinic C,Contacted - No Appointment,15,No,
L01255,18-12-2025,,Google Ads,Dental Implant,Clinic B,Contacted - No Appointment,31,No,
L01256,08-12-2025,P01256,Facebook,Invisalign,Clinic A,Appointment Booked,25,Yes,18-12-2025
L01257,07-04-2025,P01257,Facebook,Dental Crown,Clinic A,Appointment Booked,5,Yes,18-04-2025
L01258,11-07-2025,P01258,Referral,Dental Crown,Clinic D,Appointment Booked,17,Yes,13-07-2025
L01259,28-02-2025,P01259,Facebook,Teeth Whitening,Clinic C,Appointment Booked,16,Yes,14-03-2025
L01260,16-03-2025,,Referral,Root Canal,Clinic C,Contacted - No Appointment,30,No,
L01261,18-02-2025,P01261,Facebook,Teeth Whitening,Clinic C,Appointment Booked,30,Yes,02-03-2025
L01262,02-11-2025,,Referral,Dental Crown,Clinic B,Contacted - No Appointment,18,No,
L01263,13-11-2025,,Google Organic,General Dentistry,Clinic D,Contacted - No Appointment,27,No,
L01264,15-04-2025,,Google Organic,Invisalign,Clinic C,Contacted - No Appointment,4,No,
L01265,25-08-2025,,Google Ads,Dental Crown,Clinic A,Contacted - No Appointment,20,No,
L01266,23-02-2025,,Instagram,Dental Crown,Clinic A,Contacted - No Appointment,15,No,
L01267,11-05-2025,,Google Ads,General Dentistry,Clinic C,Contacted - No Appointment,19,No,
L01268,26-07-2025,,Google Ads,Invisalign,Clinic D,Contacted - No Appointment,33,No,
L01269,23-03-2025,,Instagram,Root Canal,Clinic B,Contacted - No Appointment,40,No,
L01270,17-10-2025,P01270,Google Organic,Invisalign,Clinic D,Appointment Booked,10,Yes,24-10-2025
L01271,09-09-2025,P01271,Google Ads,Root Canal,Clinic D,Appointment Booked,6,Yes,10-09-2025
L01272,13-05-2025,,Facebook,Invisalign,Clinic A,Contacted - No Appointment,43,No,
L01273,25-10-2025,P01273,Instagram,Dental Implant,Clinic A,Appointment Booked,4,Yes,27-10-2025
L01274,26-12-2025,,Google Ads,Dental Crown,Clinic A,Contacted - No Appointment,24,No,
L01275,10-10-2025,P01275,Facebook,Invisalign,Clinic C,Appointment Booked,24,Yes,12-10-2025
L01276,05-02-2025,P01276,Google Organic,Invisalign,Clinic A,Appointment Booked,55,Yes,18-02-2025
L01277,15-06-2025,,Google Ads,Invisalign,Clinic B,Contacted - No Appointment,40,No,
L01278,01-11-2025,,Google Organic,Dental Implant,Clinic B,Contacted - No Appointment,17,No,
L01279,21-09-2025,,Instagram,General Dentistry,Clinic C,Contacted - No Appointment,17,No,
L01280,16-08-2025,,Google Organic,Dental Crown,Clinic A,Contacted - No Appointment,35,No,
L01281,11-11-2025,,Google Ads,Teeth Whitening,Clinic B,Contacted - No Appointment,21,No,
L01282,05-01-2025,,Google Organic,Root Canal,Clinic B,Contacted - No Appointment,17,No,
L01283,13-11-2025,,Google Ads,General Dentistry,Clinic C,Contacted - No Appointment,11,No,
L01284,06-12-2025,,Facebook,Root Canal,Clinic D,Contacted - No Appointment,24,No,
L01285,26-07-2025,,Google Ads,Dental Crown,Clinic A,Contacted - No Appointment,15,No,
L01286,16-08-2025,P01286,Referral,Root Canal,Clinic D,Appointment Booked,60,Yes,18-08-2025
L01287,28-01-2025,P01287,Google Organic,Teeth Whitening,Clinic C,Appointment Booked,6,Yes,07-02-2025
L01288,14-04-2025,,Google Ads,Dental Crown,Clinic C,Contacted - No Appointment,6,No,
L01289,08-07-2025,P01289,Google Ads,Invisalign,Clinic C,Appointment Booked,25,Yes,20-07-2025
L01290,06-03-2025,P01290,Google Ads,Dental Implant,Clinic B,Appointment Booked,30,Yes,09-03-2025
L01291,03-01-2025,,Google Ads,Dental Crown,Clinic A,Contacted - No Appointment,14,No,
L01292,22-11-2025,,Instagram,Root Canal,Clinic C,Contacted - No Appointment,26,No,
L01293,12-05-2025,,Instagram,Dental Implant,Clinic C,Contacted - No Appointment,20,No,
L01294,12-07-2025,P01294,Referral,Root Canal,Clinic C,Appointment Booked,28,Yes,26-07-2025
L01295,08-04-2025,P01295,Referral,Root Canal,Clinic B,Appointment Booked,19,Yes,18-04-2025
L01296,17-12-2025,,Instagram,General Dentistry,Clinic D,Contacted - No Appointment,22,No,
L01297,17-06-2025,P01297,Google Ads,Dental Implant,Clinic C,Appointment Booked,24,Yes,22-06-2025
L01298,01-01-2025,,Facebook,Invisalign,Clinic A,Not Contacted/Cold,80,No,
L01299,27-06-2025,,Facebook,General Dentistry,Clinic B,Contacted - No Appointment,14,No,
L01300,28-07-2025,,Facebook,Dental Crown,Clinic D,Contacted - No Appointment,16,No,
L01301,04-04-2025,,Instagram,Invisalign,Clinic D,Contacted - No Appointment,15,No,
L01302,12-01-2025,,Referral,General Dentistry,Clinic B,Contacted - No Appointment,6,No,
L01303,15-11-2025,,Referral,Root Canal,Clinic D,Contacted - No Appointment,31,No,
L01304,29-09-2025,,Google Ads,Root Canal,Clinic B,Contacted - No Appointment,17,No,
L01305,24-07-2025,,Google Ads,General Dentistry,Clinic B,Contacted - No Appointment,14,No,
L01306,03-03-2025,,Google Organic,General Dentistry,Clinic D,Contacted - No Appointment,14,No,
L01307,18-04-2025,P01307,Google Organic,Root Canal,Clinic D,Appointment Booked,51,Yes,01-05-2025
L01308,09-03-2025,P01308,Google Ads,Dental Implant,Clinic C,Appointment Booked,48,Yes,11-03-2025
L01309,04-06-2025,,Google Organic,Invisalign,Clinic D,Not Contacted/Cold,55,No,
L01310,31-10-2025,,Google Organic,Dental Implant,Clinic A,Contacted - No Appointment,15,No,
L01311,22-10-2025,P01311,Facebook,Dental Implant,Clinic D,Appointment Booked,4,Yes,04-11-2025
L01312,26-04-2025,,Google Ads,Root Canal,Clinic B,Contacted - No Appointment,17,No,
L01313,16-08-2025,P01313,Referral,General Dentistry,Clinic A,Appointment Booked,18,Yes,28-08-2025
L01314,17-01-2025,P01314,Google Organic,General Dentistry,Clinic A,Appointment Booked,27,Yes,24-01-2025
L01315,08-03-2025,,Google Ads,Root Canal,Clinic B,Contacted - No Appointment,12,No,
L01316,07-01-2025,,Google Organic,Dental Crown,Clinic A,Contacted - No Appointment,16,No,
L01317,03-09-2025,P01317,Google Organic,Dental Implant,Clinic B,Appointment Booked,16,Yes,06-09-2025
L01318,12-04-2025,,Referral,Invisalign,Clinic A,Contacted - No Appointment,33,No,
L01319,03-02-2025,,Google Ads,Dental Implant,Clinic B,Contacted - No Appointment,28,No,
L01320,26-02-2025,P01320,Referral,Teeth Whitening,Clinic C,Appointment Booked,27,Yes,06-03-2025
L01321,21-03-2025,,Google Ads,Dental Implant,Clinic B,Contacted - No Appointment,9,No,
L01322,27-03-2025,,Instagram,General Dentistry,Clinic B,Not Contacted/Cold,61,No,
L01323,13-02-2025,,Instagram,Dental Crown,Clinic C,Not Contacted/Cold,48,No,
L01324,12-04-2025,P01324,Facebook,Invisalign,Clinic D,Appointment Booked,41,Yes,23-04-2025
L01325,05-10-2025,P01325,Facebook,Dental Implant,Clinic D,Appointment Booked,3,Yes,18-10-2025
L01326,16-11-2025,P01326,Referral,Dental Crown,Clinic B,Appointment Booked,8,Yes,18-11-2025
L01327,12-04-2025,P01327,Instagram,General Dentistry,Clinic C,Appointment Booked,23,Yes,16-04-2025
L01328,31-08-2025,P01328,Facebook,Teeth Whitening,Clinic A,Appointment Booked,17,Yes,12-09-2025
L01329,15-09-2025,P01329,Google Ads,Invisalign,Clinic A,Appointment Booked,9,Yes,23-09-2025
L01330,06-04-2025,,Google Ads,Dental Crown,Clinic B,Contacted - No Appointment,14,No,
L01331,19-08-2025,P01331,Google Ads,Invisalign,Clinic D,Appointment Booked,54,Yes,24-08-2025
L01332,26-10-2025,P01332,Referral,General Dentistry,Clinic A,Appointment Booked,11,Yes,27-10-2025
L01333,01-04-2025,P01333,Google Organic,Teeth Whitening,Clinic A,Appointment Booked,47,Yes,13-04-2025
L01334,15-05-2025,P01334,Referral,Dental Crown,Clinic A,Appointment Booked,19,Yes,27-05-2025
L01335,01-05-2025,P01335,Google Ads,Root Canal,Clinic D,Appointment Booked,10,Yes,04-05-2025
L01336,30-12-2025,P01336,Google Organic,Dental Crown,Clinic C,Appointment Booked,9,Yes,04-01-2026
L01337,04-04-2025,,Google Ads,Invisalign,Clinic A,Contacted - No Appointment,18,No,
L01338,08-08-2025,P01338,Google Organic,Dental Implant,Clinic C,Appointment Booked,20,Yes,14-08-2025
L01339,21-05-2025,P01339,Facebook,Root Canal,Clinic C,Appointment Booked,23,Yes,23-05-2025
L01340,14-08-2025,P01340,Google Ads,General Dentistry,Clinic C,Appointment Booked,5,Yes,27-08-2025
L01341,05-10-2025,P01341,Instagram,Dental Crown,Clinic A,Appointment Booked,42,Yes,13-10-2025
L01342,17-09-2025,P01342,Google Ads,Dental Implant,Clinic D,Appointment Booked,15,Yes,30-09-2025
L01343,12-09-2025,,Instagram,General Dentistry,Clinic B,Contacted - No Appointment,40,No,
L01344,13-09-2025,,Instagram,Invisalign,Clinic C,Contacted - No Appointment,8,No,
L01345,13-12-2025,P01345,Google Organic,Invisalign,Clinic A,Appointment Booked,31,Yes,20-12-2025
L01346,04-05-2025,P01346,Referral,Invisalign,Clinic B,Appointment Booked,5,Yes,15-05-2025
L01347,08-07-2025,P01347,Facebook,Dental Crown,Clinic B,Appointment Booked,22,Yes,15-07-2025
L01348,23-07-2025,,Facebook,Root Canal,Clinic C,Contacted - No Appointment,45,No,
L01349,23-04-2025,,Google Organic,Root Canal,Clinic A,Contacted - No Appointment,39,No,
L01350,20-12-2025,,Instagram,Teeth Whitening,Clinic D,Contacted - No Appointment,24,No,
L01351,11-06-2025,,Google Ads,Invisalign,Clinic A,Contacted - No Appointment,26,No,
L01352,03-08-2025,,Google Organic,Teeth Whitening,Clinic C,Contacted - No Appointment,22,No,
L01353,22-11-2025,P01353,Google Ads,Dental Implant,Clinic D,Appointment Booked,21,Yes,24-11-2025
L01354,11-02-2025,,Google Ads,Teeth Whitening,Clinic C,Contacted - No Appointment,3,No,
L01355,04-04-2025,P01355,Google Ads,Dental Crown,Clinic C,Appointment Booked,31,Yes,18-04-2025
L01356,18-03-2025,,Google Ads,Dental Crown,Clinic C,Contacted - No Appointment,10,No,
L01357,30-07-2025,P01357,Google Ads,Root Canal,Clinic B,Appointment Booked,16,Yes,12-08-2025
L01358,18-07-2025,P01358,Google Ads,Dental Crown,Clinic D,Appointment Booked,25,Yes,24-07-2025
L01359,16-08-2025,,Facebook,Dental Implant,Clinic B,Contacted - No Appointment,34,No,
L01360,02-12-2025,P01360,Google Ads,General Dentistry,Clinic C,Appointment Booked,8,Yes,05-12-2025
L01361,22-05-2025,,Google Ads,Dental Implant,Clinic C,Contacted - No Appointment,10,No,
L01362,26-07-2025,P01362,Instagram,Dental Implant,Clinic B,Appointment Booked,47,Yes,29-07-2025
L01363,02-03-2025,,Google Ads,Dental Crown,Clinic B,Contacted - No Appointment,32,No,
L01364,20-10-2025,,Google Ads,Teeth Whitening,Clinic B,Contacted - No Appointment,39,No,
L01365,14-01-2025,,Facebook,Dental Implant,Clinic D,Contacted - No Appointment,27,No,
L01366,12-12-2025,,Facebook,General Dentistry,Clinic D,Contacted - No Appointment,18,No,
L01367,05-11-2025,P01367,Facebook,General Dentistry,Clinic C,Appointment Booked,34,Yes,14-11-2025
L01368,25-01-2025,P01368,Facebook,Dental Crown,Clinic C,Appointment Booked,6,Yes,08-02-2025
L01369,10-11-2025,P01369,Instagram,Root Canal,Clinic D,Appointment Booked,21,Yes,15-11-2025
L01370,13-05-2025,P01370,Instagram,Teeth Whitening,Clinic A,Appointment Booked,34,Yes,19-05-2025
L01371,28-08-2025,,Referral,Invisalign,Clinic A,Contacted - No Appointment,20,No,
L01372,11-01-2025,,Facebook,Root Canal,Clinic C,Contacted - No Appointment,10,No,
L01373,30-11-2025,,Facebook,General Dentistry,Clinic D,Contacted - No Appointment,11,No,
L01374,14-04-2025,,Google Ads,General Dentistry,Clinic D,Contacted - No Appointment,20,No,
L01375,07-03-2025,,Google Organic,General Dentistry,Clinic B,Contacted - No Appointment,21,No,
L01376,26-02-2025,P01376,Google Ads,Invisalign,Clinic A,Appointment Booked,2,Yes,05-03-2025
L01377,17-02-2025,,Facebook,Invisalign,Clinic B,Contacted - No Appointment,36,No,
L01378,22-03-2025,,Facebook,Invisalign,Clinic A,Contacted - No Appointment,12,No,
L01379,28-12-2025,P01379,Instagram,Root Canal,Clinic B,Appointment Booked,7,Yes,01-01-2026
L01380,03-07-2025,,Referral,Invisalign,Clinic D,Contacted - No Appointment,21,No,
L01381,20-04-2025,,Referral,Root Canal,Clinic A,Contacted - No Appointment,10,No,
L01382,28-04-2025,,Google Ads,Dental Crown,Clinic D,Contacted - No Appointment,15,No,
L01383,01-04-2025,P01383,Google Ads,Teeth Whitening,Clinic B,Appointment Booked,28,Yes,05-04-2025
L01384,13-06-2025,,Google Organic,Teeth Whitening,Clinic C,Contacted - No Appointment,23,No,
L01385,23-07-2025,P01385,Facebook,Teeth Whitening,Clinic A,Appointment Booked,16,Yes,25-07-2025
L01386,26-11-2025,P01386,Facebook,Dental Implant,Clinic B,Appointment Booked,13,Yes,28-11-2025
L01387,23-03-2025,P01387,Google Organic,Dental Implant,Clinic A,Appointment Booked,18,Yes,04-04-2025
L01388,22-05-2025,P01388,Instagram,Teeth Whitening,Clinic D,Appointment Booked,15,Yes,04-06-2025
L01389,07-04-2025,,Referral,Root Canal,Clinic D,Contacted - No Appointment,7,No,
L01390,03-03-2025,,Instagram,Dental Crown,Clinic B,Contacted - No Appointment,20,No,
L01391,28-03-2025,,Facebook,Dental Implant,Clinic A,Not Contacted/Cold,56,No,
L01392,10-12-2025,P01392,Facebook,Invisalign,Clinic D,Appointment Booked,6,Yes,11-12-2025
L01393,12-08-2025,,Google Organic,Dental Crown,Clinic B,Contacted - No Appointment,45,No,
L01394,05-02-2025,P01394,Instagram,General Dentistry,Clinic A,Appointment Booked,13,Yes,10-02-2025
L01395,27-09-2025,P01395,Instagram,General Dentistry,Clinic C,Appointment Booked,14,Yes,05-10-2025
L01396,03-03-2025,,Referral,Root Canal,Clinic D,Contacted - No Appointment,4,No,
L01397,16-05-2025,,Instagram,Root Canal,Clinic A,Not Contacted/Cold,60,No,
L01398,23-12-2025,,Facebook,General Dentistry,Clinic A,Contacted - No Appointment,13,No,
L01399,08-10-2025,P01399,Google Organic,Root Canal,Clinic D,Appointment Booked,6,Yes,12-10-2025
L01400,08-07-2025,,Instagram,Root Canal,Clinic A,Contacted - No Appointment,9,No,
L01401,26-02-2025,P01401,Google Ads,General Dentistry,Clinic A,Appointment Booked,12,Yes,10-03-2025
L01402,12-02-2025,,Facebook,Teeth Whitening,Clinic C,Contacted - No Appointment,17,No,
L01403,23-02-2025,,Google Organic,General Dentistry,Clinic D,Contacted - No Appointment,18,No,
L01404,31-01-2025,,Facebook,Invisalign,Clinic B,Contacted - No Appointment,22,No,
L01405,12-08-2025,P01405,Google Organic,Root Canal,Clinic D,Appointment Booked,18,Yes,25-08-2025
L01406,24-07-2025,,Facebook,General Dentistry,Clinic C,Contacted - No Appointment,25,No,
L01407,12-01-2025,P01407,Referral,Dental Implant,Clinic A,Appointment Booked,14,Yes,22-01-2025
L01408,03-05-2025,,Google Ads,Teeth Whitening,Clinic D,Contacted - No Appointment,38,No,
L01409,17-12-2025,,Google Ads,Invisalign,Clinic B,Contacted - No Appointment,33,No,
L01410,08-07-2025,P01410,Facebook,Teeth Whitening,Clinic B,Appointment Booked,20,Yes,19-07-2025
L01411,02-04-2025,,Facebook,Dental Crown,Clinic C,Contacted - No Appointment,11,No,
L01412,26-04-2025,P01412,Facebook,Invisalign,Clinic B,Appointment Booked,4,Yes,08-05-2025
L01413,22-08-2025,,Google Ads,Root Canal,Clinic A,Contacted - No Appointment,23,No,
L01414,15-05-2025,,Google Organic,Dental Crown,Clinic A,Not Contacted/Cold,53,No,
L01415,18-07-2025,P01415,Facebook,Dental Crown,Clinic B,Appointment Booked,17,Yes,22-07-2025
L01416,04-12-2025,P01416,Instagram,Root Canal,Clinic D,Appointment Booked,20,Yes,08-12-2025
L01417,06-11-2025,,Google Organic,General Dentistry,Clinic C,Not Contacted/Cold,49,No,
L01418,18-11-2025,,Google Organic,Root Canal,Clinic D,Contacted - No Appointment,18,No,
L01419,13-05-2025,P01419,Facebook,Root Canal,Clinic B,Appointment Booked,19,Yes,19-05-2025
L01420,04-09-2025,P01420,Instagram,Dental Implant,Clinic B,Appointment Booked,25,Yes,17-09-2025
L01421,30-06-2025,,Facebook,General Dentistry,Clinic A,Contacted - No Appointment,25,No,
L01422,24-05-2025,,Referral,Dental Implant,Clinic A,Contacted - No Appointment,17,No,
L01423,10-06-2025,,Referral,Root Canal,Clinic B,Contacted - No Appointment,14,No,
L01424,20-04-2025,,Facebook,Teeth Whitening,Clinic D,Contacted - No Appointment,19,No,
L01425,19-12-2025,,Google Ads,Invisalign,Clinic D,Contacted - No Appointment,8,No,
L01426,12-06-2025,,Google Ads,Root Canal,Clinic D,Contacted - No Appointment,32,No,
L01427,22-05-2025,P01427,Facebook,Invisalign,Clinic A,Appointment Booked,37,Yes,02-06-2025
L01428,01-10-2025,,Instagram,Teeth Whitening,Clinic D,Contacted - No Appointment,35,No,
L01429,10-06-2025,,Instagram,Dental Crown,Clinic B,Contacted - No Appointment,18,No,
L01430,30-04-2025,,Facebook,General Dentistry,Clinic A,Not Contacted/Cold,56,No,
L01431,16-12-2025,P01431,Instagram,General Dentistry,Clinic D,Appointment Booked,27,Yes,18-12-2025
L01432,11-07-2025,,Referral,Dental Crown,Clinic C,Contacted - No Appointment,15,No,
L01433,10-11-2025,P01433,Instagram,Teeth Whitening,Clinic A,Appointment Booked,10,Yes,19-11-2025
L01434,13-09-2025,,Google Ads,Root Canal,Clinic B,Contacted - No Appointment,17,No,
L01435,29-03-2025,P01435,Instagram,Root Canal,Clinic B,Appointment Booked,24,Yes,05-04-2025
L01436,05-05-2025,,Facebook,Dental Crown,Clinic C,Contacted - No Appointment,25,No,
L01437,24-04-2025,P01437,Referral,General Dentistry,Clinic B,Appointment Booked,29,Yes,05-05-2025
L01438,12-03-2025,,Facebook,Root Canal,Clinic D,Not Contacted/Cold,55,No,
L01439,05-06-2025,,Facebook,Invisalign,Clinic A,Contacted - No Appointment,31,No,
L01440,19-08-2025,P01440,Instagram,Root Canal,Clinic B,Appointment Booked,10,Yes,23-08-2025
L01441,31-03-2025,,Facebook,Root Canal,Clinic B,Contacted - No Appointment,31,No,
L01442,29-03-2025,,Google Organic,Dental Implant,Clinic B,Contacted - No Appointment,19,No,
L01443,19-08-2025,P01443,Google Ads,Root Canal,Clinic B,Appointment Booked,11,Yes,30-08-2025
L01444,02-11-2025,,Instagram,Root Canal,Clinic C,Contacted - No Appointment,1,No,
L01445,09-03-2025,,Google Ads,Dental Crown,Clinic D,Contacted - No Appointment,43,No,
L01446,16-02-2025,P01446,Facebook,Root Canal,Clinic D,Appointment Booked,24,Yes,24-02-2025
L01447,18-09-2025,,Instagram,Dental Crown,Clinic D,Contacted - No Appointment,33,No,
L01448,04-03-2025,,Google Ads,General Dentistry,Clinic D,Contacted - No Appointment,20,No,
L01449,09-07-2025,P01449,Facebook,General Dentistry,Clinic C,Appointment Booked,41,Yes,16-07-2025
L01450,15-05-2025,,Google Organic,Dental Crown,Clinic D,Contacted - No Appointment,45,No,
L01451,12-07-2025,,Instagram,Dental Implant,Clinic B,Contacted - No Appointment,16,No,
L01452,04-05-2025,,Google Ads,General Dentistry,Clinic B,Contacted - No Appointment,22,No,
L01453,30-04-2025,P01453,Instagram,Teeth Whitening,Clinic B,Appointment Booked,48,Yes,07-05-2025
L01454,28-11-2025,,Google Ads,Invisalign,Clinic B,Contacted - No Appointment,10,No,
L01455,24-04-2025,,Google Ads,Dental Implant,Clinic B,Contacted - No Appointment,8,No,
L01456,21-01-2025,P01456,Facebook,Dental Implant,Clinic D,Appointment Booked,7,Yes,26-01-2025
L01457,09-02-2025,P01457,Google Ads,Dental Implant,Clinic B,Appointment Booked,2,Yes,12-02-2025
L01458,15-03-2025,P01458,Referral,Dental Implant,Clinic A,Appointment Booked,17,Yes,21-03-2025
L01459,09-04-2025,P01459,Google Ads,General Dentistry,Clinic C,Appointment Booked,8,Yes,18-04-2025
L01460,14-05-2025,,Google Organic,Root Canal,Clinic A,Contacted - No Appointment,9,No,
L01461,15-05-2025,P01461,Google Organic,Dental Crown,Clinic A,Appointment Booked,23,Yes,29-05-2025
L01462,24-06-2025,P01462,Referral,General Dentistry,Clinic A,Appointment Booked,20,Yes,06-07-2025
L01463,08-11-2025,P01463,Facebook,Teeth Whitening,Clinic B,Appointment Booked,14,Yes,22-11-2025
L01464,05-03-2025,P01464,Referral,General Dentistry,Clinic B,Appointment Booked,25,Yes,08-03-2025
L01465,07-08-2025,,Referral,General Dentistry,Clinic D,Contacted - No Appointment,19,No,
L01466,26-01-2025,,Google Ads,Root Canal,Clinic C,Contacted - No Appointment,13,No,
L01467,22-08-2025,P01467,Facebook,General Dentistry,Clinic B,Appointment Booked,27,Yes,30-08-2025
L01468,17-11-2025,,Google Ads,Teeth Whitening,Clinic B,Contacted - No Appointment,32,No,
L01469,30-05-2025,P01469,Instagram,Dental Implant,Clinic B,Appointment Booked,19,Yes,31-05-2025
L01470,02-07-2025,P01470,Instagram,Dental Crown,Clinic D,Appointment Booked,28,Yes,14-07-2025
L01471,18-09-2025,,Google Ads,Dental Crown,Clinic A,Contacted - No Appointment,2,No,
L01472,31-03-2025,,Google Organic,General Dentistry,Clinic A,Contacted - No Appointment,6,No,
L01473,20-09-2025,P01473,Google Ads,Root Canal,Clinic D,Appointment Booked,25,Yes,23-09-2025
L01474,07-04-2025,,Google Organic,Dental Crown,Clinic B,Contacted - No Appointment,13,No,
L01475,19-11-2025,P01475,Google Ads,Dental Implant,Clinic A,Appointment Booked,10,Yes,30-11-2025
L01476,05-04-2025,,Instagram,Invisalign,Clinic A,Not Contacted/Cold,60,No,
L01477,23-10-2025,P01477,Google Ads,Dental Implant,Clinic D,Appointment Booked,14,Yes,24-10-2025
L01478,20-04-2025,,Google Ads,Root Canal,Clinic D,Contacted - No Appointment,12,No,
L01479,24-11-2025,P01479,Google Organic,Teeth Whitening,Clinic C,Appointment Booked,12,Yes,30-11-2025
L01480,19-09-2025,,Google Ads,Invisalign,Clinic B,Not Contacted/Cold,59,No,
L01481,09-02-2025,,Facebook,Root Canal,Clinic C,Not Contacted/Cold,58,No,
L01482,30-04-2025,P01482,Referral,Invisalign,Clinic D,Appointment Booked,20,Yes,02-05-2025
L01483,27-03-2025,P01483,Google Ads,Dental Implant,Clinic D,Appointment Booked,44,Yes,06-04-2025
L01484,23-02-2025,,Google Organic,Root Canal,Clinic A,Contacted - No Appointment,14,No,
L01485,29-11-2025,P01485,Google Ads,Dental Implant,Clinic D,Appointment Booked,5,Yes,04-12-2025
L01486,08-04-2025,,Google Ads,Dental Crown,Clinic A,Contacted - No Appointment,14,No,
L01487,05-10-2025,,Google Ads,Dental Implant,Clinic A,Contacted - No Appointment,7,No,
L01488,02-09-2025,P01488,Referral,Dental Implant,Clinic C,Appointment Booked,22,Yes,07-09-2025
L01489,06-10-2025,,Google Ads,Root Canal,Clinic B,Contacted - No Appointment,13,No,
L01490,15-01-2025,P01490,Referral,Dental Crown,Clinic D,Appointment Booked,9,Yes,25-01-2025
L01491,10-11-2025,,Referral,Dental Implant,Clinic A,Not Contacted/Cold,50,No,
L01492,20-10-2025,,Facebook,Dental Crown,Clinic C,Contacted - No Appointment,18,No,
L01493,17-12-2025,,Instagram,General Dentistry,Clinic D,Contacted - No Appointment,27,No,
L01494,14-04-2025,P01494,Google Organic,Teeth Whitening,Clinic D,Appointment Booked,25,Yes,27-04-2025
L01495,27-10-2025,,Facebook,Dental Implant,Clinic A,Contacted - No Appointment,26,No,
L01496,04-05-2025,P01496,Google Ads,Dental Crown,Clinic B,Appointment Booked,44,Yes,10-05-2025
L01497,03-09-2025,P01497,Facebook,Dental Crown,Clinic C,Appointment Booked,23,Yes,14-09-2025
L01498,16-12-2025,P01498,Google Organic,Dental Implant,Clinic A,Appointment Booked,79,Yes,25-12-2025
L01499,01-05-2025,P01499,Google Organic,General Dentistry,Clinic D,Appointment Booked,3,Yes,11-05-2025
L01500,02-02-2025,P01500,Google Ads,General Dentistry,Clinic D,Appointment Booked,4,Yes,09-02-2025
L01501,11-05-2025,P01501,Google Ads,General Dentistry,Clinic A,Appointment Booked,19,Yes,23-05-2025
L01502,22-08-2025,,Referral,General Dentistry,Clinic A,Contacted - No Appointment,13,No,
L01503,08-03-2025,P01503,Google Ads,Teeth Whitening,Clinic A,Appointment Booked,30,Yes,16-03-2025
L01504,20-02-2025,,Google Organic,Dental Crown,Clinic D,Contacted - No Appointment,40,No,
L01505,01-02-2025,,Google Ads,Dental Crown,Clinic A,Contacted - No Appointment,13,No,
L01506,24-07-2025,P01506,Google Organic,Teeth Whitening,Clinic B,Appointment Booked,30,Yes,27-07-2025
L01507,26-05-2025,P01507,Referral,Dental Crown,Clinic B,Appointment Booked,71,Yes,07-06-2025
L01508,23-07-2025,,Google Ads,Invisalign,Clinic C,Contacted - No Appointment,7,No,
L01509,07-10-2025,,Google Ads,Root Canal,Clinic A,Contacted - No Appointment,42,No,
L01510,25-10-2025,,Facebook,General Dentistry,Clinic A,Not Contacted/Cold,71,No,
L01511,27-12-2025,,Google Ads,Dental Implant,Clinic D,Contacted - No Appointment,13,No,
L01512,14-09-2025,P01512,Facebook,Dental Crown,Clinic D,Appointment Booked,17,Yes,26-09-2025
L01513,16-11-2025,P01513,Instagram,General Dentistry,Clinic D,Appointment Booked,2,Yes,19-11-2025
L01514,23-04-2025,,Google Ads,Teeth Whitening,Clinic A,Not Contacted/Cold,47,No,
L01515,15-12-2025,P01515,Facebook,General Dentistry,Clinic B,Appointment Booked,2,Yes,26-12-2025
L01516,13-04-2025,P01516,Google Organic,Dental Crown,Clinic C,Appointment Booked,14,Yes,20-04-2025
L01517,14-05-2025,,Instagram,Dental Implant,Clinic B,Contacted - No Appointment,9,No,
L01518,21-08-2025,,Facebook,General Dentistry,Clinic D,Contacted - No Appointment,13,No,
L01519,12-08-2025,,Instagram,Invisalign,Clinic C,Contacted - No Appointment,7,No,
L01520,03-07-2025,P01520,Google Organic,Root Canal,Clinic A,Appointment Booked,24,Yes,10-07-2025
L01521,09-08-2025,,Instagram,Invisalign,Clinic D,Contacted - No Appointment,36,No,
L01522,02-10-2025,P01522,Google Ads,Invisalign,Clinic D,Appointment Booked,22,Yes,11-10-2025
L01523,07-10-2025,,Google Ads,Root Canal,Clinic A,Contacted - No Appointment,4,No,
L01524,12-07-2025,,Google Organic,Root Canal,Clinic C,Not Contacted/Cold,47,No,
L01525,18-03-2025,,Google Organic,Dental Crown,Clinic B,Contacted - No Appointment,21,No,
L01526,24-01-2025,,Google Organic,Teeth Whitening,Clinic B,Contacted - No Appointment,23,No,
L01527,14-03-2025,P01527,Google Ads,Invisalign,Clinic A,Appointment Booked,25,Yes,19-03-2025
L01528,28-05-2025,P01528,Instagram,Invisalign,Clinic C,Appointment Booked,20,Yes,05-06-2025
L01529,26-11-2025,,Google Organic,Dental Crown,Clinic D,Contacted - No Appointment,19,No,
L01530,19-03-2025,,Facebook,Dental Crown,Clinic B,Contacted - No Appointment,5,No,
L01531,04-12-2025,P01531,Google Ads,General Dentistry,Clinic A,Appointment Booked,5,Yes,18-12-2025
L01532,19-07-2025,P01532,Instagram,Dental Implant,Clinic C,Appointment Booked,25,Yes,20-07-2025
L01533,15-05-2025,,Google Organic,General Dentistry,Clinic B,Contacted - No Appointment,11,No,
L01534,02-12-2025,,Google Ads,Root Canal,Clinic D,Contacted - No Appointment,25,No,
L01535,09-06-2025,P01535,Instagram,Dental Crown,Clinic B,Appointment Booked,44,Yes,14-06-2025
L01536,11-02-2025,,Instagram,Dental Implant,Clinic A,Not Contacted/Cold,68,No,
L01537,23-09-2025,,Instagram,Root Canal,Clinic A,Contacted - No Appointment,20,No,
L01538,11-11-2025,,Instagram,Invisalign,Clinic D,Contacted - No Appointment,39,No,
L01539,29-01-2025,,Instagram,Invisalign,Clinic B,Not Contacted/Cold,50,No,
L01540,03-08-2025,,Google Ads,Root Canal,Clinic D,Contacted - No Appointment,42,No,
L01541,04-01-2025,P01541,Google Ads,Teeth Whitening,Clinic A,Appointment Booked,8,Yes,06-01-2025
L01542,13-04-2025,,Instagram,Teeth Whitening,Clinic B,Contacted - No Appointment,17,No,
L01543,18-12-2025,,Google Ads,Dental Crown,Clinic B,Not Contacted/Cold,62,No,
L01544,03-05-2025,P01544,Instagram,Root Canal,Clinic D,Appointment Booked,13,Yes,17-05-2025
L01545,25-10-2025,P01545,Instagram,Root Canal,Clinic D,Appointment Booked,8,Yes,05-11-2025
L01546,22-11-2025,P01546,Google Ads,General Dentistry,Clinic A,Appointment Booked,12,Yes,25-11-2025
L01547,19-08-2025,P01547,Instagram,Dental Crown,Clinic B,Appointment Booked,60,Yes,20-08-2025
L01548,18-04-2025,,Facebook,Invisalign,Clinic A,Contacted - No Appointment,12,No,
L01549,25-09-2025,,Google Ads,Invisalign,Clinic B,Contacted - No Appointment,9,No,
L01550,01-09-2025,,Facebook,Dental Crown,Clinic B,Contacted - No Appointment,27,No,
L01551,22-01-2025,P01551,Referral,Root Canal,Clinic D,Appointment Booked,20,Yes,23-01-2025
L01552,02-11-2025,P01552,Facebook,Dental Implant,Clinic D,Appointment Booked,10,Yes,14-11-2025
L01553,25-07-2025,P01553,Instagram,General Dentistry,Clinic B,Appointment Booked,9,Yes,04-08-2025
L01554,15-10-2025,P01554,Google Ads,Teeth Whitening,Clinic B,Appointment Booked,8,Yes,22-10-2025
L01555,23-02-2025,P01555,Google Ads,Dental Crown,Clinic D,Appointment Booked,20,Yes,06-03-2025
L01556,10-05-2025,P01556,Google Ads,Dental Implant,Clinic D,Appointment Booked,3,Yes,16-05-2025
L01557,25-08-2025,,Google Organic,Root Canal,Clinic A,Contacted - No Appointment,23,No,
L01558,09-06-2025,,Facebook,General Dentistry,Clinic B,Contacted - No Appointment,7,No,
L01559,01-08-2025,,Google Ads,General Dentistry,Clinic B,Contacted - No Appointment,40,No,
L01560,05-06-2025,,Google Organic,Invisalign,Clinic A,Contacted - No Appointment,17,No,
L01561,07-08-2025,P01561,Google Ads,Dental Implant,Clinic A,Appointment Booked,40,Yes,13-08-2025
L01562,10-12-2025,,Google Ads,Root Canal,Clinic A,Contacted - No Appointment,40,No,
L01563,26-02-2025,,Facebook,Root Canal,Clinic C,Contacted - No Appointment,3,No,
L01564,19-10-2025,P01564,Facebook,Dental Crown,Clinic B,Appointment Booked,14,Yes,25-10-2025
L01565,21-03-2025,,Instagram,General Dentistry,Clinic A,Contacted - No Appointment,36,No,
L01566,21-12-2025,,Facebook,Root Canal,Clinic A,Contacted - No Appointment,14,No,
L01567,20-11-2025,P01567,Facebook,Dental Implant,Clinic D,Appointment Booked,7,Yes,22-11-2025
L01568,12-01-2025,P01568,Referral,General Dentistry,Clinic D,Appointment Booked,19,Yes,21-01-2025
L01569,28-10-2025,P01569,Referral,Dental Implant,Clinic B,Appointment Booked,20,Yes,10-11-2025
L01570,13-08-2025,,Google Organic,General Dentistry,Clinic B,Contacted - No Appointment,9,No,
L01571,30-12-2025,P01571,Referral,Dental Crown,Clinic D,Appointment Booked,5,Yes,01-01-2026
L01572,04-11-2025,,Instagram,General Dentistry,Clinic A,Contacted - No Appointment,25,No,
L01573,14-03-2025,P01573,Instagram,Invisalign,Clinic A,Appointment Booked,16,Yes,27-03-2025
L01574,30-08-2025,P01574,Instagram,Dental Implant,Clinic B,Appointment Booked,34,Yes,04-09-2025
L01575,11-05-2025,P01575,Google Organic,Root Canal,Clinic A,Appointment Booked,33,Yes,18-05-2025
L01576,08-02-2025,,Instagram,Root Canal,Clinic B,Contacted - No Appointment,11,No,
L01577,04-12-2025,P01577,Google Ads,Invisalign,Clinic D,Appointment Booked,43,Yes,15-12-2025
L01578,31-05-2025,,Google Organic,General Dentistry,Clinic C,Contacted - No Appointment,9,No,
L01579,17-12-2025,P01579,Google Organic,General Dentistry,Clinic B,Appointment Booked,16,Yes,21-12-2025
L01580,03-05-2025,,Google Organic,Dental Crown,Clinic D,Contacted - No Appointment,1,No,
L01581,26-07-2025,,Google Ads,Dental Implant,Clinic A,Contacted - No Appointment,11,No,
L01582,28-12-2025,P01582,Google Ads,Teeth Whitening,Clinic A,Appointment Booked,12,Yes,04-01-2026
L01583,08-03-2025,,Google Ads,Teeth Whitening,Clinic C,Contacted - No Appointment,15,No,
L01584,20-09-2025,,Facebook,Root Canal,Clinic C,Contacted - No Appointment,20,No,
L01585,28-03-2025,,Google Ads,General Dentistry,Clinic A,Contacted - No Appointment,22,No,
L01586,29-12-2025,,Facebook,Dental Implant,Clinic B,Not Contacted/Cold,51,No,
L01587,03-11-2025,P01587,Google Ads,Invisalign,Clinic C,Appointment Booked,8,Yes,13-11-2025
L01588,04-12-2025,,Google Ads,Dental Implant,Clinic C,Contacted - No Appointment,11,No,
L01589,07-01-2025,P01589,Google Organic,Teeth Whitening,Clinic C,Appointment Booked,17,Yes,21-01-2025
L01590,19-10-2025,,Referral,Dental Crown,Clinic B,Contacted - No Appointment,31,No,
L01591,12-01-2025,P01591,Google Ads,Invisalign,Clinic A,Appointment Booked,21,Yes,17-01-2025
L01592,11-05-2025,P01592,Instagram,Dental Implant,Clinic B,Appointment Booked,16,Yes,20-05-2025
L01593,28-01-2025,P01593,Google Ads,Dental Implant,Clinic A,Appointment Booked,20,Yes,01-02-2025
L01594,04-03-2025,P01594,Google Ads,Dental Implant,Clinic D,Appointment Booked,27,Yes,06-03-2025
L01595,26-12-2025,P01595,Google Organic,Root Canal,Clinic B,Appointment Booked,10,Yes,02-01-2026
L01596,09-07-2025,P01596,Google Organic,Invisalign,Clinic B,Appointment Booked,58,Yes,21-07-2025
L01597,21-08-2025,P01597,Google Organic,Invisalign,Clinic D,Appointment Booked,18,Yes,29-08-2025
L01598,26-08-2025,,Facebook,General Dentistry,Clinic B,Contacted - No Appointment,27,No,
L01599,20-04-2025,,Referral,Root Canal,Clinic B,Contacted - No Appointment,8,No,
L01600,16-05-2025,P01600,Google Ads,Teeth Whitening,Clinic D,Appointment Booked,20,Yes,27-05-2025
L01601,23-03-2025,P01601,Google Ads,Dental Implant,Clinic D,Appointment Booked,9,Yes,03-04-2025
L01602,18-09-2025,P01602,Google Ads,Root Canal,Clinic C,Appointment Booked,19,Yes,28-09-2025
L01603,16-08-2025,,Google Organic,Root Canal,Clinic A,Contacted - No Appointment,26,No,
L01604,29-11-2025,,Google Ads,Invisalign,Clinic C,Contacted - No Appointment,26,No,
L01605,02-09-2025,P01605,Google Ads,Dental Implant,Clinic D,Appointment Booked,17,Yes,15-09-2025
L01606,04-12-2025,,Instagram,General Dentistry,Clinic A,Contacted - No Appointment,11,No,
L01607,25-05-2025,P01607,Google Ads,General Dentistry,Clinic A,Appointment Booked,50,Yes,02-06-2025
L01608,08-10-2025,P01608,Google Ads,Dental Implant,Clinic D,Appointment Booked,52,Yes,12-10-2025
L01609,11-04-2025,P01609,Google Ads,Invisalign,Clinic A,Appointment Booked,4,Yes,23-04-2025
L01610,29-12-2025,P01610,Google Ads,General Dentistry,Clinic D,Appointment Booked,22,Yes,11-01-2026
L01611,08-06-2025,,Google Organic,Dental Implant,Clinic B,Contacted - No Appointment,11,No,
L01612,21-09-2025,,Instagram,Dental Crown,Clinic B,Contacted - No Appointment,13,No,
L01613,16-05-2025,,Google Ads,General Dentistry,Clinic A,Contacted - No Appointment,35,No,
L01614,14-06-2025,,Google Ads,General Dentistry,Clinic D,Contacted - No Appointment,8,No,
L01615,01-02-2025,P01615,Google Organic,Root Canal,Clinic B,Appointment Booked,2,Yes,13-02-2025
L01616,27-04-2025,,Facebook,Dental Implant,Clinic C,Contacted - No Appointment,11,No,
L01617,17-03-2025,,Google Organic,Invisalign,Clinic C,Contacted - No Appointment,21,No,
L01618,09-06-2025,P01618,Facebook,General Dentistry,Clinic C,Appointment Booked,15,Yes,13-06-2025
L01619,05-09-2025,,Google Ads,General Dentistry,Clinic D,Contacted - No Appointment,20,No,
L01620,14-04-2025,,Referral,Dental Crown,Clinic C,Contacted - No Appointment,37,No,
L01621,05-06-2025,,Instagram,Teeth Whitening,Clinic B,Contacted - No Appointment,21,No,
L01622,09-01-2025,,Google Ads,Teeth Whitening,Clinic D,Not Contacted/Cold,47,No,
L01623,29-07-2025,P01623,Facebook,Dental Crown,Clinic C,Appointment Booked,22,Yes,06-08-2025
L01624,17-02-2025,,Facebook,General Dentistry,Clinic B,Contacted - No Appointment,28,No,
L01625,09-06-2025,,Google Ads,Dental Crown,Clinic A,Contacted - No Appointment,21,No,
L01626,12-06-2025,,Referral,Root Canal,Clinic D,Contacted - No Appointment,9,No,
L01627,13-08-2025,P01627,Referral,Invisalign,Clinic B,Appointment Booked,28,Yes,27-08-2025
L01628,26-04-2025,,Google Ads,Teeth Whitening,Clinic C,Contacted - No Appointment,11,No,
L01629,28-08-2025,P01629,Facebook,Root Canal,Clinic B,Appointment Booked,49,Yes,02-09-2025
L01630,04-09-2025,,Google Organic,Invisalign,Clinic A,Contacted - No Appointment,16,No,
L01631,05-12-2025,,Google Ads,Teeth Whitening,Clinic C,Contacted - No Appointment,29,No,
L01632,12-03-2025,,Instagram,Dental Crown,Clinic A,Not Contacted/Cold,50,No,
L01633,22-04-2025,,Google Organic,General Dentistry,Clinic B,Contacted - No Appointment,17,No,
L01634,07-11-2025,,Instagram,Dental Implant,Clinic C,Contacted - No Appointment,45,No,
L01635,30-04-2025,,Google Organic,Dental Crown,Clinic B,Contacted - No Appointment,29,No,
L01636,16-09-2025,,Google Organic,Invisalign,Clinic C,Contacted - No Appointment,11,No,
L01637,09-02-2025,,Referral,General Dentistry,Clinic D,Contacted - No Appointment,38,No,
L01638,11-06-2025,P01638,Facebook,Dental Implant,Clinic D,Appointment Booked,68,Yes,16-06-2025
L01639,01-11-2025,,Referral,Dental Crown,Clinic A,Contacted - No Appointment,21,No,
L01640,28-11-2025,P01640,Google Ads,Teeth Whitening,Clinic A,Appointment Booked,70,Yes,05-12-2025
L01641,12-09-2025,,Google Ads,Root Canal,Clinic C,Contacted - No Appointment,29,No,
L01642,05-12-2025,,Google Ads,General Dentistry,Clinic D,Contacted - No Appointment,19,No,
L01643,17-06-2025,P01643,Instagram,General Dentistry,Clinic D,Appointment Booked,14,Yes,29-06-2025
L01644,06-06-2025,,Google Ads,Invisalign,Clinic D,Contacted - No Appointment,44,No,
L01645,04-05-2025,P01645,Google Organic,Dental Implant,Clinic B,Appointment Booked,9,Yes,14-05-2025
L01646,12-07-2025,P01646,Instagram,Invisalign,Clinic B,Appointment Booked,12,Yes,18-07-2025
L01647,07-04-2025,,Google Ads,Invisalign,Clinic B,Contacted - No Appointment,30,No,
L01648,28-04-2025,P01648,Google Organic,General Dentistry,Clinic A,Appointment Booked,21,Yes,06-05-2025
L01649,11-07-2025,P01649,Referral,General Dentistry,Clinic A,Appointment Booked,11,Yes,18-07-2025
L01650,08-09-2025,,Instagram,Dental Implant,Clinic D,Contacted - No Appointment,13,No,
L01651,13-05-2025,P01651,Google Ads,Root Canal,Clinic A,Appointment Booked,26,Yes,18-05-2025
L01652,28-03-2025,,Referral,Root Canal,Clinic A,Not Contacted/Cold,82,No,
L01653,01-07-2025,P01653,Google Organic,Dental Implant,Clinic A,Appointment Booked,13,Yes,05-07-2025
L01654,29-08-2025,,Facebook,Root Canal,Clinic D,Contacted - No Appointment,24,No,
L01655,10-06-2025,,Facebook,Invisalign,Clinic C,Contacted - No Appointment,39,No,
L01656,13-07-2025,,Facebook,Root Canal,Clinic C,Contacted - No Appointment,25,No,
L01657,13-08-2025,P01657,Referral,Dental Crown,Clinic D,Appointment Booked,16,Yes,21-08-2025
L01658,09-02-2025,P01658,Google Ads,Teeth Whitening,Clinic B,Appointment Booked,16,Yes,17-02-2025
L01659,01-01-2025,,Google Ads,Dental Implant,Clinic C,Contacted - No Appointment,41,No,
L01660,01-10-2025,P01660,Referral,Teeth Whitening,Clinic A,Appointment Booked,3,Yes,06-10-2025
L01661,23-07-2025,P01661,Google Ads,Dental Crown,Clinic A,Appointment Booked,21,Yes,04-08-2025
L01662,06-03-2025,,Referral,General Dentistry,Clinic D,Contacted - No Appointment,14,No,
L01663,07-05-2025,P01663,Facebook,Root Canal,Clinic D,Appointment Booked,5,Yes,18-05-2025
L01664,15-06-2025,,Facebook,General Dentistry,Clinic B,Contacted - No Appointment,19,No,
L01665,01-06-2025,P01665,Google Ads,General Dentistry,Clinic B,Appointment Booked,12,Yes,03-06-2025
L01666,12-12-2025,P01666,Referral,Root Canal,Clinic C,Appointment Booked,8,Yes,22-12-2025
L01667,28-11-2025,P01667,Google Organic,Root Canal,Clinic A,Appointment Booked,44,Yes,02-12-2025
L01668,20-08-2025,P01668,Referral,General Dentistry,Clinic A,Appointment Booked,9,Yes,03-09-2025
L01669,03-08-2025,P01669,Google Organic,Teeth Whitening,Clinic A,Appointment Booked,7,Yes,06-08-2025
L01670,12-04-2025,,Google Ads,General Dentistry,Clinic A,Contacted - No Appointment,5,No,
L01671,09-07-2025,,Facebook,Teeth Whitening,Clinic D,Contacted - No Appointment,23,No,
L01672,13-04-2025,,Facebook,Dental Crown,Clinic B,Contacted - No Appointment,25,No,
L01673,10-10-2025,,Instagram,Dental Implant,Clinic A,Not Contacted/Cold,67,No,
L01674,01-02-2025,,Referral,Invisalign,Clinic B,Contacted - No Appointment,15,No,
L01675,18-02-2025,,Facebook,General Dentistry,Clinic D,Contacted - No Appointment,13,No,
L01676,05-08-2025,P01676,Google Organic,Invisalign,Clinic A,Appointment Booked,7,Yes,18-08-2025
L01677,24-06-2025,P01677,Referral,Dental Implant,Clinic A,Appointment Booked,26,Yes,05-07-2025
L01678,23-03-2025,,Google Ads,Teeth Whitening,Clinic B,Contacted - No Appointment,5,No,
L01679,25-07-2025,,Referral,Teeth Whitening,Clinic C,Contacted - No Appointment,11,No,
L01680,18-04-2025,,Facebook,Invisalign,Clinic C,Contacted - No Appointment,22,No,
L01681,15-04-2025,,Google Organic,Invisalign,Clinic D,Contacted - No Appointment,12,No,
L01682,27-03-2025,,Google Ads,Root Canal,Clinic D,Contacted - No Appointment,12,No,
L01683,23-11-2025,,Facebook,Dental Implant,Clinic D,Contacted - No Appointment,10,No,
L01684,10-12-2025,,Google Ads,Teeth Whitening,Clinic C,Not Contacted/Cold,46,No,
L01685,19-07-2025,P01685,Referral,Invisalign,Clinic B,Appointment Booked,11,Yes,01-08-2025
L01686,23-01-2025,,Google Organic,General Dentistry,Clinic A,Contacted - No Appointment,26,No,
L01687,03-04-2025,,Google Ads,Teeth Whitening,Clinic D,Contacted - No Appointment,10,No,
L01688,08-01-2025,,Referral,Dental Crown,Clinic B,Contacted - No Appointment,13,No,
L01689,23-07-2025,,Instagram,Invisalign,Clinic A,Contacted - No Appointment,19,No,
L01690,02-07-2025,,Referral,Root Canal,Clinic C,Contacted - No Appointment,43,No,
L01691,11-10-2025,P01691,Google Ads,Root Canal,Clinic B,Appointment Booked,2,Yes,17-10-2025
L01692,19-02-2025,,Facebook,Invisalign,Clinic C,Contacted - No Appointment,40,No,
L01693,15-09-2025,,Instagram,General Dentistry,Clinic C,Contacted - No Appointment,9,No,
L01694,22-01-2025,,Google Ads,Root Canal,Clinic B,Contacted - No Appointment,21,No,
L01695,18-03-2025,,Facebook,General Dentistry,Clinic D,Contacted - No Appointment,17,No,
L01696,25-08-2025,,Facebook,Dental Implant,Clinic B,Contacted - No Appointment,6,No,
L01697,06-08-2025,,Google Ads,Dental Implant,Clinic B,Contacted - No Appointment,12,No,
L01698,03-06-2025,,Facebook,General Dentistry,Clinic C,Contacted - No Appointment,17,No,
L01699,05-10-2025,,Referral,Dental Crown,Clinic C,Contacted - No Appointment,6,No,
L01700,28-03-2025,,Google Ads,Root Canal,Clinic D,Contacted - No Appointment,34,No,
L01701,13-03-2025,,Google Ads,Root Canal,Clinic B,Contacted - No Appointment,19,No,
L01702,02-09-2025,,Facebook,Invisalign,Clinic C,Contacted - No Appointment,12,No,
L01703,25-04-2025,,Google Organic,Teeth Whitening,Clinic A,Contacted - No Appointment,14,No,
L01704,10-02-2025,,Google Organic,Dental Implant,Clinic D,Contacted - No Appointment,34,No,
L01705,12-04-2025,,Google Organic,Dental Crown,Clinic B,Contacted - No Appointment,39,No,
L01706,06-08-2025,P01706,Google Ads,Dental Crown,Clinic C,Appointment Booked,9,Yes,12-08-2025
L01707,03-09-2025,P01707,Facebook,General Dentistry,Clinic A,Appointment Booked,7,Yes,09-09-2025
L01708,20-10-2025,P01708,Google Organic,Root Canal,Clinic A,Appointment Booked,28,Yes,21-10-2025
L01709,22-03-2025,,Referral,Dental Implant,Clinic B,Contacted - No Appointment,8,No,
L01710,27-08-2025,,Instagram,Dental Crown,Clinic D,Contacted - No Appointment,25,No,
L01711,22-08-2025,P01711,Google Ads,Dental Implant,Clinic C,Appointment Booked,9,Yes,27-08-2025
L01712,03-07-2025,P01712,Facebook,Invisalign,Clinic D,Appointment Booked,9,Yes,05-07-2025
L01713,05-08-2025,,Google Ads,Dental Implant,Clinic B,Contacted - No Appointment,5,No,
L01714,29-05-2025,P01714,Google Organic,Root Canal,Clinic B,Appointment Booked,56,Yes,02-06-2025
L01715,02-05-2025,,Google Ads,Dental Implant,Clinic A,Contacted - No Appointment,40,No,
L01716,06-05-2025,,Google Ads,Root Canal,Clinic D,Contacted - No Appointment,15,No,
L01717,13-12-2025,,Facebook,General Dentistry,Clinic A,Contacted - No Appointment,21,No,
L01718,13-03-2025,,Facebook,Teeth Whitening,Clinic D,Contacted - No Appointment,21,No,
L01719,07-06-2025,,Facebook,Dental Implant,Clinic D,Not Contacted/Cold,57,No,
L01720,20-01-2025,P01720,Facebook,Invisalign,Clinic D,Appointment Booked,24,Yes,28-01-2025
L01721,15-09-2025,,Google Organic,Dental Crown,Clinic C,Contacted - No Appointment,32,No,
L01722,18-06-2025,,Facebook,General Dentistry,Clinic C,Contacted - No Appointment,44,No,
L01723,17-11-2025,,Facebook,Dental Implant,Clinic D,Contacted - No Appointment,9,No,
L01724,26-03-2025,P01724,Facebook,Teeth Whitening,Clinic A,Appointment Booked,10,Yes,30-03-2025
L01725,26-09-2025,,Facebook,Dental Crown,Clinic C,Contacted - No Appointment,39,No,
L01726,07-02-2025,P01726,Instagram,Root Canal,Clinic A,Appointment Booked,14,Yes,14-02-2025
L01727,06-06-2025,P01727,Facebook,General Dentistry,Clinic B,Appointment Booked,8,Yes,15-06-2025
L01728,16-10-2025,P01728,Google Organic,Teeth Whitening,Clinic A,Appointment Booked,20,Yes,29-10-2025
L01729,15-10-2025,,Instagram,General Dentistry,Clinic A,Contacted - No Appointment,39,No,
L01730,11-11-2025,,Google Organic,Root Canal,Clinic B,Not Contacted/Cold,61,No,
L01731,29-12-2025,P01731,Facebook,Dental Crown,Clinic B,Appointment Booked,50,Yes,02-01-2026
L01732,30-08-2025,,Facebook,Dental Crown,Clinic C,Contacted - No Appointment,2,No,
L01733,05-03-2025,P01733,Instagram,Invisalign,Clinic A,Appointment Booked,15,Yes,10-03-2025
L01734,12-06-2025,P01734,Google Ads,Dental Crown,Clinic B,Appointment Booked,7,Yes,19-06-2025
L01735,01-06-2025,P01735,Facebook,Invisalign,Clinic A,Appointment Booked,10,Yes,03-06-2025
L01736,19-02-2025,,Instagram,Dental Implant,Clinic C,Contacted - No Appointment,20,No,
L01737,15-07-2025,P01737,Google Ads,Root Canal,Clinic C,Appointment Booked,20,Yes,18-07-2025
L01738,26-04-2025,,Facebook,Teeth Whitening,Clinic C,Contacted - No Appointment,2,No,
L01739,29-05-2025,P01739,Instagram,General Dentistry,Clinic C,Appointment Booked,10,Yes,12-06-2025
L01740,01-05-2025,,Referral,Root Canal,Clinic B,Not Contacted/Cold,52,No,
L01741,15-06-2025,P01741,Referral,Dental Crown,Clinic D,Appointment Booked,5,Yes,17-06-2025
L01742,21-01-2025,,Google Ads,Dental Implant,Clinic B,Contacted - No Appointment,39,No,
L01743,07-12-2025,,Facebook,General Dentistry,Clinic B,Contacted - No Appointment,12,No,
L01744,19-08-2025,,Google Ads,Dental Crown,Clinic C,Contacted - No Appointment,18,No,
L01745,01-06-2025,P01745,Google Ads,Teeth Whitening,Clinic A,Appointment Booked,42,Yes,02-06-2025
L01746,30-12-2025,P01746,Google Organic,Teeth Whitening,Clinic C,Appointment Booked,15,Yes,08-01-2026
L01747,08-05-2025,,Google Ads,Invisalign,Clinic C,Not Contacted/Cold,54,No,
L01748,25-06-2025,P01748,Google Ads,Root Canal,Clinic B,Appointment Booked,5,Yes,01-07-2025
L01749,03-02-2025,,Referral,General Dentistry,Clinic A,Contacted - No Appointment,34,No,
L01750,24-07-2025,P01750,Google Organic,Dental Implant,Clinic A,Appointment Booked,31,Yes,28-07-2025
L01751,04-01-2025,,Google Organic,Dental Crown,Clinic D,Not Contacted/Cold,50,No,
L01752,19-12-2025,,Referral,General Dentistry,Clinic C,Contacted - No Appointment,27,No,
L01753,22-11-2025,P01753,Google Organic,Invisalign,Clinic A,Appointment Booked,16,Yes,03-12-2025
L01754,09-08-2025,,Google Ads,General Dentistry,Clinic B,Contacted - No Appointment,9,No,
L01755,05-12-2025,,Facebook,General Dentistry,Clinic C,Contacted - No Appointment,14,No,
L01756,02-01-2025,,Facebook,Teeth Whitening,Clinic D,Contacted - No Appointment,5,No,
L01757,28-12-2025,,Facebook,Invisalign,Clinic A,Contacted - No Appointment,32,No,
L01758,22-04-2025,,Google Organic,Invisalign,Clinic A,Contacted - No Appointment,18,No,
L01759,17-04-2025,,Facebook,Dental Implant,Clinic D,Contacted - No Appointment,16,No,
L01760,05-07-2025,P01760,Google Ads,General Dentistry,Clinic A,Appointment Booked,13,Yes,07-07-2025
L01761,29-11-2025,,Google Ads,General Dentistry,Clinic A,Contacted - No Appointment,30,No,
L01762,23-06-2025,P01762,Google Ads,Dental Crown,Clinic D,Appointment Booked,16,Yes,05-07-2025
L01763,18-05-2025,P01763,Referral,Root Canal,Clinic C,Appointment Booked,19,Yes,21-05-2025
L01764,23-04-2025,,Instagram,Dental Implant,Clinic B,Contacted - No Appointment,19,No,
L01765,12-01-2025,,Instagram,Teeth Whitening,Clinic A,Contacted - No Appointment,27,No,
L01766,06-11-2025,,Facebook,Teeth Whitening,Clinic A,Contacted - No Appointment,26,No,
L01767,29-01-2025,,Instagram,General Dentistry,Clinic A,Contacted - No Appointment,42,No,
L01768,07-05-2025,,Google Organic,Teeth Whitening,Clinic D,Contacted - No Appointment,39,No,
L01769,05-11-2025,,Instagram,General Dentistry,Clinic B,Contacted - No Appointment,13,No,
L01770,21-10-2025,,Referral,Teeth Whitening,Clinic C,Not Contacted/Cold,59,No,
L01771,31-01-2025,P01771,Referral,Dental Crown,Clinic D,Appointment Booked,25,Yes,02-02-2025
L01772,21-08-2025,,Referral,Root Canal,Clinic B,Not Contacted/Cold,68,No,
L01773,30-12-2025,P01773,Instagram,General Dentistry,Clinic A,Appointment Booked,23,Yes,12-01-2026
L01774,05-12-2025,,Referral,Dental Crown,Clinic C,Contacted - No Appointment,14,No,
L01775,29-05-2025,,Facebook,Root Canal,Clinic D,Contacted - No Appointment,12,No,
L01776,20-09-2025,P01776,Referral,Dental Implant,Clinic D,Appointment Booked,4,Yes,21-09-2025
L01777,22-03-2025,P01777,Referral,Invisalign,Clinic A,Appointment Booked,22,Yes,30-03-2025
L01778,14-03-2025,P01778,Referral,Root Canal,Clinic C,Appointment Booked,23,Yes,20-03-2025
L01779,13-06-2025,P01779,Google Organic,Invisalign,Clinic C,Appointment Booked,18,Yes,22-06-2025
L01780,07-09-2025,,Facebook,Invisalign,Clinic D,Contacted - No Appointment,24,No,
L01781,08-06-2025,P01781,Google Ads,Root Canal,Clinic A,Appointment Booked,6,Yes,19-06-2025
L01782,25-12-2025,P01782,Facebook,Dental Implant,Clinic C,Appointment Booked,17,Yes,28-12-2025
L01783,22-07-2025,,Google Organic,Teeth Whitening,Clinic D,Contacted - No Appointment,7,No,
L01784,19-10-2025,P01784,Google Ads,Root Canal,Clinic B,Appointment Booked,25,Yes,26-10-2025
L01785,20-03-2025,,Facebook,Dental Crown,Clinic B,Contacted - No Appointment,21,No,
L01786,13-02-2025,,Instagram,Dental Implant,Clinic A,Contacted - No Appointment,38,No,
L01787,30-11-2025,P01787,Instagram,Invisalign,Clinic B,Appointment Booked,15,Yes,09-12-2025
L01788,07-10-2025,,Referral,Root Canal,Clinic B,Contacted - No Appointment,38,No,
L01789,02-07-2025,P01789,Instagram,Teeth Whitening,Clinic D,Appointment Booked,17,Yes,16-07-2025
L01790,06-02-2025,,Google Organic,Teeth Whitening,Clinic B,Contacted - No Appointment,29,No,
L01791,03-12-2025,P01791,Instagram,Invisalign,Clinic B,Appointment Booked,10,Yes,10-12-2025
L01792,15-01-2025,P01792,Google Organic,Dental Crown,Clinic C,Appointment Booked,19,Yes,24-01-2025
L01793,18-02-2025,P01793,Google Ads,Invisalign,Clinic A,Appointment Booked,18,Yes,25-02-2025
L01794,14-04-2025,P01794,Google Ads,General Dentistry,Clinic B,Appointment Booked,40,Yes,23-04-2025
L01795,23-06-2025,,Referral,General Dentistry,Clinic C,Contacted - No Appointment,18,No,
L01796,29-05-2025,P01796,Google Organic,Dental Crown,Clinic D,Appointment Booked,18,Yes,31-05-2025
L01797,18-01-2025,,Google Organic,Dental Crown,Clinic C,Not Contacted/Cold,64,No,
L01798,18-04-2025,,Facebook,Teeth Whitening,Clinic C,Contacted - No Appointment,33,No,
L01799,23-08-2025,P01799,Facebook,Teeth Whitening,Clinic A,Appointment Booked,15,Yes,29-08-2025
L01800,23-10-2025,P01800,Instagram,Dental Crown,Clinic D,Appointment Booked,27,Yes,29-10-2025
L01801,17-01-2025,,Google Ads,General Dentistry,Clinic A,Contacted - No Appointment,35,No,
L01802,20-09-2025,,Facebook,Dental Crown,Clinic D,Contacted - No Appointment,20,No,
L01803,13-06-2025,,Facebook,Dental Crown,Clinic B,Contacted - No Appointment,32,No,
L01804,09-01-2025,P01804,Facebook,General Dentistry,Clinic D,Appointment Booked,19,Yes,11-01-2025
L01805,05-01-2025,,Instagram,Dental Crown,Clinic C,Contacted - No Appointment,40,No,
L01806,25-04-2025,P01806,Referral,Teeth Whitening,Clinic D,Appointment Booked,4,Yes,05-05-2025
L01807,21-04-2025,P01807,Instagram,Invisalign,Clinic A,Appointment Booked,9,Yes,28-04-2025
L01808,01-10-2025,,Referral,Root Canal,Clinic B,Contacted - No Appointment,14,No,
L01809,01-07-2025,,Instagram,Dental Implant,Clinic C,Contacted - No Appointment,32,No,
L01810,21-08-2025,P01810,Instagram,Root Canal,Clinic D,Appointment Booked,24,Yes,23-08-2025
L01811,21-08-2025,P01811,Google Ads,Root Canal,Clinic A,Appointment Booked,10,Yes,23-08-2025
L01812,07-08-2025,,Google Ads,General Dentistry,Clinic D,Contacted - No Appointment,21,No,
L01813,21-03-2025,,Instagram,Dental Crown,Clinic D,Contacted - No Appointment,4,No,
L01814,24-09-2025,,Facebook,Teeth Whitening,Clinic B,Contacted - No Appointment,5,No,
L01815,07-06-2025,,Google Organic,Invisalign,Clinic D,Contacted - No Appointment,5,No,
L01816,13-10-2025,P01816,Facebook,General Dentistry,Clinic C,Appointment Booked,8,Yes,18-10-2025
L01817,19-11-2025,P01817,Referral,Dental Crown,Clinic B,Appointment Booked,31,Yes,27-11-2025
L01818,26-02-2025,P01818,Referral,Dental Crown,Clinic B,Appointment Booked,25,Yes,27-02-2025
L01819,24-07-2025,,Google Ads,Invisalign,Clinic C,Contacted - No Appointment,15,No,
L01820,14-03-2025,,Facebook,Root Canal,Clinic C,Contacted - No Appointment,32,No,
L01821,15-01-2025,,Instagram,Dental Crown,Clinic B,Contacted - No Appointment,42,No,
L01822,19-05-2025,,Facebook,Dental Crown,Clinic C,Contacted - No Appointment,8,No,
L01823,13-01-2025,,Google Ads,General Dentistry,Clinic C,Contacted - No Appointment,39,No,
L01824,21-02-2025,,Google Organic,General Dentistry,Clinic C,Contacted - No Appointment,10,No,
L01825,14-07-2025,,Referral,General Dentistry,Clinic A,Contacted - No Appointment,12,No,
L01826,18-07-2025,P01826,Google Organic,Dental Crown,Clinic D,Appointment Booked,56,Yes,29-07-2025
L01827,29-12-2025,,Facebook,General Dentistry,Clinic B,Contacted - No Appointment,21,No,
L01828,27-10-2025,,Facebook,General Dentistry,Clinic B,Contacted - No Appointment,13,No,
L01829,17-02-2025,P01829,Facebook,Invisalign,Clinic A,Appointment Booked,28,Yes,18-02-2025
L01830,22-12-2025,P01830,Facebook,Root Canal,Clinic B,Appointment Booked,34,Yes,03-01-2026
L01831,19-04-2025,,Facebook,Invisalign,Clinic D,Contacted - No Appointment,21,No,
L01832,26-10-2025,P01832,Google Ads,Dental Implant,Clinic B,Appointment Booked,13,Yes,05-11-2025
L01833,24-12-2025,P01833,Referral,Invisalign,Clinic C,Appointment Booked,24,Yes,05-01-2026
L01834,18-07-2025,P01834,Google Organic,Dental Implant,Clinic A,Appointment Booked,29,Yes,21-07-2025
L01835,02-08-2025,,Google Organic,Teeth Whitening,Clinic B,Contacted - No Appointment,17,No,
L01836,08-02-2025,,Referral,Root Canal,Clinic D,Not Contacted/Cold,54,No,
L01837,10-08-2025,,Google Ads,Invisalign,Clinic D,Contacted - No Appointment,23,No,
L01838,14-10-2025,,Google Ads,Teeth Whitening,Clinic A,Contacted - No Appointment,33,No,
L01839,08-03-2025,,Google Organic,General Dentistry,Clinic B,Contacted - No Appointment,34,No,
L01840,05-10-2025,,Referral,General Dentistry,Clinic A,Contacted - No Appointment,6,No,
L01841,15-08-2025,,Instagram,Dental Crown,Clinic B,Contacted - No Appointment,28,No,
L01842,13-05-2025,P01842,Google Ads,Root Canal,Clinic D,Appointment Booked,30,Yes,21-05-2025
L01843,27-07-2025,P01843,Google Organic,Invisalign,Clinic D,Appointment Booked,13,Yes,07-08-2025
L01844,15-04-2025,,Google Ads,Invisalign,Clinic A,Contacted - No Appointment,11,No,
L01845,03-06-2025,P01845,Facebook,Invisalign,Clinic D,Appointment Booked,5,Yes,11-06-2025
L01846,06-11-2025,,Google Ads,Root Canal,Clinic C,Contacted - No Appointment,44,No,
L01847,01-11-2025,P01847,Referral,General Dentistry,Clinic B,Appointment Booked,10,Yes,11-11-2025
L01848,02-11-2025,P01848,Facebook,Dental Implant,Clinic B,Appointment Booked,6,Yes,08-11-2025
L01849,20-09-2025,,Referral,Invisalign,Clinic C,Contacted - No Appointment,15,No,
L01850,30-09-2025,,Google Ads,Invisalign,Clinic C,Contacted - No Appointment,9,No,
L01851,08-09-2025,,Facebook,Teeth Whitening,Clinic B,Contacted - No Appointment,6,No,
L01852,01-02-2025,,Referral,Root Canal,Clinic B,Not Contacted/Cold,71,No,
L01853,28-08-2025,P01853,Google Ads,Root Canal,Clinic A,Appointment Booked,8,Yes,05-09-2025
L01854,22-03-2025,P01854,Instagram,Dental Implant,Clinic D,Appointment Booked,10,Yes,27-03-2025
L01855,22-11-2025,,Facebook,Root Canal,Clinic C,Contacted - No Appointment,21,No,
L01856,14-06-2025,,Google Organic,Dental Implant,Clinic A,Contacted - No Appointment,5,No,
L01857,31-03-2025,P01857,Google Ads,Root Canal,Clinic D,Appointment Booked,18,Yes,03-04-2025
L01858,14-02-2025,P01858,Facebook,Dental Implant,Clinic D,Appointment Booked,29,Yes,15-02-2025
L01859,14-08-2025,,Google Organic,Teeth Whitening,Clinic D,Contacted - No Appointment,22,No,
L01860,13-09-2025,P01860,Facebook,Dental Crown,Clinic B,Appointment Booked,26,Yes,26-09-2025
L01861,22-11-2025,,Google Ads,Teeth Whitening,Clinic A,Contacted - No Appointment,17,No,
L01862,29-07-2025,,Google Organic,Root Canal,Clinic C,Contacted - No Appointment,13,No,
L01863,07-10-2025,P01863,Facebook,Root Canal,Clinic A,Appointment Booked,26,Yes,20-10-2025
L01864,25-11-2025,,Google Ads,Dental Implant,Clinic D,Contacted - No Appointment,25,No,
L01865,07-05-2025,,Instagram,Root Canal,Clinic A,Contacted - No Appointment,8,No,
L01866,27-04-2025,,Referral,Root Canal,Clinic A,Contacted - No Appointment,20,No,
L01867,24-12-2025,P01867,Google Ads,Root Canal,Clinic B,Appointment Booked,18,Yes,26-12-2025
L01868,03-12-2025,P01868,Instagram,Teeth Whitening,Clinic B,Appointment Booked,29,Yes,17-12-2025
L01869,21-11-2025,P01869,Google Organic,General Dentistry,Clinic D,Appointment Booked,24,Yes,28-11-2025
L01870,19-09-2025,,Google Ads,Teeth Whitening,Clinic B,Contacted - No Appointment,41,No,
L01871,02-08-2025,,Google Ads,Dental Implant,Clinic A,Contacted - No Appointment,34,No,
L01872,18-03-2025,,Facebook,Dental Crown,Clinic B,Contacted - No Appointment,37,No,
L01873,21-03-2025,,Google Organic,Dental Implant,Clinic B,Contacted - No Appointment,30,No,
L01874,15-04-2025,,Google Ads,Dental Crown,Clinic A,Contacted - No Appointment,36,No,
L01875,08-10-2025,P01875,Google Organic,Root Canal,Clinic C,Appointment Booked,14,Yes,20-10-2025
L01876,17-05-2025,P01876,Instagram,Dental Implant,Clinic C,Appointment Booked,34,Yes,27-05-2025
L01877,11-06-2025,,Facebook,General Dentistry,Clinic C,Contacted - No Appointment,18,No,
L01878,27-02-2025,P01878,Facebook,Dental Crown,Clinic D,Appointment Booked,6,Yes,13-03-2025
L01879,19-07-2025,,Referral,Root Canal,Clinic D,Contacted - No Appointment,33,No,
L01880,17-02-2025,P01880,Google Ads,Dental Implant,Clinic D,Appointment Booked,22,Yes,03-03-2025
L01881,02-09-2025,,Facebook,Root Canal,Clinic A,Not Contacted/Cold,46,No,
L01882,02-06-2025,,Instagram,General Dentistry,Clinic A,Contacted - No Appointment,20,No,
L01883,04-02-2025,P01883,Google Ads,Dental Crown,Clinic B,Appointment Booked,10,Yes,18-02-2025
L01884,10-10-2025,,Google Ads,General Dentistry,Clinic D,Contacted - No Appointment,12,No,
L01885,28-09-2025,,Google Ads,Dental Implant,Clinic D,Contacted - No Appointment,16,No,
L01886,08-02-2025,P01886,Facebook,Dental Crown,Clinic D,Appointment Booked,23,Yes,22-02-2025
L01887,22-05-2025,P01887,Google Ads,Teeth Whitening,Clinic A,Appointment Booked,36,Yes,02-06-2025
L01888,08-09-2025,,Google Organic,Root Canal,Clinic D,Contacted - No Appointment,22,No,
L01889,14-10-2025,,Referral,Dental Implant,Clinic B,Contacted - No Appointment,8,No,
L01890,29-01-2025,P01890,Google Ads,Dental Crown,Clinic A,Appointment Booked,23,Yes,01-02-2025
L01891,09-10-2025,P01891,Facebook,Dental Crown,Clinic B,Appointment Booked,40,Yes,21-10-2025
L01892,02-11-2025,P01892,Google Ads,Teeth Whitening,Clinic A,Appointment Booked,21,Yes,13-11-2025
L01893,04-04-2025,P01893,Google Ads,Teeth Whitening,Clinic C,Appointment Booked,25,Yes,09-04-2025
L01894,02-03-2025,P01894,Facebook,Teeth Whitening,Clinic B,Appointment Booked,18,Yes,13-03-2025
L01895,06-05-2025,,Facebook,Dental Crown,Clinic B,Contacted - No Appointment,18,No,
L01896,24-09-2025,,Referral,Invisalign,Clinic C,Contacted - No Appointment,37,No,
L01897,26-08-2025,,Facebook,Root Canal,Clinic D,Contacted - No Appointment,31,No,
L01898,08-08-2025,,Facebook,Teeth Whitening,Clinic C,Not Contacted/Cold,75,No,
L01899,28-09-2025,P01899,Google Ads,General Dentistry,Clinic B,Appointment Booked,13,Yes,01-10-2025
L01900,19-07-2025,,Google Ads,Dental Implant,Clinic D,Contacted - No Appointment,11,No,
L01901,02-09-2025,,Referral,Root Canal,Clinic D,Contacted - No Appointment,6,No,
L01902,09-09-2025,,Google Ads,Invisalign,Clinic A,Contacted - No Appointment,16,No,
L01903,28-10-2025,,Referral,Invisalign,Clinic C,Contacted - No Appointment,18,No,
L01904,03-05-2025,P01904,Google Ads,Root Canal,Clinic B,Appointment Booked,11,Yes,04-05-2025
L01905,10-10-2025,,Instagram,Dental Crown,Clinic A,Contacted - No Appointment,26,No,
L01906,13-06-2025,P01906,Referral,Dental Implant,Clinic C,Appointment Booked,32,Yes,24-06-2025
L01907,23-08-2025,,Google Ads,Teeth Whitening,Clinic D,Contacted - No Appointment,25,No,
L01908,23-11-2025,,Facebook,Teeth Whitening,Clinic A,Contacted - No Appointment,8,No,
L01909,19-10-2025,,Google Organic,General Dentistry,Clinic D,Contacted - No Appointment,12,No,
L01910,19-01-2025,,Google Ads,Invisalign,Clinic D,Contacted - No Appointment,20,No,
L01911,11-09-2025,P01911,Google Organic,Dental Crown,Clinic D,Appointment Booked,39,Yes,25-09-2025
L01912,02-05-2025,,Google Ads,Root Canal,Clinic B,Contacted - No Appointment,17,No,
L01913,26-04-2025,,Google Ads,Invisalign,Clinic D,Contacted - No Appointment,3,No,
L01914,17-06-2025,P01914,Google Ads,Dental Crown,Clinic B,Appointment Booked,16,Yes,18-06-2025
L01915,23-12-2025,,Referral,Teeth Whitening,Clinic C,Contacted - No Appointment,19,No,
L01916,14-02-2025,,Google Ads,Dental Implant,Clinic A,Not Contacted/Cold,49,No,
L01917,25-02-2025,P01917,Google Ads,General Dentistry,Clinic A,Appointment Booked,3,Yes,03-03-2025
L01918,28-09-2025,,Instagram,Teeth Whitening,Clinic C,Contacted - No Appointment,32,No,
L01919,10-08-2025,,Facebook,Teeth Whitening,Clinic B,Contacted - No Appointment,6,No,
L01920,12-03-2025,P01920,Facebook,Teeth Whitening,Clinic A,Appointment Booked,14,Yes,21-03-2025
L01921,18-01-2025,P01921,Google Ads,Root Canal,Clinic A,Appointment Booked,25,Yes,20-01-2025
L01922,15-05-2025,,Google Organic,Teeth Whitening,Clinic C,Contacted - No Appointment,35,No,
L01923,15-06-2025,,Instagram,Root Canal,Clinic A,Contacted - No Appointment,12,No,
L01924,15-04-2025,,Facebook,General Dentistry,Clinic D,Contacted - No Appointment,14,No,
L01925,10-08-2025,P01925,Google Ads,Dental Implant,Clinic A,Appointment Booked,17,Yes,14-08-2025
L01926,24-01-2025,,Instagram,Invisalign,Clinic A,Contacted - No Appointment,11,No,
L01927,11-09-2025,,Google Organic,Dental Crown,Clinic B,Not Contacted/Cold,46,No,
L01928,06-05-2025,,Facebook,Invisalign,Clinic B,Contacted - No Appointment,22,No,
L01929,21-10-2025,P01929,Google Ads,Root Canal,Clinic B,Appointment Booked,30,Yes,26-10-2025
L01930,25-04-2025,,Google Ads,Root Canal,Clinic B,Contacted - No Appointment,17,No,
L01931,03-12-2025,,Google Organic,General Dentistry,Clinic D,Contacted - No Appointment,17,No,
L01932,09-11-2025,,Referral,Root Canal,Clinic C,Contacted - No Appointment,37,No,
L01933,29-09-2025,P01933,Google Ads,Root Canal,Clinic A,Appointment Booked,19,Yes,09-10-2025
L01934,24-05-2025,,Facebook,Invisalign,Clinic B,Contacted - No Appointment,27,No,
L01935,13-05-2025,,Google Ads,Root Canal,Clinic D,Contacted - No Appointment,15,No,
L01936,10-01-2025,P01936,Facebook,Root Canal,Clinic B,Appointment Booked,12,Yes,15-01-2025
L01937,09-02-2025,,Facebook,Teeth Whitening,Clinic A,Contacted - No Appointment,22,No,
L01938,11-04-2025,,Referral,Dental Implant,Clinic D,Contacted - No Appointment,10,No,
L01939,25-11-2025,P01939,Google Ads,Invisalign,Clinic C,Appointment Booked,5,Yes,29-11-2025
L01940,05-12-2025,,Google Organic,Root Canal,Clinic C,Contacted - No Appointment,15,No,
L01941,09-02-2025,P01941,Facebook,Root Canal,Clinic A,Appointment Booked,53,Yes,16-02-2025
L01942,14-07-2025,,Google Organic,Root Canal,Clinic A,Contacted - No Appointment,27,No,
L01943,14-10-2025,P01943,Facebook,Teeth Whitening,Clinic C,Appointment Booked,13,Yes,25-10-2025
L01944,27-03-2025,P01944,Google Ads,Invisalign,Clinic A,Appointment Booked,27,Yes,04-04-2025
L01945,06-05-2025,,Referral,Root Canal,Clinic B,Contacted - No Appointment,40,No,
L01946,22-09-2025,,Google Ads,Dental Crown,Clinic C,Contacted - No Appointment,11,No,
L01947,21-06-2025,,Instagram,Invisalign,Clinic B,Contacted - No Appointment,27,No,
L01948,25-10-2025,P01948,Referral,Teeth Whitening,Clinic D,Appointment Booked,15,Yes,05-11-2025
L01949,17-06-2025,,Google Ads,Root Canal,Clinic D,Contacted - No Appointment,43,No,
L01950,12-08-2025,,Instagram,Root Canal,Clinic C,Contacted - No Appointment,13,No,
L01951,27-11-2025,,Google Organic,Teeth Whitening,Clinic A,Contacted - No Appointment,14,No,
L01952,19-04-2025,,Referral,Invisalign,Clinic A,Contacted - No Appointment,25,No,
L01953,18-02-2025,P01953,Google Organic,General Dentistry,Clinic B,Appointment Booked,10,Yes,24-02-2025
L01954,06-12-2025,,Google Ads,Dental Crown,Clinic A,Contacted - No Appointment,9,No,
L01955,15-07-2025,,Google Organic,Dental Crown,Clinic D,Contacted - No Appointment,42,No,
L01956,25-06-2025,P01956,Google Organic,General Dentistry,Clinic A,Appointment Booked,37,Yes,28-06-2025
L01957,27-10-2025,,Google Organic,Teeth Whitening,Clinic B,Contacted - No Appointment,31,No,
L01958,28-10-2025,,Referral,Dental Crown,Clinic B,Contacted - No Appointment,12,No,
L01959,22-05-2025,,Google Ads,Teeth Whitening,Clinic C,Contacted - No Appointment,19,No,
L01960,16-04-2025,,Google Ads,Root Canal,Clinic A,Contacted - No Appointment,21,No,
L01961,19-05-2025,,Instagram,Root Canal,Clinic B,Not Contacted/Cold,51,No,
L01962,20-12-2025,,Referral,Dental Implant,Clinic B,Contacted - No Appointment,18,No,
L01963,22-01-2025,P01963,Facebook,Dental Implant,Clinic D,Appointment Booked,11,Yes,30-01-2025
L01964,22-12-2025,,Referral,General Dentistry,Clinic A,Contacted - No Appointment,29,No,
L01965,24-03-2025,P01965,Referral,Dental Implant,Clinic D,Appointment Booked,22,Yes,26-03-2025
L01966,26-09-2025,,Referral,Dental Implant,Clinic D,Contacted - No Appointment,32,No,
L01967,07-11-2025,P01967,Referral,Teeth Whitening,Clinic B,Appointment Booked,45,Yes,20-11-2025
L01968,23-06-2025,P01968,Referral,Dental Implant,Clinic D,Appointment Booked,47,Yes,24-06-2025
L01969,14-02-2025,P01969,Google Organic,Invisalign,Clinic A,Appointment Booked,13,Yes,18-02-2025
L01970,14-08-2025,,Google Organic,Dental Crown,Clinic D,Contacted - No Appointment,15,No,
L01971,07-06-2025,,Google Ads,Dental Crown,Clinic C,Contacted - No Appointment,2,No,
L01972,03-09-2025,,Google Ads,Teeth Whitening,Clinic B,Contacted - No Appointment,11,No,
L01973,19-11-2025,,Google Ads,Root Canal,Clinic B,Contacted - No Appointment,18,No,
L01974,24-03-2025,,Google Ads,Root Canal,Clinic A,Contacted - No Appointment,43,No,
L01975,14-11-2025,P01975,Google Ads,Teeth Whitening,Clinic D,Appointment Booked,18,Yes,17-11-2025
L01976,21-06-2025,,Referral,Root Canal,Clinic A,Contacted - No Appointment,35,No,
L01977,17-02-2025,P01977,Instagram,Dental Crown,Clinic C,Appointment Booked,12,Yes,22-02-2025
L01978,19-02-2025,P01978,Facebook,General Dentistry,Clinic B,Appointment Booked,8,Yes,22-02-2025
L01979,25-05-2025,P01979,Google Organic,Root Canal,Clinic D,Appointment Booked,19,Yes,03-06-2025
L01980,24-10-2025,,Facebook,Root Canal,Clinic A,Contacted - No Appointment,23,No,
L01981,08-10-2025,,Google Ads,Dental Implant,Clinic C,Contacted - No Appointment,11,No,
L01982,12-01-2025,,Referral,Dental Crown,Clinic B,Contacted - No Appointment,7,No,
L01983,15-10-2025,P01983,Facebook,Dental Implant,Clinic C,Appointment Booked,13,Yes,28-10-2025
L01984,01-10-2025,,Google Organic,Root Canal,Clinic A,Contacted - No Appointment,29,No,
L01985,27-02-2025,,Google Ads,Teeth Whitening,Clinic A,Contacted - No Appointment,19,No,
L01986,19-03-2025,P01986,Facebook,Root Canal,Clinic A,Appointment Booked,9,Yes,26-03-2025
L01987,25-05-2025,P01987,Google Organic,Invisalign,Clinic C,Appointment Booked,10,Yes,28-05-2025
L01988,05-04-2025,P01988,Google Ads,Teeth Whitening,Clinic A,Appointment Booked,31,Yes,13-04-2025
L01989,13-10-2025,,Referral,Invisalign,Clinic C,Contacted - No Appointment,17,No,
L01990,25-03-2025,P01990,Google Ads,Teeth Whitening,Clinic A,Appointment Booked,6,Yes,05-04-2025
L01991,13-12-2025,,Facebook,Dental Crown,Clinic D,Contacted - No Appointment,40,No,
L01992,16-10-2025,P01992,Referral,Dental Implant,Clinic D,Appointment Booked,6,Yes,30-10-2025
L01993,19-03-2025,,Referral,General Dentistry,Clinic C,Contacted - No Appointment,36,No,
L01994,10-05-2025,P01994,Google Ads,Invisalign,Clinic B,Appointment Booked,12,Yes,15-05-2025
L01995,23-06-2025,,Google Ads,General Dentistry,Clinic A,Contacted - No Appointment,9,No,
L01996,12-11-2025,P01996,Google Organic,Dental Implant,Clinic A,Appointment Booked,21,Yes,22-11-2025
L01997,14-06-2025,P01997,Google Ads,Invisalign,Clinic B,Appointment Booked,16,Yes,18-06-2025
L01998,10-06-2025,,Facebook,Invisalign,Clinic C,Contacted - No Appointment,13,No,
L01999,05-05-2025,,Google Organic,Dental Implant,Clinic C,Contacted - No Appointment,22,No,
L02000,11-05-2025,,Instagram,Teeth Whitening,Clinic D,Contacted - No Appointment,7,No,
L02001,19-11-2025,P02001,Google Ads,Dental Crown,Clinic B,Appointment Booked,20,Yes,02-12-2025
L02002,29-10-2025,P02002,Facebook,Teeth Whitening,Clinic C,Appointment Booked,21,Yes,12-11-2025
L02003,12-05-2025,,Referral,Invisalign,Clinic B,Contacted - No Appointment,12,No,
L02004,14-10-2025,P02004,Instagram,Root Canal,Clinic C,Appointment Booked,1,Yes,18-10-2025
L02005,04-07-2025,,Google Organic,Dental Crown,Clinic B,Contacted - No Appointment,16,No,
L02006,22-01-2025,,Facebook,Root Canal,Clinic B,Contacted - No Appointment,16,No,
L02007,29-12-2025,,Google Ads,Dental Crown,Clinic B,Contacted - No Appointment,15,No,
L02008,09-12-2025,,Google Ads,Dental Crown,Clinic C,Contacted - No Appointment,4,No,
L02009,09-06-2025,P02009,Facebook,Dental Implant,Clinic D,Appointment Booked,20,Yes,18-06-2025
L02010,11-10-2025,,Google Ads,Teeth Whitening,Clinic B,Contacted - No Appointment,33,No,
L02011,07-08-2025,,Facebook,Teeth Whitening,Clinic A,Contacted - No Appointment,15,No,
L02012,16-06-2025,P02012,Google Organic,Dental Crown,Clinic B,Appointment Booked,7,Yes,27-06-2025
L02013,24-02-2025,,Google Organic,Dental Implant,Clinic C,Contacted - No Appointment,25,No,
L02014,13-11-2025,,Google Ads,Invisalign,Clinic A,Not Contacted/Cold,46,No,
L02015,02-06-2025,,Google Organic,Root Canal,Clinic D,Contacted - No Appointment,9,No,
L02016,07-01-2025,,Google Organic,Invisalign,Clinic D,Contacted - No Appointment,9,No,
L02017,25-10-2025,,Google Ads,Invisalign,Clinic D,Contacted - No Appointment,40,No,
L02018,04-03-2025,,Google Ads,Teeth Whitening,Clinic A,Contacted - No Appointment,16,No,
L02019,27-12-2025,,Instagram,Dental Crown,Clinic D,Contacted - No Appointment,4,No,
L02020,18-08-2025,,Facebook,Dental Crown,Clinic C,Not Contacted/Cold,55,No,
L02021,17-12-2025,,Google Ads,Invisalign,Clinic B,Contacted - No Appointment,2,No,
L02022,07-06-2025,,Google Ads,General Dentistry,Clinic C,Contacted - No Appointment,3,No,
L02023,31-05-2025,,Google Ads,Invisalign,Clinic D,Contacted - No Appointment,7,No,
L02024,10-07-2025,P02024,Referral,Teeth Whitening,Clinic B,Appointment Booked,30,Yes,18-07-2025
L02025,22-04-2025,,Google Organic,General Dentistry,Clinic B,Contacted - No Appointment,31,No,
L02026,23-07-2025,,Facebook,Teeth Whitening,Clinic B,Contacted - No Appointment,6,No,
L02027,16-06-2025,P02027,Referral,General Dentistry,Clinic C,Appointment Booked,10,Yes,27-06-2025
L02028,28-10-2025,,Instagram,Dental Crown,Clinic A,Contacted - No Appointment,23,No,
L02029,21-10-2025,,Google Organic,Invisalign,Clinic D,Not Contacted/Cold,46,No,
L02030,05-01-2025,,Google Ads,Invisalign,Clinic C,Contacted - No Appointment,1,No,
L02031,17-03-2025,P02031,Instagram,Invisalign,Clinic C,Appointment Booked,3,Yes,26-03-2025
L02032,19-02-2025,P02032,Google Ads,Dental Implant,Clinic A,Appointment Booked,12,Yes,20-02-2025
L02033,27-12-2025,P02033,Facebook,Dental Crown,Clinic C,Appointment Booked,5,Yes,30-12-2025
L02034,30-12-2025,,Google Ads,Invisalign,Clinic A,Contacted - No Appointment,39,No,
L02035,13-06-2025,,Google Ads,Teeth Whitening,Clinic A,Contacted - No Appointment,17,No,
L02036,20-08-2025,,Google Ads,Root Canal,Clinic C,Contacted - No Appointment,37,No,
L02037,25-02-2025,P02037,Facebook,Root Canal,Clinic B,Appointment Booked,23,Yes,08-03-2025
L02038,11-09-2025,,Google Organic,General Dentistry,Clinic C,Contacted - No Appointment,29,No,
L02039,28-02-2025,,Facebook,Invisalign,Clinic A,Contacted - No Appointment,11,No,
L02040,22-06-2025,,Google Organic,Teeth Whitening,Clinic B,Contacted - No Appointment,3,No,
L02041,11-05-2025,P02041,Instagram,Teeth Whitening,Clinic A,Appointment Booked,16,Yes,13-05-2025
L02042,24-06-2025,,Facebook,Invisalign,Clinic D,Contacted - No Appointment,34,No,
L02043,14-10-2025,P02043,Google Ads,Root Canal,Clinic C,Appointment Booked,54,Yes,28-10-2025
L02044,24-07-2025,,Referral,Root Canal,Clinic C,Contacted - No Appointment,15,No,
L02045,10-03-2025,,Google Ads,Teeth Whitening,Clinic B,Contacted - No Appointment,30,No,
L02046,26-12-2025,,Google Organic,Dental Crown,Clinic A,Contacted - No Appointment,11,No,
L02047,17-12-2025,,Instagram,Root Canal,Clinic D,Contacted - No Appointment,13,No,
L02048,18-11-2025,,Facebook,Teeth Whitening,Clinic B,Contacted - No Appointment,17,No,
L02049,20-09-2025,,Google Ads,Invisalign,Clinic B,Not Contacted/Cold,48,No,
L02050,20-07-2025,P02050,Facebook,Teeth Whitening,Clinic C,Appointment Booked,29,Yes,31-07-2025
L02051,28-08-2025,,Referral,General Dentistry,Clinic A,Contacted - No Appointment,26,No,
L02052,28-05-2025,,Google Organic,General Dentistry,Clinic D,Not Contacted/Cold,46,No,
L02053,27-02-2025,,Referral,Teeth Whitening,Clinic C,Contacted - No Appointment,10,No,
L02054,04-12-2025,,Facebook,Root Canal,Clinic B,Contacted - No Appointment,15,No,
L02055,04-05-2025,,Facebook,General Dentistry,Clinic A,Contacted - No Appointment,26,No,
L02056,11-09-2025,,Google Ads,Root Canal,Clinic A,Contacted - No Appointment,12,No,
L02057,06-06-2025,,Referral,Dental Crown,Clinic D,Contacted - No Appointment,14,No,
L02058,18-09-2025,,Facebook,Dental Implant,Clinic C,Contacted - No Appointment,22,No,
L02059,04-04-2025,,Facebook,General Dentistry,Clinic A,Contacted - No Appointment,18,No,
L02060,02-03-2025,P02060,Referral,Teeth Whitening,Clinic A,Appointment Booked,7,Yes,04-03-2025
L02061,19-07-2025,,Facebook,Teeth Whitening,Clinic C,Contacted - No Appointment,10,No,
L02062,03-11-2025,,Instagram,Dental Implant,Clinic C,Contacted - No Appointment,7,No,
L02063,06-05-2025,,Google Ads,Teeth Whitening,Clinic B,Contacted - No Appointment,30,No,
L02064,31-08-2025,,Facebook,Teeth Whitening,Clinic B,Contacted - No Appointment,10,No,
L02065,06-06-2025,,Referral,Dental Crown,Clinic A,Contacted - No Appointment,27,No,
L02066,24-07-2025,,Instagram,Invisalign,Clinic C,Contacted - No Appointment,20,No,
L02067,04-01-2025,,Google Ads,Root Canal,Clinic D,Contacted - No Appointment,18,No,
L02068,20-08-2025,P02068,Google Ads,Dental Implant,Clinic A,Appointment Booked,6,Yes,30-08-2025
L02069,05-03-2025,,Facebook,Root Canal,Clinic C,Contacted - No Appointment,20,No,
L02070,28-03-2025,P02070,Instagram,Invisalign,Clinic B,Appointment Booked,25,Yes,05-04-2025
L02071,30-09-2025,P02071,Google Ads,Invisalign,Clinic B,Appointment Booked,30,Yes,11-10-2025
L02072,02-12-2025,P02072,Instagram,Dental Implant,Clinic A,Appointment Booked,7,Yes,04-12-2025
L02073,26-07-2025,P02073,Facebook,Invisalign,Clinic D,Appointment Booked,15,Yes,05-08-2025
L02074,02-11-2025,,Google Organic,Dental Implant,Clinic B,Contacted - No Appointment,35,No,
L02075,20-10-2025,,Google Ads,General Dentistry,Clinic C,Contacted - No Appointment,33,No,
L02076,13-11-2025,,Google Organic,Root Canal,Clinic B,Contacted - No Appointment,17,No,
L02077,13-07-2025,P02077,Facebook,Root Canal,Clinic A,Appointment Booked,6,Yes,24-07-2025
L02078,06-06-2025,,Facebook,Root Canal,Clinic A,Contacted - No Appointment,31,No,
L02079,26-08-2025,,Referral,Dental Crown,Clinic C,Contacted - No Appointment,18,No,
L02080,18-01-2025,P02080,Google Ads,General Dentistry,Clinic A,Appointment Booked,9,Yes,31-01-2025
L02081,25-09-2025,P02081,Facebook,Dental Implant,Clinic C,Appointment Booked,16,Yes,27-09-2025
L02082,18-02-2025,P02082,Facebook,Invisalign,Clinic B,Appointment Booked,6,Yes,19-02-2025
L02083,12-05-2025,,Facebook,General Dentistry,Clinic B,Contacted - No Appointment,31,No,
L02084,20-10-2025,P02084,Instagram,Root Canal,Clinic B,Appointment Booked,4,Yes,21-10-2025
L02085,25-06-2025,P02085,Google Ads,Dental Implant,Clinic B,Appointment Booked,37,Yes,04-07-2025
L02086,16-05-2025,,Instagram,Dental Implant,Clinic A,Contacted - No Appointment,22,No,
L02087,21-03-2025,,Instagram,Dental Implant,Clinic B,Contacted - No Appointment,6,No,
L02088,11-04-2025,P02088,Google Organic,General Dentistry,Clinic C,Appointment Booked,15,Yes,16-04-2025
L02089,01-05-2025,P02089,Google Ads,Invisalign,Clinic C,Appointment Booked,13,Yes,02-05-2025
L02090,07-10-2025,,Google Ads,General Dentistry,Clinic B,Contacted - No Appointment,9,No,
L02091,22-01-2025,P02091,Instagram,General Dentistry,Clinic B,Appointment Booked,21,Yes,04-02-2025
L02092,05-12-2025,,Google Ads,Dental Crown,Clinic A,Not Contacted/Cold,47,No,
L02093,05-02-2025,P02093,Google Organic,Dental Implant,Clinic A,Appointment Booked,10,Yes,12-02-2025
L02094,26-07-2025,P02094,Google Ads,Dental Implant,Clinic A,Appointment Booked,19,Yes,07-08-2025
L02095,29-09-2025,P02095,Facebook,Root Canal,Clinic D,Appointment Booked,18,Yes,30-09-2025
L02096,05-12-2025,P02096,Google Organic,Root Canal,Clinic A,Appointment Booked,20,Yes,15-12-2025
L02097,15-06-2025,,Google Organic,Dental Crown,Clinic A,Contacted - No Appointment,2,No,
L02098,02-05-2025,,Instagram,Root Canal,Clinic B,Contacted - No Appointment,38,No,
L02099,10-10-2025,,Referral,General Dentistry,Clinic A,Not Contacted/Cold,73,No,
L02100,13-10-2025,,Google Organic,Root Canal,Clinic C,Contacted - No Appointment,18,No,
L02101,09-09-2025,,Facebook,Dental Crown,Clinic A,Contacted - No Appointment,29,No,
L02102,10-10-2025,P02102,Referral,General Dentistry,Clinic A,Appointment Booked,24,Yes,14-10-2025
L02103,12-10-2025,,Google Organic,Dental Implant,Clinic C,Contacted - No Appointment,7,No,
L02104,29-06-2025,,Instagram,Invisalign,Clinic B,Contacted - No Appointment,17,No,
L02105,15-12-2025,P02105,Facebook,Dental Implant,Clinic C,Appointment Booked,11,Yes,29-12-2025
L02106,02-08-2025,,Referral,Dental Implant,Clinic C,Contacted - No Appointment,16,No,
L02107,08-04-2025,P02107,Google Ads,Root Canal,Clinic A,Appointment Booked,19,Yes,16-04-2025
L02108,07-02-2025,,Google Ads,Invisalign,Clinic C,Contacted - No Appointment,20,No,
L02109,03-10-2025,,Google Ads,Root Canal,Clinic A,Contacted - No Appointment,10,No,
L02110,03-08-2025,,Google Ads,General Dentistry,Clinic C,Contacted - No Appointment,20,No,
L02111,03-05-2025,P02111,Facebook,Dental Implant,Clinic B,Appointment Booked,16,Yes,14-05-2025
L02112,28-01-2025,,Google Organic,Root Canal,Clinic B,Contacted - No Appointment,36,No,
L02113,13-08-2025,P02113,Instagram,Dental Implant,Clinic C,Appointment Booked,28,Yes,23-08-2025
L02114,06-01-2025,P02114,Google Ads,Invisalign,Clinic D,Appointment Booked,32,Yes,18-01-2025
L02115,23-10-2025,P02115,Google Organic,Root Canal,Clinic D,Appointment Booked,34,Yes,24-10-2025
L02116,22-09-2025,P02116,Facebook,General Dentistry,Clinic C,Appointment Booked,8,Yes,06-10-2025
L02117,06-05-2025,P02117,Facebook,Root Canal,Clinic B,Appointment Booked,28,Yes,20-05-2025
L02118,01-02-2025,P02118,Facebook,Dental Implant,Clinic A,Appointment Booked,8,Yes,10-02-2025
L02119,17-05-2025,,Referral,Root Canal,Clinic A,Contacted - No Appointment,43,No,
L02120,27-07-2025,,Facebook,Dental Implant,Clinic B,Contacted - No Appointment,27,No,
L02121,29-08-2025,,Google Ads,Invisalign,Clinic B,Contacted - No Appointment,8,No,
L02122,16-02-2025,P02122,Facebook,Dental Crown,Clinic D,Appointment Booked,20,Yes,24-02-2025
L02123,05-12-2025,P02123,Google Organic,Dental Implant,Clinic B,Appointment Booked,9,Yes,15-12-2025
L02124,05-04-2025,,Instagram,Root Canal,Clinic B,Contacted - No Appointment,13,No,
L02125,17-07-2025,,Google Ads,Dental Crown,Clinic B,Contacted - No Appointment,23,No,
L02126,11-02-2025,,Google Ads,Root Canal,Clinic D,Contacted - No Appointment,11,No,
L02127,22-02-2025,,Instagram,Dental Implant,Clinic C,Contacted - No Appointment,15,No,
L02128,08-01-2025,P02128,Google Organic,General Dentistry,Clinic C,Appointment Booked,34,Yes,13-01-2025
L02129,20-04-2025,,Facebook,Root Canal,Clinic B,Contacted - No Appointment,16,No,
L02130,12-05-2025,,Google Organic,Teeth Whitening,Clinic D,Contacted - No Appointment,9,No,
L02131,01-10-2025,,Referral,Invisalign,Clinic A,Contacted - No Appointment,3,No,
L02132,10-09-2025,P02132,Google Ads,Root Canal,Clinic D,Appointment Booked,29,Yes,17-09-2025
L02133,07-04-2025,P02133,Instagram,Root Canal,Clinic C,Appointment Booked,28,Yes,13-04-2025
L02134,20-01-2025,,Google Ads,Invisalign,Clinic B,Contacted - No Appointment,20,No,
L02135,21-08-2025,,Google Organic,Dental Implant,Clinic B,Not Contacted/Cold,67,No,
L02136,05-04-2025,,Facebook,Root Canal,Clinic C,Contacted - No Appointment,14,No,
L02137,03-07-2025,,Google Ads,General Dentistry,Clinic A,Contacted - No Appointment,37,No,
L02138,09-03-2025,,Google Organic,Dental Crown,Clinic D,Contacted - No Appointment,11,No,
L02139,26-05-2025,P02139,Google Organic,Dental Implant,Clinic B,Appointment Booked,30,Yes,09-06-2025
L02140,28-02-2025,P02140,Google Ads,Dental Crown,Clinic B,Appointment Booked,7,Yes,08-03-2025
L02141,13-03-2025,,Google Ads,General Dentistry,Clinic A,Contacted - No Appointment,29,No,
L02142,05-01-2025,,Facebook,Teeth Whitening,Clinic B,Contacted - No Appointment,15,No,
L02143,27-06-2025,P02143,Instagram,Dental Implant,Clinic B,Appointment Booked,25,Yes,01-07-2025
L02144,11-07-2025,P02144,Google Organic,General Dentistry,Clinic B,Appointment Booked,21,Yes,18-07-2025
L02145,17-10-2025,,Facebook,Invisalign,Clinic C,Contacted - No Appointment,28,No,
L02146,19-12-2025,P02146,Instagram,Root Canal,Clinic B,Appointment Booked,3,Yes,26-12-2025
L02147,06-12-2025,P02147,Google Organic,Root Canal,Clinic D,Appointment Booked,16,Yes,12-12-2025
L02148,28-05-2025,,Facebook,General Dentistry,Clinic C,Contacted - No Appointment,35,No,
L02149,05-01-2025,,Instagram,General Dentistry,Clinic D,Contacted - No Appointment,39,No,
L02150,20-07-2025,,Facebook,General Dentistry,Clinic A,Contacted - No Appointment,25,No,
L02151,23-01-2025,,Referral,Dental Implant,Clinic B,Contacted - No Appointment,36,No,
L02152,18-11-2025,P02152,Google Ads,General Dentistry,Clinic B,Appointment Booked,16,Yes,29-11-2025
L02153,14-01-2025,,Google Ads,Dental Implant,Clinic C,Contacted - No Appointment,1,No,
L02154,06-08-2025,P02154,Google Ads,Invisalign,Clinic D,Appointment Booked,11,Yes,07-08-2025
L02155,20-02-2025,,Google Organic,Root Canal,Clinic A,Contacted - No Appointment,19,No,
L02156,21-07-2025,P02156,Facebook,Root Canal,Clinic A,Appointment Booked,21,Yes,22-07-2025
L02157,19-10-2025,,Facebook,Dental Crown,Clinic D,Contacted - No Appointment,24,No,
L02158,02-11-2025,,Referral,Root Canal,Clinic A,Contacted - No Appointment,18,No,
L02159,23-08-2025,,Referral,General Dentistry,Clinic C,Contacted - No Appointment,18,No,
L02160,10-06-2025,,Referral,Invisalign,Clinic C,Contacted - No Appointment,30,No,
L02161,12-09-2025,,Google Ads,Invisalign,Clinic D,Contacted - No Appointment,9,No,
L02162,11-03-2025,P02162,Referral,General Dentistry,Clinic A,Appointment Booked,21,Yes,25-03-2025
L02163,30-06-2025,P02163,Facebook,Dental Implant,Clinic A,Appointment Booked,25,Yes,14-07-2025
L02164,08-10-2025,,Google Ads,Dental Crown,Clinic C,Contacted - No Appointment,12,No,
L02165,28-01-2025,,Facebook,Dental Crown,Clinic D,Contacted - No Appointment,15,No,
L02166,18-02-2025,,Facebook,Root Canal,Clinic B,Not Contacted/Cold,48,No,
L02167,20-04-2025,,Google Ads,Dental Crown,Clinic B,Contacted - No Appointment,20,No,
L02168,04-06-2025,,Facebook,Dental Implant,Clinic C,Not Contacted/Cold,80,No,
L02169,06-12-2025,P02169,Google Organic,General Dentistry,Clinic D,Appointment Booked,19,Yes,16-12-2025
L02170,24-02-2025,P02170,Facebook,Dental Implant,Clinic D,Appointment Booked,31,Yes,06-03-2025
L02171,06-01-2025,P02171,Facebook,Root Canal,Clinic D,Appointment Booked,5,Yes,09-01-2025
L02172,26-07-2025,P02172,Facebook,Dental Implant,Clinic A,Appointment Booked,3,Yes,07-08-2025
L02173,18-09-2025,P02173,Referral,Root Canal,Clinic A,Appointment Booked,8,Yes,21-09-2025
L02174,20-10-2025,,Google Ads,Dental Crown,Clinic C,Contacted - No Appointment,34,No,
L02175,23-02-2025,P02175,Facebook,General Dentistry,Clinic D,Appointment Booked,15,Yes,09-03-2025
L02176,03-08-2025,P02176,Google Ads,Teeth Whitening,Clinic B,Appointment Booked,5,Yes,10-08-2025
L02177,18-04-2025,P02177,Referral,Root Canal,Clinic A,Appointment Booked,19,Yes,29-04-2025
L02178,21-01-2025,,Google Ads,General Dentistry,Clinic D,Contacted - No Appointment,32,No,
L02179,23-01-2025,P02179,Facebook,Root Canal,Clinic A,Appointment Booked,9,Yes,26-01-2025
L02180,01-08-2025,,Facebook,Dental Crown,Clinic B,Contacted - No Appointment,33,No,
L02181,12-03-2025,P02181,Referral,Dental Crown,Clinic B,Appointment Booked,6,Yes,13-03-2025
L02182,02-07-2025,P02182,Google Ads,Root Canal,Clinic C,Appointment Booked,31,Yes,13-07-2025
L02183,16-05-2025,,Instagram,General Dentistry,Clinic C,Contacted - No Appointment,37,No,
L02184,27-03-2025,P02184,Google Ads,Invisalign,Clinic B,Appointment Booked,11,Yes,01-04-2025
L02185,28-04-2025,,Referral,Dental Crown,Clinic C,Contacted - No Appointment,41,No,
L02186,26-11-2025,,Instagram,Teeth Whitening,Clinic C,Not Contacted/Cold,46,No,
L02187,19-10-2025,,Instagram,General Dentistry,Clinic C,Contacted - No Appointment,24,No,
L02188,19-01-2025,,Facebook,General Dentistry,Clinic C,Contacted - No Appointment,12,No,
L02189,20-08-2025,,Facebook,Root Canal,Clinic A,Not Contacted/Cold,82,No,
L02190,14-08-2025,,Google Ads,Dental Crown,Clinic A,Contacted - No Appointment,10,No,
L02191,16-10-2025,,Instagram,Root Canal,Clinic A,Not Contacted/Cold,50,No,
L02192,22-07-2025,P02192,Referral,Root Canal,Clinic A,Appointment Booked,62,Yes,31-07-2025
L02193,01-10-2025,P02193,Facebook,General Dentistry,Clinic B,Appointment Booked,24,Yes,04-10-2025
L02194,13-09-2025,P02194,Referral,General Dentistry,Clinic D,Appointment Booked,7,Yes,16-09-2025
L02195,12-07-2025,P02195,Google Ads,General Dentistry,Clinic C,Appointment Booked,23,Yes,14-07-2025
L02196,14-12-2025,P02196,Referral,Dental Implant,Clinic D,Appointment Booked,68,Yes,27-12-2025
L02197,13-04-2025,,Facebook,General Dentistry,Clinic B,Contacted - No Appointment,12,No,
L02198,07-03-2025,,Facebook,General Dentistry,Clinic B,Contacted - No Appointment,17,No,
L02199,02-05-2025,,Facebook,Root Canal,Clinic B,Contacted - No Appointment,2,No,
L02200,13-08-2025,P02200,Google Organic,Root Canal,Clinic A,Appointment Booked,17,Yes,15-08-2025
L02201,25-02-2025,P02201,Google Organic,Teeth Whitening,Clinic A,Appointment Booked,29,Yes,28-02-2025
L02202,29-09-2025,,Facebook,Dental Crown,Clinic C,Contacted - No Appointment,8,No,
L02203,16-03-2025,,Facebook,General Dentistry,Clinic D,Not Contacted/Cold,49,No,
L02204,19-07-2025,,Google Ads,Root Canal,Clinic A,Contacted - No Appointment,6,No,
L02205,26-11-2025,P02205,Facebook,Teeth Whitening,Clinic A,Appointment Booked,12,Yes,10-12-2025
L02206,13-02-2025,,Facebook,Teeth Whitening,Clinic D,Contacted - No Appointment,43,No,
L02207,14-11-2025,,Instagram,Root Canal,Clinic A,Contacted - No Appointment,16,No,
L02208,08-10-2025,,Instagram,General Dentistry,Clinic D,Not Contacted/Cold,56,No,
L02209,15-10-2025,P02209,Google Organic,Root Canal,Clinic C,Appointment Booked,3,Yes,16-10-2025
L02210,24-10-2025,,Google Organic,Root Canal,Clinic D,Contacted - No Appointment,14,No,
L02211,01-11-2025,P02211,Google Ads,Dental Implant,Clinic B,Appointment Booked,23,Yes,09-11-2025
L02212,18-08-2025,P02212,Google Organic,Root Canal,Clinic C,Appointment Booked,66,Yes,30-08-2025
L02213,14-09-2025,,Google Ads,Teeth Whitening,Clinic B,Contacted - No Appointment,20,No,
L02214,05-12-2025,,Google Organic,General Dentistry,Clinic C,Contacted - No Appointment,27,No,
L02215,18-11-2025,P02215,Google Ads,Invisalign,Clinic B,Appointment Booked,18,Yes,02-12-2025
L02216,09-04-2025,,Google Organic,Root Canal,Clinic A,Contacted - No Appointment,17,No,
L02217,26-03-2025,P02217,Facebook,Dental Implant,Clinic B,Appointment Booked,12,Yes,07-04-2025
L02218,01-03-2025,,Facebook,Dental Crown,Clinic C,Contacted - No Appointment,25,No,
L02219,04-03-2025,,Google Organic,General Dentistry,Clinic D,Contacted - No Appointment,15,No,
L02220,15-02-2025,P02220,Google Ads,Dental Crown,Clinic C,Appointment Booked,28,Yes,20-02-2025
L02221,04-11-2025,,Google Ads,Dental Crown,Clinic C,Contacted - No Appointment,20,No,
L02222,15-11-2025,P02222,Instagram,Dental Crown,Clinic A,Appointment Booked,14,Yes,20-11-2025
L02223,21-06-2025,,Google Organic,Dental Implant,Clinic C,Not Contacted/Cold,49,No,
L02224,27-09-2025,P02224,Facebook,Teeth Whitening,Clinic B,Appointment Booked,11,Yes,11-10-2025
L02225,15-04-2025,,Google Ads,Dental Crown,Clinic D,Contacted - No Appointment,12,No,
L02226,09-06-2025,,Facebook,Dental Crown,Clinic D,Contacted - No Appointment,2,No,
L02227,20-05-2025,,Instagram,General Dentistry,Clinic A,Contacted - No Appointment,16,No,
L02228,20-04-2025,,Facebook,Teeth Whitening,Clinic D,Not Contacted/Cold,47,No,
L02229,07-05-2025,P02229,Referral,Teeth Whitening,Clinic A,Appointment Booked,48,Yes,11-05-2025
L02230,13-04-2025,P02230,Facebook,General Dentistry,Clinic B,Appointment Booked,13,Yes,15-04-2025
L02231,27-07-2025,P02231,Google Ads,General Dentistry,Clinic C,Appointment Booked,27,Yes,02-08-2025
L02232,23-10-2025,,Google Ads,Dental Crown,Clinic A,Contacted - No Appointment,31,No,
L02233,17-03-2025,,Facebook,Dental Implant,Clinic C,Contacted - No Appointment,5,No,
L02234,27-04-2025,P02234,Google Organic,Root Canal,Clinic A,Appointment Booked,40,Yes,01-05-2025
L02235,03-07-2025,P02235,Google Ads,Teeth Whitening,Clinic A,Appointment Booked,6,Yes,05-07-2025
L02236,17-02-2025,,Referral,Dental Implant,Clinic C,Contacted - No Appointment,14,No,
L02237,04-04-2025,P02237,Facebook,Dental Implant,Clinic C,Appointment Booked,8,Yes,13-04-2025
L02238,20-01-2025,P02238,Facebook,Dental Implant,Clinic D,Appointment Booked,23,Yes,27-01-2025
L02239,17-09-2025,,Google Ads,Teeth Whitening,Clinic C,Contacted - No Appointment,10,No,
L02240,23-09-2025,P02240,Referral,Root Canal,Clinic C,Appointment Booked,12,Yes,26-09-2025
L02241,09-04-2025,,Google Organic,Root Canal,Clinic B,Contacted - No Appointment,35,No,
L02242,23-07-2025,P02242,Google Ads,Dental Implant,Clinic A,Appointment Booked,13,Yes,31-07-2025
L02243,26-04-2025,,Referral,Teeth Whitening,Clinic A,Contacted - No Appointment,18,No,
L02244,08-09-2025,P02244,Facebook,Invisalign,Clinic C,Appointment Booked,6,Yes,18-09-2025
L02245,24-09-2025,P02245,Google Organic,Invisalign,Clinic C,Appointment Booked,4,Yes,26-09-2025
L02246,30-08-2025,P02246,Google Organic,Dental Crown,Clinic B,Appointment Booked,21,Yes,04-09-2025
L02247,28-09-2025,P02247,Google Organic,Dental Crown,Clinic C,Appointment Booked,12,Yes,30-09-2025
L02248,21-07-2025,,Referral,Root Canal,Clinic C,Not Contacted/Cold,55,No,
L02249,28-08-2025,,Referral,Dental Crown,Clinic A,Not Contacted/Cold,71,No,
L02250,17-04-2025,,Referral,Invisalign,Clinic A,Contacted - No Appointment,7,No,
L02251,10-06-2025,,Google Ads,Teeth Whitening,Clinic D,Contacted - No Appointment,5,No,
L02252,05-07-2025,P02252,Facebook,Invisalign,Clinic C,Appointment Booked,55,Yes,18-07-2025
L02253,06-08-2025,,Instagram,Dental Implant,Clinic D,Contacted - No Appointment,25,No,
L02254,29-11-2025,,Google Organic,Teeth Whitening,Clinic A,Contacted - No Appointment,21,No,
L02255,12-02-2025,,Facebook,Teeth Whitening,Clinic D,Contacted - No Appointment,5,No,
L02256,05-08-2025,,Google Ads,Invisalign,Clinic A,Not Contacted/Cold,67,No,
L02257,14-10-2025,P02257,Google Organic,Dental Implant,Clinic A,Appointment Booked,9,Yes,27-10-2025
L02258,24-08-2025,,Referral,General Dentistry,Clinic D,Contacted - No Appointment,32,No,
L02259,27-07-2025,P02259,Facebook,Teeth Whitening,Clinic B,Appointment Booked,31,Yes,06-08-2025
L02260,07-01-2025,,Google Ads,Invisalign,Clinic C,Contacted - No Appointment,4,No,
L02261,02-02-2025,P02261,Google Ads,Dental Crown,Clinic A,Appointment Booked,11,Yes,11-02-2025
L02262,12-12-2025,,Google Ads,Dental Implant,Clinic C,Contacted - No Appointment,6,No,
L02263,10-09-2025,P02263,Google Organic,Root Canal,Clinic D,Appointment Booked,3,Yes,17-09-2025
L02264,02-02-2025,,Referral,Dental Implant,Clinic B,Contacted - No Appointment,16,No,
L02265,23-01-2025,,Google Ads,Root Canal,Clinic C,Contacted - No Appointment,6,No,
L02266,09-02-2025,,Instagram,Dental Implant,Clinic A,Contacted - No Appointment,9,No,
L02267,27-02-2025,P02267,Google Organic,Root Canal,Clinic C,Appointment Booked,5,Yes,07-03-2025
L02268,05-06-2025,P02268,Google Ads,Root Canal,Clinic B,Appointment Booked,14,Yes,12-06-2025
L02269,20-11-2025,,Instagram,Root Canal,Clinic A,Not Contacted/Cold,54,No,
L02270,01-03-2025,,Google Organic,Dental Implant,Clinic B,Contacted - No Appointment,23,No,
L02271,13-06-2025,P02271,Google Organic,Root Canal,Clinic A,Appointment Booked,12,Yes,20-06-2025
L02272,19-08-2025,,Facebook,Teeth Whitening,Clinic D,Contacted - No Appointment,17,No,
L02273,01-08-2025,P02273,Google Organic,Root Canal,Clinic B,Appointment Booked,22,Yes,10-08-2025
L02274,09-11-2025,,Facebook,Teeth Whitening,Clinic A,Contacted - No Appointment,22,No,
L02275,26-08-2025,,Google Ads,Root Canal,Clinic B,Contacted - No Appointment,15,No,
L02276,05-05-2025,,Google Ads,Root Canal,Clinic B,Contacted - No Appointment,10,No,
L02277,29-06-2025,,Facebook,Dental Crown,Clinic C,Contacted - No Appointment,32,No,
L02278,21-02-2025,P02278,Google Ads,General Dentistry,Clinic D,Appointment Booked,7,Yes,24-02-2025
L02279,30-01-2025,,Google Ads,Dental Implant,Clinic B,Contacted - No Appointment,32,No,
L02280,14-05-2025,,Instagram,Dental Implant,Clinic D,Contacted - No Appointment,13,No,
L02281,10-01-2025,,Instagram,Dental Crown,Clinic C,Contacted - No Appointment,40,No,
L02282,03-09-2025,P02282,Google Ads,General Dentistry,Clinic A,Appointment Booked,8,Yes,04-09-2025
L02283,05-12-2025,P02283,Google Ads,General Dentistry,Clinic C,Appointment Booked,8,Yes,12-12-2025
L02284,03-08-2025,P02284,Instagram,Root Canal,Clinic C,Appointment Booked,19,Yes,10-08-2025
L02285,01-02-2025,,Facebook,Root Canal,Clinic C,Contacted - No Appointment,9,No,
L02286,29-10-2025,,Facebook,Dental Crown,Clinic D,Not Contacted/Cold,56,No,
L02287,12-05-2025,,Google Organic,Dental Crown,Clinic B,Contacted - No Appointment,11,No,
L02288,28-06-2025,P02288,Google Ads,Dental Crown,Clinic D,Appointment Booked,9,Yes,08-07-2025
L02289,13-10-2025,P02289,Google Ads,General Dentistry,Clinic D,Appointment Booked,25,Yes,24-10-2025
L02290,06-10-2025,,Google Ads,Teeth Whitening,Clinic B,Contacted - No Appointment,2,No,
L02291,04-11-2025,,Google Ads,Root Canal,Clinic C,Not Contacted/Cold,58,No,
L02292,16-03-2025,,Referral,Root Canal,Clinic B,Contacted - No Appointment,28,No,
L02293,11-04-2025,,Facebook,Dental Crown,Clinic D,Contacted - No Appointment,22,No,
L02294,19-07-2025,,Facebook,Root Canal,Clinic C,Contacted - No Appointment,10,No,
L02295,31-07-2025,P02295,Google Organic,Root Canal,Clinic A,Appointment Booked,16,Yes,05-08-2025
L02296,24-12-2025,,Google Ads,Dental Implant,Clinic B,Contacted - No Appointment,11,No,
L02297,10-02-2025,P02297,Google Ads,Dental Implant,Clinic C,Appointment Booked,13,Yes,23-02-2025
L02298,23-06-2025,,Google Organic,Root Canal,Clinic A,Contacted - No Appointment,34,No,
L02299,29-10-2025,,Referral,General Dentistry,Clinic A,Contacted - No Appointment,24,No,
L02300,11-11-2025,,Facebook,Invisalign,Clinic B,Contacted - No Appointment,14,No,
L02301,13-02-2025,,Facebook,Root Canal,Clinic B,Contacted - No Appointment,4,No,
L02302,03-10-2025,P02302,Google Organic,Invisalign,Clinic B,Appointment Booked,73,Yes,12-10-2025
L02303,25-04-2025,P02303,Google Ads,Dental Implant,Clinic B,Appointment Booked,7,Yes,08-05-2025
L02304,11-05-2025,,Google Ads,General Dentistry,Clinic A,Contacted - No Appointment,34,No,
L02305,03-01-2025,,Google Ads,General Dentistry,Clinic C,Contacted - No Appointment,11,No,
L02306,12-05-2025,P02306,Facebook,Dental Implant,Clinic C,Appointment Booked,21,Yes,19-05-2025
L02307,23-08-2025,P02307,Google Ads,Teeth Whitening,Clinic A,Appointment Booked,9,Yes,27-08-2025
L02308,01-11-2025,P02308,Facebook,Invisalign,Clinic B,Appointment Booked,10,Yes,10-11-2025
L02309,12-06-2025,,Google Organic,General Dentistry,Clinic C,Contacted - No Appointment,10,No,
L02310,09-10-2025,,Facebook,Invisalign,Clinic A,Contacted - No Appointment,20,No,
L02311,16-10-2025,P02311,Google Ads,Invisalign,Clinic A,Appointment Booked,10,Yes,23-10-2025
L02312,12-10-2025,P02312,Facebook,Dental Crown,Clinic A,Appointment Booked,19,Yes,23-10-2025
L02313,28-06-2025,,Google Organic,General Dentistry,Clinic D,Contacted - No Appointment,43,No,
L02314,13-12-2025,P02314,Google Ads,Invisalign,Clinic D,Appointment Booked,7,Yes,22-12-2025
L02315,24-04-2025,,Google Ads,Teeth Whitening,Clinic D,Contacted - No Appointment,7,No,
L02316,08-02-2025,,Facebook,Dental Implant,Clinic C,Not Contacted/Cold,50,No,
L02317,27-08-2025,,Google Ads,General Dentistry,Clinic C,Contacted - No Appointment,29,No,
L02318,28-12-2025,P02318,Referral,Dental Implant,Clinic B,Appointment Booked,18,Yes,11-01-2026
L02319,03-06-2025,P02319,Instagram,General Dentistry,Clinic C,Appointment Booked,5,Yes,17-06-2025
L02320,22-01-2025,,Google Ads,Root Canal,Clinic A,Contacted - No Appointment,4,No,
L02321,22-06-2025,,Google Organic,Root Canal,Clinic C,Contacted - No Appointment,8,No,
L02322,09-10-2025,P02322,Facebook,General Dentistry,Clinic D,Appointment Booked,20,Yes,15-10-2025
L02323,18-06-2025,,Google Ads,General Dentistry,Clinic B,Contacted - No Appointment,36,No,
L02324,01-07-2025,P02324,Google Ads,Dental Crown,Clinic B,Appointment Booked,20,Yes,11-07-2025
L02325,18-04-2025,,Instagram,Dental Implant,Clinic B,Contacted - No Appointment,20,No,
L02326,08-09-2025,,Google Ads,Root Canal,Clinic C,Contacted - No Appointment,39,No,
L02327,16-02-2025,P02327,Google Ads,Root Canal,Clinic C,Appointment Booked,25,Yes,25-02-2025
L02328,10-06-2025,,Google Ads,Root Canal,Clinic D,Contacted - No Appointment,12,No,
L02329,18-07-2025,,Google Ads,Dental Crown,Clinic B,Contacted - No Appointment,17,No,
L02330,08-03-2025,,Google Organic,Dental Implant,Clinic D,Contacted - No Appointment,36,No,
L02331,13-01-2025,,Google Organic,Teeth Whitening,Clinic C,Contacted - No Appointment,22,No,
L02332,05-09-2025,,Google Organic,Teeth Whitening,Clinic D,Not Contacted/Cold,53,No,
L02333,19-05-2025,,Instagram,Dental Implant,Clinic C,Contacted - No Appointment,10,No,
L02334,10-08-2025,P02334,Referral,Dental Crown,Clinic C,Appointment Booked,7,Yes,11-08-2025
L02335,27-07-2025,,Google Ads,Dental Crown,Clinic C,Contacted - No Appointment,23,No,
L02336,27-12-2025,P02336,Google Ads,Dental Crown,Clinic C,Appointment Booked,19,Yes,04-01-2026
L02337,29-05-2025,,Facebook,Dental Implant,Clinic D,Contacted - No Appointment,7,No,
L02338,18-10-2025,,Facebook,Dental Crown,Clinic A,Contacted - No Appointment,11,No,
L02339,29-01-2025,,Facebook,Invisalign,Clinic A,Contacted - No Appointment,44,No,
L02340,13-03-2025,P02340,Google Ads,Root Canal,Clinic D,Appointment Booked,25,Yes,18-03-2025
L02341,17-09-2025,P02341,Google Ads,Teeth Whitening,Clinic C,Appointment Booked,12,Yes,25-09-2025
L02342,07-06-2025,,Facebook,Teeth Whitening,Clinic C,Contacted - No Appointment,8,No,
L02343,17-09-2025,,Referral,Dental Implant,Clinic B,Contacted - No Appointment,14,No,
L02344,21-09-2025,,Facebook,Dental Crown,Clinic A,Contacted - No Appointment,35,No,
L02345,29-01-2025,,Google Ads,General Dentistry,Clinic D,Contacted - No Appointment,19,No,
L02346,21-02-2025,,Google Organic,Dental Implant,Clinic C,Contacted - No Appointment,17,No,
L02347,10-12-2025,,Google Ads,General Dentistry,Clinic B,Contacted - No Appointment,36,No,
L02348,09-06-2025,P02348,Google Ads,Teeth Whitening,Clinic B,Appointment Booked,7,Yes,18-06-2025
L02349,22-04-2025,P02349,Facebook,Teeth Whitening,Clinic D,Appointment Booked,10,Yes,02-05-2025
L02350,02-03-2025,,Google Organic,Invisalign,Clinic A,Contacted - No Appointment,20,No,
L02351,07-11-2025,,Google Organic,Invisalign,Clinic D,Contacted - No Appointment,17,No,
L02352,11-09-2025,,Instagram,General Dentistry,Clinic A,Contacted - No Appointment,14,No,
L02353,05-03-2025,,Facebook,Root Canal,Clinic C,Contacted - No Appointment,38,No,
L02354,05-10-2025,,Facebook,Dental Implant,Clinic D,Contacted - No Appointment,3,No,
L02355,04-12-2025,,Google Ads,Dental Crown,Clinic C,Contacted - No Appointment,8,No,
L02356,23-11-2025,,Referral,Dental Implant,Clinic B,Contacted - No Appointment,8,No,
L02357,28-12-2025,,Instagram,Teeth Whitening,Clinic C,Contacted - No Appointment,27,No,
L02358,14-10-2025,,Google Ads,Dental Crown,Clinic B,Contacted - No Appointment,13,No,
L02359,27-02-2025,,Instagram,General Dentistry,Clinic B,Not Contacted/Cold,68,No,
L02360,04-09-2025,,Facebook,Teeth Whitening,Clinic D,Contacted - No Appointment,39,No,
L02361,03-03-2025,P02361,Referral,Dental Implant,Clinic D,Appointment Booked,13,Yes,13-03-2025
L02362,06-01-2025,,Google Organic,Root Canal,Clinic C,Contacted - No Appointment,27,No,
L02363,16-08-2025,,Google Ads,Teeth Whitening,Clinic B,Contacted - No Appointment,26,No,
L02364,10-01-2025,,Google Organic,Root Canal,Clinic A,Not Contacted/Cold,46,No,
L02365,13-10-2025,,Facebook,General Dentistry,Clinic A,Contacted - No Appointment,15,No,
L02366,20-10-2025,,Google Ads,Teeth Whitening,Clinic C,Contacted - No Appointment,11,No,
L02367,24-09-2025,P02367,Google Organic,Dental Implant,Clinic D,Appointment Booked,24,Yes,07-10-2025
L02368,31-01-2025,,Facebook,General Dentistry,Clinic C,Contacted - No Appointment,15,No,
L02369,05-07-2025,,Google Ads,Dental Implant,Clinic D,Contacted - No Appointment,29,No,
L02370,17-09-2025,,Instagram,Dental Implant,Clinic A,Contacted - No Appointment,43,No,
L02371,04-12-2025,,Instagram,Teeth Whitening,Clinic B,Contacted - No Appointment,8,No,
L02372,25-12-2025,,Google Ads,General Dentistry,Clinic A,Contacted - No Appointment,11,No,
L02373,16-08-2025,,Facebook,Root Canal,Clinic B,Contacted - No Appointment,40,No,
L02374,26-03-2025,P02374,Instagram,Invisalign,Clinic A,Appointment Booked,18,Yes,03-04-2025
L02375,03-06-2025,P02375,Google Ads,Root Canal,Clinic D,Appointment Booked,19,Yes,09-06-2025
L02376,11-07-2025,,Referral,Invisalign,Clinic A,Contacted - No Appointment,36,No,
L02377,07-10-2025,P02377,Google Ads,Invisalign,Clinic D,Appointment Booked,17,Yes,20-10-2025
L02378,17-06-2025,,Google Ads,Invisalign,Clinic B,Contacted - No Appointment,32,No,
L02379,04-08-2025,,Google Ads,Dental Crown,Clinic D,Contacted - No Appointment,9,No,
L02380,04-02-2025,,Facebook,General Dentistry,Clinic C,Contacted - No Appointment,13,No,
L02381,26-06-2025,P02381,Instagram,Invisalign,Clinic D,Appointment Booked,48,Yes,06-07-2025
L02382,10-10-2025,,Facebook,Invisalign,Clinic A,Contacted - No Appointment,18,No,
L02383,15-04-2025,,Google Ads,General Dentistry,Clinic C,Contacted - No Appointment,9,No,
L02384,26-02-2025,,Google Organic,Teeth Whitening,Clinic D,Contacted - No Appointment,8,No,
L02385,09-07-2025,,Google Ads,General Dentistry,Clinic A,Contacted - No Appointment,17,No,
L02386,01-07-2025,,Google Ads,Dental Implant,Clinic A,Contacted - No Appointment,32,No,
L02387,17-04-2025,P02387,Google Ads,Dental Implant,Clinic B,Appointment Booked,1,Yes,21-04-2025
L02388,08-02-2025,,Google Ads,Root Canal,Clinic D,Contacted - No Appointment,12,No,
L02389,03-04-2025,,Facebook,Dental Crown,Clinic C,Contacted - No Appointment,26,No,
L02390,02-09-2025,,Google Ads,Root Canal,Clinic C,Contacted - No Appointment,21,No,
L02391,17-06-2025,,Google Ads,Dental Crown,Clinic A,Contacted - No Appointment,24,No,
L02392,23-10-2025,P02392,Google Organic,Invisalign,Clinic A,Appointment Booked,10,Yes,03-11-2025
L02393,08-11-2025,,Google Ads,Root Canal,Clinic D,Contacted - No Appointment,20,No,
L02394,05-06-2025,,Google Organic,Dental Crown,Clinic A,Contacted - No Appointment,37,No,
L02395,10-05-2025,,Google Organic,Root Canal,Clinic C,Contacted - No Appointment,13,No,
L02396,06-02-2025,P02396,Facebook,Dental Crown,Clinic D,Appointment Booked,19,Yes,13-02-2025
L02397,17-12-2025,P02397,Facebook,Root Canal,Clinic A,Appointment Booked,4,Yes,24-12-2025
L02398,07-02-2025,,Facebook,Invisalign,Clinic C,Contacted - No Appointment,25,No,
L02399,15-11-2025,P02399,Google Ads,Invisalign,Clinic A,Appointment Booked,10,Yes,18-11-2025
L02400,19-03-2025,P02400,Referral,Root Canal,Clinic C,Appointment Booked,6,Yes,02-04-2025
L02401,28-01-2025,,Instagram,Dental Implant,Clinic A,Contacted - No Appointment,12,No,
L02402,03-10-2025,,Referral,Dental Crown,Clinic C,Contacted - No Appointment,26,No,
L02403,16-07-2025,P02403,Google Organic,General Dentistry,Clinic B,Appointment Booked,10,Yes,19-07-2025
L02404,13-12-2025,P02404,Google Ads,Root Canal,Clinic B,Appointment Booked,7,Yes,26-12-2025
L02405,17-06-2025,,Google Ads,Dental Implant,Clinic C,Contacted - No Appointment,29,No,
L02406,21-09-2025,P02406,Google Ads,General Dentistry,Clinic A,Appointment Booked,8,Yes,29-09-2025
L02407,03-03-2025,P02407,Google Organic,Invisalign,Clinic C,Appointment Booked,66,Yes,15-03-2025
L02408,24-04-2025,P02408,Referral,Dental Implant,Clinic B,Appointment Booked,36,Yes,03-05-2025
L02409,30-01-2025,,Facebook,Root Canal,Clinic C,Not Contacted/Cold,48,No,
L02410,03-04-2025,P02410,Google Ads,Teeth Whitening,Clinic A,Appointment Booked,20,Yes,11-04-2025
L02411,17-05-2025,,Google Ads,Invisalign,Clinic C,Contacted - No Appointment,10,No,
L02412,30-11-2025,,Google Organic,Dental Crown,Clinic A,Contacted - No Appointment,38,No,
L02413,16-10-2025,P02413,Referral,Root Canal,Clinic B,Appointment Booked,7,Yes,17-10-2025
L02414,18-02-2025,P02414,Google Ads,Dental Implant,Clinic A,Appointment Booked,3,Yes,03-03-2025
L02415,26-12-2025,P02415,Google Ads,Invisalign,Clinic C,Appointment Booked,24,Yes,31-12-2025
L02416,22-12-2025,,Facebook,Teeth Whitening,Clinic B,Contacted - No Appointment,5,No,
L02417,23-04-2025,,Google Ads,Dental Crown,Clinic D,Contacted - No Appointment,17,No,
L02418,04-09-2025,P02418,Google Organic,Dental Implant,Clinic D,Appointment Booked,16,Yes,13-09-2025
L02419,28-04-2025,,Facebook,Dental Implant,Clinic A,Contacted - No Appointment,32,No,
L02420,08-04-2025,,Instagram,Dental Crown,Clinic C,Contacted - No Appointment,6,No,
L02421,05-07-2025,,Facebook,Teeth Whitening,Clinic A,Contacted - No Appointment,5,No,
L02422,02-11-2025,P02422,Facebook,Invisalign,Clinic B,Appointment Booked,15,Yes,04-11-2025
L02423,15-04-2025,P02423,Google Ads,Dental Crown,Clinic C,Appointment Booked,1,Yes,25-04-2025
L02424,14-04-2025,,Google Organic,Dental Implant,Clinic C,Contacted - No Appointment,23,No,
L02425,29-05-2025,,Google Organic,Invisalign,Clinic C,Contacted - No Appointment,21,No,
L02426,06-04-2025,P02426,Facebook,Dental Implant,Clinic B,Appointment Booked,22,Yes,19-04-2025
L02427,08-12-2025,,Facebook,Teeth Whitening,Clinic B,Contacted - No Appointment,15,No,
L02428,06-08-2025,,Google Ads,Root Canal,Clinic A,Not Contacted/Cold,57,No,
L02429,08-04-2025,P02429,Google Ads,Teeth Whitening,Clinic C,Appointment Booked,25,Yes,19-04-2025
L02430,28-07-2025,,Instagram,Teeth Whitening,Clinic B,Contacted - No Appointment,29,No,
L02431,23-01-2025,,Facebook,General Dentistry,Clinic C,Contacted - No Appointment,11,No,
L02432,07-11-2025,P02432,Facebook,Invisalign,Clinic A,Appointment Booked,15,Yes,19-11-2025
L02433,10-11-2025,P02433,Google Organic,Invisalign,Clinic B,Appointment Booked,9,Yes,22-11-2025
L02434,30-03-2025,P02434,Facebook,General Dentistry,Clinic B,Appointment Booked,20,Yes,07-04-2025
L02435,14-02-2025,P02435,Facebook,Teeth Whitening,Clinic A,Appointment Booked,9,Yes,20-02-2025
L02436,08-09-2025,P02436,Google Ads,General Dentistry,Clinic B,Appointment Booked,30,Yes,12-09-2025
L02437,03-10-2025,,Google Organic,Dental Implant,Clinic D,Contacted - No Appointment,18,No,
L02438,08-04-2025,P02438,Instagram,Root Canal,Clinic D,Appointment Booked,1,Yes,12-04-2025
L02439,11-10-2025,P02439,Google Ads,Teeth Whitening,Clinic C,Appointment Booked,8,Yes,25-10-2025
L02440,04-07-2025,,Instagram,Dental Implant,Clinic B,Contacted - No Appointment,45,No,
L02441,26-02-2025,,Facebook,Dental Crown,Clinic A,Not Contacted/Cold,47,No,
L02442,29-08-2025,,Google Organic,Root Canal,Clinic D,Contacted - No Appointment,27,No,
L02443,16-04-2025,P02443,Referral,Dental Implant,Clinic A,Appointment Booked,15,Yes,26-04-2025
L02444,20-06-2025,,Instagram,Invisalign,Clinic D,Contacted - No Appointment,41,No,
L02445,11-11-2025,P02445,Google Organic,Invisalign,Clinic B,Appointment Booked,16,Yes,18-11-2025
L02446,30-05-2025,,Google Ads,Dental Implant,Clinic B,Contacted - No Appointment,40,No,
L02447,07-11-2025,,Instagram,Dental Crown,Clinic D,Contacted - No Appointment,20,No,
L02448,29-06-2025,P02448,Google Organic,Invisalign,Clinic A,Appointment Booked,14,Yes,10-07-2025
L02449,16-12-2025,,Facebook,Invisalign,Clinic C,Contacted - No Appointment,30,No,
L02450,16-06-2025,P02450,Instagram,General Dentistry,Clinic C,Appointment Booked,7,Yes,18-06-2025
L02451,06-10-2025,,Referral,Root Canal,Clinic A,Contacted - No Appointment,9,No,
L02452,17-01-2025,,Google Ads,Root Canal,Clinic B,Contacted - No Appointment,5,No,
L02453,21-02-2025,P02453,Google Ads,Teeth Whitening,Clinic C,Appointment Booked,25,Yes,22-02-2025
L02454,21-11-2025,,Google Organic,General Dentistry,Clinic C,Contacted - No Appointment,17,No,
L02455,26-12-2025,,Google Organic,Dental Implant,Clinic A,Not Contacted/Cold,93,No,
L02456,11-09-2025,P02456,Referral,Root Canal,Clinic D,Appointment Booked,25,Yes,15-09-2025
L02457,27-06-2025,,Instagram,Dental Crown,Clinic A,Contacted - No Appointment,14,No,
L02458,22-04-2025,,Google Organic,Invisalign,Clinic A,Contacted - No Appointment,16,No,
L02459,08-04-2025,P02459,Google Organic,Teeth Whitening,Clinic B,Appointment Booked,21,Yes,12-04-2025
L02460,23-10-2025,P02460,Google Ads,General Dentistry,Clinic A,Appointment Booked,11,Yes,25-10-2025
L02461,02-10-2025,P02461,Google Organic,General Dentistry,Clinic A,Appointment Booked,1,Yes,13-10-2025
L02462,07-07-2025,P02462,Google Ads,Invisalign,Clinic D,Appointment Booked,5,Yes,19-07-2025
L02463,12-04-2025,,Google Ads,Invisalign,Clinic B,Contacted - No Appointment,12,No,
L02464,06-06-2025,P02464,Facebook,General Dentistry,Clinic A,Appointment Booked,4,Yes,15-06-2025
L02465,16-01-2025,P02465,Facebook,Root Canal,Clinic A,Appointment Booked,18,Yes,25-01-2025
L02466,30-08-2025,,Facebook,Invisalign,Clinic C,Contacted - No Appointment,36,No,
L02467,19-04-2025,,Google Ads,Teeth Whitening,Clinic D,Contacted - No Appointment,9,No,
L02468,24-06-2025,P02468,Google Ads,Invisalign,Clinic A,Appointment Booked,13,Yes,25-06-2025
L02469,24-05-2025,P02469,Google Ads,Invisalign,Clinic A,Appointment Booked,16,Yes,07-06-2025
L02470,26-04-2025,P02470,Facebook,General Dentistry,Clinic A,Appointment Booked,14,Yes,04-05-2025
L02471,02-01-2025,P02471,Google Organic,Dental Implant,Clinic A,Appointment Booked,18,Yes,11-01-2025
L02472,09-04-2025,,Referral,Dental Implant,Clinic A,Contacted - No Appointment,2,No,
L02473,16-08-2025,,Google Organic,Invisalign,Clinic B,Contacted - No Appointment,38,No,
L02474,28-07-2025,P02474,Facebook,Dental Crown,Clinic A,Appointment Booked,15,Yes,10-08-2025
L02475,01-11-2025,,Google Organic,Dental Implant,Clinic C,Contacted - No Appointment,8,No,
L02476,05-02-2025,P02476,Google Ads,Root Canal,Clinic A,Appointment Booked,22,Yes,07-02-2025
L02477,05-07-2025,,Google Ads,Dental Crown,Clinic D,Contacted - No Appointment,34,No,
L02478,27-08-2025,,Google Organic,General Dentistry,Clinic D,Contacted - No Appointment,7,No,
L02479,09-05-2025,,Instagram,Invisalign,Clinic C,Contacted - No Appointment,23,No,
L02480,15-12-2025,,Google Organic,Teeth Whitening,Clinic B,Contacted - No Appointment,42,No,
L02481,04-08-2025,,Instagram,Invisalign,Clinic B,Contacted - No Appointment,43,No,
L02482,27-05-2025,,Google Ads,Dental Crown,Clinic B,Contacted - No Appointment,30,No,
L02483,26-03-2025,,Referral,Root Canal,Clinic C,Contacted - No Appointment,11,No,
L02484,28-05-2025,P02484,Instagram,Dental Implant,Clinic B,Appointment Booked,7,Yes,07-06-2025
L02485,07-09-2025,P02485,Google Organic,Teeth Whitening,Clinic D,Appointment Booked,9,Yes,13-09-2025
L02486,25-02-2025,,Google Organic,Invisalign,Clinic D,Contacted - No Appointment,42,No,
L02487,24-06-2025,P02487,Google Ads,Dental Implant,Clinic B,Appointment Booked,27,Yes,25-06-2025
L02488,30-10-2025,P02488,Google Ads,Root Canal,Clinic C,Appointment Booked,31,Yes,05-11-2025
L02489,09-10-2025,,Google Ads,Dental Crown,Clinic A,Contacted - No Appointment,17,No,
L02490,02-09-2025,P02490,Google Ads,Invisalign,Clinic A,Appointment Booked,3,Yes,09-09-2025
L02491,03-04-2025,P02491,Google Ads,Invisalign,Clinic B,Appointment Booked,23,Yes,15-04-2025
L02492,13-06-2025,P02492,Facebook,Dental Implant,Clinic A,Appointment Booked,8,Yes,22-06-2025
L02493,16-05-2025,P02493,Referral,Root Canal,Clinic D,Appointment Booked,36,Yes,17-05-2025
L02494,17-08-2025,P02494,Referral,Root Canal,Clinic A,Appointment Booked,9,Yes,21-08-2025
L02495,13-11-2025,,Google Organic,Invisalign,Clinic B,Contacted - No Appointment,21,No,
L02496,24-01-2025,P02496,Google Ads,Dental Implant,Clinic C,Appointment Booked,27,Yes,06-02-2025
L02497,14-02-2025,,Facebook,Root Canal,Clinic C,Not Contacted/Cold,94,No,
L02498,20-12-2025,P02498,Google Organic,Teeth Whitening,Clinic B,Appointment Booked,17,Yes,23-12-2025
L02499,13-03-2025,P02499,Google Ads,Teeth Whitening,Clinic D,Appointment Booked,17,Yes,19-03-2025
L02500,17-02-2025,,Google Organic,General Dentistry,Clinic C,Contacted - No Appointment,37,No,
L02501,14-04-2025,P02501,Referral,Dental Implant,Clinic B,Appointment Booked,15,Yes,19-04-2025
L02502,01-05-2025,P02502,Facebook,General Dentistry,Clinic A,Appointment Booked,13,Yes,03-05-2025
L02503,19-08-2025,,Google Organic,Invisalign,Clinic B,Contacted - No Appointment,10,No,
L02504,01-02-2025,P02504,Google Ads,General Dentistry,Clinic D,Appointment Booked,19,Yes,06-02-2025
L02505,17-07-2025,,Google Organic,Invisalign,Clinic C,Contacted - No Appointment,12,No,
L02506,03-05-2025,P02506,Google Ads,Root Canal,Clinic D,Appointment Booked,44,Yes,05-05-2025
L02507,17-08-2025,,Google Ads,Root Canal,Clinic B,Contacted - No Appointment,30,No,
L02508,26-10-2025,P02508,Google Organic,Root Canal,Clinic A,Appointment Booked,20,Yes,06-11-2025
L02509,27-09-2025,,Google Organic,General Dentistry,Clinic A,Contacted - No Appointment,19,No,
L02510,03-02-2025,,Instagram,Teeth Whitening,Clinic B,Contacted - No Appointment,10,No,
L02511,18-09-2025,P02511,Facebook,General Dentistry,Clinic C,Appointment Booked,17,Yes,19-09-2025
L02512,23-01-2025,,Google Organic,Dental Crown,Clinic D,Contacted - No Appointment,16,No,
L02513,28-08-2025,,Google Organic,Root Canal,Clinic B,Not Contacted/Cold,58,No,
L02514,05-04-2025,,Referral,Dental Implant,Clinic B,Contacted - No Appointment,15,No,
L02515,28-07-2025,,Referral,General Dentistry,Clinic B,Contacted - No Appointment,25,No,
L02516,26-07-2025,,Google Organic,Dental Crown,Clinic B,Contacted - No Appointment,26,No,
L02517,19-06-2025,P02517,Google Organic,Teeth Whitening,Clinic A,Appointment Booked,8,Yes,26-06-2025
L02518,28-10-2025,,Instagram,Root Canal,Clinic A,Contacted - No Appointment,15,No,
L02519,24-02-2025,,Google Ads,Root Canal,Clinic A,Contacted - No Appointment,30,No,
L02520,04-04-2025,P02520,Google Ads,General Dentistry,Clinic A,Appointment Booked,7,Yes,07-04-2025
L02521,19-06-2025,P02521,Google Organic,Dental Implant,Clinic A,Appointment Booked,67,Yes,02-07-2025
L02522,30-07-2025,,Google Organic,Invisalign,Clinic A,Contacted - No Appointment,20,No,
L02523,28-08-2025,,Instagram,Dental Implant,Clinic C,Contacted - No Appointment,12,No,
L02524,27-01-2025,,Facebook,Teeth Whitening,Clinic B,Contacted - No Appointment,6,No,
L02525,01-04-2025,P02525,Google Ads,Dental Implant,Clinic D,Appointment Booked,50,Yes,12-04-2025
L02526,04-04-2025,P02526,Facebook,Dental Implant,Clinic A,Appointment Booked,15,Yes,07-04-2025
L02527,04-08-2025,,Facebook,Invisalign,Clinic B,Contacted - No Appointment,25,No,
L02528,25-12-2025,P02528,Facebook,Root Canal,Clinic B,Appointment Booked,7,Yes,30-12-2025
L02529,23-01-2025,P02529,Referral,Root Canal,Clinic A,Appointment Booked,10,Yes,06-02-2025
L02530,13-08-2025,,Google Ads,Dental Implant,Clinic D,Contacted - No Appointment,35,No,
L02531,25-03-2025,,Facebook,General Dentistry,Clinic A,Not Contacted/Cold,49,No,
L02532,26-04-2025,P02532,Facebook,General Dentistry,Clinic D,Appointment Booked,9,Yes,01-05-2025
L02533,23-02-2025,P02533,Referral,Invisalign,Clinic D,Appointment Booked,25,Yes,07-03-2025
L02534,31-01-2025,,Referral,Teeth Whitening,Clinic C,Contacted - No Appointment,24,No,
L02535,02-04-2025,,Facebook,Dental Crown,Clinic C,Contacted - No Appointment,35,No,
L02536,26-01-2025,,Referral,Invisalign,Clinic C,Contacted - No Appointment,26,No,
L02537,05-05-2025,,Facebook,Invisalign,Clinic B,Contacted - No Appointment,29,No,
L02538,29-06-2025,P02538,Google Ads,Root Canal,Clinic C,Appointment Booked,2,Yes,01-07-2025
L02539,07-07-2025,,Instagram,Root Canal,Clinic A,Contacted - No Appointment,24,No,
L02540,19-04-2025,,Google Ads,Invisalign,Clinic A,Contacted - No Appointment,6,No,
L02541,18-02-2025,,Instagram,Teeth Whitening,Clinic B,Contacted - No Appointment,22,No,
L02542,11-07-2025,,Referral,Root Canal,Clinic C,Contacted - No Appointment,38,No,
L02543,15-04-2025,,Google Organic,Dental Crown,Clinic D,Contacted - No Appointment,21,No,
L02544,12-06-2025,,Google Ads,Invisalign,Clinic A,Contacted - No Appointment,30,No,
L02545,29-08-2025,,Google Ads,Root Canal,Clinic D,Contacted - No Appointment,34,No,
L02546,22-02-2025,P02546,Google Ads,Invisalign,Clinic A,Appointment Booked,32,Yes,26-02-2025
L02547,30-07-2025,P02547,Google Ads,Root Canal,Clinic B,Appointment Booked,22,Yes,05-08-2025
L02548,04-11-2025,,Google Ads,Teeth Whitening,Clinic B,Contacted - No Appointment,23,No,
L02549,28-01-2025,,Facebook,Teeth Whitening,Clinic B,Contacted - No Appointment,37,No,
L02550,16-04-2025,,Google Organic,Root Canal,Clinic A,Not Contacted/Cold,74,No,
L02551,25-02-2025,,Google Organic,Dental Crown,Clinic B,Contacted - No Appointment,10,No,
L02552,24-10-2025,,Google Ads,General Dentistry,Clinic D,Contacted - No Appointment,13,No,
L02553,20-11-2025,,Facebook,Dental Crown,Clinic B,Contacted - No Appointment,32,No,
L02554,01-09-2025,,Google Ads,Dental Implant,Clinic B,Not Contacted/Cold,59,No,
L02555,25-04-2025,P02555,Google Ads,Dental Crown,Clinic D,Appointment Booked,5,Yes,02-05-2025
L02556,18-08-2025,,Facebook,Dental Implant,Clinic C,Contacted - No Appointment,6,No,
L02557,06-11-2025,,Google Ads,General Dentistry,Clinic B,Contacted - No Appointment,19,No,
L02558,17-07-2025,,Instagram,Root Canal,Clinic A,Contacted - No Appointment,34,No,
L02559,23-04-2025,,Referral,Root Canal,Clinic D,Contacted - No Appointment,19,No,
L02560,13-07-2025,P02560,Facebook,Dental Implant,Clinic C,Appointment Booked,21,Yes,24-07-2025
L02561,23-11-2025,P02561,Google Organic,Root Canal,Clinic A,Appointment Booked,9,Yes,24-11-2025
L02562,18-06-2025,P02562,Google Ads,General Dentistry,Clinic B,Appointment Booked,18,Yes,26-06-2025
L02563,15-11-2025,P02563,Referral,Dental Implant,Clinic D,Appointment Booked,11,Yes,28-11-2025
L02564,10-05-2025,,Google Ads,Root Canal,Clinic A,Contacted - No Appointment,23,No,
L02565,31-10-2025,,Google Ads,General Dentistry,Clinic D,Contacted - No Appointment,16,No,
L02566,21-02-2025,P02566,Google Ads,Root Canal,Clinic A,Appointment Booked,9,Yes,02-03-2025
L02567,15-10-2025,,Facebook,Root Canal,Clinic D,Not Contacted/Cold,50,No,
L02568,31-08-2025,,Instagram,Dental Crown,Clinic B,Contacted - No Appointment,30,No,
L02569,23-11-2025,P02569,Referral,Root Canal,Clinic B,Appointment Booked,23,Yes,29-11-2025
L02570,04-01-2025,P02570,Google Organic,Dental Implant,Clinic D,Appointment Booked,10,Yes,07-01-2025
L02571,22-11-2025,P02571,Facebook,Dental Implant,Clinic B,Appointment Booked,29,Yes,01-12-2025
L02572,12-03-2025,,Instagram,Dental Crown,Clinic C,Contacted - No Appointment,8,No,
L02573,23-11-2025,,Instagram,General Dentistry,Clinic A,Contacted - No Appointment,10,No,
L02574,08-05-2025,,Google Organic,Dental Implant,Clinic A,Contacted - No Appointment,18,No,
L02575,31-08-2025,,Google Organic,Invisalign,Clinic A,Contacted - No Appointment,20,No,
L02576,08-12-2025,,Instagram,Root Canal,Clinic C,Contacted - No Appointment,13,No,
L02577,19-05-2025,,Instagram,Teeth Whitening,Clinic A,Contacted - No Appointment,5,No,
L02578,15-01-2025,P02578,Google Organic,Invisalign,Clinic A,Appointment Booked,15,Yes,21-01-2025
L02579,07-06-2025,,Google Ads,General Dentistry,Clinic B,Not Contacted/Cold,47,No,
L02580,09-10-2025,P02580,Google Ads,Dental Implant,Clinic C,Appointment Booked,3,Yes,21-10-2025
L02581,12-05-2025,P02581,Google Organic,General Dentistry,Clinic C,Appointment Booked,26,Yes,15-05-2025
L02582,27-08-2025,P02582,Referral,Dental Crown,Clinic A,Appointment Booked,16,Yes,30-08-2025
L02583,06-03-2025,,Facebook,Dental Crown,Clinic A,Contacted - No Appointment,6,No,
L02584,04-12-2025,P02584,Referral,Root Canal,Clinic D,Appointment Booked,43,Yes,05-12-2025
L02585,21-05-2025,P02585,Google Ads,Teeth Whitening,Clinic B,Appointment Booked,11,Yes,30-05-2025
L02586,26-11-2025,,Facebook,Dental Implant,Clinic D,Not Contacted/Cold,53,No,
L02587,05-01-2025,,Facebook,Dental Implant,Clinic D,Contacted - No Appointment,21,No,
L02588,08-09-2025,P02588,Referral,Root Canal,Clinic D,Appointment Booked,23,Yes,15-09-2025
L02589,01-07-2025,,Google Ads,General Dentistry,Clinic A,Contacted - No Appointment,15,No,
L02590,27-06-2025,,Facebook,Teeth Whitening,Clinic D,Contacted - No Appointment,37,No,
L02591,24-11-2025,P02591,Google Ads,Root Canal,Clinic D,Appointment Booked,17,Yes,30-11-2025
L02592,14-12-2025,,Facebook,Dental Crown,Clinic C,Contacted - No Appointment,38,No,
L02593,15-12-2025,P02593,Referral,Dental Implant,Clinic B,Appointment Booked,23,Yes,18-12-2025
L02594,06-03-2025,,Facebook,General Dentistry,Clinic B,Contacted - No Appointment,15,No,
L02595,13-11-2025,P02595,Google Organic,Teeth Whitening,Clinic A,Appointment Booked,4,Yes,26-11-2025
L02596,15-12-2025,,Referral,Dental Crown,Clinic B,Contacted - No Appointment,45,No,
L02597,17-03-2025,P02597,Google Ads,Root Canal,Clinic C,Appointment Booked,20,Yes,18-03-2025
L02598,28-12-2025,,Google Organic,General Dentistry,Clinic B,Contacted - No Appointment,12,No,
L02599,03-07-2025,,Google Ads,General Dentistry,Clinic B,Contacted - No Appointment,30,No,
L02600,23-01-2025,,Google Ads,Dental Crown,Clinic B,Contacted - No Appointment,23,No,
L02601,02-02-2025,,Instagram,Root Canal,Clinic C,Contacted - No Appointment,23,No,
L02602,31-01-2025,,Google Organic,Dental Crown,Clinic D,Not Contacted/Cold,87,No,
L02603,16-01-2025,P02603,Facebook,Dental Crown,Clinic A,Appointment Booked,10,Yes,24-01-2025
L02604,16-11-2025,,Google Ads,Root Canal,Clinic B,Contacted - No Appointment,31,No,
L02605,25-01-2025,,Referral,Invisalign,Clinic A,Contacted - No Appointment,44,No,
L02606,02-03-2025,,Google Organic,Root Canal,Clinic C,Contacted - No Appointment,16,No,
L02607,31-08-2025,P02607,Google Ads,Dental Crown,Clinic C,Appointment Booked,10,Yes,08-09-2025
L02608,04-05-2025,,Facebook,Root Canal,Clinic D,Contacted - No Appointment,15,No,
L02609,02-01-2025,P02609,Google Ads,Invisalign,Clinic B,Appointment Booked,23,Yes,10-01-2025
L02610,04-09-2025,,Facebook,Teeth Whitening,Clinic D,Contacted - No Appointment,40,No,
L02611,19-10-2025,,Facebook,Root Canal,Clinic A,Contacted - No Appointment,11,No,
L02612,27-10-2025,,Facebook,Dental Implant,Clinic C,Contacted - No Appointment,15,No,
L02613,23-02-2025,,Google Ads,Root Canal,Clinic A,Contacted - No Appointment,31,No,
L02614,12-05-2025,,Google Organic,General Dentistry,Clinic D,Contacted - No Appointment,34,No,
L02615,03-02-2025,,Google Ads,Teeth Whitening,Clinic C,Contacted - No Appointment,37,No,
L02616,15-01-2025,,Instagram,Invisalign,Clinic C,Contacted - No Appointment,5,No,
L02617,25-03-2025,,Google Ads,General Dentistry,Clinic D,Not Contacted/Cold,66,No,
L02618,14-02-2025,,Facebook,Dental Implant,Clinic A,Contacted - No Appointment,13,No,
L02619,08-06-2025,,Google Ads,General Dentistry,Clinic A,Not Contacted/Cold,65,No,
L02620,13-08-2025,,Instagram,Invisalign,Clinic D,Not Contacted/Cold,72,No,
L02621,11-10-2025,,Facebook,Dental Implant,Clinic B,Contacted - No Appointment,4,No,
L02622,18-05-2025,,Google Ads,Root Canal,Clinic A,Contacted - No Appointment,30,No,
L02623,26-07-2025,,Google Ads,Root Canal,Clinic B,Contacted - No Appointment,14,No,
L02624,22-06-2025,,Facebook,Root Canal,Clinic C,Contacted - No Appointment,19,No,
L02625,22-02-2025,,Google Ads,Teeth Whitening,Clinic A,Contacted - No Appointment,35,No,
L02626,22-09-2025,P02626,Instagram,General Dentistry,Clinic B,Appointment Booked,8,Yes,05-10-2025
L02627,07-02-2025,,Facebook,Root Canal,Clinic A,Contacted - No Appointment,14,No,
L02628,13-09-2025,,Instagram,Root Canal,Clinic B,Contacted - No Appointment,29,No,
L02629,01-03-2025,,Referral,Dental Implant,Clinic D,Contacted - No Appointment,24,No,
L02630,24-07-2025,,Facebook,Dental Implant,Clinic D,Contacted - No Appointment,34,No,
L02631,21-11-2025,,Google Organic,Dental Crown,Clinic C,Contacted - No Appointment,13,No,
L02632,07-04-2025,P02632,Google Organic,Dental Implant,Clinic A,Appointment Booked,7,Yes,20-04-2025
L02633,12-06-2025,,Referral,Teeth Whitening,Clinic D,Not Contacted/Cold,70,No,
L02634,01-07-2025,P02634,Google Ads,Root Canal,Clinic C,Appointment Booked,10,Yes,15-07-2025
L02635,06-05-2025,,Google Organic,Invisalign,Clinic A,Contacted - No Appointment,9,No,
L02636,29-05-2025,,Referral,Root Canal,Clinic D,Contacted - No Appointment,11,No,
L02637,26-06-2025,P02637,Facebook,Invisalign,Clinic D,Appointment Booked,22,Yes,29-06-2025
L02638,05-08-2025,,Facebook,Root Canal,Clinic C,Contacted - No Appointment,23,No,
L02639,27-09-2025,P02639,Referral,Teeth Whitening,Clinic C,Appointment Booked,5,Yes,11-10-2025
L02640,17-07-2025,P02640,Instagram,Root Canal,Clinic A,Appointment Booked,9,Yes,28-07-2025
L02641,11-04-2025,,Facebook,Dental Implant,Clinic A,Contacted - No Appointment,37,No,
L02642,14-09-2025,,Google Organic,Teeth Whitening,Clinic C,Contacted - No Appointment,15,No,
L02643,23-04-2025,,Facebook,Invisalign,Clinic A,Contacted - No Appointment,24,No,
L02644,20-10-2025,,Google Ads,Teeth Whitening,Clinic B,Contacted - No Appointment,10,No,
L02645,27-01-2025,P02645,Facebook,Root Canal,Clinic D,Appointment Booked,27,Yes,09-02-2025
L02646,21-01-2025,P02646,Instagram,Root Canal,Clinic D,Appointment Booked,9,Yes,04-02-2025
L02647,23-04-2025,,Google Organic,General Dentistry,Clinic B,Contacted - No Appointment,7,No,
L02648,18-02-2025,P02648,Facebook,Teeth Whitening,Clinic D,Appointment Booked,3,Yes,20-02-2025
L02649,22-02-2025,,Google Organic,Dental Implant,Clinic D,Contacted - No Appointment,18,No,
L02650,26-12-2025,,Facebook,Invisalign,Clinic C,Contacted - No Appointment,28,No,
L02651,29-08-2025,P02651,Instagram,General Dentistry,Clinic A,Appointment Booked,29,Yes,31-08-2025
L02652,23-02-2025,P02652,Google Ads,Dental Implant,Clinic B,Appointment Booked,21,Yes,03-03-2025
L02653,21-06-2025,,Facebook,Root Canal,Clinic B,Contacted - No Appointment,37,No,
L02654,16-05-2025,P02654,Referral,Teeth Whitening,Clinic A,Appointment Booked,6,Yes,30-05-2025
L02655,11-02-2025,,Google Ads,Dental Crown,Clinic B,Contacted - No Appointment,6,No,
L02656,07-05-2025,,Google Organic,Teeth Whitening,Clinic A,Contacted - No Appointment,9,No,
L02657,27-05-2025,,Google Ads,Teeth Whitening,Clinic B,Contacted - No Appointment,14,No,
L02658,25-07-2025,P02658,Google Ads,Dental Crown,Clinic D,Appointment Booked,18,Yes,29-07-2025
L02659,26-04-2025,P02659,Google Ads,General Dentistry,Clinic A,Appointment Booked,39,Yes,01-05-2025
L02660,30-04-2025,,Google Organic,Dental Crown,Clinic C,Contacted - No Appointment,15,No,
L02661,15-10-2025,,Google Ads,Root Canal,Clinic C,Contacted - No Appointment,30,No,
L02662,16-08-2025,,Instagram,Root Canal,Clinic A,Contacted - No Appointment,26,No,
L02663,10-12-2025,,Google Organic,Teeth Whitening,Clinic D,Contacted - No Appointment,39,No,
L02664,28-08-2025,P02664,Facebook,General Dentistry,Clinic C,Appointment Booked,25,Yes,29-08-2025
L02665,14-01-2025,,Facebook,Invisalign,Clinic B,Contacted - No Appointment,41,No,
L02666,24-12-2025,P02666,Facebook,Invisalign,Clinic D,Appointment Booked,3,Yes,25-12-2025
L02667,02-09-2025,,Referral,General Dentistry,Clinic A,Contacted - No Appointment,15,No,
L02668,23-10-2025,,Facebook,Dental Crown,Clinic C,Contacted - No Appointment,4,No,
L02669,09-12-2025,,Google Ads,Dental Implant,Clinic A,Contacted - No Appointment,8,No,
L02670,17-01-2025,,Facebook,Dental Crown,Clinic D,Contacted - No Appointment,8,No,
L02671,28-07-2025,,Instagram,General Dentistry,Clinic B,Contacted - No Appointment,41,No,
L02672,11-05-2025,,Google Organic,General Dentistry,Clinic C,Contacted - No Appointment,16,No,
L02673,01-07-2025,,Referral,Teeth Whitening,Clinic A,Not Contacted/Cold,66,No,
L02674,28-03-2025,P02674,Referral,Invisalign,Clinic C,Appointment Booked,15,Yes,04-04-2025
L02675,26-12-2025,,Google Ads,General Dentistry,Clinic D,Contacted - No Appointment,4,No,
L02676,22-11-2025,,Facebook,Root Canal,Clinic B,Contacted - No Appointment,14,No,
L02677,05-05-2025,,Google Organic,General Dentistry,Clinic C,Contacted - No Appointment,25,No,
L02678,05-02-2025,,Referral,Invisalign,Clinic B,Contacted - No Appointment,22,No,
L02679,02-12-2025,P02679,Facebook,Dental Implant,Clinic D,Appointment Booked,19,Yes,05-12-2025
L02680,23-04-2025,,Facebook,Root Canal,Clinic B,Contacted - No Appointment,23,No,
L02681,15-06-2025,P02681,Referral,Invisalign,Clinic D,Appointment Booked,34,Yes,29-06-2025
L02682,27-07-2025,,Facebook,Teeth Whitening,Clinic D,Contacted - No Appointment,2,No,
L02683,09-11-2025,,Facebook,General Dentistry,Clinic B,Contacted - No Appointment,20,No,
L02684,03-09-2025,,Referral,Dental Crown,Clinic A,Contacted - No Appointment,8,No,
L02685,29-03-2025,,Google Organic,General Dentistry,Clinic B,Contacted - No Appointment,28,No,
L02686,20-11-2025,P02686,Google Ads,Root Canal,Clinic D,Appointment Booked,9,Yes,26-11-2025
L02687,21-05-2025,,Facebook,Teeth Whitening,Clinic A,Contacted - No Appointment,9,No,
L02688,10-11-2025,P02688,Facebook,General Dentistry,Clinic C,Appointment Booked,6,Yes,21-11-2025
L02689,05-08-2025,,Referral,Teeth Whitening,Clinic D,Contacted - No Appointment,19,No,
L02690,06-02-2025,,Referral,Root Canal,Clinic B,Contacted - No Appointment,4,No,
L02691,09-04-2025,,Google Organic,Dental Crown,Clinic C,Contacted - No Appointment,6,No,
L02692,22-03-2025,,Facebook,Teeth Whitening,Clinic A,Contacted - No Appointment,20,No,
L02693,30-07-2025,,Google Ads,Invisalign,Clinic A,Contacted - No Appointment,15,No,
L02694,31-10-2025,,Google Organic,Teeth Whitening,Clinic D,Contacted - No Appointment,15,No,
L02695,11-08-2025,P02695,Facebook,General Dentistry,Clinic A,Appointment Booked,3,Yes,13-08-2025
L02696,30-11-2025,,Instagram,Root Canal,Clinic B,Contacted - No Appointment,20,No,
L02697,20-05-2025,,Instagram,Teeth Whitening,Clinic D,Contacted - No Appointment,21,No,
L02698,19-02-2025,,Facebook,Teeth Whitening,Clinic B,Contacted - No Appointment,36,No,
L02699,06-12-2025,,Referral,Dental Crown,Clinic D,Contacted - No Appointment,26,No,
L02700,06-02-2025,,Google Ads,Root Canal,Clinic D,Contacted - No Appointment,8,No,
L02701,21-11-2025,,Google Organic,General Dentistry,Clinic B,Contacted - No Appointment,8,No,
L02702,11-06-2025,P02702,Facebook,Root Canal,Clinic A,Appointment Booked,38,Yes,15-06-2025
L02703,26-05-2025,,Google Organic,Dental Implant,Clinic C,Contacted - No Appointment,34,No,
L02704,19-03-2025,,Google Organic,General Dentistry,Clinic B,Contacted - No Appointment,17,No,
L02705,26-04-2025,P02705,Google Ads,Dental Crown,Clinic A,Appointment Booked,29,Yes,09-05-2025
L02706,22-11-2025,,Google Ads,General Dentistry,Clinic C,Contacted - No Appointment,32,No,
L02707,11-11-2025,P02707,Google Ads,Dental Implant,Clinic A,Appointment Booked,5,Yes,20-11-2025
L02708,19-03-2025,P02708,Google Ads,Dental Implant,Clinic D,Appointment Booked,7,Yes,31-03-2025
L02709,01-11-2025,P02709,Google Organic,General Dentistry,Clinic A,Appointment Booked,13,Yes,15-11-2025
L02710,27-02-2025,P02710,Google Ads,Dental Implant,Clinic A,Appointment Booked,39,Yes,10-03-2025
L02711,12-02-2025,,Facebook,Teeth Whitening,Clinic A,Not Contacted/Cold,53,No,
L02712,08-01-2025,P02712,Google Ads,General Dentistry,Clinic D,Appointment Booked,21,Yes,18-01-2025
L02713,01-08-2025,P02713,Instagram,Teeth Whitening,Clinic C,Appointment Booked,7,Yes,15-08-2025
L02714,06-02-2025,P02714,Google Organic,Dental Implant,Clinic D,Appointment Booked,8,Yes,13-02-2025
L02715,07-11-2025,P02715,Facebook,Dental Crown,Clinic B,Appointment Booked,14,Yes,16-11-2025
L02716,10-01-2025,,Instagram,General Dentistry,Clinic B,Contacted - No Appointment,14,No,
L02717,17-02-2025,,Google Organic,Root Canal,Clinic A,Contacted - No Appointment,8,No,
L02718,30-04-2025,P02718,Google Ads,Root Canal,Clinic B,Appointment Booked,15,Yes,13-05-2025
L02719,20-09-2025,,Google Organic,Root Canal,Clinic C,Contacted - No Appointment,3,No,
L02720,21-09-2025,P02720,Facebook,Dental Implant,Clinic C,Appointment Booked,16,Yes,01-10-2025
L02721,12-09-2025,P02721,Google Ads,General Dentistry,Clinic A,Appointment Booked,10,Yes,24-09-2025
L02722,25-09-2025,P02722,Facebook,General Dentistry,Clinic D,Appointment Booked,9,Yes,03-10-2025
L02723,19-04-2025,,Google Ads,General Dentistry,Clinic A,Contacted - No Appointment,25,No,
L02724,13-04-2025,P02724,Google Organic,Dental Crown,Clinic D,Appointment Booked,26,Yes,23-04-2025
L02725,20-12-2025,,Google Ads,Teeth Whitening,Clinic A,Contacted - No Appointment,13,No,
L02726,20-12-2025,P02726,Google Ads,Invisalign,Clinic B,Appointment Booked,6,Yes,23-12-2025
L02727,26-06-2025,P02727,Facebook,Dental Crown,Clinic B,Appointment Booked,19,Yes,07-07-2025
L02728,05-04-2025,,Instagram,Dental Crown,Clinic B,Contacted - No Appointment,13,No,
L02729,05-09-2025,,Google Organic,General Dentistry,Clinic C,Contacted - No Appointment,30,No,
L02730,08-04-2025,,Google Ads,General Dentistry,Clinic B,Contacted - No Appointment,24,No,
L02731,02-02-2025,P02731,Google Organic,General Dentistry,Clinic B,Appointment Booked,27,Yes,06-02-2025
L02732,17-05-2025,,Referral,General Dentistry,Clinic C,Contacted - No Appointment,2,No,
L02733,27-03-2025,,Facebook,General Dentistry,Clinic C,Not Contacted/Cold,48,No,
L02734,18-09-2025,P02734,Google Organic,Dental Implant,Clinic D,Appointment Booked,20,Yes,29-09-2025
L02735,15-01-2025,P02735,Facebook,General Dentistry,Clinic A,Appointment Booked,3,Yes,19-01-2025
L02736,24-05-2025,,Google Ads,Dental Crown,Clinic C,Contacted - No Appointment,14,No,
L02737,12-12-2025,P02737,Facebook,Root Canal,Clinic C,Appointment Booked,17,Yes,13-12-2025
L02738,05-07-2025,,Google Ads,Dental Implant,Clinic B,Contacted - No Appointment,41,No,
L02739,04-03-2025,,Referral,Dental Crown,Clinic B,Contacted - No Appointment,26,No,
L02740,17-11-2025,,Google Ads,Invisalign,Clinic B,Contacted - No Appointment,22,No,
L02741,11-04-2025,,Instagram,Root Canal,Clinic A,Contacted - No Appointment,18,No,
L02742,18-08-2025,,Google Ads,Dental Crown,Clinic A,Contacted - No Appointment,15,No,
L02743,19-08-2025,,Instagram,General Dentistry,Clinic A,Contacted - No Appointment,4,No,
L02744,07-12-2025,P02744,Google Ads,General Dentistry,Clinic C,Appointment Booked,21,Yes,17-12-2025
L02745,24-08-2025,,Google Organic,Root Canal,Clinic C,Contacted - No Appointment,8,No,
L02746,17-06-2025,P02746,Google Ads,Root Canal,Clinic D,Appointment Booked,10,Yes,01-07-2025
L02747,12-05-2025,,Referral,Invisalign,Clinic C,Contacted - No Appointment,27,No,
L02748,21-11-2025,,Google Organic,Root Canal,Clinic A,Contacted - No Appointment,10,No,
L02749,11-06-2025,,Google Organic,Dental Implant,Clinic D,Contacted - No Appointment,3,No,
L02750,25-05-2025,,Google Ads,General Dentistry,Clinic D,Contacted - No Appointment,14,No,
L02751,19-05-2025,P02751,Google Ads,Dental Crown,Clinic B,Appointment Booked,3,Yes,26-05-2025
L02752,08-12-2025,,Referral,Dental Implant,Clinic C,Contacted - No Appointment,18,No,
L02753,08-09-2025,,Google Ads,Root Canal,Clinic D,Contacted - No Appointment,28,No,
L02754,28-08-2025,,Google Ads,Root Canal,Clinic C,Contacted - No Appointment,15,No,
L02755,21-03-2025,,Facebook,Root Canal,Clinic D,Contacted - No Appointment,4,No,
L02756,31-05-2025,,Google Ads,Dental Implant,Clinic A,Contacted - No Appointment,31,No,
L02757,26-12-2025,,Google Ads,General Dentistry,Clinic A,Contacted - No Appointment,42,No,
L02758,18-06-2025,P02758,Instagram,Invisalign,Clinic B,Appointment Booked,14,Yes,01-07-2025
L02759,08-03-2025,P02759,Facebook,Dental Implant,Clinic C,Appointment Booked,10,Yes,20-03-2025
L02760,06-10-2025,,Google Ads,Dental Implant,Clinic D,Contacted - No Appointment,4,No,
L02761,31-01-2025,,Facebook,Dental Crown,Clinic D,Contacted - No Appointment,19,No,
L02762,18-12-2025,,Facebook,Dental Implant,Clinic B,Contacted - No Appointment,38,No,
L02763,02-02-2025,,Google Organic,Dental Implant,Clinic A,Contacted - No Appointment,5,No,
L02764,27-02-2025,P02764,Google Ads,Root Canal,Clinic D,Appointment Booked,2,Yes,28-02-2025
L02765,27-06-2025,,Instagram,Dental Crown,Clinic C,Contacted - No Appointment,15,No,
L02766,01-05-2025,,Facebook,Dental Implant,Clinic A,Contacted - No Appointment,5,No,
L02767,26-02-2025,,Facebook,Invisalign,Clinic B,Contacted - No Appointment,17,No,
L02768,14-08-2025,,Google Ads,Root Canal,Clinic C,Contacted - No Appointment,21,No,
L02769,13-08-2025,P02769,Google Ads,Dental Implant,Clinic D,Appointment Booked,22,Yes,21-08-2025
L02770,22-07-2025,P02770,Google Organic,Root Canal,Clinic B,Appointment Booked,26,Yes,31-07-2025
L02771,24-06-2025,,Facebook,Dental Implant,Clinic B,Not Contacted/Cold,48,No,
L02772,14-04-2025,,Google Organic,Dental Implant,Clinic D,Contacted - No Appointment,31,No,
L02773,11-10-2025,,Referral,Root Canal,Clinic C,Contacted - No Appointment,32,No,
L02774,01-12-2025,,Instagram,Invisalign,Clinic B,Contacted - No Appointment,6,No,
L02775,08-07-2025,P02775,Facebook,Dental Implant,Clinic B,Appointment Booked,18,Yes,22-07-2025
L02776,25-06-2025,,Google Ads,Root Canal,Clinic C,Contacted - No Appointment,39,No,
L02777,03-02-2025,P02777,Referral,General Dentistry,Clinic A,Appointment Booked,11,Yes,13-02-2025
L02778,07-06-2025,,Google Organic,Teeth Whitening,Clinic A,Contacted - No Appointment,30,No,
L02779,27-05-2025,,Instagram,Teeth Whitening,Clinic C,Not Contacted/Cold,56,No,
L02780,11-08-2025,,Facebook,General Dentistry,Clinic B,Contacted - No Appointment,8,No,
L02781,24-05-2025,,Google Organic,General Dentistry,Clinic C,Contacted - No Appointment,5,No,
L02782,16-02-2025,P02782,Google Organic,Teeth Whitening,Clinic A,Appointment Booked,22,Yes,26-02-2025
L02783,22-08-2025,,Google Ads,Dental Crown,Clinic C,Contacted - No Appointment,16,No,
L02784,21-10-2025,,Instagram,Root Canal,Clinic B,Contacted - No Appointment,45,No,
L02785,27-03-2025,,Facebook,Invisalign,Clinic A,Contacted - No Appointment,7,No,
L02786,23-09-2025,P02786,Google Ads,Dental Crown,Clinic A,Appointment Booked,38,Yes,26-09-2025
L02787,03-02-2025,,Google Organic,General Dentistry,Clinic D,Contacted - No Appointment,16,No,
L02788,31-05-2025,P02788,Google Ads,Root Canal,Clinic D,Appointment Booked,10,Yes,11-06-2025
L02789,27-09-2025,,Facebook,Teeth Whitening,Clinic A,Contacted - No Appointment,18,No,
L02790,01-02-2025,,Facebook,Root Canal,Clinic D,Contacted - No Appointment,13,No,
L02791,14-10-2025,P02791,Facebook,Root Canal,Clinic C,Appointment Booked,17,Yes,19-10-2025
L02792,13-01-2025,,Facebook,Root Canal,Clinic D,Contacted - No Appointment,37,No,
L02793,01-08-2025,P02793,Referral,Root Canal,Clinic B,Appointment Booked,59,Yes,06-08-2025
L02794,16-09-2025,,Facebook,Root Canal,Clinic C,Contacted - No Appointment,17,No,
L02795,19-12-2025,P02795,Google Ads,Teeth Whitening,Clinic A,Appointment Booked,24,Yes,31-12-2025
L02796,23-01-2025,,Instagram,General Dentistry,Clinic B,Contacted - No Appointment,33,No,
L02797,03-10-2025,P02797,Google Ads,General Dentistry,Clinic D,Appointment Booked,23,Yes,12-10-2025
L02798,16-02-2025,,Google Ads,Invisalign,Clinic C,Contacted - No Appointment,10,No,
L02799,08-01-2025,P02799,Google Ads,General Dentistry,Clinic B,Appointment Booked,21,Yes,15-01-2025
L02800,27-09-2025,P02800,Google Ads,Invisalign,Clinic A,Appointment Booked,16,Yes,09-10-2025
L02801,13-10-2025,P02801,Facebook,Invisalign,Clinic C,Appointment Booked,3,Yes,21-10-2025
L02802,22-03-2025,,Facebook,Teeth Whitening,Clinic C,Contacted - No Appointment,1,No,
L02803,18-06-2025,P02803,Google Ads,Invisalign,Clinic B,Appointment Booked,21,Yes,28-06-2025
L02804,16-05-2025,P02804,Google Organic,Dental Implant,Clinic D,Appointment Booked,9,Yes,26-05-2025
L02805,07-06-2025,,Google Ads,Root Canal,Clinic A,Contacted - No Appointment,34,No,
L02806,26-11-2025,,Referral,Teeth Whitening,Clinic B,Contacted - No Appointment,10,No,
L02807,29-10-2025,,Instagram,Invisalign,Clinic D,Contacted - No Appointment,12,No,
L02808,10-12-2025,P02808,Google Ads,Dental Crown,Clinic B,Appointment Booked,29,Yes,17-12-2025
L02809,05-02-2025,,Referral,Dental Crown,Clinic A,Contacted - No Appointment,14,No,
L02810,07-12-2025,,Facebook,Teeth Whitening,Clinic C,Contacted - No Appointment,8,No,
L02811,24-05-2025,,Facebook,General Dentistry,Clinic D,Contacted - No Appointment,25,No,
L02812,25-02-2025,,Google Ads,Root Canal,Clinic A,Not Contacted/Cold,74,No,
L02813,04-04-2025,,Google Organic,Dental Implant,Clinic D,Contacted - No Appointment,10,No,
L02814,06-08-2025,P02814,Facebook,Invisalign,Clinic D,Appointment Booked,31,Yes,07-08-2025
L02815,26-07-2025,P02815,Google Ads,Root Canal,Clinic A,Appointment Booked,28,Yes,01-08-2025
L02816,07-04-2025,,Google Ads,Teeth Whitening,Clinic C,Not Contacted/Cold,65,No,
L02817,25-04-2025,,Google Organic,Dental Implant,Clinic B,Contacted - No Appointment,39,No,
L02818,18-03-2025,,Google Ads,Invisalign,Clinic B,Contacted - No Appointment,17,No,
L02819,08-05-2025,,Google Ads,Teeth Whitening,Clinic D,Contacted - No Appointment,25,No,
L02820,23-01-2025,P02820,Facebook,Dental Crown,Clinic D,Appointment Booked,4,Yes,01-02-2025
L02821,26-08-2025,,Google Organic,Teeth Whitening,Clinic A,Contacted - No Appointment,45,No,
L02822,14-06-2025,P02822,Google Ads,Teeth Whitening,Clinic B,Appointment Booked,6,Yes,28-06-2025
L02823,16-07-2025,,Google Ads,Teeth Whitening,Clinic B,Contacted - No Appointment,24,No,
L02824,03-11-2025,,Google Organic,Dental Crown,Clinic B,Contacted - No Appointment,24,No,
L02825,21-06-2025,,Google Ads,Root Canal,Clinic B,Contacted - No Appointment,27,No,
L02826,19-06-2025,P02826,Instagram,General Dentistry,Clinic A,Appointment Booked,8,Yes,01-07-2025
L02827,11-05-2025,,Referral,Dental Crown,Clinic C,Contacted - No Appointment,17,No,
L02828,09-01-2025,,Google Organic,Invisalign,Clinic B,Contacted - No Appointment,29,No,
L02829,20-04-2025,,Google Ads,Invisalign,Clinic A,Contacted - No Appointment,28,No,
L02830,04-03-2025,,Facebook,Dental Crown,Clinic D,Not Contacted/Cold,62,No,
L02831,21-09-2025,,Google Ads,General Dentistry,Clinic D,Contacted - No Appointment,43,No,
L02832,16-09-2025,,Referral,Dental Implant,Clinic B,Contacted - No Appointment,16,No,
L02833,28-01-2025,,Referral,Dental Implant,Clinic B,Contacted - No Appointment,16,No,
L02834,20-01-2025,P02834,Google Ads,General Dentistry,Clinic C,Appointment Booked,9,Yes,03-02-2025
L02835,08-06-2025,P02835,Instagram,General Dentistry,Clinic B,Appointment Booked,28,Yes,09-06-2025
L02836,12-04-2025,,Google Organic,Invisalign,Clinic A,Contacted - No Appointment,4,No,
L02837,12-07-2025,P02837,Google Ads,Root Canal,Clinic C,Appointment Booked,4,Yes,13-07-2025
L02838,27-04-2025,P02838,Google Ads,Dental Crown,Clinic A,Appointment Booked,26,Yes,01-05-2025
L02839,07-01-2025,P02839,Google Ads,Invisalign,Clinic A,Appointment Booked,36,Yes,19-01-2025
L02840,12-11-2025,,Facebook,General Dentistry,Clinic A,Contacted - No Appointment,11,No,
L02841,05-07-2025,P02841,Referral,Dental Implant,Clinic A,Appointment Booked,30,Yes,14-07-2025
L02842,18-12-2025,,Referral,Dental Implant,Clinic A,Not Contacted/Cold,48,No,
L02843,07-05-2025,,Google Ads,Invisalign,Clinic D,Contacted - No Appointment,34,No,
L02844,25-01-2025,,Google Ads,Invisalign,Clinic B,Contacted - No Appointment,23,No,
L02845,22-08-2025,,Facebook,Dental Implant,Clinic A,Contacted - No Appointment,26,No,
L02846,24-12-2025,P02846,Google Organic,Dental Implant,Clinic A,Appointment Booked,29,Yes,28-12-2025
L02847,15-08-2025,P02847,Instagram,Teeth Whitening,Clinic D,Appointment Booked,20,Yes,28-08-2025
L02848,30-04-2025,P02848,Facebook,Dental Implant,Clinic C,Appointment Booked,13,Yes,06-05-2025
L02849,06-10-2025,,Instagram,General Dentistry,Clinic B,Contacted - No Appointment,21,No,
L02850,10-05-2025,,Google Ads,Root Canal,Clinic D,Contacted - No Appointment,13,No,
L02851,14-04-2025,P02851,Facebook,Dental Crown,Clinic B,Appointment Booked,35,Yes,20-04-2025
L02852,24-01-2025,,Referral,Invisalign,Clinic B,Contacted - No Appointment,20,No,
L02853,28-02-2025,P02853,Google Ads,Invisalign,Clinic A,Appointment Booked,10,Yes,02-03-2025
L02854,30-10-2025,,Facebook,Dental Crown,Clinic B,Contacted - No Appointment,16,No,
L02855,07-12-2025,P02855,Google Ads,Dental Crown,Clinic B,Appointment Booked,10,Yes,14-12-2025
L02856,18-02-2025,P02856,Facebook,Teeth Whitening,Clinic C,Appointment Booked,49,Yes,21-02-2025
L02857,18-03-2025,,Instagram,Teeth Whitening,Clinic B,Contacted - No Appointment,34,No,
L02858,06-03-2025,P02858,Instagram,Dental Crown,Clinic C,Appointment Booked,14,Yes,10-03-2025
L02859,07-11-2025,,Referral,Root Canal,Clinic A,Contacted - No Appointment,12,No,
L02860,14-09-2025,,Facebook,General Dentistry,Clinic A,Contacted - No Appointment,14,No,
L02861,10-09-2025,P02861,Facebook,Dental Crown,Clinic B,Appointment Booked,6,Yes,12-09-2025
L02862,05-10-2025,,Google Ads,General Dentistry,Clinic D,Contacted - No Appointment,21,No,
L02863,02-04-2025,P02863,Google Organic,Teeth Whitening,Clinic B,Appointment Booked,7,Yes,09-04-2025
L02864,25-08-2025,,Google Ads,Dental Implant,Clinic C,Contacted - No Appointment,18,No,
L02865,11-05-2025,P02865,Google Organic,Invisalign,Clinic A,Appointment Booked,33,Yes,20-05-2025
L02866,03-01-2025,,Google Ads,Dental Crown,Clinic A,Not Contacted/Cold,47,No,
L02867,17-12-2025,P02867,Google Ads,Teeth Whitening,Clinic A,Appointment Booked,13,Yes,20-12-2025
L02868,23-04-2025,,Google Ads,Dental Crown,Clinic B,Contacted - No Appointment,12,No,
L02869,16-03-2025,,Referral,Teeth Whitening,Clinic A,Contacted - No Appointment,5,No,
L02870,09-01-2025,P02870,Facebook,Invisalign,Clinic A,Appointment Booked,29,Yes,11-01-2025
L02871,03-12-2025,P02871,Google Ads,Invisalign,Clinic D,Appointment Booked,19,Yes,08-12-2025
L02872,30-06-2025,P02872,Google Ads,Dental Implant,Clinic A,Appointment Booked,10,Yes,07-07-2025
L02873,27-10-2025,,Facebook,Dental Crown,Clinic C,Contacted - No Appointment,11,No,
L02874,10-05-2025,P02874,Google Ads,Dental Crown,Clinic B,Appointment Booked,38,Yes,20-05-2025
L02875,02-11-2025,P02875,Facebook,Invisalign,Clinic B,Appointment Booked,2,Yes,13-11-2025
L02876,20-02-2025,,Google Ads,Dental Crown,Clinic C,Contacted - No Appointment,43,No,
L02877,05-01-2025,P02877,Facebook,Dental Implant,Clinic B,Appointment Booked,9,Yes,10-01-2025
L02878,20-05-2025,,Google Ads,Dental Implant,Clinic B,Contacted - No Appointment,31,No,
L02879,26-11-2025,P02879,Facebook,Teeth Whitening,Clinic C,Appointment Booked,7,Yes,29-11-2025
L02880,03-07-2025,P02880,Instagram,Root Canal,Clinic D,Appointment Booked,24,Yes,04-07-2025
L02881,17-02-2025,,Google Ads,Dental Crown,Clinic A,Contacted - No Appointment,16,No,
L02882,29-11-2025,,Facebook,General Dentistry,Clinic A,Contacted - No Appointment,42,No,
L02883,17-09-2025,P02883,Facebook,General Dentistry,Clinic D,Appointment Booked,16,Yes,21-09-2025
L02884,14-03-2025,P02884,Google Ads,Dental Implant,Clinic B,Appointment Booked,45,Yes,21-03-2025
L02885,14-12-2025,,Instagram,Root Canal,Clinic C,Contacted - No Appointment,14,No,
L02886,09-01-2025,P02886,Instagram,Teeth Whitening,Clinic B,Appointment Booked,30,Yes,11-01-2025
L02887,29-12-2025,,Instagram,Teeth Whitening,Clinic A,Contacted - No Appointment,34,No,
L02888,23-05-2025,,Google Ads,Teeth Whitening,Clinic C,Contacted - No Appointment,15,No,
L02889,22-08-2025,,Google Ads,Invisalign,Clinic C,Contacted - No Appointment,19,No,
L02890,07-12-2025,P02890,Google Ads,Invisalign,Clinic A,Appointment Booked,6,Yes,09-12-2025
L02891,14-03-2025,,Facebook,Dental Crown,Clinic B,Contacted - No Appointment,23,No,
L02892,28-10-2025,P02892,Facebook,Teeth Whitening,Clinic D,Appointment Booked,31,Yes,06-11-2025
L02893,13-03-2025,,Facebook,Invisalign,Clinic C,Not Contacted/Cold,48,No,
L02894,03-01-2025,P02894,Google Organic,Dental Implant,Clinic A,Appointment Booked,33,Yes,15-01-2025
L02895,29-03-2025,,Google Ads,Teeth Whitening,Clinic C,Contacted - No Appointment,21,No,
L02896,25-05-2025,,Referral,Invisalign,Clinic C,Contacted - No Appointment,15,No,
L02897,27-03-2025,,Google Ads,Dental Implant,Clinic D,Contacted - No Appointment,18,No,
L02898,01-09-2025,,Google Organic,Dental Implant,Clinic C,Contacted - No Appointment,16,No,
L02899,22-10-2025,,Facebook,Invisalign,Clinic A,Contacted - No Appointment,36,No,
L02900,05-11-2025,,Referral,Dental Crown,Clinic C,Contacted - No Appointment,43,No,
L02901,22-09-2025,,Google Ads,Root Canal,Clinic C,Contacted - No Appointment,15,No,
L02902,04-08-2025,P02902,Facebook,Dental Implant,Clinic A,Appointment Booked,27,Yes,09-08-2025
L02903,28-08-2025,P02903,Facebook,Dental Implant,Clinic B,Appointment Booked,17,Yes,07-09-2025
L02904,03-10-2025,P02904,Referral,Invisalign,Clinic B,Appointment Booked,4,Yes,08-10-2025
L02905,23-11-2025,,Referral,Dental Crown,Clinic C,Contacted - No Appointment,7,No,
L02906,03-07-2025,,Google Ads,Dental Implant,Clinic A,Contacted - No Appointment,10,No,
L02907,09-04-2025,P02907,Instagram,Dental Crown,Clinic C,Appointment Booked,17,Yes,23-04-2025
L02908,12-05-2025,,Facebook,Dental Implant,Clinic D,Contacted - No Appointment,22,No,
L02909,14-12-2025,,Google Ads,Invisalign,Clinic D,Not Contacted/Cold,48,No,
L02910,24-02-2025,P02910,Google Ads,Dental Implant,Clinic D,Appointment Booked,19,Yes,02-03-2025
L02911,06-03-2025,,Referral,Dental Implant,Clinic D,Contacted - No Appointment,20,No,
L02912,11-06-2025,,Facebook,Dental Crown,Clinic A,Contacted - No Appointment,31,No,
L02913,16-06-2025,,Google Ads,Root Canal,Clinic C,Contacted - No Appointment,7,No,
L02914,11-11-2025,P02914,Google Ads,General Dentistry,Clinic B,Appointment Booked,22,Yes,23-11-2025
L02915,05-08-2025,,Google Ads,Dental Implant,Clinic D,Contacted - No Appointment,29,No,
L02916,02-06-2025,P02916,Facebook,Dental Implant,Clinic A,Appointment Booked,14,Yes,10-06-2025
L02917,17-01-2025,P02917,Facebook,Invisalign,Clinic D,Appointment Booked,18,Yes,25-01-2025
L02918,26-05-2025,,Facebook,Teeth Whitening,Clinic C,Contacted - No Appointment,15,No,
L02919,30-10-2025,P02919,Google Ads,Invisalign,Clinic D,Appointment Booked,14,Yes,31-10-2025
L02920,09-05-2025,,Facebook,Root Canal,Clinic A,Contacted - No Appointment,21,No,
L02921,03-01-2025,P02921,Google Ads,Invisalign,Clinic A,Appointment Booked,36,Yes,15-01-2025
L02922,15-09-2025,,Referral,Dental Implant,Clinic D,Contacted - No Appointment,26,No,
L02923,29-11-2025,,Google Ads,General Dentistry,Clinic A,Contacted - No Appointment,41,No,
L02924,11-03-2025,,Google Organic,Root Canal,Clinic D,Contacted - No Appointment,14,No,
L02925,17-03-2025,,Facebook,Teeth Whitening,Clinic A,Contacted - No Appointment,27,No,
L02926,21-08-2025,,Facebook,Dental Crown,Clinic C,Contacted - No Appointment,23,No,
L02927,25-02-2025,,Google Ads,Root Canal,Clinic B,Contacted - No Appointment,36,No,
L02928,25-10-2025,P02928,Google Organic,Dental Implant,Clinic C,Appointment Booked,28,Yes,04-11-2025
L02929,21-03-2025,,Google Organic,Dental Crown,Clinic C,Contacted - No Appointment,40,No,
L02930,25-05-2025,P02930,Google Ads,Dental Implant,Clinic B,Appointment Booked,12,Yes,08-06-2025
L02931,26-08-2025,P02931,Google Ads,Root Canal,Clinic A,Appointment Booked,49,Yes,06-09-2025
L02932,11-03-2025,P02932,Google Organic,Dental Crown,Clinic A,Appointment Booked,14,Yes,18-03-2025
L02933,15-07-2025,P02933,Google Ads,Teeth Whitening,Clinic C,Appointment Booked,13,Yes,18-07-2025
L02934,20-03-2025,P02934,Instagram,Dental Crown,Clinic C,Appointment Booked,26,Yes,25-03-2025
L02935,03-08-2025,P02935,Google Ads,Dental Crown,Clinic C,Appointment Booked,3,Yes,17-08-2025
L02936,03-04-2025,P02936,Instagram,Dental Implant,Clinic B,Appointment Booked,18,Yes,10-04-2025
L02937,07-04-2025,P02937,Facebook,Invisalign,Clinic B,Appointment Booked,11,Yes,13-04-2025
L02938,05-05-2025,P02938,Google Ads,Dental Implant,Clinic B,Appointment Booked,8,Yes,07-05-2025
L02939,08-10-2025,P02939,Instagram,Teeth Whitening,Clinic A,Appointment Booked,10,Yes,16-10-2025
L02940,19-12-2025,P02940,Facebook,General Dentistry,Clinic B,Appointment Booked,13,Yes,01-01-2026
L02941,15-09-2025,P02941,Google Ads,Invisalign,Clinic D,Appointment Booked,10,Yes,24-09-2025
L02942,10-03-2025,P02942,Facebook,Dental Implant,Clinic D,Appointment Booked,8,Yes,19-03-2025
L02943,26-09-2025,,Facebook,Root Canal,Clinic B,Contacted - No Appointment,14,No,
L02944,25-04-2025,,Google Ads,General Dentistry,Clinic C,Contacted - No Appointment,6,No,
L02945,03-04-2025,P02945,Referral,Dental Crown,Clinic D,Appointment Booked,27,Yes,13-04-2025
L02946,23-06-2025,,Instagram,Dental Implant,Clinic B,Contacted - No Appointment,13,No,
L02947,29-08-2025,P02947,Google Ads,General Dentistry,Clinic A,Appointment Booked,8,Yes,02-09-2025
L02948,30-03-2025,P02948,Google Organic,General Dentistry,Clinic A,Appointment Booked,30,Yes,01-04-2025
L02949,21-02-2025,,Facebook,Dental Implant,Clinic C,Contacted - No Appointment,27,No,
L02950,28-11-2025,P02950,Instagram,General Dentistry,Clinic D,Appointment Booked,10,Yes,10-12-2025
L02951,04-03-2025,,Google Ads,Root Canal,Clinic C,Not Contacted/Cold,58,No,
L02952,17-11-2025,,Google Organic,Root Canal,Clinic A,Not Contacted/Cold,53,No,
L02953,13-04-2025,,Google Organic,Root Canal,Clinic A,Contacted - No Appointment,31,No,
L02954,03-02-2025,P02954,Instagram,General Dentistry,Clinic D,Appointment Booked,40,Yes,15-02-2025
L02955,14-08-2025,P02955,Google Ads,Dental Crown,Clinic D,Appointment Booked,8,Yes,21-08-2025
L02956,16-07-2025,,Google Ads,Dental Implant,Clinic C,Contacted - No Appointment,25,No,
L02957,12-02-2025,P02957,Facebook,General Dentistry,Clinic C,Appointment Booked,17,Yes,15-02-2025
L02958,05-05-2025,,Google Ads,Dental Implant,Clinic A,Contacted - No Appointment,25,No,
L02959,14-04-2025,,Facebook,Teeth Whitening,Clinic D,Contacted - No Appointment,28,No,
L02960,20-06-2025,P02960,Google Organic,Dental Crown,Clinic D,Appointment Booked,29,Yes,26-06-2025
L02961,25-07-2025,,Google Organic,Invisalign,Clinic A,Contacted - No Appointment,10,No,
L02962,16-10-2025,,Facebook,Dental Implant,Clinic C,Not Contacted/Cold,75,No,
L02963,24-07-2025,,Google Ads,General Dentistry,Clinic A,Contacted - No Appointment,19,No,
L02964,08-04-2025,P02964,Google Organic,Root Canal,Clinic A,Appointment Booked,7,Yes,17-04-2025
L02965,23-11-2025,P02965,Referral,Dental Crown,Clinic A,Appointment Booked,34,Yes,24-11-2025
L02966,10-01-2025,,Facebook,Root Canal,Clinic A,Contacted - No Appointment,11,No,
L02967,08-03-2025,,Google Ads,Teeth Whitening,Clinic B,Contacted - No Appointment,19,No,
L02968,03-07-2025,,Google Organic,Root Canal,Clinic B,Contacted - No Appointment,15,No,
L02969,02-10-2025,,Google Organic,Invisalign,Clinic B,Contacted - No Appointment,26,No,
L02970,02-06-2025,,Google Ads,Root Canal,Clinic B,Contacted - No Appointment,40,No,
L02971,13-09-2025,,Instagram,General Dentistry,Clinic B,Contacted - No Appointment,22,No,
L02972,25-09-2025,P02972,Instagram,Root Canal,Clinic A,Appointment Booked,13,Yes,06-10-2025
L02973,09-12-2025,P02973,Facebook,Invisalign,Clinic C,Appointment Booked,54,Yes,21-12-2025
L02974,14-01-2025,,Google Organic,General Dentistry,Clinic B,Contacted - No Appointment,44,No,
L02975,15-12-2025,,Facebook,Teeth Whitening,Clinic B,Not Contacted/Cold,76,No,
L02976,06-02-2025,,Google Organic,Dental Implant,Clinic D,Contacted - No Appointment,12,No,
L02977,07-07-2025,P02977,Facebook,General Dentistry,Clinic C,Appointment Booked,8,Yes,20-07-2025
L02978,16-08-2025,P02978,Google Ads,Dental Crown,Clinic D,Appointment Booked,5,Yes,23-08-2025
L02979,27-02-2025,P02979,Instagram,Dental Implant,Clinic B,Appointment Booked,6,Yes,08-03-2025
L02980,19-06-2025,,Google Organic,Invisalign,Clinic A,Contacted - No Appointment,15,No,
L02981,24-02-2025,,Referral,Dental Crown,Clinic C,Contacted - No Appointment,23,No,
L02982,30-06-2025,P02982,Facebook,Teeth Whitening,Clinic A,Appointment Booked,10,Yes,11-07-2025
L02983,13-06-2025,,Google Ads,Invisalign,Clinic B,Contacted - No Appointment,8,No,
L02984,17-07-2025,P02984,Referral,Invisalign,Clinic A,Appointment Booked,26,Yes,27-07-2025
L02985,20-10-2025,P02985,Instagram,Invisalign,Clinic D,Appointment Booked,39,Yes,31-10-2025
L02986,17-09-2025,,Referral,Dental Crown,Clinic A,Contacted - No Appointment,2,No,
L02987,11-11-2025,P02987,Google Ads,Dental Implant,Clinic D,Appointment Booked,2,Yes,23-11-2025
L02988,24-01-2025,,Facebook,Dental Implant,Clinic D,Contacted - No Appointment,19,No,
L02989,28-11-2025,P02989,Google Ads,Dental Crown,Clinic B,Appointment Booked,29,Yes,06-12-2025
L02990,14-10-2025,,Google Organic,Teeth Whitening,Clinic C,Contacted - No Appointment,9,No,
L02991,03-09-2025,P02991,Referral,Root Canal,Clinic C,Appointment Booked,5,Yes,11-09-2025
L02992,10-01-2025,P02992,Facebook,Root Canal,Clinic D,Appointment Booked,36,Yes,15-01-2025
L02993,09-12-2025,,Google Ads,Root Canal,Clinic B,Contacted - No Appointment,19,No,
L02994,14-09-2025,,Google Ads,Root Canal,Clinic D,Contacted - No Appointment,9,No,
L02995,18-06-2025,,Instagram,General Dentistry,Clinic B,Not Contacted/Cold,56,No,
L02996,05-11-2025,P02996,Facebook,Teeth Whitening,Clinic D,Appointment Booked,30,Yes,12-11-2025
L02997,07-05-2025,P02997,Google Organic,Invisalign,Clinic B,Appointment Booked,17,Yes,19-05-2025
L02998,24-03-2025,,Facebook,Root Canal,Clinic B,Contacted - No Appointment,35,No,
L02999,05-10-2025,,Facebook,Root Canal,Clinic D,Contacted - No Appointment,5,No,
L03000,06-03-2025,P03000,Google Ads,Dental Crown,Clinic D,Appointment Booked,14,Yes,19-03-2025
L03001,14-01-2025,,Instagram,Root Canal,Clinic C,Contacted - No Appointment,11,No,
L03002,19-12-2025,,Facebook,Teeth Whitening,Clinic A,Contacted - No Appointment,15,No,
L03003,05-02-2025,,Referral,Teeth Whitening,Clinic B,Contacted - No Appointment,45,No,
L03004,14-12-2025,P03004,Instagram,Root Canal,Clinic D,Appointment Booked,50,Yes,19-12-2025
L03005,06-03-2025,P03005,Facebook,General Dentistry,Clinic D,Appointment Booked,22,Yes,14-03-2025
L03006,19-12-2025,,Google Ads,Teeth Whitening,Clinic D,Contacted - No Appointment,12,No,
L03007,20-08-2025,,Referral,Teeth Whitening,Clinic A,Contacted - No Appointment,7,No,
L03008,27-06-2025,P03008,Google Ads,General Dentistry,Clinic B,Appointment Booked,46,Yes,28-06-2025
L03009,10-04-2025,,Facebook,Invisalign,Clinic C,Contacted - No Appointment,27,No,
L03010,06-08-2025,,Referral,Invisalign,Clinic D,Contacted - No Appointment,11,No,
L03011,17-05-2025,,Instagram,General Dentistry,Clinic A,Contacted - No Appointment,11,No,
L03012,02-06-2025,,Facebook,Teeth Whitening,Clinic D,Contacted - No Appointment,21,No,
L03013,05-01-2025,P03013,Google Ads,General Dentistry,Clinic C,Appointment Booked,5,Yes,11-01-2025
L03014,20-06-2025,,Google Organic,Dental Implant,Clinic A,Contacted - No Appointment,16,No,
L03015,11-12-2025,,Google Ads,Dental Crown,Clinic B,Contacted - No Appointment,10,No,
L03016,02-09-2025,P03016,Google Ads,Dental Implant,Clinic B,Appointment Booked,35,Yes,05-09-2025
L03017,20-06-2025,,Google Ads,Root Canal,Clinic C,Contacted - No Appointment,21,No,
L03018,05-07-2025,P03018,Google Ads,Dental Implant,Clinic A,Appointment Booked,12,Yes,16-07-2025
L03019,12-09-2025,,Referral,Dental Implant,Clinic A,Contacted - No Appointment,9,No,
L03020,03-10-2025,,Instagram,Dental Implant,Clinic D,Not Contacted/Cold,54,No,
L03021,23-06-2025,,Instagram,Dental Crown,Clinic A,Not Contacted/Cold,48,No,
L03022,22-12-2025,P03022,Referral,Root Canal,Clinic A,Appointment Booked,1,Yes,27-12-2025
L03023,17-02-2025,,Google Ads,Dental Implant,Clinic B,Not Contacted/Cold,51,No,
L03024,02-10-2025,P03024,Google Ads,Invisalign,Clinic C,Appointment Booked,8,Yes,05-10-2025
L03025,10-09-2025,P03025,Instagram,Dental Implant,Clinic D,Appointment Booked,24,Yes,16-09-2025
L03026,08-12-2025,P03026,Facebook,General Dentistry,Clinic B,Appointment Booked,22,Yes,14-12-2025
L03027,02-05-2025,P03027,Facebook,Invisalign,Clinic D,Appointment Booked,7,Yes,08-05-2025
L03028,23-01-2025,,Google Ads,Invisalign,Clinic C,Contacted - No Appointment,32,No,
L03029,26-03-2025,P03029,Facebook,General Dentistry,Clinic A,Appointment Booked,9,Yes,27-03-2025
L03030,01-08-2025,,Google Ads,Dental Crown,Clinic A,Contacted - No Appointment,21,No,
L03031,19-07-2025,,Google Ads,Teeth Whitening,Clinic B,Not Contacted/Cold,65,No,
L03032,05-07-2025,,Google Ads,Dental Crown,Clinic B,Contacted - No Appointment,16,No,
L03033,31-08-2025,,Facebook,General Dentistry,Clinic C,Contacted - No Appointment,18,No,
L03034,21-05-2025,P03034,Facebook,Invisalign,Clinic C,Appointment Booked,17,Yes,28-05-2025
L03035,27-09-2025,P03035,Facebook,General Dentistry,Clinic B,Appointment Booked,11,Yes,08-10-2025
L03036,29-09-2025,,Referral,General Dentistry,Clinic A,Contacted - No Appointment,3,No,
L03037,08-04-2025,P03037,Referral,Dental Crown,Clinic A,Appointment Booked,16,Yes,16-04-2025
L03038,22-06-2025,P03038,Instagram,Dental Crown,Clinic C,Appointment Booked,5,Yes,25-06-2025
L03039,05-10-2025,,Referral,Dental Crown,Clinic B,Contacted - No Appointment,29,No,
L03040,27-06-2025,,Referral,Dental Implant,Clinic C,Contacted - No Appointment,16,No,
L03041,03-06-2025,P03041,Facebook,Invisalign,Clinic A,Appointment Booked,4,Yes,04-06-2025
L03042,13-06-2025,P03042,Facebook,General Dentistry,Clinic C,Appointment Booked,48,Yes,15-06-2025
L03043,23-07-2025,P03043,Referral,Root Canal,Clinic D,Appointment Booked,13,Yes,30-07-2025
L03044,21-02-2025,,Instagram,Root Canal,Clinic A,Contacted - No Appointment,18,No,
L03045,01-08-2025,,Google Ads,Teeth Whitening,Clinic B,Contacted - No Appointment,19,No,
L03046,28-09-2025,P03046,Google Organic,Root Canal,Clinic D,Appointment Booked,38,Yes,29-09-2025
L03047,29-09-2025,,Google Ads,Dental Implant,Clinic B,Contacted - No Appointment,18,No,
L03048,27-04-2025,,Facebook,Teeth Whitening,Clinic C,Contacted - No Appointment,14,No,
L03049,21-05-2025,,Google Ads,Teeth Whitening,Clinic A,Contacted - No Appointment,12,No,
L03050,12-08-2025,P03050,Google Ads,Dental Implant,Clinic C,Appointment Booked,11,Yes,13-08-2025
L03051,06-02-2025,P03051,Google Ads,General Dentistry,Clinic A,Appointment Booked,6,Yes,15-02-2025
L03052,20-06-2025,,Referral,Invisalign,Clinic D,Contacted - No Appointment,13,No,
L03053,17-04-2025,,Google Ads,Root Canal,Clinic C,Contacted - No Appointment,15,No,
L03054,05-05-2025,,Google Ads,Dental Implant,Clinic D,Contacted - No Appointment,38,No,
L03055,29-08-2025,,Google Ads,Dental Crown,Clinic C,Contacted - No Appointment,37,No,
L03056,07-10-2025,P03056,Instagram,Root Canal,Clinic C,Appointment Booked,13,Yes,21-10-2025
L03057,15-11-2025,,Referral,Root Canal,Clinic B,Contacted - No Appointment,6,No,
L03058,16-08-2025,,Google Ads,General Dentistry,Clinic D,Contacted - No Appointment,9,No,
L03059,10-06-2025,P03059,Google Ads,Dental Implant,Clinic D,Appointment Booked,22,Yes,24-06-2025
L03060,26-05-2025,,Facebook,Teeth Whitening,Clinic B,Contacted - No Appointment,10,No,
L03061,10-02-2025,P03061,Instagram,Dental Crown,Clinic D,Appointment Booked,19,Yes,17-02-2025
L03062,09-09-2025,P03062,Google Ads,General Dentistry,Clinic C,Appointment Booked,3,Yes,19-09-2025
L03063,16-03-2025,,Facebook,Dental Crown,Clinic C,Contacted - No Appointment,41,No,
L03064,03-11-2025,,Facebook,Dental Implant,Clinic B,Contacted - No Appointment,17,No,
L03065,03-03-2025,,Facebook,Dental Implant,Clinic A,Contacted - No Appointment,15,No,
L03066,09-07-2025,,Referral,General Dentistry,Clinic A,Contacted - No Appointment,29,No,
L03067,17-07-2025,P03067,Google Ads,General Dentistry,Clinic A,Appointment Booked,14,Yes,29-07-2025
L03068,12-02-2025,P03068,Google Ads,Invisalign,Clinic B,Appointment Booked,4,Yes,14-02-2025
L03069,21-08-2025,,Google Organic,Dental Crown,Clinic B,Contacted - No Appointment,16,No,
L03070,14-11-2025,P03070,Google Organic,Root Canal,Clinic B,Appointment Booked,17,Yes,24-11-2025
L03071,02-11-2025,,Google Ads,General Dentistry,Clinic D,Contacted - No Appointment,21,No,
L03072,21-09-2025,,Referral,General Dentistry,Clinic B,Not Contacted/Cold,57,No,
L03073,14-01-2025,,Google Organic,General Dentistry,Clinic B,Contacted - No Appointment,26,No,
L03074,12-05-2025,P03074,Google Ads,General Dentistry,Clinic A,Appointment Booked,19,Yes,18-05-2025
L03075,13-02-2025,,Facebook,General Dentistry,Clinic A,Contacted - No Appointment,31,No,
L03076,27-09-2025,,Google Ads,Invisalign,Clinic D,Contacted - No Appointment,4,No,
L03077,17-07-2025,P03077,Google Ads,General Dentistry,Clinic C,Appointment Booked,39,Yes,18-07-2025
L03078,07-08-2025,,Google Ads,Teeth Whitening,Clinic D,Contacted - No Appointment,29,No,
L03079,15-01-2025,P03079,Instagram,General Dentistry,Clinic A,Appointment Booked,41,Yes,25-01-2025
L03080,20-05-2025,,Google Organic,Dental Crown,Clinic C,Contacted - No Appointment,14,No,
L03081,12-09-2025,,Facebook,Dental Implant,Clinic A,Contacted - No Appointment,24,No,
L03082,28-05-2025,,Facebook,Dental Crown,Clinic A,Contacted - No Appointment,14,No,
L03083,14-02-2025,P03083,Facebook,Dental Crown,Clinic A,Appointment Booked,55,Yes,23-02-2025
L03084,15-03-2025,,Instagram,Invisalign,Clinic A,Contacted - No Appointment,15,No,
L03085,31-10-2025,,Google Organic,Root Canal,Clinic B,Contacted - No Appointment,8,No,
L03086,23-09-2025,,Facebook,Dental Crown,Clinic A,Contacted - No Appointment,9,No,
L03087,14-12-2025,P03087,Instagram,Root Canal,Clinic D,Appointment Booked,21,Yes,23-12-2025
L03088,15-11-2025,P03088,Facebook,Root Canal,Clinic B,Appointment Booked,28,Yes,29-11-2025
L03089,17-12-2025,P03089,Google Organic,Dental Implant,Clinic A,Appointment Booked,9,Yes,18-12-2025
L03090,08-06-2025,P03090,Google Ads,General Dentistry,Clinic A,Appointment Booked,27,Yes,09-06-2025
L03091,27-11-2025,,Google Ads,Teeth Whitening,Clinic C,Contacted - No Appointment,39,No,
L03092,19-09-2025,P03092,Facebook,Dental Implant,Clinic A,Appointment Booked,36,Yes,30-09-2025
L03093,22-09-2025,,Referral,Teeth Whitening,Clinic D,Contacted - No Appointment,27,No,
L03094,15-05-2025,,Instagram,Teeth Whitening,Clinic D,Contacted - No Appointment,29,No,
L03095,11-12-2025,P03095,Referral,Dental Implant,Clinic A,Appointment Booked,25,Yes,12-12-2025
L03096,14-10-2025,P03096,Google Ads,Root Canal,Clinic B,Appointment Booked,4,Yes,21-10-2025
L03097,06-12-2025,P03097,Facebook,Dental Crown,Clinic A,Appointment Booked,32,Yes,18-12-2025
L03098,08-02-2025,,Facebook,Root Canal,Clinic C,Contacted - No Appointment,13,No,
L03099,01-06-2025,,Instagram,Teeth Whitening,Clinic B,Contacted - No Appointment,38,No,
L03100,07-10-2025,,Google Organic,Root Canal,Clinic B,Contacted - No Appointment,11,No,
L03101,31-01-2025,,Google Organic,Dental Implant,Clinic A,Contacted - No Appointment,15,No,
L03102,02-09-2025,P03102,Google Organic,General Dentistry,Clinic C,Appointment Booked,22,Yes,13-09-2025
L03103,23-01-2025,,Instagram,Invisalign,Clinic B,Not Contacted/Cold,67,No,
L03104,07-11-2025,,Referral,Teeth Whitening,Clinic A,Contacted - No Appointment,23,No,
L03105,09-02-2025,P03105,Facebook,Dental Implant,Clinic C,Appointment Booked,23,Yes,23-02-2025
L03106,21-09-2025,,Google Organic,Invisalign,Clinic C,Contacted - No Appointment,8,No,
L03107,13-10-2025,,Referral,Root Canal,Clinic D,Contacted - No Appointment,7,No,
L03108,07-02-2025,P03108,Facebook,Invisalign,Clinic A,Appointment Booked,13,Yes,14-02-2025
L03109,21-10-2025,,Google Organic,Root Canal,Clinic D,Contacted - No Appointment,28,No,
L03110,26-03-2025,,Facebook,Dental Implant,Clinic C,Contacted - No Appointment,23,No,
L03111,08-05-2025,,Google Ads,Dental Crown,Clinic A,Contacted - No Appointment,18,No,
L03112,28-12-2025,,Instagram,Dental Crown,Clinic C,Contacted - No Appointment,14,No,
L03113,21-08-2025,P03113,Google Ads,Dental Implant,Clinic B,Appointment Booked,32,Yes,04-09-2025
L03114,11-12-2025,P03114,Facebook,General Dentistry,Clinic D,Appointment Booked,48,Yes,18-12-2025
L03115,06-04-2025,P03115,Referral,Invisalign,Clinic A,Appointment Booked,31,Yes,14-04-2025
L03116,11-02-2025,,Google Ads,Invisalign,Clinic C,Contacted - No Appointment,42,No,
L03117,05-09-2025,,Google Ads,Dental Crown,Clinic B,Contacted - No Appointment,17,No,
L03118,12-11-2025,,Instagram,Root Canal,Clinic D,Contacted - No Appointment,28,No,
L03119,08-11-2025,,Facebook,Root Canal,Clinic B,Not Contacted/Cold,58,No,
L03120,04-04-2025,,Facebook,Dental Implant,Clinic D,Contacted - No Appointment,41,No,
L03121,31-08-2025,P03121,Facebook,Teeth Whitening,Clinic D,Appointment Booked,52,Yes,03-09-2025
L03122,07-12-2025,,Google Ads,Dental Crown,Clinic B,Contacted - No Appointment,42,No,
L03123,02-11-2025,,Google Ads,Dental Implant,Clinic D,Not Contacted/Cold,49,No,
L03124,03-01-2025,,Referral,Root Canal,Clinic D,Contacted - No Appointment,13,No,
L03125,02-10-2025,,Google Ads,Teeth Whitening,Clinic A,Contacted - No Appointment,11,No,
L03126,22-09-2025,,Facebook,Dental Crown,Clinic B,Contacted - No Appointment,17,No,
L03127,07-09-2025,,Referral,Dental Implant,Clinic C,Contacted - No Appointment,15,No,
L03128,26-08-2025,P03128,Google Organic,Root Canal,Clinic B,Appointment Booked,12,Yes,04-09-2025
L03129,01-08-2025,P03129,Google Ads,Invisalign,Clinic A,Appointment Booked,49,Yes,14-08-2025
L03130,22-07-2025,P03130,Facebook,Root Canal,Clinic A,Appointment Booked,7,Yes,27-07-2025
L03131,21-01-2025,,Google Organic,General Dentistry,Clinic B,Contacted - No Appointment,42,No,
L03132,25-09-2025,,Google Organic,Root Canal,Clinic B,Contacted - No Appointment,30,No,
L03133,27-02-2025,P03133,Google Organic,Root Canal,Clinic A,Appointment Booked,1,Yes,03-03-2025
L03134,15-02-2025,,Facebook,General Dentistry,Clinic D,Contacted - No Appointment,14,No,
L03135,22-11-2025,,Google Ads,Dental Crown,Clinic C,Contacted - No Appointment,13,No,
L03136,14-12-2025,P03136,Facebook,Dental Crown,Clinic A,Appointment Booked,10,Yes,15-12-2025
L03137,03-02-2025,P03137,Instagram,Invisalign,Clinic C,Appointment Booked,10,Yes,11-02-2025
L03138,04-09-2025,,Instagram,Dental Crown,Clinic C,Contacted - No Appointment,11,No,
L03139,27-05-2025,P03139,Google Ads,Dental Crown,Clinic D,Appointment Booked,10,Yes,31-05-2025
L03140,07-10-2025,,Google Ads,Root Canal,Clinic A,Contacted - No Appointment,14,No,
L03141,01-05-2025,P03141,Referral,General Dentistry,Clinic A,Appointment Booked,11,Yes,10-05-2025
L03142,28-05-2025,P03142,Google Ads,General Dentistry,Clinic D,Appointment Booked,12,Yes,30-05-2025
L03143,03-03-2025,,Google Ads,Teeth Whitening,Clinic D,Not Contacted/Cold,64,No,
L03144,13-02-2025,,Google Organic,Root Canal,Clinic C,Contacted - No Appointment,28,No,
L03145,13-05-2025,,Facebook,Root Canal,Clinic D,Contacted - No Appointment,45,No,
L03146,03-03-2025,,Google Ads,Invisalign,Clinic A,Contacted - No Appointment,7,No,
L03147,02-02-2025,P03147,Facebook,Invisalign,Clinic C,Appointment Booked,12,Yes,13-02-2025
L03148,18-02-2025,,Instagram,Teeth Whitening,Clinic A,Contacted - No Appointment,10,No,
L03149,21-02-2025,,Facebook,Root Canal,Clinic A,Not Contacted/Cold,68,No,
L03150,06-11-2025,,Referral,General Dentistry,Clinic D,Contacted - No Appointment,35,No,
L03151,19-05-2025,,Google Ads,Dental Implant,Clinic A,Contacted - No Appointment,17,No,
L03152,21-04-2025,P03152,Instagram,Root Canal,Clinic B,Appointment Booked,39,Yes,26-04-2025
L03153,14-08-2025,,Google Ads,Dental Crown,Clinic D,Contacted - No Appointment,17,No,
L03154,28-12-2025,P03154,Facebook,Root Canal,Clinic A,Appointment Booked,17,Yes,02-01-2026
L03155,23-03-2025,,Google Organic,General Dentistry,Clinic D,Contacted - No Appointment,11,No,
L03156,24-09-2025,,Google Ads,General Dentistry,Clinic D,Contacted - No Appointment,16,No,
L03157,30-08-2025,,Instagram,Dental Implant,Clinic C,Contacted - No Appointment,18,No,
L03158,27-04-2025,P03158,Google Ads,Dental Implant,Clinic A,Appointment Booked,9,Yes,04-05-2025
L03159,28-07-2025,P03159,Google Ads,Dental Implant,Clinic B,Appointment Booked,42,Yes,30-07-2025
L03160,08-12-2025,,Facebook,Dental Crown,Clinic B,Contacted - No Appointment,40,No,
L03161,16-05-2025,P03161,Google Organic,Root Canal,Clinic B,Appointment Booked,12,Yes,25-05-2025
L03162,18-01-2025,P03162,Google Ads,Teeth Whitening,Clinic B,Appointment Booked,3,Yes,31-01-2025
L03163,01-06-2025,P03163,Referral,Root Canal,Clinic D,Appointment Booked,17,Yes,05-06-2025
L03164,18-04-2025,,Google Ads,Dental Crown,Clinic A,Contacted - No Appointment,17,No,
L03165,30-08-2025,,Google Ads,Teeth Whitening,Clinic C,Contacted - No Appointment,35,No,
L03166,19-05-2025,P03166,Google Ads,Root Canal,Clinic A,Appointment Booked,21,Yes,21-05-2025
L03167,12-05-2025,P03167,Google Ads,Root Canal,Clinic C,Appointment Booked,4,Yes,15-05-2025
L03168,03-03-2025,,Google Ads,Dental Implant,Clinic D,Contacted - No Appointment,16,No,
L03169,13-02-2025,,Google Organic,Root Canal,Clinic B,Contacted - No Appointment,21,No,
L03170,28-08-2025,P03170,Facebook,Root Canal,Clinic A,Appointment Booked,12,Yes,29-08-2025
L03171,14-05-2025,,Facebook,Root Canal,Clinic C,Contacted - No Appointment,37,No,
L03172,14-11-2025,,Referral,General Dentistry,Clinic C,Contacted - No Appointment,37,No,
L03173,22-08-2025,,Facebook,General Dentistry,Clinic C,Contacted - No Appointment,20,No,
L03174,14-12-2025,,Google Ads,General Dentistry,Clinic B,Contacted - No Appointment,42,No,
L03175,02-03-2025,P03175,Google Ads,Root Canal,Clinic A,Appointment Booked,2,Yes,06-03-2025
L03176,28-05-2025,,Google Ads,Teeth Whitening,Clinic D,Contacted - No Appointment,25,No,
L03177,08-09-2025,,Facebook,Root Canal,Clinic D,Contacted - No Appointment,26,No,
L03178,08-05-2025,,Google Ads,Invisalign,Clinic B,Contacted - No Appointment,15,No,
L03179,12-01-2025,P03179,Facebook,Invisalign,Clinic D,Appointment Booked,3,Yes,23-01-2025
L03180,31-08-2025,P03180,Instagram,Dental Implant,Clinic B,Appointment Booked,16,Yes,03-09-2025
L03181,13-10-2025,,Google Organic,Invisalign,Clinic B,Contacted - No Appointment,13,No,
L03182,22-04-2025,,Google Organic,Root Canal,Clinic A,Not Contacted/Cold,47,No,
L03183,18-01-2025,,Google Ads,General Dentistry,Clinic B,Contacted - No Appointment,31,No,
L03184,16-08-2025,P03184,Google Ads,Invisalign,Clinic C,Appointment Booked,19,Yes,29-08-2025
L03185,09-10-2025,,Facebook,General Dentistry,Clinic A,Contacted - No Appointment,17,No,
L03186,25-03-2025,,Google Ads,Invisalign,Clinic B,Not Contacted/Cold,49,No,
L03187,29-04-2025,,Google Ads,Invisalign,Clinic D,Contacted - No Appointment,3,No,
L03188,31-10-2025,P03188,Facebook,Root Canal,Clinic C,Appointment Booked,3,Yes,11-11-2025
L03189,28-04-2025,,Facebook,Dental Crown,Clinic C,Not Contacted/Cold,64,No,
L03190,25-10-2025,P03190,Google Organic,Dental Implant,Clinic D,Appointment Booked,15,Yes,05-11-2025
L03191,19-04-2025,P03191,Facebook,Invisalign,Clinic A,Appointment Booked,7,Yes,26-04-2025
L03192,02-04-2025,,Referral,Root Canal,Clinic C,Contacted - No Appointment,3,No,
L03193,12-05-2025,,Google Organic,Invisalign,Clinic D,Not Contacted/Cold,50,No,
L03194,13-06-2025,P03194,Google Ads,Teeth Whitening,Clinic C,Appointment Booked,9,Yes,19-06-2025
L03195,31-08-2025,,Facebook,Root Canal,Clinic B,Contacted - No Appointment,8,No,
L03196,29-08-2025,,Instagram,Dental Implant,Clinic A,Contacted - No Appointment,24,No,
L03197,20-05-2025,,Google Organic,General Dentistry,Clinic D,Contacted - No Appointment,32,No,
L03198,27-01-2025,P03198,Facebook,Invisalign,Clinic B,Appointment Booked,23,Yes,06-02-2025
L03199,21-12-2025,P03199,Facebook,Teeth Whitening,Clinic D,Appointment Booked,23,Yes,29-12-2025
L03200,03-12-2025,P03200,Facebook,Teeth Whitening,Clinic C,Appointment Booked,10,Yes,15-12-2025
L03201,02-11-2025,,Google Ads,General Dentistry,Clinic C,Contacted - No Appointment,24,No,
L03202,24-02-2025,,Referral,Root Canal,Clinic D,Contacted - No Appointment,44,No,
L03203,11-04-2025,,Facebook,Dental Crown,Clinic C,Contacted - No Appointment,25,No,
L03204,03-08-2025,,Google Ads,Invisalign,Clinic B,Contacted - No Appointment,11,No,
L03205,23-07-2025,P03205,Google Ads,Dental Crown,Clinic C,Appointment Booked,33,Yes,04-08-2025
L03206,11-01-2025,,Referral,Root Canal,Clinic D,Contacted - No Appointment,11,No,
L03207,17-01-2025,,Instagram,Root Canal,Clinic B,Contacted - No Appointment,20,No,
L03208,11-09-2025,P03208,Google Organic,General Dentistry,Clinic B,Appointment Booked,21,Yes,25-09-2025
L03209,13-04-2025,P03209,Google Organic,Dental Implant,Clinic A,Appointment Booked,65,Yes,27-04-2025
L03210,30-04-2025,,Google Organic,General Dentistry,Clinic D,Contacted - No Appointment,26,No,
L03211,19-02-2025,P03211,Instagram,General Dentistry,Clinic A,Appointment Booked,9,Yes,21-02-2025
L03212,29-03-2025,,Google Ads,Root Canal,Clinic C,Contacted - No Appointment,8,No,
L03213,27-09-2025,P03213,Google Ads,Root Canal,Clinic B,Appointment Booked,20,Yes,28-09-2025
L03214,28-06-2025,,Instagram,Root Canal,Clinic B,Not Contacted/Cold,48,No,
L03215,01-07-2025,,Facebook,General Dentistry,Clinic C,Contacted - No Appointment,3,No,
L03216,28-11-2025,,Instagram,Dental Implant,Clinic A,Contacted - No Appointment,21,No,
L03217,07-04-2025,,Facebook,Dental Crown,Clinic C,Contacted - No Appointment,44,No,
L03218,01-08-2025,,Instagram,Dental Crown,Clinic D,Contacted - No Appointment,30,No,
L03219,28-11-2025,,Google Ads,General Dentistry,Clinic D,Not Contacted/Cold,56,No,
L03220,10-02-2025,,Google Ads,Teeth Whitening,Clinic A,Contacted - No Appointment,16,No,
L03221,22-06-2025,,Google Organic,Dental Crown,Clinic D,Contacted - No Appointment,8,No,
L03222,12-01-2025,,Google Ads,Dental Implant,Clinic C,Contacted - No Appointment,16,No,
L03223,14-05-2025,,Instagram,Root Canal,Clinic D,Contacted - No Appointment,9,No,
L03224,31-07-2025,,Facebook,Dental Implant,Clinic B,Not Contacted/Cold,62,No,
L03225,03-06-2025,,Referral,General Dentistry,Clinic C,Contacted - No Appointment,22,No,
L03226,25-04-2025,,Google Organic,Teeth Whitening,Clinic D,Contacted - No Appointment,25,No,
L03227,24-01-2025,,Facebook,Teeth Whitening,Clinic D,Contacted - No Appointment,8,No,
L03228,20-12-2025,P03228,Instagram,Dental Crown,Clinic B,Appointment Booked,12,Yes,03-01-2026
L03229,02-02-2025,,Google Ads,Root Canal,Clinic B,Contacted - No Appointment,36,No,
L03230,27-08-2025,P03230,Facebook,Dental Implant,Clinic B,Appointment Booked,19,Yes,03-09-2025
L03231,25-11-2025,,Google Organic,Invisalign,Clinic B,Contacted - No Appointment,14,No,
L03232,22-03-2025,,Instagram,Dental Implant,Clinic B,Contacted - No Appointment,21,No,
L03233,03-08-2025,,Facebook,Teeth Whitening,Clinic B,Contacted - No Appointment,14,No,
L03234,28-07-2025,P03234,Google Ads,Dental Implant,Clinic D,Appointment Booked,2,Yes,04-08-2025
L03235,13-03-2025,P03235,Google Organic,Teeth Whitening,Clinic A,Appointment Booked,6,Yes,14-03-2025
L03236,15-11-2025,,Google Ads,Dental Crown,Clinic C,Contacted - No Appointment,20,No,
L03237,29-12-2025,,Google Organic,Root Canal,Clinic A,Contacted - No Appointment,36,No,
L03238,20-10-2025,P03238,Instagram,Dental Implant,Clinic B,Appointment Booked,13,Yes,02-11-2025
L03239,20-08-2025,,Facebook,Invisalign,Clinic A,Not Contacted/Cold,49,No,
L03240,24-07-2025,P03240,Google Ads,Invisalign,Clinic B,Appointment Booked,36,Yes,27-07-2025
L03241,12-02-2025,,Google Ads,Teeth Whitening,Clinic D,Contacted - No Appointment,39,No,
L03242,22-03-2025,,Referral,Dental Implant,Clinic D,Contacted - No Appointment,5,No,
L03243,19-01-2025,,Google Organic,General Dentistry,Clinic A,Contacted - No Appointment,35,No,
L03244,13-08-2025,,Instagram,Teeth Whitening,Clinic B,Contacted - No Appointment,12,No,
L03245,26-04-2025,,Facebook,Invisalign,Clinic B,Not Contacted/Cold,51,No,
L03246,15-03-2025,P03246,Instagram,Teeth Whitening,Clinic D,Appointment Booked,16,Yes,17-03-2025
L03247,30-10-2025,,Facebook,Dental Crown,Clinic D,Contacted - No Appointment,12,No,
L03248,18-10-2025,,Instagram,Teeth Whitening,Clinic C,Contacted - No Appointment,12,No,
L03249,13-04-2025,,Facebook,Invisalign,Clinic C,Contacted - No Appointment,31,No,
L03250,19-03-2025,,Google Organic,Dental Implant,Clinic D,Contacted - No Appointment,5,No,
L03251,04-04-2025,,Google Organic,Invisalign,Clinic A,Contacted - No Appointment,22,No,
L03252,30-11-2025,P03252,Facebook,Root Canal,Clinic B,Appointment Booked,18,Yes,01-12-2025
L03253,29-12-2025,P03253,Google Organic,Teeth Whitening,Clinic D,Appointment Booked,10,Yes,05-01-2026
L03254,29-06-2025,,Facebook,Teeth Whitening,Clinic C,Contacted - No Appointment,39,No,
L03255,01-08-2025,P03255,Google Ads,General Dentistry,Clinic C,Appointment Booked,29,Yes,12-08-2025
L03256,29-07-2025,P03256,Google Ads,Dental Implant,Clinic C,Appointment Booked,10,Yes,11-08-2025
L03257,04-10-2025,P03257,Google Organic,Dental Implant,Clinic B,Appointment Booked,7,Yes,14-10-2025
L03258,11-10-2025,,Referral,Dental Crown,Clinic C,Contacted - No Appointment,17,No,
L03259,31-05-2025,P03259,Google Organic,Invisalign,Clinic C,Appointment Booked,30,Yes,10-06-2025
L03260,08-07-2025,P03260,Instagram,Invisalign,Clinic B,Appointment Booked,26,Yes,18-07-2025
L03261,13-11-2025,,Google Ads,Root Canal,Clinic C,Contacted - No Appointment,30,No,
L03262,11-08-2025,,Google Ads,Dental Implant,Clinic D,Contacted - No Appointment,3,No,
L03263,08-10-2025,P03263,Facebook,Dental Crown,Clinic A,Appointment Booked,9,Yes,16-10-2025
L03264,21-12-2025,,Referral,Invisalign,Clinic B,Contacted - No Appointment,24,No,
L03265,13-05-2025,P03265,Referral,Dental Crown,Clinic B,Appointment Booked,10,Yes,16-05-2025
L03266,29-01-2025,,Google Ads,General Dentistry,Clinic C,Contacted - No Appointment,39,No,
L03267,13-04-2025,,Google Organic,Dental Implant,Clinic A,Contacted - No Appointment,16,No,
L03268,04-01-2025,P03268,Instagram,General Dentistry,Clinic C,Appointment Booked,7,Yes,06-01-2025
L03269,10-09-2025,,Google Ads,Root Canal,Clinic D,Contacted - No Appointment,7,No,
L03270,26-12-2025,,Facebook,General Dentistry,Clinic B,Contacted - No Appointment,21,No,
L03271,07-09-2025,,Google Organic,Invisalign,Clinic D,Contacted - No Appointment,8,No,
L03272,17-12-2025,,Google Ads,Dental Crown,Clinic D,Contacted - No Appointment,3,No,
L03273,01-08-2025,P03273,Referral,Root Canal,Clinic A,Appointment Booked,10,Yes,13-08-2025
L03274,02-07-2025,,Google Ads,Teeth Whitening,Clinic A,Not Contacted/Cold,63,No,
L03275,24-05-2025,,Google Ads,Dental Crown,Clinic D,Contacted - No Appointment,2,No,
L03276,10-06-2025,,Google Ads,Root Canal,Clinic D,Contacted - No Appointment,12,No,
L03277,14-11-2025,,Google Organic,General Dentistry,Clinic A,Contacted - No Appointment,12,No,
L03278,14-04-2025,P03278,Facebook,Root Canal,Clinic A,Appointment Booked,11,Yes,18-04-2025
L03279,19-02-2025,P03279,Google Organic,Invisalign,Clinic A,Appointment Booked,17,Yes,27-02-2025
L03280,26-08-2025,,Facebook,Dental Crown,Clinic D,Contacted - No Appointment,23,No,
L03281,13-08-2025,P03281,Facebook,Dental Crown,Clinic A,Appointment Booked,34,Yes,20-08-2025
L03282,27-06-2025,P03282,Google Organic,Root Canal,Clinic B,Appointment Booked,79,Yes,01-07-2025
L03283,05-03-2025,,Facebook,Root Canal,Clinic D,Contacted - No Appointment,30,No,
L03284,10-04-2025,P03284,Google Organic,General Dentistry,Clinic A,Appointment Booked,39,Yes,18-04-2025
L03285,19-07-2025,,Google Ads,Teeth Whitening,Clinic C,Contacted - No Appointment,13,No,
L03286,04-05-2025,,Instagram,Dental Implant,Clinic B,Contacted - No Appointment,18,No,
L03287,05-03-2025,P03287,Google Organic,Invisalign,Clinic D,Appointment Booked,16,Yes,17-03-2025
L03288,02-08-2025,,Referral,General Dentistry,Clinic B,Contacted - No Appointment,11,No,
L03289,20-04-2025,,Google Ads,Teeth Whitening,Clinic C,Contacted - No Appointment,20,No,
L03290,21-07-2025,,Instagram,General Dentistry,Clinic C,Contacted - No Appointment,5,No,
L03291,29-03-2025,,Facebook,Invisalign,Clinic A,Contacted - No Appointment,12,No,
L03292,31-07-2025,,Facebook,Teeth Whitening,Clinic A,Contacted - No Appointment,43,No,
L03293,08-06-2025,P03293,Google Ads,Teeth Whitening,Clinic B,Appointment Booked,21,Yes,17-06-2025
L03294,03-08-2025,,Google Ads,Invisalign,Clinic B,Contacted - No Appointment,43,No,
L03295,04-11-2025,,Google Organic,Dental Crown,Clinic D,Contacted - No Appointment,22,No,
L03296,06-12-2025,,Google Organic,Dental Crown,Clinic D,Contacted - No Appointment,16,No,
L03297,02-08-2025,,Facebook,Root Canal,Clinic B,Contacted - No Appointment,8,No,
L03298,21-12-2025,P03298,Google Organic,General Dentistry,Clinic C,Appointment Booked,19,Yes,28-12-2025
L03299,26-06-2025,P03299,Google Ads,General Dentistry,Clinic C,Appointment Booked,11,Yes,05-07-2025
L03300,20-08-2025,,Instagram,General Dentistry,Clinic D,Contacted - No Appointment,6,No,
L03301,16-04-2025,,Referral,Teeth Whitening,Clinic B,Contacted - No Appointment,9,No,
L03302,17-11-2025,P03302,Google Organic,Root Canal,Clinic B,Appointment Booked,27,Yes,30-11-2025
L03303,27-06-2025,P03303,Facebook,Root Canal,Clinic B,Appointment Booked,42,Yes,01-07-2025
L03304,22-06-2025,,Google Organic,General Dentistry,Clinic C,Contacted - No Appointment,28,No,
L03305,29-07-2025,P03305,Facebook,Root Canal,Clinic B,Appointment Booked,9,Yes,05-08-2025
L03306,18-01-2025,,Google Organic,Invisalign,Clinic B,Contacted - No Appointment,21,No,
L03307,12-01-2025,,Facebook,Root Canal,Clinic A,Contacted - No Appointment,15,No,
L03308,23-02-2025,,Google Organic,Dental Implant,Clinic C,Contacted - No Appointment,24,No,
L03309,29-09-2025,P03309,Google Ads,Dental Crown,Clinic A,Appointment Booked,12,Yes,07-10-2025
L03310,04-03-2025,,Instagram,Invisalign,Clinic A,Contacted - No Appointment,32,No,
L03311,22-12-2025,,Instagram,Invisalign,Clinic B,Contacted - No Appointment,32,No,
L03312,31-01-2025,,Instagram,General Dentistry,Clinic A,Contacted - No Appointment,30,No,
L03313,20-01-2025,P03313,Google Organic,Teeth Whitening,Clinic C,Appointment Booked,21,Yes,21-01-2025
L03314,04-08-2025,,Referral,Teeth Whitening,Clinic B,Contacted - No Appointment,33,No,
L03315,09-02-2025,P03315,Google Organic,Dental Crown,Clinic B,Appointment Booked,5,Yes,17-02-2025
L03316,12-07-2025,,Google Ads,General Dentistry,Clinic C,Contacted - No Appointment,14,No,
L03317,20-04-2025,,Google Organic,Teeth Whitening,Clinic A,Contacted - No Appointment,40,No,
L03318,22-03-2025,P03318,Google Ads,Dental Crown,Clinic A,Appointment Booked,8,Yes,25-03-2025
L03319,20-09-2025,,Instagram,General Dentistry,Clinic D,Contacted - No Appointment,34,No,
L03320,05-08-2025,P03320,Referral,Invisalign,Clinic B,Appointment Booked,22,Yes,11-08-2025
L03321,06-03-2025,,Google Ads,General Dentistry,Clinic B,Contacted - No Appointment,17,No,
L03322,29-05-2025,P03322,Google Organic,Root Canal,Clinic A,Appointment Booked,14,Yes,02-06-2025
L03323,12-06-2025,,Google Organic,Root Canal,Clinic B,Contacted - No Appointment,9,No,
L03324,28-12-2025,,Facebook,Dental Implant,Clinic C,Contacted - No Appointment,34,No,
L03325,26-10-2025,,Facebook,Root Canal,Clinic C,Contacted - No Appointment,21,No,
L03326,14-02-2025,,Facebook,Dental Crown,Clinic C,Contacted - No Appointment,40,No,
L03327,22-08-2025,P03327,Referral,General Dentistry,Clinic A,Appointment Booked,29,Yes,28-08-2025
L03328,11-07-2025,,Google Ads,General Dentistry,Clinic A,Contacted - No Appointment,19,No,
L03329,10-01-2025,P03329,Instagram,General Dentistry,Clinic D,Appointment Booked,13,Yes,13-01-2025
L03330,11-11-2025,P03330,Google Ads,Invisalign,Clinic D,Appointment Booked,8,Yes,25-11-2025
L03331,29-03-2025,P03331,Google Ads,General Dentistry,Clinic A,Appointment Booked,6,Yes,06-04-2025
L03332,07-07-2025,,Google Organic,Root Canal,Clinic B,Contacted - No Appointment,39,No,
L03333,03-06-2025,,Facebook,General Dentistry,Clinic A,Contacted - No Appointment,16,No,
L03334,14-03-2025,,Referral,Invisalign,Clinic A,Contacted - No Appointment,27,No,
L03335,17-01-2025,P03335,Facebook,Root Canal,Clinic B,Appointment Booked,8,Yes,28-01-2025
L03336,20-04-2025,,Facebook,General Dentistry,Clinic A,Contacted - No Appointment,11,No,
L03337,30-01-2025,,Google Ads,General Dentistry,Clinic C,Contacted - No Appointment,15,No,
L03338,09-10-2025,,Referral,Dental Crown,Clinic C,Contacted - No Appointment,18,No,
L03339,02-05-2025,,Google Ads,Teeth Whitening,Clinic A,Contacted - No Appointment,4,No,
L03340,25-05-2025,P03340,Facebook,Dental Implant,Clinic A,Appointment Booked,5,Yes,05-06-2025
L03341,23-09-2025,P03341,Facebook,Teeth Whitening,Clinic D,Appointment Booked,10,Yes,03-10-2025
L03342,01-02-2025,P03342,Facebook,Dental Crown,Clinic A,Appointment Booked,21,Yes,13-02-2025
L03343,28-07-2025,,Instagram,Dental Implant,Clinic C,Contacted - No Appointment,26,No,
L03344,06-01-2025,P03344,Instagram,Dental Implant,Clinic B,Appointment Booked,26,Yes,09-01-2025
L03345,31-10-2025,,Google Ads,Dental Implant,Clinic C,Contacted - No Appointment,35,No,
L03346,21-08-2025,,Facebook,Teeth Whitening,Clinic B,Contacted - No Appointment,5,No,
L03347,22-10-2025,,Google Organic,Dental Implant,Clinic A,Contacted - No Appointment,19,No,
L03348,03-09-2025,,Facebook,Root Canal,Clinic A,Contacted - No Appointment,23,No,
L03349,01-02-2025,,Google Ads,Root Canal,Clinic A,Not Contacted/Cold,56,No,
L03350,23-12-2025,,Facebook,Dental Crown,Clinic B,Contacted - No Appointment,37,No,
L03351,02-06-2025,P03351,Google Ads,Teeth Whitening,Clinic C,Appointment Booked,16,Yes,16-06-2025
L03352,15-06-2025,,Google Ads,Dental Crown,Clinic B,Contacted - No Appointment,15,No,
L03353,27-01-2025,,Facebook,Root Canal,Clinic A,Contacted - No Appointment,8,No,
L03354,28-08-2025,,Facebook,Root Canal,Clinic C,Contacted - No Appointment,12,No,
L03355,07-08-2025,,Google Ads,Root Canal,Clinic C,Contacted - No Appointment,25,No,
L03356,12-06-2025,,Instagram,General Dentistry,Clinic D,Contacted - No Appointment,22,No,
L03357,04-06-2025,,Referral,Invisalign,Clinic C,Contacted - No Appointment,10,No,
L03358,25-06-2025,P03358,Referral,Invisalign,Clinic B,Appointment Booked,8,Yes,04-07-2025
L03359,12-08-2025,,Google Organic,Teeth Whitening,Clinic C,Contacted - No Appointment,29,No,
L03360,28-08-2025,P03360,Google Ads,Root Canal,Clinic D,Appointment Booked,24,Yes,31-08-2025
L03361,11-07-2025,P03361,Google Ads,General Dentistry,Clinic D,Appointment Booked,11,Yes,12-07-2025
L03362,20-01-2025,P03362,Google Organic,Invisalign,Clinic B,Appointment Booked,29,Yes,31-01-2025
L03363,15-08-2025,,Google Ads,Teeth Whitening,Clinic A,Contacted - No Appointment,18,No,
L03364,24-11-2025,,Google Ads,Dental Implant,Clinic B,Contacted - No Appointment,16,No,
L03365,26-07-2025,,Facebook,Root Canal,Clinic B,Contacted - No Appointment,4,No,
L03366,21-09-2025,P03366,Google Ads,Invisalign,Clinic C,Appointment Booked,20,Yes,02-10-2025
L03367,19-05-2025,P03367,Google Organic,Teeth Whitening,Clinic B,Appointment Booked,11,Yes,26-05-2025
L03368,28-03-2025,,Google Organic,General Dentistry,Clinic A,Contacted - No Appointment,17,No,
L03369,25-07-2025,P03369,Google Organic,Root Canal,Clinic C,Appointment Booked,24,Yes,26-07-2025
L03370,02-06-2025,P03370,Google Organic,General Dentistry,Clinic D,Appointment Booked,11,Yes,15-06-2025
L03371,13-07-2025,,Google Ads,Dental Crown,Clinic B,Contacted - No Appointment,8,No,
L03372,08-08-2025,P03372,Google Organic,General Dentistry,Clinic C,Appointment Booked,7,Yes,13-08-2025
L03373,14-10-2025,,Facebook,Teeth Whitening,Clinic B,Not Contacted/Cold,47,No,
L03374,27-01-2025,,Instagram,Dental Implant,Clinic D,Contacted - No Appointment,12,No,
L03375,17-02-2025,,Google Ads,Teeth Whitening,Clinic D,Contacted - No Appointment,14,No,
L03376,10-05-2025,,Google Organic,Root Canal,Clinic C,Contacted - No Appointment,22,No,
L03377,03-12-2025,P03377,Referral,Dental Implant,Clinic C,Appointment Booked,32,Yes,09-12-2025
L03378,28-11-2025,P03378,Google Ads,Invisalign,Clinic D,Appointment Booked,24,Yes,05-12-2025
L03379,19-07-2025,P03379,Google Ads,General Dentistry,Clinic B,Appointment Booked,10,Yes,23-07-2025
L03380,25-09-2025,P03380,Google Ads,General Dentistry,Clinic B,Appointment Booked,9,Yes,29-09-2025
L03381,19-05-2025,P03381,Facebook,Teeth Whitening,Clinic D,Appointment Booked,14,Yes,21-05-2025
L03382,30-03-2025,P03382,Google Ads,General Dentistry,Clinic A,Appointment Booked,39,Yes,13-04-2025
L03383,19-09-2025,,Google Organic,Teeth Whitening,Clinic B,Contacted - No Appointment,21,No,
L03384,16-02-2025,,Facebook,Dental Implant,Clinic D,Contacted - No Appointment,18,No,
L03385,09-07-2025,P03385,Facebook,Invisalign,Clinic C,Appointment Booked,14,Yes,16-07-2025
L03386,02-08-2025,P03386,Google Organic,Dental Implant,Clinic B,Appointment Booked,26,Yes,16-08-2025
L03387,03-08-2025,,Facebook,Dental Implant,Clinic A,Contacted - No Appointment,22,No,
L03388,17-06-2025,,Facebook,Invisalign,Clinic B,Contacted - No Appointment,36,No,
L03389,08-02-2025,P03389,Google Organic,Root Canal,Clinic B,Appointment Booked,3,Yes,16-02-2025
L03390,05-06-2025,,Google Organic,General Dentistry,Clinic A,Contacted - No Appointment,44,No,
L03391,26-08-2025,,Google Ads,General Dentistry,Clinic C,Contacted - No Appointment,24,No,
L03392,25-03-2025,P03392,Google Ads,Dental Crown,Clinic A,Appointment Booked,20,Yes,08-04-2025
L03393,20-02-2025,,Google Ads,General Dentistry,Clinic B,Contacted - No Appointment,15,No,
L03394,25-12-2025,,Facebook,Root Canal,Clinic B,Contacted - No Appointment,2,No,
L03395,23-10-2025,,Google Ads,General Dentistry,Clinic D,Contacted - No Appointment,20,No,
L03396,10-04-2025,P03396,Instagram,Root Canal,Clinic B,Appointment Booked,20,Yes,19-04-2025
L03397,02-03-2025,,Google Organic,Invisalign,Clinic A,Not Contacted/Cold,59,No,
L03398,28-08-2025,,Google Ads,General Dentistry,Clinic A,Contacted - No Appointment,8,No,
L03399,12-09-2025,P03399,Instagram,Root Canal,Clinic C,Appointment Booked,12,Yes,22-09-2025
L03400,09-05-2025,P03400,Facebook,Root Canal,Clinic C,Appointment Booked,23,Yes,10-05-2025
L03401,01-10-2025,,Facebook,Invisalign,Clinic B,Contacted - No Appointment,42,No,
L03402,12-06-2025,,Instagram,Dental Crown,Clinic B,Contacted - No Appointment,22,No,
L03403,22-04-2025,,Referral,General Dentistry,Clinic A,Contacted - No Appointment,16,No,
L03404,20-10-2025,,Google Ads,Dental Implant,Clinic C,Contacted - No Appointment,6,No,
L03405,19-08-2025,P03405,Google Ads,General Dentistry,Clinic B,Appointment Booked,20,Yes,23-08-2025
L03406,17-05-2025,P03406,Instagram,Dental Implant,Clinic A,Appointment Booked,9,Yes,22-05-2025
L03407,21-07-2025,P03407,Facebook,Root Canal,Clinic A,Appointment Booked,11,Yes,28-07-2025
L03408,30-04-2025,P03408,Google Ads,Dental Implant,Clinic A,Appointment Booked,21,Yes,08-05-2025
L03409,23-11-2025,P03409,Google Ads,Teeth Whitening,Clinic A,Appointment Booked,16,Yes,07-12-2025
L03410,05-11-2025,,Instagram,Dental Implant,Clinic C,Contacted - No Appointment,22,No,
L03411,26-12-2025,,Facebook,Dental Crown,Clinic A,Contacted - No Appointment,13,No,
L03412,01-05-2025,P03412,Referral,Invisalign,Clinic A,Appointment Booked,20,Yes,15-05-2025
L03413,22-09-2025,,Facebook,Dental Implant,Clinic A,Contacted - No Appointment,9,No,
L03414,12-08-2025,P03414,Google Ads,Teeth Whitening,Clinic D,Appointment Booked,10,Yes,21-08-2025
L03415,21-07-2025,P03415,Instagram,Invisalign,Clinic D,Appointment Booked,36,Yes,04-08-2025
L03416,07-12-2025,P03416,Google Ads,Invisalign,Clinic A,Appointment Booked,58,Yes,11-12-2025
L03417,11-12-2025,P03417,Facebook,Invisalign,Clinic B,Appointment Booked,54,Yes,15-12-2025
L03418,24-01-2025,,Facebook,Dental Crown,Clinic A,Contacted - No Appointment,11,No,
L03419,14-11-2025,,Facebook,Dental Crown,Clinic B,Contacted - No Appointment,25,No,
L03420,03-03-2025,,Google Organic,Dental Implant,Clinic A,Contacted - No Appointment,13,No,
L03421,28-06-2025,P03421,Google Ads,Invisalign,Clinic C,Appointment Booked,20,Yes,06-07-2025
L03422,05-03-2025,,Referral,Root Canal,Clinic C,Contacted - No Appointment,20,No,
L03423,26-12-2025,P03423,Google Organic,Invisalign,Clinic D,Appointment Booked,16,Yes,30-12-2025
L03424,11-12-2025,,Facebook,General Dentistry,Clinic A,Contacted - No Appointment,16,No,
L03425,13-06-2025,P03425,Google Ads,Teeth Whitening,Clinic D,Appointment Booked,3,Yes,19-06-2025
L03426,08-05-2025,,Google Ads,Dental Crown,Clinic D,Contacted - No Appointment,12,No,
L03427,11-05-2025,,Facebook,Invisalign,Clinic A,Contacted - No Appointment,26,No,
L03428,28-07-2025,,Instagram,Teeth Whitening,Clinic B,Contacted - No Appointment,32,No,
L03429,27-09-2025,,Google Ads,General Dentistry,Clinic A,Contacted - No Appointment,16,No,
L03430,08-10-2025,,Referral,Dental Crown,Clinic A,Not Contacted/Cold,46,No,
L03431,25-05-2025,P03431,Google Ads,Teeth Whitening,Clinic B,Appointment Booked,20,Yes,27-05-2025
L03432,01-03-2025,,Google Ads,Teeth Whitening,Clinic C,Contacted - No Appointment,41,No,
L03433,02-12-2025,P03433,Google Ads,Dental Crown,Clinic B,Appointment Booked,21,Yes,05-12-2025
L03434,13-06-2025,P03434,Google Ads,Invisalign,Clinic D,Appointment Booked,1,Yes,22-06-2025
L03435,30-11-2025,,Google Organic,Teeth Whitening,Clinic A,Contacted - No Appointment,42,No,
L03436,08-12-2025,P03436,Instagram,Invisalign,Clinic D,Appointment Booked,15,Yes,10-12-2025
L03437,26-03-2025,P03437,Google Ads,Teeth Whitening,Clinic A,Appointment Booked,15,Yes,08-04-2025
L03438,24-05-2025,,Referral,Teeth Whitening,Clinic D,Contacted - No Appointment,6,No,
L03439,15-09-2025,,Google Organic,General Dentistry,Clinic B,Contacted - No Appointment,33,No,
L03440,05-04-2025,,Google Organic,Root Canal,Clinic A,Not Contacted/Cold,120,No,
L03441,02-04-2025,,Google Organic,Invisalign,Clinic D,Contacted - No Appointment,7,No,
L03442,12-01-2025,,Instagram,Dental Implant,Clinic B,Contacted - No Appointment,42,No,
L03443,06-07-2025,,Facebook,Teeth Whitening,Clinic C,Contacted - No Appointment,15,No,
L03444,05-10-2025,,Facebook,General Dentistry,Clinic C,Contacted - No Appointment,32,No,
L03445,19-06-2025,,Google Ads,Dental Crown,Clinic B,Contacted - No Appointment,9,No,
L03446,16-08-2025,P03446,Instagram,Dental Implant,Clinic B,Appointment Booked,44,Yes,24-08-2025
L03447,16-01-2025,,Referral,General Dentistry,Clinic C,Contacted - No Appointment,28,No,
L03448,23-03-2025,,Instagram,General Dentistry,Clinic A,Contacted - No Appointment,15,No,
L03449,02-08-2025,P03449,Referral,Root Canal,Clinic C,Appointment Booked,38,Yes,14-08-2025
L03450,06-11-2025,,Facebook,Dental Crown,Clinic D,Contacted - No Appointment,20,No,
L03451,20-10-2025,,Google Organic,Teeth Whitening,Clinic A,Not Contacted/Cold,54,No,
L03452,13-09-2025,P03452,Instagram,Teeth Whitening,Clinic A,Appointment Booked,11,Yes,24-09-2025
L03453,19-12-2025,,Google Organic,General Dentistry,Clinic C,Contacted - No Appointment,36,No,
L03454,21-12-2025,P03454,Instagram,Dental Implant,Clinic B,Appointment Booked,30,Yes,22-12-2025
L03455,12-01-2025,P03455,Google Ads,Dental Crown,Clinic B,Appointment Booked,5,Yes,19-01-2025
L03456,20-01-2025,,Google Ads,Dental Crown,Clinic A,Contacted - No Appointment,6,No,
L03457,03-06-2025,,Referral,General Dentistry,Clinic B,Contacted - No Appointment,14,No,
L03458,21-08-2025,,Google Ads,General Dentistry,Clinic A,Contacted - No Appointment,24,No,
L03459,26-04-2025,,Facebook,General Dentistry,Clinic B,Contacted - No Appointment,32,No,
L03460,13-03-2025,P03460,Facebook,Root Canal,Clinic D,Appointment Booked,24,Yes,23-03-2025
L03461,05-11-2025,P03461,Facebook,General Dentistry,Clinic A,Appointment Booked,35,Yes,17-11-2025
L03462,26-08-2025,,Google Organic,Root Canal,Clinic B,Contacted - No Appointment,16,No,
L03463,19-10-2025,P03463,Google Organic,Root Canal,Clinic D,Appointment Booked,32,Yes,22-10-2025
L03464,04-03-2025,,Referral,Invisalign,Clinic C,Contacted - No Appointment,20,No,
L03465,05-09-2025,P03465,Facebook,Teeth Whitening,Clinic D,Appointment Booked,14,Yes,12-09-2025
L03466,19-02-2025,,Instagram,General Dentistry,Clinic B,Contacted - No Appointment,6,No,
L03467,29-04-2025,,Referral,Invisalign,Clinic D,Contacted - No Appointment,3,No,
L03468,09-06-2025,P03468,Referral,Dental Implant,Clinic A,Appointment Booked,16,Yes,21-06-2025
L03469,05-04-2025,,Referral,Teeth Whitening,Clinic A,Contacted - No Appointment,21,No,
L03470,18-10-2025,,Google Organic,Dental Crown,Clinic A,Contacted - No Appointment,11,No,
L03471,27-06-2025,,Google Ads,General Dentistry,Clinic B,Contacted - No Appointment,13,No,
L03472,05-10-2025,P03472,Google Ads,Invisalign,Clinic D,Appointment Booked,1,Yes,11-10-2025
L03473,18-01-2025,P03473,Google Organic,Dental Implant,Clinic B,Appointment Booked,14,Yes,29-01-2025
L03474,11-11-2025,P03474,Google Organic,Root Canal,Clinic C,Appointment Booked,8,Yes,23-11-2025
L03475,17-11-2025,,Google Organic,Dental Implant,Clinic C,Contacted - No Appointment,10,No,
L03476,03-08-2025,,Google Ads,Invisalign,Clinic C,Contacted - No Appointment,29,No,
L03477,24-07-2025,,Instagram,Dental Implant,Clinic B,Contacted - No Appointment,17,No,
L03478,18-04-2025,P03478,Facebook,Invisalign,Clinic C,Appointment Booked,24,Yes,23-04-2025
L03479,11-07-2025,P03479,Facebook,Dental Implant,Clinic B,Appointment Booked,4,Yes,14-07-2025
L03480,24-07-2025,,Facebook,General Dentistry,Clinic A,Contacted - No Appointment,40,No,
L03481,01-09-2025,,Referral,Invisalign,Clinic D,Contacted - No Appointment,19,No,
L03482,15-09-2025,,Google Ads,Root Canal,Clinic A,Contacted - No Appointment,31,No,
L03483,12-01-2025,,Instagram,General Dentistry,Clinic A,Contacted - No Appointment,7,No,
L03484,20-08-2025,,Facebook,Dental Crown,Clinic D,Contacted - No Appointment,26,No,
L03485,21-06-2025,P03485,Instagram,Dental Crown,Clinic B,Appointment Booked,14,Yes,26-06-2025
L03486,08-08-2025,,Instagram,Teeth Whitening,Clinic C,Not Contacted/Cold,62,No,
L03487,10-04-2025,,Referral,General Dentistry,Clinic B,Contacted - No Appointment,11,No,
L03488,01-08-2025,,Google Ads,General Dentistry,Clinic B,Contacted - No Appointment,20,No,
L03489,18-05-2025,P03489,Google Ads,Dental Crown,Clinic B,Appointment Booked,7,Yes,31-05-2025
L03490,31-01-2025,P03490,Google Organic,General Dentistry,Clinic B,Appointment Booked,20,Yes,04-02-2025
L03491,30-08-2025,P03491,Facebook,Root Canal,Clinic B,Appointment Booked,18,Yes,02-09-2025
L03492,04-09-2025,,Google Ads,Invisalign,Clinic C,Contacted - No Appointment,37,No,
L03493,22-04-2025,P03493,Facebook,General Dentistry,Clinic C,Appointment Booked,21,Yes,28-04-2025
L03494,11-06-2025,,Instagram,Root Canal,Clinic D,Contacted - No Appointment,15,No,
L03495,08-09-2025,P03495,Google Ads,General Dentistry,Clinic A,Appointment Booked,18,Yes,17-09-2025
L03496,25-04-2025,P03496,Google Ads,Dental Implant,Clinic B,Appointment Booked,4,Yes,01-05-2025
L03497,02-04-2025,,Google Organic,Root Canal,Clinic C,Contacted - No Appointment,22,No,
L03498,29-10-2025,,Facebook,General Dentistry,Clinic D,Contacted - No Appointment,34,No,
L03499,26-10-2025,P03499,Google Ads,Invisalign,Clinic A,Appointment Booked,20,Yes,04-11-2025
L03500,06-04-2025,P03500,Google Ads,General Dentistry,Clinic C,Appointment Booked,5,Yes,16-04-2025
L03501,05-06-2025,,Instagram,General Dentistry,Clinic D,Contacted - No Appointment,24,No,
L03502,30-05-2025,P03502,Google Ads,General Dentistry,Clinic A,Appointment Booked,24,Yes,05-06-2025
L03503,15-02-2025,,Google Organic,Dental Crown,Clinic D,Contacted - No Appointment,26,No,
L03504,14-12-2025,P03504,Google Organic,Dental Crown,Clinic A,Appointment Booked,18,Yes,17-12-2025
L03505,04-10-2025,,Facebook,General Dentistry,Clinic C,Contacted - No Appointment,21,No,
L03506,24-10-2025,P03506,Referral,Teeth Whitening,Clinic D,Appointment Booked,24,Yes,07-11-2025
L03507,08-06-2025,P03507,Facebook,Dental Crown,Clinic C,Appointment Booked,9,Yes,17-06-2025
L03508,15-01-2025,P03508,Google Ads,General Dentistry,Clinic B,Appointment Booked,10,Yes,17-01-2025
L03509,04-07-2025,P03509,Instagram,Dental Crown,Clinic A,Appointment Booked,26,Yes,08-07-2025
L03510,25-01-2025,,Instagram,General Dentistry,Clinic D,Contacted - No Appointment,10,No,
L03511,24-07-2025,,Facebook,Dental Implant,Clinic B,Contacted - No Appointment,17,No,
L03512,10-03-2025,P03512,Facebook,Dental Implant,Clinic A,Appointment Booked,26,Yes,17-03-2025
L03513,07-02-2025,,Facebook,Root Canal,Clinic C,Contacted - No Appointment,35,No,
L03514,14-11-2025,,Google Ads,Root Canal,Clinic B,Contacted - No Appointment,12,No,
L03515,01-12-2025,P03515,Google Organic,Teeth Whitening,Clinic A,Appointment Booked,10,Yes,05-12-2025
L03516,06-10-2025,,Instagram,Dental Implant,Clinic A,Contacted - No Appointment,26,No,
L03517,26-12-2025,P03517,Facebook,General Dentistry,Clinic A,Appointment Booked,36,Yes,05-01-2026
L03518,22-10-2025,P03518,Facebook,Invisalign,Clinic C,Appointment Booked,5,Yes,04-11-2025
L03519,20-09-2025,P03519,Facebook,Root Canal,Clinic C,Appointment Booked,19,Yes,23-09-2025
L03520,28-07-2025,,Google Ads,Invisalign,Clinic B,Not Contacted/Cold,47,No,
L03521,08-05-2025,P03521,Google Ads,Dental Crown,Clinic D,Appointment Booked,9,Yes,13-05-2025
L03522,19-07-2025,P03522,Google Ads,Dental Implant,Clinic D,Appointment Booked,26,Yes,23-07-2025
L03523,18-10-2025,,Facebook,Dental Implant,Clinic C,Contacted - No Appointment,17,No,
L03524,22-04-2025,,Facebook,Teeth Whitening,Clinic A,Contacted - No Appointment,18,No,
L03525,25-08-2025,,Google Organic,Invisalign,Clinic C,Contacted - No Appointment,16,No,
L03526,17-11-2025,,Facebook,Invisalign,Clinic B,Contacted - No Appointment,22,No,
L03527,07-11-2025,,Referral,Teeth Whitening,Clinic C,Contacted - No Appointment,37,No,
L03528,23-12-2025,P03528,Google Organic,Dental Implant,Clinic C,Appointment Booked,10,Yes,30-12-2025
L03529,07-06-2025,,Referral,Root Canal,Clinic B,Contacted - No Appointment,10,No,
L03530,19-01-2025,P03530,Referral,Dental Implant,Clinic D,Appointment Booked,22,Yes,02-02-2025
L03531,08-08-2025,,Instagram,Invisalign,Clinic A,Contacted - No Appointment,23,No,
L03532,03-03-2025,P03532,Instagram,Dental Crown,Clinic C,Appointment Booked,16,Yes,09-03-2025
L03533,28-01-2025,,Google Ads,Dental Implant,Clinic A,Contacted - No Appointment,34,No,
L03534,08-05-2025,P03534,Google Organic,General Dentistry,Clinic D,Appointment Booked,11,Yes,21-05-2025
L03535,03-02-2025,,Instagram,General Dentistry,Clinic A,Contacted - No Appointment,10,No,
L03536,06-08-2025,,Facebook,Dental Implant,Clinic A,Contacted - No Appointment,20,No,
L03537,06-05-2025,P03537,Google Organic,General Dentistry,Clinic B,Appointment Booked,9,Yes,14-05-2025
L03538,05-06-2025,P03538,Facebook,Invisalign,Clinic B,Appointment Booked,73,Yes,14-06-2025
L03539,10-03-2025,P03539,Facebook,Dental Implant,Clinic A,Appointment Booked,6,Yes,22-03-2025
L03540,01-01-2025,,Facebook,Dental Implant,Clinic C,Contacted - No Appointment,44,No,
L03541,01-11-2025,,Google Organic,Root Canal,Clinic B,Contacted - No Appointment,11,No,
L03542,08-12-2025,P03542,Referral,Dental Crown,Clinic A,Appointment Booked,6,Yes,13-12-2025
L03543,22-06-2025,P03543,Google Organic,Invisalign,Clinic B,Appointment Booked,22,Yes,05-07-2025
L03544,17-04-2025,,Google Organic,General Dentistry,Clinic D,Contacted - No Appointment,16,No,
L03545,14-06-2025,,Google Ads,Teeth Whitening,Clinic C,Not Contacted/Cold,60,No,
L03546,24-07-2025,P03546,Referral,Root Canal,Clinic C,Appointment Booked,24,Yes,01-08-2025
L03547,09-07-2025,,Google Ads,Teeth Whitening,Clinic C,Contacted - No Appointment,15,No,
L03548,17-08-2025,,Referral,General Dentistry,Clinic B,Contacted - No Appointment,17,No,
L03549,31-01-2025,P03549,Google Ads,Dental Implant,Clinic A,Appointment Booked,3,Yes,01-02-2025
L03550,16-06-2025,,Facebook,Invisalign,Clinic B,Contacted - No Appointment,2,No,
L03551,17-03-2025,P03551,Google Organic,Root Canal,Clinic D,Appointment Booked,4,Yes,25-03-2025
L03552,18-12-2025,,Instagram,Root Canal,Clinic D,Contacted - No Appointment,16,No,
L03553,12-08-2025,,Facebook,Root Canal,Clinic B,Contacted - No Appointment,18,No,
L03554,17-11-2025,,Google Organic,Invisalign,Clinic A,Contacted - No Appointment,24,No,
L03555,10-08-2025,,Facebook,Dental Crown,Clinic A,Contacted - No Appointment,29,No,
L03556,27-09-2025,,Google Ads,Dental Crown,Clinic B,Contacted - No Appointment,3,No,
L03557,17-11-2025,,Instagram,Dental Crown,Clinic C,Contacted - No Appointment,22,No,
L03558,01-06-2025,P03558,Google Ads,Dental Implant,Clinic A,Appointment Booked,39,Yes,14-06-2025
L03559,28-08-2025,P03559,Google Organic,Root Canal,Clinic D,Appointment Booked,13,Yes,06-09-2025
L03560,08-06-2025,,Google Ads,Root Canal,Clinic B,Not Contacted/Cold,70,No,
L03561,07-03-2025,P03561,Facebook,Root Canal,Clinic D,Appointment Booked,18,Yes,13-03-2025
L03562,15-02-2025,P03562,Facebook,General Dentistry,Clinic D,Appointment Booked,11,Yes,17-02-2025
L03563,07-11-2025,,Facebook,Root Canal,Clinic D,Contacted - No Appointment,32,No,
L03564,20-01-2025,P03564,Facebook,Dental Implant,Clinic C,Appointment Booked,24,Yes,23-01-2025
L03565,08-01-2025,,Instagram,Root Canal,Clinic C,Contacted - No Appointment,41,No,
L03566,20-11-2025,P03566,Referral,General Dentistry,Clinic C,Appointment Booked,29,Yes,04-12-2025
L03567,11-05-2025,,Google Organic,Teeth Whitening,Clinic C,Contacted - No Appointment,19,No,
L03568,25-11-2025,,Google Organic,Root Canal,Clinic C,Contacted - No Appointment,30,No,
L03569,06-10-2025,,Facebook,Invisalign,Clinic D,Contacted - No Appointment,4,No,
L03570,27-01-2025,P03570,Facebook,Root Canal,Clinic C,Appointment Booked,26,Yes,10-02-2025
L03571,20-01-2025,,Google Ads,Dental Crown,Clinic D,Contacted - No Appointment,17,No,
L03572,09-07-2025,,Facebook,General Dentistry,Clinic D,Contacted - No Appointment,6,No,
L03573,13-01-2025,,Google Organic,Dental Crown,Clinic A,Contacted - No Appointment,28,No,
L03574,07-05-2025,,Facebook,Dental Crown,Clinic A,Contacted - No Appointment,37,No,
L03575,05-02-2025,P03575,Facebook,Root Canal,Clinic B,Appointment Booked,14,Yes,18-02-2025
L03576,17-09-2025,P03576,Google Ads,Root Canal,Clinic C,Appointment Booked,9,Yes,20-09-2025
L03577,02-08-2025,,Google Ads,Teeth Whitening,Clinic D,Contacted - No Appointment,34,No,
L03578,07-06-2025,,Google Ads,Root Canal,Clinic B,Contacted - No Appointment,9,No,
L03579,20-07-2025,,Instagram,General Dentistry,Clinic C,Contacted - No Appointment,19,No,
L03580,21-07-2025,P03580,Facebook,Root Canal,Clinic C,Appointment Booked,18,Yes,31-07-2025
L03581,15-08-2025,,Instagram,Dental Implant,Clinic A,Contacted - No Appointment,9,No,
L03582,26-06-2025,,Facebook,Dental Crown,Clinic C,Contacted - No Appointment,6,No,
L03583,10-06-2025,,Google Organic,Dental Implant,Clinic D,Contacted - No Appointment,31,No,
L03584,23-12-2025,,Google Organic,Invisalign,Clinic A,Contacted - No Appointment,23,No,
L03585,03-09-2025,,Google Organic,Root Canal,Clinic C,Contacted - No Appointment,13,No,
L03586,12-02-2025,P03586,Facebook,Teeth Whitening,Clinic C,Appointment Booked,13,Yes,14-02-2025
L03587,07-02-2025,,Facebook,Root Canal,Clinic A,Contacted - No Appointment,24,No,
L03588,20-11-2025,P03588,Referral,Dental Implant,Clinic A,Appointment Booked,12,Yes,21-11-2025
L03589,26-11-2025,,Google Ads,Dental Crown,Clinic D,Contacted - No Appointment,16,No,
L03590,08-11-2025,,Google Ads,Root Canal,Clinic B,Contacted - No Appointment,11,No,
L03591,23-01-2025,,Facebook,General Dentistry,Clinic A,Contacted - No Appointment,14,No,
L03592,27-10-2025,P03592,Instagram,Root Canal,Clinic A,Appointment Booked,15,Yes,09-11-2025
L03593,15-02-2025,,Google Ads,Teeth Whitening,Clinic C,Contacted - No Appointment,25,No,
L03594,19-03-2025,P03594,Google Organic,Invisalign,Clinic C,Appointment Booked,11,Yes,01-04-2025
L03595,24-03-2025,,Instagram,Teeth Whitening,Clinic C,Contacted - No Appointment,35,No,
L03596,12-04-2025,,Facebook,Teeth Whitening,Clinic A,Contacted - No Appointment,24,No,
L03597,26-07-2025,P03597,Facebook,General Dentistry,Clinic D,Appointment Booked,17,Yes,27-07-2025
L03598,25-02-2025,,Facebook,Dental Implant,Clinic B,Contacted - No Appointment,15,No,
L03599,08-05-2025,,Google Ads,Root Canal,Clinic B,Contacted - No Appointment,13,No,
L03600,13-06-2025,,Google Ads,Dental Crown,Clinic B,Contacted - No Appointment,31,No,
L03601,17-05-2025,,Google Ads,Dental Implant,Clinic B,Contacted - No Appointment,12,No,
L03602,15-06-2025,,Google Organic,Root Canal,Clinic D,Contacted - No Appointment,3,No,
L03603,13-12-2025,,Instagram,General Dentistry,Clinic D,Contacted - No Appointment,12,No,
L03604,18-06-2025,,Facebook,Root Canal,Clinic B,Contacted - No Appointment,41,No,
L03605,08-11-2025,,Instagram,General Dentistry,Clinic D,Contacted - No Appointment,7,No,
L03606,20-12-2025,P03606,Instagram,Dental Implant,Clinic D,Appointment Booked,48,Yes,01-01-2026
L03607,07-09-2025,P03607,Facebook,Teeth Whitening,Clinic D,Appointment Booked,13,Yes,15-09-2025
L03608,14-02-2025,P03608,Google Ads,Dental Crown,Clinic A,Appointment Booked,12,Yes,17-02-2025
L03609,04-12-2025,P03609,Referral,Root Canal,Clinic C,Appointment Booked,54,Yes,12-12-2025
L03610,13-11-2025,,Instagram,General Dentistry,Clinic B,Contacted - No Appointment,20,No,
L03611,04-04-2025,P03611,Google Organic,Dental Implant,Clinic D,Appointment Booked,30,Yes,16-04-2025
L03612,16-01-2025,P03612,Facebook,General Dentistry,Clinic A,Appointment Booked,9,Yes,22-01-2025
L03613,19-11-2025,,Google Organic,Dental Crown,Clinic C,Contacted - No Appointment,14,No,
L03614,09-06-2025,,Instagram,Invisalign,Clinic B,Contacted - No Appointment,2,No,
L03615,08-10-2025,P03615,Google Ads,General Dentistry,Clinic B,Appointment Booked,11,Yes,14-10-2025
L03616,30-04-2025,,Referral,Root Canal,Clinic C,Contacted - No Appointment,14,No,
L03617,21-05-2025,,Facebook,Teeth Whitening,Clinic D,Contacted - No Appointment,13,No,
L03618,15-07-2025,P03618,Google Ads,Root Canal,Clinic C,Appointment Booked,16,Yes,23-07-2025
L03619,23-03-2025,P03619,Google Ads,General Dentistry,Clinic D,Appointment Booked,14,Yes,03-04-2025
L03620,13-09-2025,P03620,Google Organic,Dental Crown,Clinic B,Appointment Booked,3,Yes,19-09-2025
L03621,30-08-2025,P03621,Google Organic,Dental Implant,Clinic C,Appointment Booked,11,Yes,01-09-2025
L03622,17-12-2025,,Google Organic,Dental Crown,Clinic B,Contacted - No Appointment,19,No,
L03623,13-07-2025,,Referral,Invisalign,Clinic A,Contacted - No Appointment,22,No,
L03624,23-04-2025,,Facebook,Root Canal,Clinic C,Contacted - No Appointment,40,No,
L03625,18-12-2025,P03625,Instagram,Dental Implant,Clinic C,Appointment Booked,2,Yes,21-12-2025
L03626,08-08-2025,,Instagram,Dental Implant,Clinic C,Contacted - No Appointment,11,No,
L03627,25-04-2025,P03627,Referral,Invisalign,Clinic C,Appointment Booked,31,Yes,02-05-2025
L03628,26-03-2025,,Facebook,Root Canal,Clinic C,Contacted - No Appointment,18,No,
L03629,20-08-2025,P03629,Referral,Root Canal,Clinic A,Appointment Booked,12,Yes,29-08-2025
L03630,27-04-2025,,Google Ads,Root Canal,Clinic A,Contacted - No Appointment,33,No,
L03631,08-05-2025,,Google Organic,Invisalign,Clinic C,Contacted - No Appointment,18,No,
L03632,03-04-2025,,Instagram,Dental Crown,Clinic B,Contacted - No Appointment,28,No,
L03633,29-11-2025,P03633,Google Organic,Teeth Whitening,Clinic A,Appointment Booked,16,Yes,01-12-2025
L03634,04-12-2025,,Google Ads,Root Canal,Clinic B,Contacted - No Appointment,2,No,
L03635,24-10-2025,,Google Ads,General Dentistry,Clinic C,Contacted - No Appointment,40,No,
L03636,22-10-2025,,Google Ads,Dental Crown,Clinic B,Contacted - No Appointment,15,No,
L03637,06-04-2025,P03637,Instagram,Teeth Whitening,Clinic C,Appointment Booked,4,Yes,09-04-2025
L03638,21-04-2025,P03638,Instagram,Invisalign,Clinic C,Appointment Booked,11,Yes,24-04-2025
L03639,17-08-2025,,Referral,Dental Implant,Clinic B,Contacted - No Appointment,8,No,
L03640,07-10-2025,P03640,Facebook,General Dentistry,Clinic D,Appointment Booked,1,Yes,15-10-2025
L03641,15-01-2025,,Google Ads,General Dentistry,Clinic C,Contacted - No Appointment,13,No,
L03642,29-01-2025,P03642,Google Ads,Dental Implant,Clinic C,Appointment Booked,2,Yes,01-02-2025
L03643,28-07-2025,P03643,Google Ads,Root Canal,Clinic C,Appointment Booked,13,Yes,05-08-2025
L03644,30-12-2025,P03644,Google Organic,Dental Crown,Clinic A,Appointment Booked,20,Yes,13-01-2026
L03645,24-08-2025,,Google Organic,Dental Crown,Clinic C,Contacted - No Appointment,20,No,
L03646,31-03-2025,,Referral,General Dentistry,Clinic B,Contacted - No Appointment,10,No,
L03647,29-10-2025,,Facebook,Dental Implant,Clinic D,Contacted - No Appointment,6,No,
L03648,02-07-2025,P03648,Google Ads,Root Canal,Clinic D,Appointment Booked,30,Yes,06-07-2025
L03649,02-12-2025,,Google Ads,Dental Implant,Clinic C,Contacted - No Appointment,23,No,
L03650,28-01-2025,,Instagram,Root Canal,Clinic A,Contacted - No Appointment,11,No,
L03651,12-07-2025,P03651,Referral,Dental Implant,Clinic A,Appointment Booked,4,Yes,16-07-2025
L03652,06-01-2025,P03652,Google Ads,General Dentistry,Clinic B,Appointment Booked,7,Yes,16-01-2025
L03653,31-10-2025,,Google Ads,Root Canal,Clinic B,Not Contacted/Cold,49,No,
L03654,05-07-2025,,Google Organic,General Dentistry,Clinic B,Contacted - No Appointment,28,No,
L03655,01-07-2025,,Instagram,Dental Implant,Clinic C,Contacted - No Appointment,20,No,
L03656,26-09-2025,P03656,Google Ads,Invisalign,Clinic A,Appointment Booked,8,Yes,07-10-2025
L03657,15-08-2025,P03657,Google Organic,Invisalign,Clinic D,Appointment Booked,8,Yes,25-08-2025
L03658,30-11-2025,P03658,Google Ads,Root Canal,Clinic A,Appointment Booked,30,Yes,04-12-2025
L03659,28-08-2025,,Referral,Teeth Whitening,Clinic D,Contacted - No Appointment,43,No,
L03660,23-03-2025,,Google Ads,Root Canal,Clinic D,Contacted - No Appointment,31,No,
L03661,21-08-2025,,Google Ads,Invisalign,Clinic C,Contacted - No Appointment,13,No,
L03662,15-05-2025,,Facebook,Dental Implant,Clinic C,Contacted - No Appointment,9,No,
L03663,08-11-2025,,Google Ads,Dental Implant,Clinic B,Contacted - No Appointment,7,No,
L03664,06-12-2025,P03664,Facebook,Teeth Whitening,Clinic C,Appointment Booked,12,Yes,12-12-2025
L03665,15-09-2025,,Google Organic,Root Canal,Clinic B,Contacted - No Appointment,8,No,
L03666,04-01-2025,,Facebook,Teeth Whitening,Clinic B,Contacted - No Appointment,18,No,
L03667,26-02-2025,P03667,Instagram,Dental Crown,Clinic C,Appointment Booked,4,Yes,12-03-2025
L03668,04-08-2025,P03668,Facebook,Dental Implant,Clinic B,Appointment Booked,16,Yes,15-08-2025
L03669,15-03-2025,P03669,Google Ads,Dental Implant,Clinic C,Appointment Booked,58,Yes,18-03-2025
L03670,13-05-2025,,Referral,Teeth Whitening,Clinic B,Contacted - No Appointment,31,No,
L03671,30-07-2025,,Google Organic,Teeth Whitening,Clinic B,Contacted - No Appointment,18,No,
L03672,03-04-2025,,Google Ads,Root Canal,Clinic A,Not Contacted/Cold,58,No,
L03673,03-01-2025,,Facebook,Dental Implant,Clinic A,Contacted - No Appointment,23,No,
L03674,11-08-2025,,Instagram,Dental Implant,Clinic A,Contacted - No Appointment,8,No,
L03675,12-08-2025,,Google Ads,Invisalign,Clinic A,Contacted - No Appointment,29,No,
L03676,06-03-2025,,Instagram,Dental Implant,Clinic A,Contacted - No Appointment,6,No,
L03677,17-02-2025,,Facebook,Invisalign,Clinic D,Contacted - No Appointment,3,No,
L03678,03-11-2025,P03678,Google Ads,Root Canal,Clinic A,Appointment Booked,22,Yes,05-11-2025
L03679,17-12-2025,P03679,Google Ads,Dental Implant,Clinic C,Appointment Booked,25,Yes,18-12-2025
L03680,20-06-2025,,Google Organic,Dental Implant,Clinic B,Contacted - No Appointment,29,No,
L03681,08-05-2025,P03681,Facebook,General Dentistry,Clinic D,Appointment Booked,25,Yes,21-05-2025
L03682,07-04-2025,,Google Ads,Dental Crown,Clinic B,Contacted - No Appointment,21,No,
L03683,21-03-2025,P03683,Google Organic,General Dentistry,Clinic B,Appointment Booked,10,Yes,28-03-2025
L03684,24-12-2025,,Google Organic,Invisalign,Clinic C,Contacted - No Appointment,19,No,
L03685,24-08-2025,,Google Ads,Dental Crown,Clinic B,Contacted - No Appointment,29,No,
L03686,17-06-2025,,Referral,Invisalign,Clinic C,Contacted - No Appointment,21,No,
L03687,17-07-2025,,Google Organic,Dental Crown,Clinic A,Contacted - No Appointment,26,No,
L03688,07-08-2025,P03688,Facebook,Dental Implant,Clinic D,Appointment Booked,48,Yes,19-08-2025
L03689,14-11-2025,,Facebook,Dental Implant,Clinic B,Contacted - No Appointment,26,No,
L03690,27-02-2025,P03690,Google Organic,General Dentistry,Clinic B,Appointment Booked,32,Yes,03-03-2025
L03691,06-11-2025,,Google Ads,Dental Crown,Clinic C,Contacted - No Appointment,4,No,
L03692,01-07-2025,,Facebook,General Dentistry,Clinic B,Contacted - No Appointment,22,No,
L03693,02-12-2025,P03693,Instagram,Invisalign,Clinic D,Appointment Booked,56,Yes,06-12-2025
L03694,12-07-2025,,Facebook,Invisalign,Clinic B,Contacted - No Appointment,19,No,
L03695,08-09-2025,P03695,Instagram,Root Canal,Clinic C,Appointment Booked,19,Yes,16-09-2025
L03696,20-02-2025,,Facebook,Teeth Whitening,Clinic A,Contacted - No Appointment,14,No,
L03697,06-10-2025,,Google Ads,Dental Crown,Clinic D,Contacted - No Appointment,13,No,
L03698,19-03-2025,,Facebook,General Dentistry,Clinic C,Not Contacted/Cold,47,No,
L03699,06-09-2025,,Facebook,Dental Implant,Clinic A,Contacted - No Appointment,2,No,
L03700,02-04-2025,,Google Organic,Teeth Whitening,Clinic A,Contacted - No Appointment,21,No,
L03701,27-08-2025,P03701,Instagram,Invisalign,Clinic B,Appointment Booked,14,Yes,10-09-2025
L03702,01-06-2025,P03702,Facebook,Invisalign,Clinic D,Appointment Booked,3,Yes,10-06-2025
L03703,23-05-2025,P03703,Referral,Root Canal,Clinic A,Appointment Booked,29,Yes,30-05-2025
L03704,03-06-2025,P03704,Google Ads,Root Canal,Clinic B,Appointment Booked,16,Yes,13-06-2025
L03705,14-11-2025,,Google Ads,Dental Implant,Clinic A,Contacted - No Appointment,20,No,
L03706,03-03-2025,,Facebook,Invisalign,Clinic B,Contacted - No Appointment,12,No,
L03707,18-05-2025,,Google Ads,Root Canal,Clinic C,Contacted - No Appointment,23,No,
L03708,03-09-2025,P03708,Instagram,Root Canal,Clinic D,Appointment Booked,25,Yes,05-09-2025
L03709,07-02-2025,P03709,Google Ads,Invisalign,Clinic C,Appointment Booked,7,Yes,13-02-2025
L03710,27-06-2025,P03710,Google Ads,Dental Implant,Clinic D,Appointment Booked,7,Yes,09-07-2025
L03711,27-01-2025,,Google Ads,Dental Implant,Clinic C,Contacted - No Appointment,12,No,
L03712,28-04-2025,,Google Organic,General Dentistry,Clinic A,Contacted - No Appointment,43,No,
L03713,02-05-2025,,Referral,General Dentistry,Clinic B,Contacted - No Appointment,13,No,
L03714,02-04-2025,P03714,Google Organic,Root Canal,Clinic C,Appointment Booked,12,Yes,07-04-2025
L03715,08-03-2025,,Google Ads,General Dentistry,Clinic D,Contacted - No Appointment,10,No,
L03716,08-06-2025,,Instagram,Dental Crown,Clinic D,Not Contacted/Cold,49,No,
L03717,14-03-2025,P03717,Google Ads,Dental Implant,Clinic A,Appointment Booked,19,Yes,15-03-2025
L03718,15-03-2025,,Facebook,Dental Implant,Clinic A,Contacted - No Appointment,34,No,
L03719,27-02-2025,,Google Organic,General Dentistry,Clinic A,Contacted - No Appointment,36,No,
L03720,04-12-2025,P03720,Facebook,Dental Crown,Clinic D,Appointment Booked,8,Yes,13-12-2025
L03721,03-10-2025,P03721,Google Ads,General Dentistry,Clinic D,Appointment Booked,9,Yes,11-10-2025
L03722,06-04-2025,P03722,Facebook,General Dentistry,Clinic D,Appointment Booked,20,Yes,16-04-2025
L03723,26-10-2025,P03723,Google Ads,Root Canal,Clinic B,Appointment Booked,7,Yes,04-11-2025
L03724,09-02-2025,P03724,Facebook,Dental Implant,Clinic B,Appointment Booked,9,Yes,13-02-2025
L03725,15-11-2025,P03725,Facebook,Invisalign,Clinic B,Appointment Booked,13,Yes,26-11-2025
L03726,04-08-2025,P03726,Facebook,Dental Implant,Clinic A,Appointment Booked,9,Yes,11-08-2025
L03727,14-10-2025,,Referral,Invisalign,Clinic B,Contacted - No Appointment,6,No,
L03728,01-10-2025,P03728,Instagram,Root Canal,Clinic A,Appointment Booked,11,Yes,04-10-2025
L03729,09-09-2025,P03729,Google Organic,Dental Implant,Clinic A,Appointment Booked,18,Yes,21-09-2025
L03730,15-11-2025,P03730,Google Organic,Dental Implant,Clinic D,Appointment Booked,8,Yes,23-11-2025
L03731,24-05-2025,,Instagram,Root Canal,Clinic D,Contacted - No Appointment,11,No,
L03732,03-02-2025,,Facebook,Invisalign,Clinic B,Contacted - No Appointment,14,No,
L03733,03-11-2025,,Google Ads,Root Canal,Clinic C,Not Contacted/Cold,50,No,
L03734,04-05-2025,,Instagram,Root Canal,Clinic B,Contacted - No Appointment,9,No,
L03735,28-05-2025,,Facebook,Dental Crown,Clinic C,Contacted - No Appointment,40,No,
L03736,10-03-2025,,Google Ads,General Dentistry,Clinic D,Contacted - No Appointment,2,No,
L03737,30-09-2025,P03737,Facebook,Dental Implant,Clinic D,Appointment Booked,29,Yes,04-10-2025
L03738,01-08-2025,,Google Organic,Dental Implant,Clinic C,Contacted - No Appointment,25,No,
L03739,06-06-2025,P03739,Referral,General Dentistry,Clinic A,Appointment Booked,28,Yes,09-06-2025
L03740,23-12-2025,,Facebook,Root Canal,Clinic B,Contacted - No Appointment,26,No,
L03741,03-12-2025,P03741,Facebook,Teeth Whitening,Clinic B,Appointment Booked,32,Yes,17-12-2025
L03742,27-05-2025,,Referral,Invisalign,Clinic B,Contacted - No Appointment,13,No,
L03743,16-12-2025,P03743,Facebook,General Dentistry,Clinic D,Appointment Booked,40,Yes,29-12-2025
L03744,09-05-2025,P03744,Google Ads,General Dentistry,Clinic B,Appointment Booked,9,Yes,20-05-2025
L03745,13-05-2025,P03745,Google Ads,Dental Crown,Clinic A,Appointment Booked,3,Yes,24-05-2025
L03746,18-11-2025,,Referral,Dental Implant,Clinic B,Contacted - No Appointment,3,No,
L03747,12-02-2025,P03747,Google Ads,General Dentistry,Clinic D,Appointment Booked,19,Yes,20-02-2025
L03748,12-11-2025,,Facebook,Teeth Whitening,Clinic A,Contacted - No Appointment,23,No,
L03749,07-05-2025,,Facebook,Teeth Whitening,Clinic C,Contacted - No Appointment,30,No,
L03750,20-01-2025,,Google Organic,Dental Implant,Clinic B,Contacted - No Appointment,18,No,
L03751,10-03-2025,,Referral,Teeth Whitening,Clinic A,Contacted - No Appointment,10,No,
L03752,07-02-2025,,Facebook,Dental Implant,Clinic B,Contacted - No Appointment,29,No,
L03753,05-02-2025,P03753,Referral,Invisalign,Clinic C,Appointment Booked,17,Yes,06-02-2025
L03754,14-06-2025,P03754,Google Ads,Dental Crown,Clinic C,Appointment Booked,10,Yes,21-06-2025
L03755,23-06-2025,P03755,Google Ads,Invisalign,Clinic D,Appointment Booked,22,Yes,03-07-2025
L03756,05-10-2025,,Referral,Dental Crown,Clinic B,Contacted - No Appointment,17,No,
L03757,18-11-2025,,Facebook,Dental Crown,Clinic A,Not Contacted/Cold,88,No,
L03758,16-03-2025,,Google Ads,Dental Implant,Clinic D,Not Contacted/Cold,70,No,
L03759,28-04-2025,P03759,Facebook,Dental Crown,Clinic B,Appointment Booked,9,Yes,30-04-2025
L03760,03-10-2025,P03760,Google Organic,General Dentistry,Clinic C,Appointment Booked,3,Yes,07-10-2025
L03761,16-02-2025,,Google Organic,Dental Implant,Clinic D,Contacted - No Appointment,7,No,
L03762,08-09-2025,,Referral,Dental Crown,Clinic B,Contacted - No Appointment,4,No,
L03763,13-07-2025,,Instagram,Invisalign,Clinic C,Contacted - No Appointment,25,No,
L03764,24-04-2025,P03764,Referral,Root Canal,Clinic A,Appointment Booked,37,Yes,03-05-2025
L03765,27-08-2025,,Facebook,Invisalign,Clinic B,Contacted - No Appointment,7,No,
L03766,19-04-2025,,Instagram,Root Canal,Clinic A,Contacted - No Appointment,35,No,
L03767,01-01-2025,,Google Organic,Dental Implant,Clinic D,Contacted - No Appointment,5,No,
L03768,20-10-2025,P03768,Facebook,General Dentistry,Clinic A,Appointment Booked,35,Yes,01-11-2025
L03769,30-10-2025,,Google Ads,Dental Crown,Clinic C,Contacted - No Appointment,9,No,
L03770,11-11-2025,P03770,Facebook,Root Canal,Clinic D,Appointment Booked,18,Yes,20-11-2025
L03771,19-07-2025,,Instagram,Root Canal,Clinic C,Contacted - No Appointment,30,No,
L03772,20-03-2025,,Google Ads,Root Canal,Clinic C,Contacted - No Appointment,13,No,
L03773,15-12-2025,,Google Ads,Root Canal,Clinic B,Contacted - No Appointment,5,No,
L03774,09-08-2025,,Google Ads,Root Canal,Clinic B,Not Contacted/Cold,61,No,
L03775,21-02-2025,P03775,Google Ads,Root Canal,Clinic B,Appointment Booked,5,Yes,22-02-2025
L03776,12-06-2025,,Google Organic,Invisalign,Clinic C,Not Contacted/Cold,50,No,
L03777,05-05-2025,,Google Ads,Invisalign,Clinic D,Contacted - No Appointment,24,No,
L03778,23-05-2025,,Google Ads,Dental Crown,Clinic D,Contacted - No Appointment,38,No,
L03779,07-01-2025,P03779,Google Organic,General Dentistry,Clinic D,Appointment Booked,26,Yes,21-01-2025
L03780,08-06-2025,,Google Organic,Dental Implant,Clinic D,Contacted - No Appointment,5,No,
L03781,17-03-2025,,Google Ads,Dental Implant,Clinic B,Contacted - No Appointment,4,No,
L03782,28-04-2025,P03782,Google Ads,Invisalign,Clinic C,Appointment Booked,10,Yes,04-05-2025
L03783,08-01-2025,,Referral,General Dentistry,Clinic D,Contacted - No Appointment,2,No,
L03784,05-05-2025,,Facebook,General Dentistry,Clinic B,Contacted - No Appointment,18,No,
L03785,10-01-2025,,Referral,Dental Crown,Clinic D,Contacted - No Appointment,19,No,
L03786,30-12-2025,P03786,Google Ads,General Dentistry,Clinic B,Appointment Booked,14,Yes,12-01-2026
L03787,16-11-2025,,Google Ads,Root Canal,Clinic C,Contacted - No Appointment,7,No,
L03788,18-04-2025,P03788,Google Ads,General Dentistry,Clinic C,Appointment Booked,21,Yes,21-04-2025
L03789,28-02-2025,,Google Ads,Invisalign,Clinic D,Contacted - No Appointment,9,No,
L03790,14-05-2025,,Referral,Invisalign,Clinic A,Contacted - No Appointment,17,No,
L03791,29-08-2025,P03791,Referral,Dental Crown,Clinic C,Appointment Booked,8,Yes,03-09-2025
L03792,06-11-2025,P03792,Referral,Root Canal,Clinic C,Appointment Booked,12,Yes,16-11-2025
L03793,28-06-2025,P03793,Referral,Dental Crown,Clinic B,Appointment Booked,82,Yes,02-07-2025
L03794,25-01-2025,,Google Organic,Invisalign,Clinic D,Contacted - No Appointment,32,No,
L03795,11-03-2025,P03795,Instagram,Dental Crown,Clinic C,Appointment Booked,6,Yes,23-03-2025
L03796,30-04-2025,,Google Organic,Invisalign,Clinic C,Not Contacted/Cold,51,No,
L03797,05-11-2025,,Google Ads,Dental Implant,Clinic B,Contacted - No Appointment,26,No,
L03798,20-10-2025,,Facebook,General Dentistry,Clinic B,Contacted - No Appointment,14,No,
L03799,13-03-2025,,Instagram,General Dentistry,Clinic C,Contacted - No Appointment,15,No,
L03800,03-05-2025,P03800,Referral,General Dentistry,Clinic B,Appointment Booked,21,Yes,07-05-2025
L03801,29-05-2025,P03801,Instagram,Teeth Whitening,Clinic A,Appointment Booked,50,Yes,03-06-2025
L03802,30-09-2025,,Google Organic,Dental Crown,Clinic D,Contacted - No Appointment,24,No,
L03803,21-12-2025,,Facebook,Dental Crown,Clinic C,Contacted - No Appointment,10,No,
L03804,21-12-2025,,Google Organic,Dental Implant,Clinic C,Contacted - No Appointment,13,No,
L03805,21-05-2025,P03805,Referral,Invisalign,Clinic B,Appointment Booked,10,Yes,22-05-2025
L03806,25-09-2025,P03806,Google Ads,Invisalign,Clinic B,Appointment Booked,22,Yes,27-09-2025
L03807,24-08-2025,,Referral,General Dentistry,Clinic B,Contacted - No Appointment,26,No,
L03808,18-11-2025,P03808,Facebook,Dental Implant,Clinic B,Appointment Booked,26,Yes,27-11-2025
L03809,27-04-2025,P03809,Instagram,General Dentistry,Clinic C,Appointment Booked,41,Yes,09-05-2025
L03810,26-12-2025,P03810,Referral,Root Canal,Clinic C,Appointment Booked,25,Yes,05-01-2026
L03811,31-07-2025,,Facebook,Teeth Whitening,Clinic B,Contacted - No Appointment,7,No,
L03812,25-04-2025,,Facebook,Dental Implant,Clinic A,Contacted - No Appointment,42,No,
L03813,24-08-2025,P03813,Facebook,Invisalign,Clinic B,Appointment Booked,15,Yes,29-08-2025
L03814,29-05-2025,,Google Ads,General Dentistry,Clinic A,Contacted - No Appointment,17,No,
L03815,21-11-2025,,Facebook,Invisalign,Clinic A,Contacted - No Appointment,13,No,
L03816,04-08-2025,,Google Ads,Invisalign,Clinic D,Contacted - No Appointment,9,No,
L03817,13-10-2025,,Referral,Invisalign,Clinic C,Contacted - No Appointment,10,No,
L03818,15-11-2025,,Google Ads,Dental Implant,Clinic C,Contacted - No Appointment,33,No,
L03819,19-05-2025,,Facebook,Invisalign,Clinic B,Contacted - No Appointment,18,No,
L03820,03-07-2025,,Referral,Dental Crown,Clinic D,Contacted - No Appointment,13,No,
L03821,21-05-2025,,Referral,Root Canal,Clinic C,Contacted - No Appointment,41,No,
L03822,26-04-2025,,Google Organic,Dental Crown,Clinic D,Contacted - No Appointment,25,No,
L03823,29-05-2025,,Instagram,Dental Implant,Clinic B,Contacted - No Appointment,14,No,
L03824,19-07-2025,,Google Ads,Teeth Whitening,Clinic D,Contacted - No Appointment,45,No,
L03825,11-06-2025,,Facebook,Teeth Whitening,Clinic D,Contacted - No Appointment,38,No,
L03826,27-03-2025,,Google Ads,Dental Implant,Clinic D,Contacted - No Appointment,13,No,
L03827,13-12-2025,,Google Organic,Root Canal,Clinic A,Contacted - No Appointment,11,No,
L03828,16-11-2025,,Facebook,Dental Implant,Clinic B,Contacted - No Appointment,27,No,
L03829,14-10-2025,,Instagram,Teeth Whitening,Clinic B,Contacted - No Appointment,13,No,
L03830,15-06-2025,P03830,Facebook,Teeth Whitening,Clinic B,Appointment Booked,19,Yes,17-06-2025
L03831,23-08-2025,,Facebook,General Dentistry,Clinic D,Contacted - No Appointment,16,No,
L03832,15-11-2025,P03832,Instagram,Invisalign,Clinic A,Appointment Booked,19,Yes,29-11-2025
L03833,20-05-2025,P03833,Google Organic,Root Canal,Clinic A,Appointment Booked,47,Yes,01-06-2025
L03834,04-03-2025,,Google Ads,Invisalign,Clinic B,Contacted - No Appointment,19,No,
L03835,23-11-2025,P03835,Facebook,Root Canal,Clinic A,Appointment Booked,30,Yes,30-11-2025
L03836,15-07-2025,,Google Ads,Root Canal,Clinic A,Contacted - No Appointment,20,No,
L03837,18-02-2025,,Google Ads,Dental Implant,Clinic D,Contacted - No Appointment,18,No,
L03838,25-05-2025,P03838,Instagram,Teeth Whitening,Clinic C,Appointment Booked,7,Yes,03-06-2025
L03839,08-12-2025,P03839,Google Ads,Root Canal,Clinic A,Appointment Booked,4,Yes,22-12-2025
L03840,22-07-2025,,Google Ads,General Dentistry,Clinic B,Contacted - No Appointment,10,No,
L03841,21-11-2025,P03841,Referral,Invisalign,Clinic B,Appointment Booked,3,Yes,03-12-2025
L03842,28-10-2025,,Facebook,General Dentistry,Clinic A,Contacted - No Appointment,10,No,
L03843,16-07-2025,P03843,Google Ads,General Dentistry,Clinic C,Appointment Booked,19,Yes,22-07-2025
L03844,26-09-2025,,Google Ads,General Dentistry,Clinic C,Contacted - No Appointment,12,No,
L03845,12-02-2025,P03845,Google Ads,Teeth Whitening,Clinic C,Appointment Booked,3,Yes,21-02-2025
L03846,08-02-2025,,Facebook,Teeth Whitening,Clinic C,Not Contacted/Cold,95,No,
L03847,03-10-2025,,Instagram,Dental Crown,Clinic A,Contacted - No Appointment,17,No,
L03848,22-07-2025,,Instagram,Invisalign,Clinic D,Contacted - No Appointment,16,No,
L03849,23-06-2025,,Google Ads,Dental Crown,Clinic D,Contacted - No Appointment,39,No,
L03850,14-09-2025,P03850,Instagram,Teeth Whitening,Clinic D,Appointment Booked,35,Yes,24-09-2025
L03851,12-05-2025,P03851,Facebook,General Dentistry,Clinic A,Appointment Booked,16,Yes,17-05-2025
L03852,23-08-2025,P03852,Facebook,Root Canal,Clinic D,Appointment Booked,18,Yes,01-09-2025
L03853,08-04-2025,,Google Organic,Invisalign,Clinic D,Not Contacted/Cold,56,No,
L03854,11-08-2025,,Facebook,Dental Crown,Clinic D,Contacted - No Appointment,16,No,
L03855,25-06-2025,,Google Ads,General Dentistry,Clinic A,Contacted - No Appointment,34,No,
L03856,28-06-2025,,Referral,Dental Implant,Clinic C,Contacted - No Appointment,11,No,
L03857,15-09-2025,,Google Ads,Invisalign,Clinic D,Contacted - No Appointment,8,No,
L03858,07-06-2025,,Google Ads,Root Canal,Clinic C,Contacted - No Appointment,25,No,
L03859,16-01-2025,,Google Organic,Dental Implant,Clinic C,Contacted - No Appointment,33,No,
L03860,02-12-2025,,Google Organic,Dental Implant,Clinic D,Contacted - No Appointment,6,No,
L03861,27-03-2025,P03861,Google Organic,Invisalign,Clinic B,Appointment Booked,24,Yes,08-04-2025
L03862,17-01-2025,P03862,Google Ads,General Dentistry,Clinic C,Appointment Booked,11,Yes,20-01-2025
L03863,20-01-2025,,Facebook,Dental Implant,Clinic B,Contacted - No Appointment,2,No,
L03864,07-01-2025,,Google Ads,Root Canal,Clinic D,Contacted - No Appointment,6,No,
L03865,06-11-2025,P03865,Facebook,Teeth Whitening,Clinic A,Appointment Booked,13,Yes,07-11-2025
L03866,14-09-2025,,Google Ads,General Dentistry,Clinic B,Contacted - No Appointment,33,No,
L03867,04-09-2025,,Google Organic,General Dentistry,Clinic C,Contacted - No Appointment,27,No,
L03868,09-07-2025,P03868,Google Ads,Root Canal,Clinic D,Appointment Booked,6,Yes,12-07-2025
L03869,09-03-2025,,Google Ads,General Dentistry,Clinic C,Contacted - No Appointment,25,No,
L03870,10-05-2025,,Facebook,Dental Implant,Clinic D,Contacted - No Appointment,9,No,
L03871,02-10-2025,P03871,Referral,Teeth Whitening,Clinic D,Appointment Booked,24,Yes,08-10-2025
L03872,16-12-2025,,Referral,Dental Crown,Clinic A,Contacted - No Appointment,9,No,
L03873,07-05-2025,,Referral,Invisalign,Clinic B,Not Contacted/Cold,53,No,
L03874,19-12-2025,,Facebook,Root Canal,Clinic A,Contacted - No Appointment,10,No,
L03875,13-11-2025,,Google Ads,Dental Implant,Clinic B,Contacted - No Appointment,14,No,
L03876,17-03-2025,P03876,Facebook,General Dentistry,Clinic C,Appointment Booked,9,Yes,24-03-2025
L03877,12-10-2025,,Google Organic,Root Canal,Clinic D,Contacted - No Appointment,26,No,
L03878,22-08-2025,P03878,Google Ads,Dental Crown,Clinic D,Appointment Booked,8,Yes,31-08-2025
L03879,08-05-2025,P03879,Google Ads,Dental Implant,Clinic A,Appointment Booked,3,Yes,11-05-2025
L03880,27-03-2025,,Google Ads,Invisalign,Clinic A,Contacted - No Appointment,23,No,
L03881,08-08-2025,,Facebook,General Dentistry,Clinic C,Contacted - No Appointment,22,No,
L03882,31-10-2025,,Google Ads,Teeth Whitening,Clinic C,Contacted - No Appointment,7,No,
L03883,16-03-2025,,Google Ads,General Dentistry,Clinic B,Contacted - No Appointment,9,No,
L03884,10-09-2025,,Facebook,Invisalign,Clinic D,Contacted - No Appointment,15,No,
L03885,02-09-2025,P03885,Facebook,Dental Implant,Clinic D,Appointment Booked,27,Yes,04-09-2025
L03886,07-09-2025,,Facebook,Root Canal,Clinic B,Not Contacted/Cold,62,No,
L03887,09-09-2025,P03887,Google Organic,Root Canal,Clinic D,Appointment Booked,27,Yes,15-09-2025
L03888,28-10-2025,,Google Ads,Dental Implant,Clinic B,Contacted - No Appointment,29,No,
L03889,10-07-2025,P03889,Google Organic,Teeth Whitening,Clinic C,Appointment Booked,47,Yes,19-07-2025
L03890,10-02-2025,,Google Ads,Root Canal,Clinic B,Contacted - No Appointment,30,No,
L03891,03-09-2025,,Facebook,Invisalign,Clinic A,Not Contacted/Cold,51,No,
L03892,02-02-2025,,Instagram,Invisalign,Clinic D,Contacted - No Appointment,19,No,
L03893,15-10-2025,,Referral,Dental Crown,Clinic B,Contacted - No Appointment,22,No,
L03894,14-04-2025,P03894,Instagram,Teeth Whitening,Clinic C,Appointment Booked,9,Yes,20-04-2025
L03895,31-01-2025,P03895,Google Ads,Root Canal,Clinic B,Appointment Booked,7,Yes,07-02-2025
L03896,02-12-2025,P03896,Facebook,Root Canal,Clinic A,Appointment Booked,12,Yes,10-12-2025
L03897,24-07-2025,,Facebook,Dental Implant,Clinic A,Contacted - No Appointment,31,No,
L03898,06-07-2025,,Facebook,General Dentistry,Clinic B,Contacted - No Appointment,32,No,
L03899,26-04-2025,,Google Ads,General Dentistry,Clinic C,Contacted - No Appointment,18,No,
L03900,29-03-2025,,Facebook,Dental Crown,Clinic B,Contacted - No Appointment,37,No,
L03901,04-03-2025,P03901,Google Ads,Dental Implant,Clinic C,Appointment Booked,13,Yes,05-03-2025
L03902,21-05-2025,P03902,Google Organic,Root Canal,Clinic C,Appointment Booked,7,Yes,24-05-2025
L03903,17-06-2025,,Instagram,Dental Crown,Clinic C,Contacted - No Appointment,27,No,
L03904,16-08-2025,,Google Ads,General Dentistry,Clinic B,Contacted - No Appointment,21,No,
L03905,24-09-2025,,Referral,General Dentistry,Clinic D,Contacted - No Appointment,22,No,
L03906,18-06-2025,,Instagram,General Dentistry,Clinic B,Not Contacted/Cold,53,No,
L03907,01-10-2025,,Facebook,Dental Implant,Clinic B,Contacted - No Appointment,22,No,
L03908,08-08-2025,,Google Ads,General Dentistry,Clinic A,Contacted - No Appointment,34,No,
L03909,07-03-2025,,Instagram,Dental Crown,Clinic B,Contacted - No Appointment,1,No,
L03910,22-10-2025,P03910,Facebook,Teeth Whitening,Clinic A,Appointment Booked,21,Yes,23-10-2025
L03911,01-10-2025,P03911,Referral,Root Canal,Clinic C,Appointment Booked,5,Yes,02-10-2025
L03912,31-01-2025,,Google Ads,Invisalign,Clinic A,Contacted - No Appointment,15,No,
L03913,06-02-2025,,Google Ads,Root Canal,Clinic B,Contacted - No Appointment,12,No,
L03914,14-11-2025,,Referral,Dental Implant,Clinic D,Not Contacted/Cold,46,No,
L03915,13-06-2025,P03915,Referral,Root Canal,Clinic B,Appointment Booked,48,Yes,17-06-2025
L03916,05-07-2025,,Google Ads,General Dentistry,Clinic A,Not Contacted/Cold,51,No,
L03917,08-10-2025,P03917,Google Organic,Dental Implant,Clinic A,Appointment Booked,20,Yes,16-10-2025
L03918,15-05-2025,,Google Ads,Dental Implant,Clinic D,Contacted - No Appointment,2,No,
L03919,20-01-2025,P03919,Google Organic,Dental Implant,Clinic A,Appointment Booked,24,Yes,01-02-2025
L03920,29-05-2025,P03920,Referral,Root Canal,Clinic B,Appointment Booked,13,Yes,05-06-2025
L03921,28-05-2025,,Google Ads,General Dentistry,Clinic B,Contacted - No Appointment,20,No,
L03922,28-02-2025,,Google Ads,Dental Implant,Clinic C,Contacted - No Appointment,8,No,
L03923,06-01-2025,,Google Ads,Dental Implant,Clinic C,Contacted - No Appointment,45,No,
L03924,07-10-2025,,Google Ads,General Dentistry,Clinic D,Contacted - No Appointment,30,No,
L03925,15-03-2025,,Google Ads,General Dentistry,Clinic A,Contacted - No Appointment,15,No,
L03926,14-07-2025,,Google Organic,Dental Implant,Clinic B,Contacted - No Appointment,10,No,
L03927,24-08-2025,,Google Ads,Teeth Whitening,Clinic B,Contacted - No Appointment,33,No,
L03928,27-01-2025,,Facebook,Dental Crown,Clinic A,Contacted - No Appointment,37,No,
L03929,14-11-2025,,Google Organic,Teeth Whitening,Clinic B,Contacted - No Appointment,13,No,
L03930,31-03-2025,P03930,Facebook,Root Canal,Clinic B,Appointment Booked,10,Yes,05-04-2025
L03931,02-12-2025,,Facebook,General Dentistry,Clinic C,Contacted - No Appointment,20,No,
L03932,27-09-2025,,Google Ads,Dental Implant,Clinic C,Contacted - No Appointment,24,No,
L03933,19-04-2025,,Instagram,Invisalign,Clinic B,Contacted - No Appointment,7,No,
L03934,27-06-2025,,Google Ads,Root Canal,Clinic C,Contacted - No Appointment,35,No,
L03935,25-06-2025,P03935,Google Organic,Root Canal,Clinic B,Appointment Booked,16,Yes,06-07-2025
L03936,15-01-2025,P03936,Google Ads,General Dentistry,Clinic B,Appointment Booked,41,Yes,21-01-2025
L03937,01-02-2025,,Google Organic,Dental Crown,Clinic C,Contacted - No Appointment,41,No,
L03938,16-12-2025,,Instagram,Dental Implant,Clinic A,Contacted - No Appointment,39,No,
L03939,15-01-2025,P03939,Instagram,Root Canal,Clinic A,Appointment Booked,5,Yes,22-01-2025
L03940,20-10-2025,,Google Ads,Root Canal,Clinic B,Contacted - No Appointment,6,No,
L03941,11-09-2025,P03941,Google Ads,General Dentistry,Clinic D,Appointment Booked,32,Yes,18-09-2025
L03942,08-07-2025,P03942,Referral,Dental Crown,Clinic C,Appointment Booked,32,Yes,09-07-2025
L03943,28-12-2025,,Google Ads,Dental Crown,Clinic A,Contacted - No Appointment,7,No,
L03944,30-05-2025,,Google Ads,Teeth Whitening,Clinic D,Contacted - No Appointment,17,No,
L03945,29-03-2025,,Instagram,Teeth Whitening,Clinic C,Contacted - No Appointment,36,No,
L03946,21-02-2025,,Google Organic,Dental Crown,Clinic C,Contacted - No Appointment,2,No,
L03947,12-04-2025,,Facebook,Invisalign,Clinic D,Contacted - No Appointment,26,No,
L03948,23-09-2025,,Instagram,General Dentistry,Clinic B,Contacted - No Appointment,31,No,
L03949,27-01-2025,P03949,Instagram,Teeth Whitening,Clinic A,Appointment Booked,24,Yes,04-02-2025
L03950,21-02-2025,,Google Ads,Teeth Whitening,Clinic C,Contacted - No Appointment,27,No,
L03951,11-11-2025,,Instagram,General Dentistry,Clinic C,Contacted - No Appointment,18,No,
L03952,30-03-2025,,Google Organic,Teeth Whitening,Clinic C,Contacted - No Appointment,15,No,
L03953,15-08-2025,P03953,Referral,General Dentistry,Clinic C,Appointment Booked,20,Yes,21-08-2025
L03954,26-03-2025,,Google Ads,General Dentistry,Clinic D,Contacted - No Appointment,35,No,
L03955,24-04-2025,P03955,Instagram,Dental Implant,Clinic D,Appointment Booked,12,Yes,02-05-2025
L03956,30-01-2025,,Facebook,Root Canal,Clinic D,Contacted - No Appointment,14,No,
L03957,05-06-2025,P03957,Google Ads,Dental Crown,Clinic D,Appointment Booked,7,Yes,08-06-2025
L03958,28-07-2025,,Instagram,Invisalign,Clinic D,Contacted - No Appointment,16,No,
L03959,09-04-2025,P03959,Google Ads,General Dentistry,Clinic A,Appointment Booked,7,Yes,15-04-2025
L03960,31-07-2025,,Facebook,Teeth Whitening,Clinic B,Contacted - No Appointment,39,No,
L03961,23-07-2025,,Google Ads,Teeth Whitening,Clinic B,Contacted - No Appointment,17,No,
L03962,07-10-2025,P03962,Facebook,General Dentistry,Clinic D,Appointment Booked,8,Yes,09-10-2025
L03963,05-07-2025,,Facebook,Invisalign,Clinic B,Contacted - No Appointment,35,No,
L03964,23-11-2025,,Facebook,Teeth Whitening,Clinic C,Contacted - No Appointment,8,No,
L03965,22-06-2025,,Instagram,Dental Crown,Clinic A,Contacted - No Appointment,6,No,
L03966,27-08-2025,P03966,Google Ads,Invisalign,Clinic A,Appointment Booked,3,Yes,28-08-2025
L03967,12-12-2025,P03967,Instagram,Dental Implant,Clinic C,Appointment Booked,4,Yes,19-12-2025
L03968,17-12-2025,P03968,Referral,General Dentistry,Clinic A,Appointment Booked,17,Yes,22-12-2025
L03969,05-01-2025,,Google Ads,Dental Crown,Clinic B,Contacted - No Appointment,18,No,
L03970,05-08-2025,P03970,Facebook,General Dentistry,Clinic B,Appointment Booked,27,Yes,15-08-2025
L03971,30-11-2025,,Instagram,Root Canal,Clinic B,Contacted - No Appointment,20,No,
L03972,17-04-2025,,Instagram,Invisalign,Clinic C,Contacted - No Appointment,19,No,
L03973,14-08-2025,,Facebook,Invisalign,Clinic B,Contacted - No Appointment,8,No,
L03974,03-08-2025,,Instagram,Root Canal,Clinic C,Contacted - No Appointment,36,No,
L03975,17-06-2025,P03975,Google Ads,General Dentistry,Clinic A,Appointment Booked,23,Yes,19-06-2025
L03976,29-10-2025,P03976,Facebook,Dental Implant,Clinic D,Appointment Booked,16,Yes,04-11-2025
L03977,19-10-2025,,Facebook,General Dentistry,Clinic B,Contacted - No Appointment,21,No,
L03978,04-01-2025,,Google Ads,General Dentistry,Clinic C,Contacted - No Appointment,29,No,
L03979,02-07-2025,P03979,Facebook,General Dentistry,Clinic C,Appointment Booked,7,Yes,07-07-2025
L03980,02-02-2025,,Instagram,Root Canal,Clinic A,Contacted - No Appointment,10,No,
L03981,21-05-2025,P03981,Google Organic,General Dentistry,Clinic D,Appointment Booked,2,Yes,30-05-2025
L03982,27-03-2025,,Google Ads,Root Canal,Clinic C,Contacted - No Appointment,17,No,
L03983,22-10-2025,P03983,Referral,Dental Implant,Clinic B,Appointment Booked,25,Yes,24-10-2025
L03984,05-12-2025,,Instagram,Invisalign,Clinic A,Contacted - No Appointment,23,No,
L03985,23-09-2025,,Facebook,General Dentistry,Clinic D,Contacted - No Appointment,30,No,
L03986,22-09-2025,P03986,Google Ads,Dental Implant,Clinic D,Appointment Booked,28,Yes,24-09-2025
L03987,23-01-2025,P03987,Instagram,Root Canal,Clinic A,Appointment Booked,18,Yes,01-02-2025
L03988,01-12-2025,,Referral,Dental Implant,Clinic B,Contacted - No Appointment,27,No,
L03989,24-09-2025,P03989,Facebook,Invisalign,Clinic D,Appointment Booked,48,Yes,01-10-2025
L03990,16-09-2025,P03990,Instagram,Dental Implant,Clinic C,Appointment Booked,34,Yes,27-09-2025
L03991,23-12-2025,,Facebook,General Dentistry,Clinic D,Contacted - No Appointment,33,No,
L03992,04-11-2025,P03992,Facebook,Dental Crown,Clinic B,Appointment Booked,13,Yes,12-11-2025
L03993,20-07-2025,,Google Ads,General Dentistry,Clinic C,Contacted - No Appointment,14,No,
L03994,03-07-2025,P03994,Google Organic,Dental Crown,Clinic B,Appointment Booked,37,Yes,15-07-2025
L03995,18-02-2025,P03995,Facebook,General Dentistry,Clinic A,Appointment Booked,7,Yes,20-02-2025
L03996,18-09-2025,,Google Ads,Root Canal,Clinic C,Contacted - No Appointment,19,No,
L03997,11-07-2025,,Facebook,Dental Crown,Clinic D,Contacted - No Appointment,34,No,
L03998,16-11-2025,,Referral,Dental Crown,Clinic B,Contacted - No Appointment,20,No,
L03999,03-04-2025,,Google Organic,Root Canal,Clinic B,Contacted - No Appointment,17,No,
L04000,15-05-2025,,Facebook,General Dentistry,Clinic C,Contacted - No Appointment,29,No,
L04001,05-04-2025,,Referral,Dental Crown,Clinic C,Contacted - No Appointment,25,No,
L04002,01-09-2025,,Google Ads,Teeth Whitening,Clinic D,Contacted - No Appointment,32,No,
L04003,11-12-2025,,Google Ads,Teeth Whitening,Clinic D,Not Contacted/Cold,62,No,
L04004,10-06-2025,,Google Ads,Invisalign,Clinic A,Contacted - No Appointment,15,No,
L04005,07-10-2025,,Google Ads,Dental Crown,Clinic D,Contacted - No Appointment,28,No,
L04006,25-10-2025,,Google Ads,Invisalign,Clinic D,Contacted - No Appointment,15,No,
L04007,28-08-2025,P04007,Instagram,Dental Crown,Clinic D,Appointment Booked,7,Yes,09-09-2025
L04008,27-08-2025,P04008,Instagram,Dental Crown,Clinic C,Appointment Booked,17,Yes,28-08-2025
L04009,23-12-2025,,Instagram,General Dentistry,Clinic D,Contacted - No Appointment,5,No,
L04010,09-09-2025,P04010,Google Organic,Dental Implant,Clinic A,Appointment Booked,8,Yes,16-09-2025
L04011,19-12-2025,,Google Organic,Dental Implant,Clinic B,Contacted - No Appointment,27,No,
L04012,16-07-2025,,Google Ads,Dental Implant,Clinic D,Contacted - No Appointment,25,No,
L04013,22-10-2025,,Instagram,Root Canal,Clinic A,Contacted - No Appointment,42,No,
L04014,31-01-2025,P04014,Instagram,General Dentistry,Clinic A,Appointment Booked,37,Yes,09-02-2025
L04015,12-05-2025,,Referral,General Dentistry,Clinic D,Contacted - No Appointment,10,No,
L04016,26-11-2025,P04016,Google Ads,Teeth Whitening,Clinic D,Appointment Booked,30,Yes,29-11-2025
L04017,05-03-2025,,Google Ads,General Dentistry,Clinic A,Contacted - No Appointment,25,No,
L04018,20-07-2025,P04018,Instagram,Invisalign,Clinic D,Appointment Booked,13,Yes,28-07-2025
L04019,03-09-2025,,Google Organic,Dental Implant,Clinic C,Contacted - No Appointment,21,No,
L04020,23-08-2025,,Google Ads,Dental Implant,Clinic C,Contacted - No Appointment,10,No,
L04021,14-02-2025,,Instagram,General Dentistry,Clinic D,Contacted - No Appointment,40,No,
L04022,25-11-2025,,Google Ads,Teeth Whitening,Clinic B,Contacted - No Appointment,26,No,
L04023,23-11-2025,,Referral,Dental Crown,Clinic A,Contacted - No Appointment,43,No,
L04024,26-07-2025,,Google Ads,Invisalign,Clinic B,Contacted - No Appointment,19,No,
L04025,28-03-2025,,Google Ads,Root Canal,Clinic B,Contacted - No Appointment,10,No,
L04026,10-03-2025,,Google Ads,General Dentistry,Clinic C,Contacted - No Appointment,3,No,
L04027,20-12-2025,,Facebook,Dental Implant,Clinic D,Contacted - No Appointment,11,No,
L04028,29-03-2025,,Google Ads,Teeth Whitening,Clinic D,Contacted - No Appointment,11,No,
L04029,02-04-2025,,Google Organic,Invisalign,Clinic C,Contacted - No Appointment,30,No,
L04030,03-07-2025,,Referral,Dental Implant,Clinic D,Contacted - No Appointment,22,No,
L04031,01-05-2025,,Google Ads,Teeth Whitening,Clinic A,Contacted - No Appointment,34,No,
L04032,23-05-2025,,Instagram,Invisalign,Clinic A,Contacted - No Appointment,12,No,
L04033,07-03-2025,P04033,Google Ads,Teeth Whitening,Clinic D,Appointment Booked,36,Yes,21-03-2025
L04034,10-06-2025,P04034,Facebook,Teeth Whitening,Clinic A,Appointment Booked,16,Yes,11-06-2025
L04035,02-11-2025,,Google Ads,Root Canal,Clinic A,Contacted - No Appointment,10,No,
L04036,19-03-2025,,Google Ads,Teeth Whitening,Clinic C,Contacted - No Appointment,4,No,
L04037,06-11-2025,P04037,Instagram,Dental Crown,Clinic B,Appointment Booked,6,Yes,16-11-2025
L04038,03-08-2025,,Google Ads,Invisalign,Clinic D,Contacted - No Appointment,11,No,
L04039,11-04-2025,,Referral,Teeth Whitening,Clinic B,Contacted - No Appointment,21,No,
L04040,02-12-2025,P04040,Instagram,Dental Crown,Clinic A,Appointment Booked,10,Yes,13-12-2025
L04041,07-01-2025,P04041,Google Organic,Dental Implant,Clinic B,Appointment Booked,64,Yes,10-01-2025
L04042,28-08-2025,,Referral,General Dentistry,Clinic C,Contacted - No Appointment,29,No,
L04043,19-12-2025,,Referral,Root Canal,Clinic B,Contacted - No Appointment,8,No,
L04044,10-04-2025,P04044,Instagram,General Dentistry,Clinic C,Appointment Booked,13,Yes,22-04-2025
L04045,04-04-2025,,Facebook,General Dentistry,Clinic D,Contacted - No Appointment,14,No,
L04046,17-04-2025,,Facebook,Root Canal,Clinic D,Contacted - No Appointment,23,No,
L04047,23-02-2025,P04047,Google Organic,Root Canal,Clinic B,Appointment Booked,4,Yes,02-03-2025
L04048,27-06-2025,,Facebook,Root Canal,Clinic B,Not Contacted/Cold,51,No,
L04049,09-10-2025,,Referral,Root Canal,Clinic C,Not Contacted/Cold,62,No,
L04050,03-03-2025,P04050,Google Ads,General Dentistry,Clinic D,Appointment Booked,25,Yes,12-03-2025
L04051,09-12-2025,,Facebook,Teeth Whitening,Clinic D,Contacted - No Appointment,42,No,
L04052,17-01-2025,P04052,Facebook,Dental Implant,Clinic A,Appointment Booked,22,Yes,20-01-2025
L04053,01-10-2025,,Google Organic,Dental Crown,Clinic C,Contacted - No Appointment,15,No,
L04054,29-10-2025,P04054,Google Ads,General Dentistry,Clinic B,Appointment Booked,8,Yes,05-11-2025
L04055,08-03-2025,,Facebook,Dental Crown,Clinic A,Contacted - No Appointment,25,No,
L04056,11-12-2025,,Facebook,Teeth Whitening,Clinic A,Contacted - No Appointment,19,No,
L04057,28-07-2025,,Google Ads,Teeth Whitening,Clinic B,Not Contacted/Cold,53,No,
L04058,21-09-2025,,Facebook,Root Canal,Clinic B,Contacted - No Appointment,30,No,
L04059,08-09-2025,P04059,Facebook,Root Canal,Clinic A,Appointment Booked,9,Yes,10-09-2025
L04060,06-07-2025,P04060,Google Ads,Teeth Whitening,Clinic C,Appointment Booked,28,Yes,12-07-2025
L04061,27-11-2025,,Facebook,Root Canal,Clinic B,Contacted - No Appointment,12,No,
L04062,07-08-2025,P04062,Referral,Dental Crown,Clinic C,Appointment Booked,9,Yes,20-08-2025
L04063,15-05-2025,,Referral,Teeth Whitening,Clinic B,Contacted - No Appointment,12,No,
L04064,17-10-2025,,Facebook,Teeth Whitening,Clinic A,Contacted - No Appointment,10,No,
L04065,05-07-2025,P04065,Facebook,Invisalign,Clinic B,Appointment Booked,23,Yes,11-07-2025
L04066,11-12-2025,P04066,Google Ads,Dental Implant,Clinic A,Appointment Booked,30,Yes,20-12-2025
L04067,10-02-2025,,Referral,Invisalign,Clinic C,Contacted - No Appointment,5,No,
L04068,03-07-2025,,Google Ads,Root Canal,Clinic A,Contacted - No Appointment,11,No,
L04069,01-10-2025,P04069,Facebook,Invisalign,Clinic B,Appointment Booked,28,Yes,06-10-2025
L04070,16-03-2025,,Google Ads,Dental Crown,Clinic A,Contacted - No Appointment,31,No,
L04071,07-05-2025,,Facebook,Dental Implant,Clinic C,Contacted - No Appointment,22,No,
L04072,07-05-2025,P04072,Google Ads,Root Canal,Clinic D,Appointment Booked,17,Yes,12-05-2025
L04073,17-07-2025,P04073,Google Organic,Root Canal,Clinic A,Appointment Booked,9,Yes,22-07-2025
L04074,08-03-2025,P04074,Instagram,Root Canal,Clinic B,Appointment Booked,6,Yes,22-03-2025
L04075,04-03-2025,,Instagram,Root Canal,Clinic A,Contacted - No Appointment,14,No,
L04076,02-09-2025,,Google Ads,Invisalign,Clinic C,Contacted - No Appointment,15,No,
L04077,02-08-2025,,Google Organic,General Dentistry,Clinic B,Contacted - No Appointment,17,No,
L04078,26-08-2025,P04078,Google Ads,Invisalign,Clinic C,Appointment Booked,24,Yes,02-09-2025
L04079,27-08-2025,,Facebook,Dental Crown,Clinic C,Contacted - No Appointment,23,No,
L04080,01-05-2025,,Instagram,General Dentistry,Clinic D,Contacted - No Appointment,27,No,
L04081,27-11-2025,,Referral,Root Canal,Clinic C,Contacted - No Appointment,18,No,
L04082,09-07-2025,,Google Ads,General Dentistry,Clinic C,Contacted - No Appointment,9,No,
L04083,21-12-2025,,Facebook,Dental Implant,Clinic B,Not Contacted/Cold,54,No,
L04084,09-04-2025,,Facebook,Root Canal,Clinic D,Contacted - No Appointment,7,No,
L04085,30-05-2025,,Referral,Root Canal,Clinic D,Contacted - No Appointment,9,No,
L04086,02-06-2025,P04086,Google Ads,Dental Implant,Clinic B,Appointment Booked,23,Yes,05-06-2025
L04087,27-07-2025,,Facebook,Root Canal,Clinic D,Contacted - No Appointment,12,No,
L04088,07-12-2025,,Google Ads,Root Canal,Clinic B,Contacted - No Appointment,42,No,
L04089,31-01-2025,P04089,Google Ads,Dental Crown,Clinic D,Appointment Booked,18,Yes,04-02-2025
L04090,24-02-2025,P04090,Google Ads,General Dentistry,Clinic D,Appointment Booked,27,Yes,02-03-2025
L04091,28-04-2025,,Referral,Dental Implant,Clinic A,Contacted - No Appointment,16,No,
L04092,18-10-2025,P04092,Google Ads,Invisalign,Clinic C,Appointment Booked,5,Yes,27-10-2025
L04093,03-12-2025,,Referral,Root Canal,Clinic B,Not Contacted/Cold,70,No,
L04094,23-04-2025,P04094,Google Ads,Root Canal,Clinic B,Appointment Booked,22,Yes,02-05-2025
L04095,09-08-2025,P04095,Referral,Teeth Whitening,Clinic B,Appointment Booked,9,Yes,15-08-2025
L04096,27-11-2025,,Instagram,Root Canal,Clinic C,Contacted - No Appointment,17,No,
L04097,15-12-2025,,Google Ads,Dental Implant,Clinic A,Contacted - No Appointment,30,No,
L04098,29-08-2025,P04098,Instagram,Teeth Whitening,Clinic A,Appointment Booked,4,Yes,04-09-2025
L04099,17-08-2025,P04099,Facebook,General Dentistry,Clinic C,Appointment Booked,18,Yes,20-08-2025
L04100,31-01-2025,P04100,Facebook,Root Canal,Clinic A,Appointment Booked,14,Yes,11-02-2025
L04101,19-02-2025,P04101,Facebook,Dental Crown,Clinic A,Appointment Booked,7,Yes,04-03-2025
L04102,26-03-2025,P04102,Facebook,Dental Implant,Clinic A,Appointment Booked,31,Yes,27-03-2025
L04103,26-10-2025,,Instagram,Invisalign,Clinic B,Contacted - No Appointment,10,No,
L04104,07-04-2025,,Google Organic,Invisalign,Clinic B,Contacted - No Appointment,40,No,
L04105,23-09-2025,,Facebook,Root Canal,Clinic A,Contacted - No Appointment,12,No,
L04106,18-12-2025,,Referral,General Dentistry,Clinic D,Contacted - No Appointment,28,No,
L04107,13-04-2025,,Referral,Root Canal,Clinic C,Contacted - No Appointment,22,No,
L04108,23-08-2025,,Google Ads,Invisalign,Clinic B,Contacted - No Appointment,21,No,
L04109,13-03-2025,,Google Ads,Invisalign,Clinic B,Contacted - No Appointment,18,No,
L04110,10-02-2025,,Facebook,Root Canal,Clinic B,Contacted - No Appointment,20,No,
L04111,15-09-2025,,Instagram,Dental Crown,Clinic C,Contacted - No Appointment,28,No,
L04112,19-07-2025,,Google Ads,Root Canal,Clinic A,Contacted - No Appointment,41,No,
L04113,05-11-2025,P04113,Google Ads,Root Canal,Clinic A,Appointment Booked,12,Yes,13-11-2025
L04114,22-01-2025,,Google Organic,Dental Crown,Clinic D,Not Contacted/Cold,63,No,
L04115,15-05-2025,P04115,Instagram,Invisalign,Clinic A,Appointment Booked,33,Yes,28-05-2025
L04116,24-12-2025,,Google Ads,Dental Implant,Clinic B,Contacted - No Appointment,25,No,
L04117,08-08-2025,P04117,Referral,Dental Implant,Clinic D,Appointment Booked,24,Yes,15-08-2025
L04118,15-02-2025,,Google Organic,Invisalign,Clinic C,Contacted - No Appointment,2,No,
L04119,21-01-2025,,Facebook,Dental Implant,Clinic B,Not Contacted/Cold,61,No,
L04120,04-05-2025,,Google Organic,Invisalign,Clinic C,Contacted - No Appointment,29,No,
L04121,26-04-2025,,Google Ads,Teeth Whitening,Clinic A,Contacted - No Appointment,9,No,
L04122,16-02-2025,P04122,Facebook,Teeth Whitening,Clinic C,Appointment Booked,5,Yes,19-02-2025
L04123,16-12-2025,P04123,Google Ads,Dental Crown,Clinic B,Appointment Booked,30,Yes,29-12-2025
L04124,28-11-2025,P04124,Google Ads,General Dentistry,Clinic D,Appointment Booked,13,Yes,09-12-2025
L04125,10-01-2025,P04125,Facebook,Invisalign,Clinic D,Appointment Booked,17,Yes,11-01-2025
L04126,13-10-2025,,Google Ads,General Dentistry,Clinic D,Contacted - No Appointment,17,No,
L04127,07-09-2025,,Instagram,Root Canal,Clinic D,Contacted - No Appointment,17,No,
L04128,22-03-2025,P04128,Google Organic,Root Canal,Clinic C,Appointment Booked,4,Yes,30-03-2025
L04129,12-12-2025,P04129,Google Ads,Root Canal,Clinic B,Appointment Booked,37,Yes,16-12-2025
L04130,28-03-2025,P04130,Google Ads,Dental Implant,Clinic B,Appointment Booked,12,Yes,30-03-2025
L04131,12-08-2025,P04131,Google Organic,General Dentistry,Clinic C,Appointment Booked,15,Yes,13-08-2025
L04132,26-12-2025,P04132,Google Ads,Dental Implant,Clinic D,Appointment Booked,10,Yes,08-01-2026
L04133,09-01-2025,P04133,Facebook,Invisalign,Clinic A,Appointment Booked,32,Yes,15-01-2025
L04134,15-09-2025,P04134,Facebook,Invisalign,Clinic D,Appointment Booked,10,Yes,28-09-2025
L04135,25-11-2025,,Google Organic,Dental Implant,Clinic D,Contacted - No Appointment,8,No,
L04136,11-07-2025,P04136,Google Organic,Dental Implant,Clinic D,Appointment Booked,28,Yes,12-07-2025
L04137,26-09-2025,,Google Organic,Dental Implant,Clinic D,Contacted - No Appointment,15,No,
L04138,20-11-2025,,Google Ads,Invisalign,Clinic B,Contacted - No Appointment,23,No,
L04139,12-01-2025,,Google Organic,General Dentistry,Clinic A,Contacted - No Appointment,12,No,
L04140,30-09-2025,,Google Ads,Invisalign,Clinic A,Contacted - No Appointment,8,No,
L04141,08-03-2025,P04141,Google Ads,Dental Implant,Clinic B,Appointment Booked,13,Yes,14-03-2025
L04142,05-05-2025,,Facebook,Dental Crown,Clinic C,Contacted - No Appointment,34,No,
L04143,03-02-2025,P04143,Google Organic,General Dentistry,Clinic D,Appointment Booked,13,Yes,08-02-2025
L04144,29-04-2025,,Google Ads,Invisalign,Clinic D,Contacted - No Appointment,36,No,
L04145,28-05-2025,P04145,Google Ads,Invisalign,Clinic C,Appointment Booked,13,Yes,09-06-2025
L04146,02-10-2025,,Google Organic,General Dentistry,Clinic A,Contacted - No Appointment,25,No,
L04147,05-07-2025,P04147,Referral,Dental Implant,Clinic A,Appointment Booked,16,Yes,16-07-2025
L04148,19-07-2025,,Instagram,Root Canal,Clinic A,Contacted - No Appointment,13,No,
L04149,21-09-2025,P04149,Facebook,Invisalign,Clinic B,Appointment Booked,9,Yes,02-10-2025
L04150,25-11-2025,,Google Organic,General Dentistry,Clinic B,Contacted - No Appointment,12,No,
L04151,02-05-2025,,Google Organic,General Dentistry,Clinic A,Contacted - No Appointment,19,No,
L04152,03-12-2025,P04152,Instagram,Teeth Whitening,Clinic B,Appointment Booked,4,Yes,14-12-2025
L04153,15-08-2025,P04153,Facebook,Invisalign,Clinic A,Appointment Booked,8,Yes,28-08-2025
L04154,06-06-2025,,Google Ads,Root Canal,Clinic C,Contacted - No Appointment,24,No,
L04155,20-07-2025,,Facebook,Invisalign,Clinic B,Contacted - No Appointment,6,No,
L04156,13-08-2025,,Google Ads,General Dentistry,Clinic B,Contacted - No Appointment,18,No,
L04157,12-10-2025,P04157,Facebook,General Dentistry,Clinic B,Appointment Booked,29,Yes,16-10-2025
L04158,16-07-2025,,Facebook,Root Canal,Clinic D,Contacted - No Appointment,41,No,
L04159,18-07-2025,P04159,Google Ads,Dental Crown,Clinic A,Appointment Booked,3,Yes,19-07-2025
L04160,11-01-2025,,Google Organic,Dental Implant,Clinic C,Contacted - No Appointment,19,No,
L04161,25-06-2025,,Google Ads,Root Canal,Clinic C,Not Contacted/Cold,52,No,
L04162,29-04-2025,,Facebook,Dental Crown,Clinic C,Contacted - No Appointment,43,No,
L04163,18-09-2025,P04163,Google Organic,Root Canal,Clinic D,Appointment Booked,5,Yes,30-09-2025
L04164,04-04-2025,P04164,Facebook,Root Canal,Clinic B,Appointment Booked,21,Yes,06-04-2025
L04165,26-07-2025,,Facebook,Dental Implant,Clinic B,Contacted - No Appointment,11,No,
L04166,06-01-2025,P04166,Facebook,Teeth Whitening,Clinic A,Appointment Booked,11,Yes,17-01-2025
L04167,12-08-2025,,Google Organic,General Dentistry,Clinic C,Contacted - No Appointment,12,No,
L04168,04-01-2025,P04168,Referral,General Dentistry,Clinic B,Appointment Booked,29,Yes,08-01-2025
L04169,10-06-2025,,Instagram,Teeth Whitening,Clinic A,Contacted - No Appointment,23,No,
L04170,05-03-2025,,Google Organic,Root Canal,Clinic C,Contacted - No Appointment,23,No,
L04171,12-03-2025,,Google Ads,Invisalign,Clinic C,Contacted - No Appointment,22,No,
L04172,14-01-2025,P04172,Referral,General Dentistry,Clinic A,Appointment Booked,9,Yes,28-01-2025
L04173,24-04-2025,P04173,Referral,Dental Crown,Clinic C,Appointment Booked,8,Yes,03-05-2025
L04174,04-10-2025,,Instagram,Dental Crown,Clinic C,Contacted - No Appointment,7,No,
L04175,14-08-2025,,Google Organic,Dental Crown,Clinic A,Contacted - No Appointment,17,No,
L04176,09-06-2025,,Facebook,General Dentistry,Clinic B,Contacted - No Appointment,3,No,
L04177,28-01-2025,P04177,Google Ads,Dental Implant,Clinic C,Appointment Booked,23,Yes,01-02-2025
L04178,02-06-2025,,Referral,Invisalign,Clinic C,Not Contacted/Cold,46,No,
L04179,23-03-2025,P04179,Instagram,Dental Crown,Clinic B,Appointment Booked,24,Yes,27-03-2025
L04180,18-10-2025,,Instagram,General Dentistry,Clinic B,Contacted - No Appointment,26,No,
L04181,19-05-2025,P04181,Instagram,Dental Crown,Clinic C,Appointment Booked,10,Yes,20-05-2025
L04182,01-10-2025,P04182,Referral,Root Canal,Clinic D,Appointment Booked,13,Yes,15-10-2025
L04183,18-12-2025,,Google Organic,Root Canal,Clinic C,Contacted - No Appointment,16,No,
L04184,17-08-2025,,Google Ads,Teeth Whitening,Clinic A,Contacted - No Appointment,16,No,
L04185,21-08-2025,P04185,Facebook,Teeth Whitening,Clinic B,Appointment Booked,23,Yes,31-08-2025
L04186,01-01-2025,P04186,Referral,Dental Crown,Clinic D,Appointment Booked,43,Yes,02-01-2025
L04187,09-05-2025,,Instagram,Invisalign,Clinic A,Contacted - No Appointment,16,No,
L04188,07-08-2025,,Referral,General Dentistry,Clinic D,Contacted - No Appointment,37,No,
L04189,29-07-2025,,Google Organic,Dental Crown,Clinic D,Contacted - No Appointment,18,No,
L04190,18-08-2025,P04190,Instagram,Teeth Whitening,Clinic A,Appointment Booked,6,Yes,22-08-2025
L04191,15-07-2025,,Facebook,Invisalign,Clinic D,Contacted - No Appointment,19,No,
L04192,19-01-2025,P04192,Facebook,Invisalign,Clinic B,Appointment Booked,20,Yes,02-02-2025
L04193,01-06-2025,,Instagram,General Dentistry,Clinic D,Contacted - No Appointment,6,No,
L04194,03-07-2025,P04194,Facebook,Dental Implant,Clinic B,Appointment Booked,40,Yes,15-07-2025
L04195,19-02-2025,,Google Organic,Root Canal,Clinic B,Contacted - No Appointment,26,No,
L04196,09-09-2025,,Google Organic,Root Canal,Clinic C,Contacted - No Appointment,33,No,
L04197,05-03-2025,,Facebook,Teeth Whitening,Clinic D,Contacted - No Appointment,34,No,
L04198,09-04-2025,P04198,Google Organic,Invisalign,Clinic A,Appointment Booked,9,Yes,11-04-2025
L04199,10-08-2025,,Facebook,Invisalign,Clinic C,Contacted - No Appointment,34,No,
L04200,22-04-2025,,Facebook,General Dentistry,Clinic A,Contacted - No Appointment,4,No,
L04201,04-02-2025,,Facebook,Dental Crown,Clinic B,Contacted - No Appointment,18,No,
L04202,23-04-2025,,Referral,Dental Implant,Clinic B,Contacted - No Appointment,13,No,
L04203,06-07-2025,P04203,Facebook,Invisalign,Clinic B,Appointment Booked,6,Yes,09-07-2025
L04204,24-04-2025,P04204,Google Ads,General Dentistry,Clinic B,Appointment Booked,25,Yes,25-04-2025
L04205,29-12-2025,,Facebook,Invisalign,Clinic A,Contacted - No Appointment,28,No,
L04206,11-08-2025,,Google Ads,Dental Crown,Clinic A,Contacted - No Appointment,8,No,
L04207,25-03-2025,P04207,Facebook,Root Canal,Clinic A,Appointment Booked,18,Yes,31-03-2025
L04208,20-08-2025,,Google Ads,General Dentistry,Clinic B,Contacted - No Appointment,25,No,
L04209,08-10-2025,P04209,Google Organic,Teeth Whitening,Clinic D,Appointment Booked,2,Yes,13-10-2025
L04210,28-02-2025,,Google Ads,Dental Crown,Clinic A,Contacted - No Appointment,27,No,
L04211,11-02-2025,P04211,Instagram,Dental Implant,Clinic D,Appointment Booked,7,Yes,23-02-2025
L04212,04-01-2025,,Google Ads,General Dentistry,Clinic C,Contacted - No Appointment,8,No,
L04213,13-09-2025,,Referral,Root Canal,Clinic C,Contacted - No Appointment,27,No,
L04214,21-04-2025,P04214,Facebook,General Dentistry,Clinic C,Appointment Booked,7,Yes,22-04-2025
L04215,02-10-2025,,Google Organic,Root Canal,Clinic D,Contacted - No Appointment,34,No,
L04216,20-07-2025,,Google Organic,Dental Crown,Clinic A,Contacted - No Appointment,15,No,
L04217,20-06-2025,,Google Organic,Dental Implant,Clinic B,Contacted - No Appointment,12,No,
L04218,30-12-2025,P04218,Google Organic,Teeth Whitening,Clinic C,Appointment Booked,30,Yes,12-01-2026
L04219,21-08-2025,P04219,Google Ads,Invisalign,Clinic C,Appointment Booked,18,Yes,04-09-2025
L04220,17-04-2025,,Google Organic,Root Canal,Clinic D,Contacted - No Appointment,20,No,
L04221,11-06-2025,,Google Ads,Dental Implant,Clinic A,Contacted - No Appointment,6,No,
L04222,05-01-2025,P04222,Google Organic,Dental Implant,Clinic C,Appointment Booked,58,Yes,17-01-2025
L04223,25-07-2025,,Referral,Invisalign,Clinic C,Not Contacted/Cold,48,No,
L04224,31-05-2025,,Referral,Invisalign,Clinic B,Contacted - No Appointment,19,No,
L04225,17-10-2025,P04225,Google Ads,General Dentistry,Clinic B,Appointment Booked,13,Yes,23-10-2025
L04226,09-05-2025,P04226,Facebook,Root Canal,Clinic C,Appointment Booked,24,Yes,10-05-2025
L04227,26-02-2025,P04227,Facebook,Teeth Whitening,Clinic D,Appointment Booked,5,Yes,11-03-2025
L04228,25-04-2025,,Google Ads,Dental Implant,Clinic B,Contacted - No Appointment,22,No,
L04229,11-06-2025,P04229,Google Ads,Dental Crown,Clinic D,Appointment Booked,1,Yes,21-06-2025
L04230,15-03-2025,P04230,Facebook,Root Canal,Clinic B,Appointment Booked,14,Yes,24-03-2025
L04231,17-09-2025,P04231,Referral,General Dentistry,Clinic A,Appointment Booked,7,Yes,28-09-2025
L04232,18-07-2025,,Instagram,General Dentistry,Clinic A,Contacted - No Appointment,27,No,
L04233,04-10-2025,,Instagram,Root Canal,Clinic A,Contacted - No Appointment,11,No,
L04234,08-06-2025,,Facebook,Teeth Whitening,Clinic B,Contacted - No Appointment,6,No,
L04235,06-01-2025,,Instagram,Invisalign,Clinic B,Contacted - No Appointment,35,No,
L04236,31-03-2025,,Referral,Dental Crown,Clinic C,Not Contacted/Cold,111,No,
L04237,17-06-2025,,Instagram,Dental Implant,Clinic C,Contacted - No Appointment,16,No,
L04238,11-03-2025,,Google Ads,Invisalign,Clinic A,Contacted - No Appointment,23,No,
L04239,13-09-2025,P04239,Facebook,Invisalign,Clinic A,Appointment Booked,10,Yes,15-09-2025
L04240,09-03-2025,P04240,Referral,Teeth Whitening,Clinic B,Appointment Booked,12,Yes,14-03-2025
L04241,27-02-2025,,Facebook,Root Canal,Clinic C,Contacted - No Appointment,43,No,
L04242,19-04-2025,,Instagram,Teeth Whitening,Clinic A,Contacted - No Appointment,26,No,
L04243,17-07-2025,,Google Ads,Root Canal,Clinic A,Contacted - No Appointment,27,No,
L04244,15-05-2025,P04244,Google Ads,Dental Implant,Clinic D,Appointment Booked,11,Yes,20-05-2025
L04245,14-03-2025,,Referral,Teeth Whitening,Clinic D,Contacted - No Appointment,8,No,
L04246,26-03-2025,,Facebook,General Dentistry,Clinic A,Not Contacted/Cold,49,No,
L04247,01-04-2025,,Facebook,General Dentistry,Clinic B,Contacted - No Appointment,16,No,
L04248,12-12-2025,P04248,Facebook,Dental Crown,Clinic B,Appointment Booked,25,Yes,18-12-2025
L04249,06-02-2025,P04249,Referral,Teeth Whitening,Clinic D,Appointment Booked,9,Yes,11-02-2025
L04250,22-07-2025,P04250,Google Ads,Teeth Whitening,Clinic C,Appointment Booked,3,Yes,02-08-2025
L04251,10-08-2025,,Google Organic,Dental Implant,Clinic A,Contacted - No Appointment,14,No,
L04252,09-08-2025,P04252,Facebook,Dental Implant,Clinic C,Appointment Booked,50,Yes,13-08-2025
L04253,02-09-2025,,Google Organic,Dental Implant,Clinic B,Contacted - No Appointment,24,No,
L04254,23-06-2025,,Referral,Invisalign,Clinic B,Contacted - No Appointment,23,No,
L04255,22-01-2025,,Facebook,Root Canal,Clinic B,Contacted - No Appointment,13,No,
L04256,23-08-2025,,Google Ads,General Dentistry,Clinic B,Contacted - No Appointment,17,No,
L04257,18-01-2025,P04257,Google Ads,Root Canal,Clinic B,Appointment Booked,19,Yes,27-01-2025
L04258,31-08-2025,,Google Organic,Teeth Whitening,Clinic A,Contacted - No Appointment,21,No,
L04259,05-04-2025,P04259,Google Ads,Dental Crown,Clinic B,Appointment Booked,6,Yes,12-04-2025
L04260,07-02-2025,,Google Ads,Invisalign,Clinic A,Contacted - No Appointment,39,No,
L04261,20-10-2025,,Google Ads,Dental Implant,Clinic D,Contacted - No Appointment,27,No,
L04262,21-11-2025,,Facebook,Root Canal,Clinic A,Contacted - No Appointment,20,No,
L04263,02-10-2025,,Google Ads,Teeth Whitening,Clinic A,Contacted - No Appointment,31,No,
L04264,19-05-2025,,Referral,General Dentistry,Clinic C,Contacted - No Appointment,36,No,
L04265,10-11-2025,,Referral,Root Canal,Clinic D,Contacted - No Appointment,31,No,
L04266,14-10-2025,,Facebook,General Dentistry,Clinic D,Contacted - No Appointment,32,No,
L04267,30-12-2025,,Instagram,Root Canal,Clinic B,Contacted - No Appointment,12,No,
L04268,04-12-2025,,Instagram,Dental Crown,Clinic A,Contacted - No Appointment,17,No,
L04269,02-06-2025,,Google Organic,Dental Crown,Clinic C,Contacted - No Appointment,34,No,
L04270,15-08-2025,,Facebook,Dental Implant,Clinic C,Contacted - No Appointment,15,No,
L04271,15-08-2025,P04271,Facebook,Dental Implant,Clinic A,Appointment Booked,30,Yes,28-08-2025
L04272,29-11-2025,P04272,Instagram,Dental Implant,Clinic D,Appointment Booked,11,Yes,09-12-2025
L04273,13-05-2025,,Google Organic,Root Canal,Clinic A,Contacted - No Appointment,10,No,
L04274,26-03-2025,P04274,Facebook,Teeth Whitening,Clinic D,Appointment Booked,21,Yes,04-04-2025
L04275,01-10-2025,P04275,Facebook,Dental Implant,Clinic D,Appointment Booked,43,Yes,13-10-2025
L04276,13-06-2025,P04276,Google Ads,Dental Crown,Clinic C,Appointment Booked,27,Yes,19-06-2025
L04277,11-04-2025,P04277,Facebook,Invisalign,Clinic D,Appointment Booked,20,Yes,19-04-2025
L04278,08-07-2025,P04278,Facebook,Teeth Whitening,Clinic C,Appointment Booked,27,Yes,12-07-2025
L04279,30-08-2025,,Facebook,Teeth Whitening,Clinic A,Contacted - No Appointment,23,No,
L04280,17-09-2025,,Facebook,Teeth Whitening,Clinic B,Contacted - No Appointment,10,No,
L04281,23-10-2025,,Google Organic,Root Canal,Clinic A,Contacted - No Appointment,15,No,
L04282,10-12-2025,P04282,Google Ads,Invisalign,Clinic B,Appointment Booked,6,Yes,24-12-2025
L04283,26-07-2025,,Instagram,Teeth Whitening,Clinic C,Contacted - No Appointment,24,No,
L04284,11-03-2025,P04284,Instagram,Invisalign,Clinic B,Appointment Booked,36,Yes,15-03-2025
L04285,28-12-2025,,Facebook,Invisalign,Clinic B,Contacted - No Appointment,39,No,
L04286,08-11-2025,,Facebook,Invisalign,Clinic C,Contacted - No Appointment,14,No,
L04287,15-06-2025,P04287,Google Organic,Dental Crown,Clinic D,Appointment Booked,9,Yes,19-06-2025
L04288,06-03-2025,P04288,Google Ads,Dental Crown,Clinic A,Appointment Booked,25,Yes,08-03-2025
L04289,05-02-2025,P04289,Referral,Dental Crown,Clinic B,Appointment Booked,6,Yes,14-02-2025
L04290,31-01-2025,,Referral,Root Canal,Clinic A,Contacted - No Appointment,5,No,
L04291,12-02-2025,P04291,Instagram,Dental Implant,Clinic C,Appointment Booked,28,Yes,21-02-2025
L04292,07-08-2025,P04292,Google Organic,General Dentistry,Clinic A,Appointment Booked,20,Yes,19-08-2025
L04293,26-05-2025,,Instagram,Root Canal,Clinic C,Contacted - No Appointment,25,No,
L04294,04-05-2025,P04294,Facebook,Root Canal,Clinic B,Appointment Booked,5,Yes,18-05-2025
L04295,04-02-2025,P04295,Referral,Dental Crown,Clinic A,Appointment Booked,53,Yes,09-02-2025
L04296,06-07-2025,P04296,Google Ads,Invisalign,Clinic D,Appointment Booked,5,Yes,13-07-2025
L04297,05-05-2025,,Google Ads,Dental Implant,Clinic A,Contacted - No Appointment,43,No,
L04298,24-11-2025,,Google Ads,Root Canal,Clinic B,Contacted - No Appointment,43,No,
L04299,26-02-2025,,Instagram,Invisalign,Clinic A,Contacted - No Appointment,34,No,
L04300,25-12-2025,P04300,Google Ads,Invisalign,Clinic B,Appointment Booked,27,Yes,31-12-2025
L04301,11-08-2025,,Referral,General Dentistry,Clinic B,Contacted - No Appointment,24,No,
L04302,17-06-2025,,Facebook,Root Canal,Clinic B,Contacted - No Appointment,7,No,
L04303,14-02-2025,P04303,Google Organic,Root Canal,Clinic A,Appointment Booked,10,Yes,17-02-2025
L04304,19-05-2025,,Google Ads,Dental Crown,Clinic B,Contacted - No Appointment,14,No,
L04305,14-09-2025,,Facebook,General Dentistry,Clinic C,Contacted - No Appointment,19,No,
L04306,10-06-2025,,Google Ads,Dental Implant,Clinic D,Contacted - No Appointment,14,No,
L04307,29-07-2025,,Google Ads,General Dentistry,Clinic C,Contacted - No Appointment,16,No,
L04308,30-09-2025,,Facebook,Dental Crown,Clinic C,Contacted - No Appointment,7,No,
L04309,23-09-2025,,Referral,Dental Implant,Clinic A,Not Contacted/Cold,46,No,
L04310,09-02-2025,,Facebook,Invisalign,Clinic B,Contacted - No Appointment,22,No,
L04311,19-02-2025,,Instagram,Root Canal,Clinic A,Not Contacted/Cold,53,No,
L04312,11-03-2025,P04312,Facebook,Dental Crown,Clinic A,Appointment Booked,6,Yes,19-03-2025
L04313,18-04-2025,P04313,Google Ads,Invisalign,Clinic A,Appointment Booked,6,Yes,23-04-2025
L04314,27-12-2025,,Facebook,Root Canal,Clinic C,Contacted - No Appointment,35,No,
L04315,03-10-2025,,Google Ads,Dental Crown,Clinic C,Contacted - No Appointment,13,No,
L04316,12-07-2025,P04316,Referral,Root Canal,Clinic D,Appointment Booked,39,Yes,16-07-2025
L04317,03-09-2025,,Google Organic,General Dentistry,Clinic A,Contacted - No Appointment,32,No,
L04318,17-02-2025,,Facebook,General Dentistry,Clinic C,Contacted - No Appointment,17,No,
L04319,14-10-2025,P04319,Instagram,Root Canal,Clinic D,Appointment Booked,8,Yes,17-10-2025
L04320,01-10-2025,,Google Ads,General Dentistry,Clinic C,Contacted - No Appointment,9,No,
L04321,08-05-2025,,Google Organic,Dental Implant,Clinic A,Contacted - No Appointment,11,No,
L04322,11-05-2025,P04322,Google Organic,Dental Implant,Clinic B,Appointment Booked,19,Yes,19-05-2025
L04323,16-01-2025,P04323,Google Organic,Root Canal,Clinic A,Appointment Booked,27,Yes,30-01-2025
L04324,16-09-2025,,Google Ads,Dental Crown,Clinic B,Contacted - No Appointment,8,No,
L04325,29-09-2025,,Google Ads,Dental Crown,Clinic C,Contacted - No Appointment,9,No,
L04326,09-01-2025,,Facebook,Root Canal,Clinic A,Contacted - No Appointment,9,No,
L04327,18-11-2025,,Referral,Dental Implant,Clinic A,Not Contacted/Cold,72,No,
L04328,01-07-2025,P04328,Referral,Dental Implant,Clinic C,Appointment Booked,12,Yes,02-07-2025
L04329,26-05-2025,,Facebook,General Dentistry,Clinic D,Contacted - No Appointment,23,No,
L04330,06-04-2025,,Google Organic,General Dentistry,Clinic B,Contacted - No Appointment,33,No,
L04331,11-10-2025,,Referral,Dental Crown,Clinic C,Contacted - No Appointment,9,No,
L04332,21-02-2025,P04332,Google Ads,Dental Crown,Clinic B,Appointment Booked,26,Yes,24-02-2025
L04333,28-03-2025,,Google Organic,Dental Crown,Clinic A,Contacted - No Appointment,26,No,
L04334,30-08-2025,,Google Ads,Invisalign,Clinic B,Contacted - No Appointment,8,No,
L04335,03-11-2025,,Facebook,Root Canal,Clinic C,Contacted - No Appointment,12,No,
L04336,09-08-2025,,Google Ads,Dental Crown,Clinic D,Contacted - No Appointment,26,No,
L04337,22-09-2025,,Facebook,Root Canal,Clinic A,Contacted - No Appointment,16,No,
L04338,13-04-2025,,Google Organic,Dental Implant,Clinic B,Contacted - No Appointment,36,No,
L04339,06-08-2025,P04339,Facebook,General Dentistry,Clinic B,Appointment Booked,6,Yes,17-08-2025
L04340,14-11-2025,,Google Ads,General Dentistry,Clinic B,Contacted - No Appointment,39,No,
L04341,27-07-2025,,Google Ads,Invisalign,Clinic A,Contacted - No Appointment,17,No,
L04342,27-02-2025,P04342,Instagram,Dental Crown,Clinic B,Appointment Booked,14,Yes,10-03-2025
L04343,14-06-2025,,Instagram,General Dentistry,Clinic D,Contacted - No Appointment,28,No,
L04344,11-10-2025,,Instagram,Dental Implant,Clinic C,Contacted - No Appointment,15,No,
L04345,10-08-2025,,Google Ads,Root Canal,Clinic B,Contacted - No Appointment,20,No,
L04346,18-01-2025,,Google Organic,Root Canal,Clinic B,Contacted - No Appointment,32,No,
L04347,15-03-2025,P04347,Referral,Root Canal,Clinic B,Appointment Booked,23,Yes,17-03-2025
L04348,30-08-2025,P04348,Facebook,General Dentistry,Clinic B,Appointment Booked,34,Yes,01-09-2025
L04349,11-08-2025,,Google Organic,Root Canal,Clinic D,Contacted - No Appointment,14,No,
L04350,16-12-2025,P04350,Referral,Dental Implant,Clinic D,Appointment Booked,23,Yes,23-12-2025
L04351,06-11-2025,P04351,Instagram,Dental Implant,Clinic B,Appointment Booked,48,Yes,14-11-2025
L04352,09-03-2025,P04352,Google Organic,Dental Implant,Clinic B,Appointment Booked,5,Yes,19-03-2025
L04353,26-06-2025,,Google Organic,Root Canal,Clinic D,Contacted - No Appointment,24,No,
L04354,12-12-2025,,Google Ads,Teeth Whitening,Clinic B,Contacted - No Appointment,30,No,
L04355,15-10-2025,,Instagram,Invisalign,Clinic C,Contacted - No Appointment,45,No,
L04356,01-02-2025,P04356,Google Organic,Dental Crown,Clinic A,Appointment Booked,24,Yes,09-02-2025
L04357,20-09-2025,,Google Ads,Dental Crown,Clinic C,Contacted - No Appointment,26,No,
L04358,19-11-2025,,Referral,Invisalign,Clinic C,Contacted - No Appointment,11,No,
L04359,06-03-2025,P04359,Instagram,Dental Crown,Clinic D,Appointment Booked,40,Yes,07-03-2025
L04360,26-02-2025,P04360,Facebook,Dental Crown,Clinic D,Appointment Booked,28,Yes,12-03-2025
L04361,16-07-2025,P04361,Instagram,Root Canal,Clinic A,Appointment Booked,11,Yes,20-07-2025
L04362,17-12-2025,P04362,Facebook,Invisalign,Clinic C,Appointment Booked,10,Yes,24-12-2025
L04363,13-06-2025,,Google Organic,Dental Crown,Clinic D,Contacted - No Appointment,15,No,
L04364,26-08-2025,,Facebook,General Dentistry,Clinic B,Contacted - No Appointment,19,No,
L04365,27-12-2025,P04365,Referral,Root Canal,Clinic A,Appointment Booked,17,Yes,01-01-2026
L04366,09-03-2025,,Facebook,Root Canal,Clinic A,Contacted - No Appointment,18,No,
L04367,09-12-2025,,Instagram,Root Canal,Clinic B,Contacted - No Appointment,15,No,
L04368,03-06-2025,P04368,Referral,Dental Implant,Clinic B,Appointment Booked,18,Yes,12-06-2025
L04369,18-01-2025,,Google Ads,Dental Crown,Clinic C,Contacted - No Appointment,35,No,
L04370,12-11-2025,,Google Organic,Invisalign,Clinic A,Contacted - No Appointment,28,No,
L04371,16-05-2025,,Google Ads,Dental Implant,Clinic D,Contacted - No Appointment,5,No,
L04372,21-08-2025,P04372,Google Organic,Root Canal,Clinic A,Appointment Booked,37,Yes,23-08-2025
L04373,22-06-2025,,Instagram,Dental Implant,Clinic A,Contacted - No Appointment,23,No,
L04374,07-04-2025,,Referral,Root Canal,Clinic B,Contacted - No Appointment,8,No,
L04375,15-02-2025,,Referral,Dental Implant,Clinic B,Contacted - No Appointment,20,No,
L04376,14-02-2025,,Google Ads,Dental Implant,Clinic A,Contacted - No Appointment,11,No,
L04377,12-05-2025,,Google Ads,General Dentistry,Clinic B,Contacted - No Appointment,11,No,
L04378,19-03-2025,,Instagram,General Dentistry,Clinic A,Contacted - No Appointment,15,No,
L04379,24-06-2025,,Facebook,Invisalign,Clinic C,Contacted - No Appointment,37,No,
L04380,28-06-2025,P04380,Google Ads,Root Canal,Clinic D,Appointment Booked,2,Yes,03-07-2025
L04381,15-04-2025,,Google Ads,Invisalign,Clinic B,Contacted - No Appointment,12,No,
L04382,31-07-2025,P04382,Instagram,Root Canal,Clinic C,Appointment Booked,29,Yes,05-08-2025
L04383,26-11-2025,,Google Ads,Root Canal,Clinic C,Not Contacted/Cold,65,No,
L04384,14-03-2025,P04384,Referral,Invisalign,Clinic A,Appointment Booked,85,Yes,22-03-2025
L04385,29-08-2025,P04385,Google Organic,Teeth Whitening,Clinic D,Appointment Booked,15,Yes,04-09-2025
L04386,16-03-2025,P04386,Google Organic,Dental Implant,Clinic D,Appointment Booked,7,Yes,26-03-2025
L04387,22-04-2025,,Google Ads,Dental Implant,Clinic A,Contacted - No Appointment,25,No,
L04388,08-08-2025,,Google Ads,Teeth Whitening,Clinic A,Contacted - No Appointment,28,No,
L04389,10-12-2025,,Facebook,Dental Crown,Clinic A,Contacted - No Appointment,36,No,
L04390,29-11-2025,,Referral,Root Canal,Clinic A,Contacted - No Appointment,25,No,
L04391,12-09-2025,,Facebook,Root Canal,Clinic C,Contacted - No Appointment,6,No,
L04392,03-03-2025,P04392,Facebook,Root Canal,Clinic B,Appointment Booked,2,Yes,12-03-2025
L04393,21-02-2025,,Google Ads,Root Canal,Clinic D,Contacted - No Appointment,39,No,
L04394,22-06-2025,,Google Organic,Root Canal,Clinic C,Contacted - No Appointment,33,No,
L04395,04-06-2025,P04395,Instagram,Root Canal,Clinic C,Appointment Booked,8,Yes,16-06-2025
L04396,15-11-2025,P04396,Google Ads,Root Canal,Clinic C,Appointment Booked,8,Yes,26-11-2025
L04397,03-04-2025,,Facebook,Dental Crown,Clinic A,Not Contacted/Cold,55,No,
L04398,12-11-2025,,Instagram,Teeth Whitening,Clinic B,Contacted - No Appointment,36,No,
L04399,10-07-2025,P04399,Facebook,Root Canal,Clinic C,Appointment Booked,15,Yes,21-07-2025
L04400,08-05-2025,P04400,Google Organic,Root Canal,Clinic A,Appointment Booked,10,Yes,22-05-2025
L04401,31-08-2025,,Google Organic,Root Canal,Clinic A,Contacted - No Appointment,15,No,
L04402,15-05-2025,P04402,Google Organic,Root Canal,Clinic D,Appointment Booked,12,Yes,19-05-2025
L04403,28-02-2025,,Instagram,Root Canal,Clinic C,Contacted - No Appointment,28,No,
L04404,04-04-2025,P04404,Referral,General Dentistry,Clinic B,Appointment Booked,22,Yes,07-04-2025
L04405,04-02-2025,,Referral,Dental Crown,Clinic C,Contacted - No Appointment,11,No,
L04406,16-10-2025,,Facebook,General Dentistry,Clinic D,Contacted - No Appointment,29,No,
L04407,13-04-2025,P04407,Google Ads,Teeth Whitening,Clinic B,Appointment Booked,10,Yes,19-04-2025
L04408,08-02-2025,P04408,Google Organic,General Dentistry,Clinic A,Appointment Booked,12,Yes,14-02-2025
L04409,09-06-2025,P04409,Google Ads,Dental Crown,Clinic D,Appointment Booked,16,Yes,11-06-2025
L04410,30-07-2025,,Referral,General Dentistry,Clinic B,Contacted - No Appointment,36,No,
L04411,16-11-2025,P04411,Google Ads,Dental Implant,Clinic A,Appointment Booked,11,Yes,29-11-2025
L04412,13-08-2025,,Referral,Dental Implant,Clinic B,Contacted - No Appointment,32,No,
L04413,29-09-2025,P04413,Instagram,Dental Crown,Clinic D,Appointment Booked,55,Yes,04-10-2025
L04414,04-12-2025,P04414,Google Organic,General Dentistry,Clinic A,Appointment Booked,13,Yes,07-12-2025
L04415,17-10-2025,,Facebook,Root Canal,Clinic B,Contacted - No Appointment,34,No,
L04416,07-05-2025,P04416,Referral,Invisalign,Clinic A,Appointment Booked,39,Yes,17-05-2025
L04417,17-09-2025,P04417,Google Ads,Root Canal,Clinic D,Appointment Booked,90,Yes,18-09-2025
L04418,03-09-2025,,Google Ads,Dental Crown,Clinic A,Contacted - No Appointment,25,No,
L04419,26-04-2025,,Google Ads,Invisalign,Clinic C,Contacted - No Appointment,17,No,
L04420,18-04-2025,P04420,Referral,Teeth Whitening,Clinic D,Appointment Booked,47,Yes,28-04-2025
L04421,13-06-2025,P04421,Facebook,General Dentistry,Clinic A,Appointment Booked,30,Yes,20-06-2025
L04422,29-10-2025,,Google Organic,General Dentistry,Clinic D,Contacted - No Appointment,28,No,
L04423,16-12-2025,,Google Organic,Invisalign,Clinic D,Contacted - No Appointment,26,No,
L04424,13-11-2025,,Referral,Invisalign,Clinic D,Not Contacted/Cold,57,No,
L04425,08-06-2025,P04425,Instagram,Root Canal,Clinic A,Appointment Booked,12,Yes,19-06-2025
L04426,20-10-2025,,Instagram,Root Canal,Clinic C,Contacted - No Appointment,34,No,
L04427,20-11-2025,,Google Organic,Dental Implant,Clinic D,Contacted - No Appointment,26,No,
L04428,17-09-2025,,Google Organic,Teeth Whitening,Clinic D,Contacted - No Appointment,41,No,
L04429,09-09-2025,,Google Ads,Root Canal,Clinic A,Contacted - No Appointment,12,No,
L04430,17-06-2025,P04430,Google Ads,General Dentistry,Clinic D,Appointment Booked,7,Yes,26-06-2025
L04431,25-11-2025,,Google Ads,General Dentistry,Clinic B,Not Contacted/Cold,57,No,
L04432,19-07-2025,,Facebook,Dental Implant,Clinic A,Contacted - No Appointment,4,No,
L04433,22-11-2025,,Facebook,General Dentistry,Clinic B,Contacted - No Appointment,11,No,
L04434,16-07-2025,P04434,Instagram,Teeth Whitening,Clinic D,Appointment Booked,5,Yes,25-07-2025
L04435,14-02-2025,P04435,Referral,Root Canal,Clinic B,Appointment Booked,37,Yes,17-02-2025
L04436,16-05-2025,,Facebook,Root Canal,Clinic C,Contacted - No Appointment,9,No,
L04437,09-12-2025,,Google Organic,Root Canal,Clinic D,Contacted - No Appointment,24,No,
L04438,17-03-2025,P04438,Facebook,Invisalign,Clinic B,Appointment Booked,9,Yes,30-03-2025
L04439,13-07-2025,,Google Ads,Dental Crown,Clinic C,Contacted - No Appointment,7,No,
L04440,08-01-2025,P04440,Instagram,Dental Implant,Clinic B,Appointment Booked,54,Yes,16-01-2025
L04441,03-03-2025,,Referral,Dental Crown,Clinic B,Contacted - No Appointment,30,No,
L04442,25-10-2025,,Google Ads,Invisalign,Clinic C,Contacted - No Appointment,14,No,
L04443,26-06-2025,P04443,Facebook,Dental Implant,Clinic D,Appointment Booked,20,Yes,08-07-2025
L04444,22-03-2025,P04444,Google Ads,Dental Crown,Clinic C,Appointment Booked,7,Yes,31-03-2025
L04445,08-11-2025,,Facebook,Dental Crown,Clinic D,Not Contacted/Cold,64,No,
L04446,09-12-2025,,Instagram,Root Canal,Clinic A,Contacted - No Appointment,11,No,
L04447,16-02-2025,,Google Organic,Dental Implant,Clinic A,Contacted - No Appointment,32,No,
L04448,21-08-2025,,Google Organic,General Dentistry,Clinic B,Contacted - No Appointment,6,No,
L04449,13-07-2025,,Facebook,Dental Crown,Clinic A,Contacted - No Appointment,22,No,
L04450,17-10-2025,,Referral,Dental Implant,Clinic A,Contacted - No Appointment,26,No,
L04451,15-06-2025,P04451,Facebook,Root Canal,Clinic C,Appointment Booked,18,Yes,20-06-2025
L04452,16-07-2025,,Google Organic,Root Canal,Clinic A,Contacted - No Appointment,31,No,
L04453,12-09-2025,,Facebook,Dental Implant,Clinic B,Contacted - No Appointment,15,No,
L04454,26-12-2025,P04454,Referral,Dental Crown,Clinic C,Appointment Booked,11,Yes,30-12-2025
L04455,09-10-2025,P04455,Google Organic,Teeth Whitening,Clinic C,Appointment Booked,19,Yes,10-10-2025
L04456,10-05-2025,P04456,Referral,Teeth Whitening,Clinic D,Appointment Booked,7,Yes,13-05-2025
L04457,29-07-2025,P04457,Google Ads,Invisalign,Clinic C,Appointment Booked,7,Yes,31-07-2025
L04458,11-07-2025,,Instagram,General Dentistry,Clinic B,Contacted - No Appointment,11,No,
L04459,31-08-2025,P04459,Google Organic,Invisalign,Clinic D,Appointment Booked,49,Yes,01-09-2025
L04460,03-04-2025,,Google Organic,General Dentistry,Clinic D,Contacted - No Appointment,17,No,
L04461,16-08-2025,P04461,Facebook,Dental Implant,Clinic A,Appointment Booked,69,Yes,26-08-2025
L04462,06-09-2025,,Google Ads,Root Canal,Clinic A,Contacted - No Appointment,16,No,
L04463,14-01-2025,,Google Ads,Dental Crown,Clinic C,Contacted - No Appointment,11,No,
L04464,13-01-2025,P04464,Facebook,Invisalign,Clinic C,Appointment Booked,53,Yes,25-01-2025
L04465,29-09-2025,,Referral,Teeth Whitening,Clinic D,Contacted - No Appointment,11,No,
L04466,24-02-2025,,Google Organic,Dental Crown,Clinic C,Contacted - No Appointment,16,No,
L04467,29-12-2025,,Google Ads,Dental Implant,Clinic C,Contacted - No Appointment,7,No,
L04468,07-04-2025,,Referral,Dental Crown,Clinic D,Contacted - No Appointment,43,No,
L04469,22-06-2025,,Google Ads,Root Canal,Clinic C,Contacted - No Appointment,18,No,
L04470,22-03-2025,,Facebook,Invisalign,Clinic A,Contacted - No Appointment,42,No,
L04471,28-04-2025,P04471,Google Ads,General Dentistry,Clinic D,Appointment Booked,27,Yes,29-04-2025
L04472,05-08-2025,,Referral,General Dentistry,Clinic A,Contacted - No Appointment,18,No,
L04473,25-02-2025,P04473,Google Organic,Invisalign,Clinic D,Appointment Booked,24,Yes,06-03-2025
L04474,16-03-2025,,Facebook,Root Canal,Clinic D,Not Contacted/Cold,46,No,
L04475,12-03-2025,P04475,Google Organic,Invisalign,Clinic C,Appointment Booked,20,Yes,24-03-2025
L04476,15-04-2025,P04476,Google Ads,Teeth Whitening,Clinic C,Appointment Booked,16,Yes,20-04-2025
L04477,28-08-2025,,Facebook,General Dentistry,Clinic B,Contacted - No Appointment,3,No,
L04478,26-10-2025,P04478,Facebook,Root Canal,Clinic B,Appointment Booked,26,Yes,27-10-2025
L04479,26-02-2025,P04479,Google Ads,Teeth Whitening,Clinic B,Appointment Booked,18,Yes,11-03-2025
L04480,08-05-2025,,Referral,Root Canal,Clinic C,Not Contacted/Cold,51,No,
L04481,18-03-2025,,Google Organic,Root Canal,Clinic D,Contacted - No Appointment,6,No,
L04482,06-03-2025,,Google Ads,General Dentistry,Clinic C,Contacted - No Appointment,26,No,
L04483,12-09-2025,P04483,Google Ads,Root Canal,Clinic A,Appointment Booked,5,Yes,14-09-2025
L04484,13-11-2025,,Google Ads,Root Canal,Clinic B,Contacted - No Appointment,15,No,
L04485,06-12-2025,,Facebook,Dental Crown,Clinic D,Not Contacted/Cold,48,No,
L04486,22-07-2025,,Facebook,Invisalign,Clinic B,Not Contacted/Cold,48,No,
L04487,12-08-2025,,Google Ads,Invisalign,Clinic C,Contacted - No Appointment,26,No,
L04488,18-07-2025,,Google Organic,General Dentistry,Clinic D,Contacted - No Appointment,26,No,
L04489,23-05-2025,,Facebook,Dental Crown,Clinic C,Contacted - No Appointment,35,No,
L04490,17-07-2025,,Facebook,General Dentistry,Clinic B,Contacted - No Appointment,18,No,
L04491,03-05-2025,,Referral,Invisalign,Clinic D,Contacted - No Appointment,17,No,
L04492,27-04-2025,P04492,Google Ads,Root Canal,Clinic A,Appointment Booked,7,Yes,02-05-2025
L04493,14-02-2025,P04493,Facebook,General Dentistry,Clinic D,Appointment Booked,20,Yes,26-02-2025
L04494,29-04-2025,P04494,Facebook,Invisalign,Clinic A,Appointment Booked,7,Yes,08-05-2025
L04495,12-07-2025,,Google Ads,Dental Implant,Clinic A,Contacted - No Appointment,14,No,
L04496,20-05-2025,,Google Ads,Root Canal,Clinic D,Contacted - No Appointment,36,No,
L04497,19-03-2025,P04497,Facebook,Root Canal,Clinic A,Appointment Booked,24,Yes,24-03-2025
L04498,11-02-2025,,Referral,Dental Implant,Clinic C,Contacted - No Appointment,10,No,
L04499,12-09-2025,P04499,Google Organic,General Dentistry,Clinic D,Appointment Booked,14,Yes,18-09-2025
L04500,08-04-2025,,Google Organic,General Dentistry,Clinic D,Contacted - No Appointment,21,No,
L04501,12-10-2025,,Facebook,Dental Crown,Clinic D,Contacted - No Appointment,28,No,
L04502,29-12-2025,,Facebook,Teeth Whitening,Clinic B,Contacted - No Appointment,9,No,
L04503,23-07-2025,P04503,Google Ads,General Dentistry,Clinic C,Appointment Booked,44,Yes,03-08-2025
L04504,16-04-2025,P04504,Google Ads,Teeth Whitening,Clinic A,Appointment Booked,19,Yes,26-04-2025
L04505,08-03-2025,,Facebook,Dental Implant,Clinic B,Contacted - No Appointment,9,No,
L04506,27-10-2025,,Facebook,Dental Implant,Clinic D,Contacted - No Appointment,11,No,
L04507,10-07-2025,,Google Ads,Dental Implant,Clinic B,Contacted - No Appointment,42,No,
L04508,10-04-2025,,Google Ads,Dental Implant,Clinic C,Contacted - No Appointment,29,No,
L04509,22-03-2025,P04509,Google Ads,Invisalign,Clinic B,Appointment Booked,37,Yes,01-04-2025
L04510,16-09-2025,,Facebook,Root Canal,Clinic C,Contacted - No Appointment,25,No,
L04511,14-07-2025,,Facebook,Invisalign,Clinic D,Contacted - No Appointment,2,No,
L04512,23-07-2025,P04512,Google Ads,Dental Implant,Clinic A,Appointment Booked,9,Yes,24-07-2025
L04513,30-11-2025,,Google Ads,Root Canal,Clinic C,Contacted - No Appointment,43,No,
L04514,20-08-2025,P04514,Google Ads,Invisalign,Clinic D,Appointment Booked,8,Yes,26-08-2025
L04515,02-06-2025,P04515,Google Ads,Teeth Whitening,Clinic B,Appointment Booked,21,Yes,16-06-2025
L04516,11-03-2025,P04516,Facebook,Dental Implant,Clinic A,Appointment Booked,6,Yes,18-03-2025
L04517,13-05-2025,P04517,Google Ads,General Dentistry,Clinic C,Appointment Booked,14,Yes,17-05-2025
L04518,17-06-2025,,Google Organic,General Dentistry,Clinic B,Contacted - No Appointment,15,No,
L04519,22-04-2025,,Facebook,Teeth Whitening,Clinic A,Contacted - No Appointment,8,No,
L04520,21-11-2025,P04520,Facebook,Teeth Whitening,Clinic D,Appointment Booked,11,Yes,27-11-2025
L04521,18-09-2025,,Google Ads,General Dentistry,Clinic C,Contacted - No Appointment,23,No,
L04522,18-06-2025,,Google Ads,Invisalign,Clinic D,Contacted - No Appointment,13,No,
L04523,29-07-2025,P04523,Google Ads,General Dentistry,Clinic D,Appointment Booked,103,Yes,02-08-2025
L04524,17-09-2025,P04524,Referral,Teeth Whitening,Clinic C,Appointment Booked,30,Yes,29-09-2025
L04525,15-10-2025,,Google Organic,Teeth Whitening,Clinic A,Contacted - No Appointment,32,No,
L04526,12-12-2025,,Google Ads,Root Canal,Clinic B,Contacted - No Appointment,38,No,
L04527,15-04-2025,,Instagram,Root Canal,Clinic A,Contacted - No Appointment,26,No,
L04528,01-07-2025,,Google Ads,Dental Crown,Clinic D,Contacted - No Appointment,11,No,
L04529,06-09-2025,P04529,Google Ads,Dental Crown,Clinic A,Appointment Booked,32,Yes,10-09-2025
L04530,13-02-2025,P04530,Google Organic,Teeth Whitening,Clinic B,Appointment Booked,16,Yes,25-02-2025
L04531,03-07-2025,,Google Ads,Dental Implant,Clinic C,Contacted - No Appointment,7,No,
L04532,08-02-2025,P04532,Facebook,Root Canal,Clinic B,Appointment Booked,27,Yes,16-02-2025
L04533,13-06-2025,,Instagram,Root Canal,Clinic A,Contacted - No Appointment,25,No,
L04534,12-06-2025,P04534,Instagram,Invisalign,Clinic C,Appointment Booked,32,Yes,15-06-2025
L04535,02-03-2025,P04535,Referral,Dental Implant,Clinic A,Appointment Booked,18,Yes,07-03-2025
L04536,06-04-2025,,Google Organic,Dental Implant,Clinic A,Contacted - No Appointment,35,No,
L04537,23-07-2025,,Google Organic,Root Canal,Clinic B,Contacted - No Appointment,9,No,
L04538,14-02-2025,P04538,Facebook,Root Canal,Clinic C,Appointment Booked,5,Yes,21-02-2025
L04539,29-09-2025,P04539,Google Ads,Dental Implant,Clinic C,Appointment Booked,21,Yes,12-10-2025
L04540,02-02-2025,,Google Organic,General Dentistry,Clinic B,Contacted - No Appointment,13,No,
L04541,03-06-2025,P04541,Referral,Teeth Whitening,Clinic C,Appointment Booked,10,Yes,10-06-2025
L04542,28-05-2025,,Facebook,Teeth Whitening,Clinic B,Contacted - No Appointment,16,No,
L04543,11-03-2025,,Referral,Dental Implant,Clinic D,Contacted - No Appointment,29,No,
L04544,04-10-2025,P04544,Google Ads,Dental Crown,Clinic A,Appointment Booked,1,Yes,05-10-2025
L04545,13-10-2025,P04545,Google Ads,Root Canal,Clinic C,Appointment Booked,14,Yes,19-10-2025
L04546,07-07-2025,,Google Ads,General Dentistry,Clinic D,Not Contacted/Cold,52,No,
L04547,15-09-2025,,Facebook,Teeth Whitening,Clinic D,Contacted - No Appointment,6,No,
L04548,05-01-2025,,Google Organic,Dental Crown,Clinic A,Contacted - No Appointment,12,No,
L04549,07-07-2025,,Facebook,General Dentistry,Clinic B,Contacted - No Appointment,42,No,
L04550,28-08-2025,,Referral,Dental Implant,Clinic C,Contacted - No Appointment,17,No,
L04551,05-02-2025,,Facebook,Dental Implant,Clinic A,Contacted - No Appointment,23,No,
L04552,05-11-2025,P04552,Facebook,Dental Crown,Clinic D,Appointment Booked,15,Yes,07-11-2025
L04553,16-11-2025,,Google Organic,Dental Implant,Clinic C,Contacted - No Appointment,44,No,
L04554,26-09-2025,,Google Ads,Dental Implant,Clinic C,Contacted - No Appointment,12,No,
L04555,22-06-2025,,Google Organic,Teeth Whitening,Clinic A,Contacted - No Appointment,20,No,
L04556,10-01-2025,,Google Ads,Invisalign,Clinic C,Contacted - No Appointment,33,No,
L04557,08-09-2025,,Google Ads,Dental Crown,Clinic C,Contacted - No Appointment,10,No,
L04558,23-03-2025,P04558,Instagram,General Dentistry,Clinic D,Appointment Booked,6,Yes,25-03-2025
L04559,03-12-2025,P04559,Referral,Invisalign,Clinic A,Appointment Booked,2,Yes,11-12-2025
L04560,09-06-2025,P04560,Instagram,Invisalign,Clinic A,Appointment Booked,29,Yes,16-06-2025
L04561,19-05-2025,,Instagram,Dental Implant,Clinic B,Contacted - No Appointment,8,No,
L04562,14-03-2025,P04562,Google Organic,Dental Implant,Clinic A,Appointment Booked,25,Yes,27-03-2025
L04563,19-09-2025,P04563,Google Ads,Dental Implant,Clinic C,Appointment Booked,25,Yes,02-10-2025
L04564,05-10-2025,P04564,Google Organic,Dental Implant,Clinic D,Appointment Booked,7,Yes,10-10-2025
L04565,26-11-2025,,Facebook,Root Canal,Clinic B,Contacted - No Appointment,21,No,
L04566,10-03-2025,,Google Ads,Invisalign,Clinic D,Not Contacted/Cold,64,No,
L04567,13-05-2025,P04567,Facebook,Teeth Whitening,Clinic A,Appointment Booked,30,Yes,24-05-2025
L04568,14-11-2025,,Google Ads,General Dentistry,Clinic A,Not Contacted/Cold,95,No,
L04569,11-11-2025,,Google Ads,Teeth Whitening,Clinic A,Contacted - No Appointment,13,No,
L04570,23-04-2025,,Google Ads,Root Canal,Clinic B,Contacted - No Appointment,22,No,
L04571,22-12-2025,P04571,Google Ads,Dental Implant,Clinic D,Appointment Booked,10,Yes,02-01-2026
L04572,22-09-2025,,Instagram,Teeth Whitening,Clinic A,Not Contacted/Cold,52,No,
L04573,10-01-2025,P04573,Instagram,Root Canal,Clinic C,Appointment Booked,15,Yes,13-01-2025
L04574,06-06-2025,,Instagram,Dental Implant,Clinic B,Contacted - No Appointment,7,No,
L04575,28-11-2025,,Facebook,General Dentistry,Clinic D,Contacted - No Appointment,22,No,
L04576,15-05-2025,,Google Organic,Invisalign,Clinic A,Contacted - No Appointment,12,No,
L04577,10-04-2025,P04577,Google Ads,Invisalign,Clinic A,Appointment Booked,25,Yes,13-04-2025
L04578,10-08-2025,,Instagram,General Dentistry,Clinic A,Contacted - No Appointment,18,No,
L04579,06-01-2025,P04579,Google Ads,General Dentistry,Clinic B,Appointment Booked,30,Yes,10-01-2025
L04580,27-04-2025,,Facebook,Invisalign,Clinic B,Contacted - No Appointment,3,No,
L04581,26-06-2025,,Facebook,Root Canal,Clinic D,Contacted - No Appointment,19,No,
L04582,11-10-2025,,Google Organic,Dental Crown,Clinic C,Contacted - No Appointment,10,No,
L04583,07-03-2025,,Referral,Teeth Whitening,Clinic C,Contacted - No Appointment,38,No,
L04584,06-12-2025,P04584,Google Organic,Dental Implant,Clinic C,Appointment Booked,49,Yes,10-12-2025
L04585,20-02-2025,,Google Ads,Dental Crown,Clinic A,Contacted - No Appointment,12,No,
L04586,12-05-2025,,Google Ads,General Dentistry,Clinic B,Contacted - No Appointment,25,No,
L04587,01-08-2025,P04587,Referral,Invisalign,Clinic D,Appointment Booked,9,Yes,13-08-2025
L04588,23-07-2025,,Facebook,General Dentistry,Clinic D,Contacted - No Appointment,24,No,
L04589,23-08-2025,,Referral,General Dentistry,Clinic D,Contacted - No Appointment,9,No,
L04590,02-10-2025,,Facebook,Invisalign,Clinic D,Contacted - No Appointment,25,No,
L04591,10-05-2025,P04591,Referral,Teeth Whitening,Clinic A,Appointment Booked,27,Yes,19-05-2025
L04592,27-05-2025,,Referral,Invisalign,Clinic A,Not Contacted/Cold,55,No,
L04593,18-08-2025,,Instagram,Teeth Whitening,Clinic A,Contacted - No Appointment,6,No,
L04594,29-09-2025,,Google Ads,Teeth Whitening,Clinic B,Contacted - No Appointment,26,No,
L04595,20-11-2025,P04595,Facebook,Invisalign,Clinic A,Appointment Booked,4,Yes,29-11-2025
L04596,17-03-2025,P04596,Referral,Teeth Whitening,Clinic B,Appointment Booked,18,Yes,30-03-2025
L04597,20-10-2025,,Referral,Teeth Whitening,Clinic C,Contacted - No Appointment,17,No,
L04598,21-12-2025,,Google Ads,Root Canal,Clinic D,Contacted - No Appointment,17,No,
L04599,21-09-2025,,Facebook,Dental Implant,Clinic C,Contacted - No Appointment,5,No,
L04600,28-05-2025,P04600,Google Organic,Dental Implant,Clinic D,Appointment Booked,18,Yes,01-06-2025
L04601,20-11-2025,P04601,Instagram,Dental Crown,Clinic A,Appointment Booked,18,Yes,21-11-2025
L04602,02-10-2025,,Google Organic,General Dentistry,Clinic A,Contacted - No Appointment,2,No,
L04603,18-08-2025,,Google Organic,General Dentistry,Clinic C,Contacted - No Appointment,3,No,
L04604,02-02-2025,,Referral,Root Canal,Clinic B,Contacted - No Appointment,21,No,
L04605,30-09-2025,P04605,Google Ads,Root Canal,Clinic A,Appointment Booked,36,Yes,12-10-2025
L04606,08-05-2025,,Google Ads,Invisalign,Clinic B,Contacted - No Appointment,21,No,
L04607,31-05-2025,,Google Ads,Dental Implant,Clinic B,Contacted - No Appointment,22,No,
L04608,14-10-2025,P04608,Referral,Root Canal,Clinic C,Appointment Booked,11,Yes,19-10-2025
L04609,25-06-2025,,Facebook,Root Canal,Clinic B,Contacted - No Appointment,17,No,
L04610,28-02-2025,P04610,Google Ads,Root Canal,Clinic C,Appointment Booked,5,Yes,06-03-2025
L04611,27-04-2025,,Facebook,General Dentistry,Clinic C,Contacted - No Appointment,26,No,
L04612,30-08-2025,P04612,Facebook,Dental Crown,Clinic B,Appointment Booked,9,Yes,09-09-2025
L04613,14-11-2025,,Google Organic,Dental Crown,Clinic A,Contacted - No Appointment,6,No,
L04614,22-11-2025,P04614,Google Organic,Dental Implant,Clinic A,Appointment Booked,18,Yes,01-12-2025
L04615,14-04-2025,P04615,Google Organic,General Dentistry,Clinic B,Appointment Booked,38,Yes,23-04-2025
L04616,03-03-2025,P04616,Google Ads,Teeth Whitening,Clinic C,Appointment Booked,21,Yes,17-03-2025
L04617,31-07-2025,,Referral,General Dentistry,Clinic D,Contacted - No Appointment,38,No,
L04618,13-08-2025,,Google Ads,Root Canal,Clinic C,Contacted - No Appointment,13,No,
L04619,27-07-2025,P04619,Instagram,Root Canal,Clinic A,Appointment Booked,22,Yes,04-08-2025
L04620,16-06-2025,P04620,Google Ads,Root Canal,Clinic C,Appointment Booked,15,Yes,21-06-2025
L04621,26-02-2025,,Google Ads,Invisalign,Clinic C,Contacted - No Appointment,29,No,
L04622,24-03-2025,,Google Ads,Dental Crown,Clinic B,Contacted - No Appointment,24,No,
L04623,11-01-2025,,Instagram,General Dentistry,Clinic C,Contacted - No Appointment,10,No,
L04624,22-09-2025,,Instagram,Dental Implant,Clinic B,Not Contacted/Cold,57,No,
L04625,29-06-2025,P04625,Google Ads,Dental Implant,Clinic C,Appointment Booked,6,Yes,06-07-2025
L04626,06-11-2025,,Google Ads,Teeth Whitening,Clinic C,Contacted - No Appointment,20,No,
L04627,01-10-2025,,Referral,Invisalign,Clinic A,Contacted - No Appointment,9,No,
L04628,08-12-2025,P04628,Google Ads,Dental Crown,Clinic C,Appointment Booked,18,Yes,11-12-2025
L04629,21-06-2025,,Google Ads,Dental Crown,Clinic A,Contacted - No Appointment,8,No,
L04630,22-06-2025,,Facebook,Invisalign,Clinic A,Contacted - No Appointment,18,No,
L04631,26-01-2025,,Google Organic,Teeth Whitening,Clinic D,Contacted - No Appointment,21,No,
L04632,26-10-2025,,Google Ads,Root Canal,Clinic D,Contacted - No Appointment,28,No,
L04633,31-07-2025,P04633,Referral,General Dentistry,Clinic A,Appointment Booked,4,Yes,10-08-2025
L04634,13-08-2025,,Facebook,Teeth Whitening,Clinic B,Contacted - No Appointment,12,No,
L04635,20-01-2025,,Facebook,General Dentistry,Clinic A,Contacted - No Appointment,31,No,
L04636,19-02-2025,P04636,Google Ads,Dental Implant,Clinic B,Appointment Booked,24,Yes,05-03-2025
L04637,04-12-2025,,Google Organic,Invisalign,Clinic D,Not Contacted/Cold,75,No,
L04638,16-07-2025,,Google Ads,Dental Implant,Clinic D,Contacted - No Appointment,12,No,
L04639,04-02-2025,,Instagram,Root Canal,Clinic C,Not Contacted/Cold,58,No,
L04640,01-03-2025,P04640,Google Ads,General Dentistry,Clinic B,Appointment Booked,30,Yes,15-03-2025
L04641,03-06-2025,,Facebook,Root Canal,Clinic C,Contacted - No Appointment,42,No,
L04642,18-12-2025,P04642,Referral,General Dentistry,Clinic B,Appointment Booked,10,Yes,21-12-2025
L04643,09-06-2025,,Google Organic,Invisalign,Clinic D,Contacted - No Appointment,24,No,
L04644,24-09-2025,,Google Ads,Invisalign,Clinic D,Contacted - No Appointment,21,No,
L04645,18-06-2025,,Instagram,General Dentistry,Clinic C,Contacted - No Appointment,13,No,
L04646,05-04-2025,P04646,Instagram,Root Canal,Clinic B,Appointment Booked,38,Yes,12-04-2025
L04647,17-04-2025,,Google Ads,Teeth Whitening,Clinic B,Contacted - No Appointment,17,No,
L04648,23-09-2025,P04648,Facebook,Invisalign,Clinic A,Appointment Booked,30,Yes,03-10-2025
L04649,19-05-2025,,Google Ads,General Dentistry,Clinic D,Contacted - No Appointment,6,No,
L04650,01-12-2025,P04650,Facebook,Dental Crown,Clinic B,Appointment Booked,22,Yes,04-12-2025
L04651,08-10-2025,,Google Organic,Teeth Whitening,Clinic B,Contacted - No Appointment,32,No,
L04652,02-07-2025,P04652,Google Ads,Dental Implant,Clinic B,Appointment Booked,11,Yes,05-07-2025
L04653,13-03-2025,,Google Ads,Root Canal,Clinic D,Contacted - No Appointment,17,No,
L04654,02-05-2025,P04654,Google Ads,General Dentistry,Clinic A,Appointment Booked,18,Yes,14-05-2025
L04655,01-06-2025,,Referral,General Dentistry,Clinic D,Contacted - No Appointment,18,No,
L04656,13-09-2025,,Google Organic,Dental Implant,Clinic D,Contacted - No Appointment,8,No,
L04657,23-02-2025,,Google Ads,Invisalign,Clinic D,Contacted - No Appointment,33,No,
L04658,26-04-2025,P04658,Facebook,Root Canal,Clinic B,Appointment Booked,14,Yes,04-05-2025
L04659,18-10-2025,P04659,Google Ads,Dental Implant,Clinic A,Appointment Booked,28,Yes,29-10-2025
L04660,14-04-2025,,Instagram,Teeth Whitening,Clinic B,Contacted - No Appointment,20,No,
L04661,09-06-2025,,Facebook,Invisalign,Clinic B,Contacted - No Appointment,9,No,
L04662,22-11-2025,,Referral,Invisalign,Clinic A,Contacted - No Appointment,23,No,
L04663,12-02-2025,,Google Ads,Dental Crown,Clinic C,Contacted - No Appointment,11,No,
L04664,18-01-2025,,Instagram,Root Canal,Clinic B,Contacted - No Appointment,14,No,
L04665,08-07-2025,P04665,Google Organic,Teeth Whitening,Clinic D,Appointment Booked,4,Yes,10-07-2025
L04666,28-03-2025,,Google Organic,General Dentistry,Clinic A,Contacted - No Appointment,32,No,
L04667,11-09-2025,P04667,Facebook,Dental Implant,Clinic C,Appointment Booked,6,Yes,20-09-2025
L04668,08-08-2025,,Google Organic,Teeth Whitening,Clinic D,Contacted - No Appointment,33,No,
L04669,07-12-2025,,Facebook,Invisalign,Clinic D,Contacted - No Appointment,17,No,
L04670,18-08-2025,,Facebook,Root Canal,Clinic D,Contacted - No Appointment,20,No,
L04671,27-07-2025,P04671,Referral,Dental Implant,Clinic C,Appointment Booked,13,Yes,05-08-2025
L04672,19-05-2025,,Referral,Dental Implant,Clinic D,Contacted - No Appointment,6,No,
L04673,05-10-2025,,Google Organic,Invisalign,Clinic B,Contacted - No Appointment,40,No,
L04674,17-01-2025,P04674,Facebook,Invisalign,Clinic B,Appointment Booked,10,Yes,29-01-2025
L04675,17-12-2025,P04675,Google Organic,General Dentistry,Clinic A,Appointment Booked,47,Yes,24-12-2025
L04676,14-08-2025,,Google Ads,Teeth Whitening,Clinic A,Not Contacted/Cold,55,No,
L04677,05-12-2025,P04677,Google Ads,General Dentistry,Clinic A,Appointment Booked,27,Yes,17-12-2025
L04678,05-01-2025,,Instagram,Dental Crown,Clinic A,Contacted - No Appointment,16,No,
L04679,11-01-2025,,Google Ads,Invisalign,Clinic B,Contacted - No Appointment,6,No,
L04680,18-07-2025,P04680,Referral,Invisalign,Clinic A,Appointment Booked,30,Yes,20-07-2025
L04681,05-07-2025,P04681,Facebook,Invisalign,Clinic A,Appointment Booked,40,Yes,15-07-2025
L04682,05-07-2025,,Facebook,Invisalign,Clinic D,Contacted - No Appointment,19,No,
L04683,28-07-2025,P04683,Google Organic,Dental Crown,Clinic A,Appointment Booked,18,Yes,02-08-2025
L04684,22-06-2025,P04684,Google Organic,Root Canal,Clinic C,Appointment Booked,25,Yes,27-06-2025
L04685,21-08-2025,P04685,Facebook,Root Canal,Clinic A,Appointment Booked,11,Yes,28-08-2025
L04686,07-01-2025,P04686,Google Ads,Dental Implant,Clinic D,Appointment Booked,4,Yes,17-01-2025
L04687,24-05-2025,P04687,Google Organic,Dental Implant,Clinic D,Appointment Booked,22,Yes,07-06-2025
L04688,13-12-2025,P04688,Facebook,Invisalign,Clinic C,Appointment Booked,5,Yes,15-12-2025
L04689,13-12-2025,,Google Ads,Dental Implant,Clinic C,Contacted - No Appointment,17,No,
L04690,05-11-2025,,Instagram,Teeth Whitening,Clinic A,Contacted - No Appointment,11,No,
L04691,10-07-2025,,Google Ads,Dental Implant,Clinic D,Contacted - No Appointment,14,No,
L04692,27-07-2025,,Referral,Teeth Whitening,Clinic D,Contacted - No Appointment,15,No,
L04693,22-05-2025,,Instagram,Root Canal,Clinic D,Contacted - No Appointment,26,No,
L04694,08-03-2025,,Referral,Dental Implant,Clinic C,Contacted - No Appointment,12,No,
L04695,24-10-2025,,Facebook,Teeth Whitening,Clinic B,Contacted - No Appointment,20,No,
L04696,25-12-2025,P04696,Referral,Dental Crown,Clinic D,Appointment Booked,7,Yes,29-12-2025
L04697,28-01-2025,P04697,Google Ads,Invisalign,Clinic B,Appointment Booked,9,Yes,03-02-2025
L04698,30-11-2025,,Google Ads,General Dentistry,Clinic C,Contacted - No Appointment,27,No,
L04699,29-09-2025,P04699,Google Ads,Dental Implant,Clinic A,Appointment Booked,12,Yes,13-10-2025
L04700,09-06-2025,P04700,Facebook,Invisalign,Clinic D,Appointment Booked,8,Yes,12-06-2025
L04701,05-04-2025,,Google Ads,Teeth Whitening,Clinic A,Contacted - No Appointment,20,No,
L04702,26-05-2025,,Facebook,Teeth Whitening,Clinic A,Contacted - No Appointment,17,No,
L04703,14-09-2025,P04703,Facebook,Invisalign,Clinic C,Appointment Booked,44,Yes,21-09-2025
L04704,15-07-2025,P04704,Facebook,Dental Implant,Clinic D,Appointment Booked,24,Yes,27-07-2025
L04705,26-08-2025,P04705,Instagram,General Dentistry,Clinic C,Appointment Booked,8,Yes,04-09-2025
L04706,30-04-2025,P04706,Google Ads,Invisalign,Clinic A,Appointment Booked,4,Yes,02-05-2025
L04707,07-06-2025,P04707,Google Organic,Invisalign,Clinic A,Appointment Booked,17,Yes,11-06-2025
L04708,24-03-2025,,Instagram,Root Canal,Clinic D,Contacted - No Appointment,32,No,
L04709,10-06-2025,,Referral,General Dentistry,Clinic D,Contacted - No Appointment,17,No,
L04710,19-03-2025,,Facebook,Dental Implant,Clinic D,Contacted - No Appointment,17,No,
L04711,03-05-2025,P04711,Referral,Teeth Whitening,Clinic B,Appointment Booked,6,Yes,17-05-2025
L04712,26-10-2025,P04712,Instagram,Dental Crown,Clinic D,Appointment Booked,11,Yes,03-11-2025
L04713,25-12-2025,,Referral,Root Canal,Clinic B,Contacted - No Appointment,3,No,
L04714,02-02-2025,P04714,Google Ads,Teeth Whitening,Clinic C,Appointment Booked,25,Yes,05-02-2025
L04715,28-10-2025,,Google Organic,General Dentistry,Clinic B,Contacted - No Appointment,22,No,
L04716,30-05-2025,P04716,Google Organic,Invisalign,Clinic B,Appointment Booked,18,Yes,07-06-2025
L04717,11-05-2025,P04717,Google Ads,Dental Implant,Clinic D,Appointment Booked,9,Yes,17-05-2025
L04718,19-05-2025,,Instagram,General Dentistry,Clinic C,Contacted - No Appointment,7,No,
L04719,21-03-2025,P04719,Google Organic,Dental Crown,Clinic B,Appointment Booked,21,Yes,22-03-2025
L04720,10-04-2025,,Instagram,Root Canal,Clinic A,Contacted - No Appointment,21,No,
L04721,13-08-2025,,Google Ads,Dental Crown,Clinic A,Contacted - No Appointment,29,No,
L04722,23-06-2025,,Google Organic,Teeth Whitening,Clinic C,Contacted - No Appointment,21,No,
L04723,26-08-2025,,Google Ads,Teeth Whitening,Clinic A,Contacted - No Appointment,27,No,
L04724,14-01-2025,,Google Organic,General Dentistry,Clinic A,Contacted - No Appointment,21,No,
L04725,12-01-2025,,Google Ads,Root Canal,Clinic C,Contacted - No Appointment,36,No,
L04726,20-12-2025,P04726,Google Ads,Invisalign,Clinic C,Appointment Booked,13,Yes,03-01-2026
L04727,16-07-2025,,Google Ads,Dental Crown,Clinic D,Contacted - No Appointment,21,No,
L04728,30-08-2025,,Instagram,Root Canal,Clinic B,Contacted - No Appointment,26,No,
L04729,08-09-2025,,Referral,Dental Crown,Clinic D,Contacted - No Appointment,18,No,
L04730,08-07-2025,P04730,Google Ads,Root Canal,Clinic D,Appointment Booked,2,Yes,18-07-2025
L04731,22-03-2025,,Google Ads,Dental Implant,Clinic D,Contacted - No Appointment,25,No,
L04732,06-05-2025,,Facebook,Root Canal,Clinic C,Contacted - No Appointment,11,No,
L04733,11-07-2025,P04733,Google Organic,Dental Crown,Clinic B,Appointment Booked,8,Yes,17-07-2025
L04734,22-12-2025,,Facebook,Teeth Whitening,Clinic D,Contacted - No Appointment,6,No,
L04735,29-12-2025,,Facebook,Root Canal,Clinic B,Contacted - No Appointment,29,No,
L04736,20-09-2025,P04736,Instagram,Dental Implant,Clinic A,Appointment Booked,19,Yes,28-09-2025
L04737,22-09-2025,P04737,Google Ads,Root Canal,Clinic B,Appointment Booked,7,Yes,05-10-2025
L04738,19-11-2025,,Facebook,Teeth Whitening,Clinic A,Contacted - No Appointment,8,No,
L04739,13-09-2025,,Facebook,Root Canal,Clinic D,Contacted - No Appointment,17,No,
L04740,03-08-2025,,Google Organic,Dental Crown,Clinic C,Contacted - No Appointment,7,No,
L04741,04-08-2025,P04741,Referral,Root Canal,Clinic C,Appointment Booked,19,Yes,12-08-2025
L04742,22-02-2025,P04742,Google Organic,Invisalign,Clinic C,Appointment Booked,33,Yes,02-03-2025
L04743,03-11-2025,P04743,Facebook,Teeth Whitening,Clinic B,Appointment Booked,37,Yes,14-11-2025
L04744,08-10-2025,,Facebook,Dental Implant,Clinic A,Contacted - No Appointment,29,No,
L04745,23-09-2025,P04745,Google Ads,Root Canal,Clinic C,Appointment Booked,45,Yes,04-10-2025
L04746,03-09-2025,,Google Organic,Invisalign,Clinic C,Contacted - No Appointment,20,No,
L04747,03-05-2025,,Instagram,Dental Implant,Clinic B,Not Contacted/Cold,60,No,
L04748,18-01-2025,P04748,Referral,Root Canal,Clinic D,Appointment Booked,53,Yes,01-02-2025
L04749,12-07-2025,P04749,Google Ads,Root Canal,Clinic A,Appointment Booked,21,Yes,25-07-2025
L04750,04-10-2025,,Google Organic,Teeth Whitening,Clinic A,Contacted - No Appointment,13,No,
L04751,26-04-2025,P04751,Google Organic,Teeth Whitening,Clinic A,Appointment Booked,14,Yes,05-05-2025
L04752,20-11-2025,,Google Ads,Teeth Whitening,Clinic B,Contacted - No Appointment,4,No,
L04753,11-09-2025,,Instagram,Root Canal,Clinic D,Contacted - No Appointment,13,No,
L04754,23-06-2025,P04754,Referral,Dental Crown,Clinic D,Appointment Booked,5,Yes,06-07-2025
L04755,18-10-2025,,Referral,Dental Crown,Clinic B,Contacted - No Appointment,32,No,
L04756,27-10-2025,,Google Organic,Root Canal,Clinic C,Contacted - No Appointment,4,No,
L04757,05-01-2025,,Google Ads,Dental Crown,Clinic C,Contacted - No Appointment,25,No,
L04758,31-10-2025,P04758,Referral,General Dentistry,Clinic A,Appointment Booked,13,Yes,10-11-2025
L04759,21-11-2025,,Instagram,Invisalign,Clinic A,Contacted - No Appointment,31,No,
L04760,21-04-2025,P04760,Facebook,General Dentistry,Clinic D,Appointment Booked,14,Yes,26-04-2025
L04761,09-10-2025,,Google Ads,Dental Implant,Clinic C,Contacted - No Appointment,25,No,
L04762,20-06-2025,P04762,Google Ads,Invisalign,Clinic D,Appointment Booked,24,Yes,26-06-2025
L04763,13-06-2025,,Google Ads,Invisalign,Clinic B,Contacted - No Appointment,13,No,
L04764,22-03-2025,,Google Organic,Dental Crown,Clinic C,Contacted - No Appointment,21,No,
L04765,24-04-2025,,Google Ads,Dental Implant,Clinic A,Contacted - No Appointment,26,No,
L04766,12-08-2025,,Google Ads,General Dentistry,Clinic B,Contacted - No Appointment,31,No,
L04767,25-01-2025,,Facebook,General Dentistry,Clinic C,Contacted - No Appointment,3,No,
L04768,22-03-2025,P04768,Facebook,Dental Crown,Clinic B,Appointment Booked,5,Yes,23-03-2025
L04769,18-04-2025,,Google Ads,Root Canal,Clinic A,Contacted - No Appointment,27,No,
L04770,23-08-2025,,Google Ads,General Dentistry,Clinic B,Contacted - No Appointment,12,No,
L04771,30-07-2025,,Google Ads,General Dentistry,Clinic A,Contacted - No Appointment,19,No,
L04772,22-05-2025,P04772,Google Organic,Root Canal,Clinic C,Appointment Booked,3,Yes,31-05-2025
L04773,13-05-2025,,Google Ads,Teeth Whitening,Clinic B,Not Contacted/Cold,60,No,
L04774,02-02-2025,P04774,Instagram,Dental Crown,Clinic A,Appointment Booked,8,Yes,15-02-2025
L04775,11-06-2025,,Google Ads,Dental Crown,Clinic A,Contacted - No Appointment,22,No,
L04776,07-08-2025,P04776,Google Ads,Invisalign,Clinic A,Appointment Booked,9,Yes,17-08-2025
L04777,09-12-2025,,Facebook,Root Canal,Clinic C,Contacted - No Appointment,38,No,
L04778,06-03-2025,,Google Ads,Dental Implant,Clinic A,Contacted - No Appointment,31,No,
L04779,12-02-2025,,Google Ads,Root Canal,Clinic D,Contacted - No Appointment,34,No,
L04780,22-02-2025,P04780,Facebook,Dental Crown,Clinic A,Appointment Booked,25,Yes,01-03-2025
L04781,24-06-2025,P04781,Facebook,General Dentistry,Clinic A,Appointment Booked,29,Yes,08-07-2025
L04782,14-03-2025,P04782,Google Organic,General Dentistry,Clinic D,Appointment Booked,12,Yes,26-03-2025
L04783,10-09-2025,,Google Ads,Dental Crown,Clinic C,Contacted - No Appointment,40,No,
L04784,23-04-2025,P04784,Referral,Dental Crown,Clinic A,Appointment Booked,16,Yes,29-04-2025
L04785,22-03-2025,,Google Organic,Invisalign,Clinic D,Contacted - No Appointment,8,No,
L04786,19-12-2025,,Google Organic,Dental Crown,Clinic B,Contacted - No Appointment,16,No,
L04787,26-06-2025,,Facebook,Dental Implant,Clinic D,Contacted - No Appointment,14,No,
L04788,01-12-2025,,Google Organic,Invisalign,Clinic C,Contacted - No Appointment,17,No,
L04789,29-04-2025,,Google Ads,Dental Crown,Clinic C,Contacted - No Appointment,8,No,
L04790,02-05-2025,,Google Ads,Invisalign,Clinic D,Contacted - No Appointment,30,No,
L04791,10-04-2025,P04791,Google Ads,Dental Implant,Clinic A,Appointment Booked,10,Yes,13-04-2025
L04792,30-10-2025,P04792,Referral,General Dentistry,Clinic C,Appointment Booked,21,Yes,03-11-2025
L04793,09-04-2025,,Facebook,Invisalign,Clinic B,Contacted - No Appointment,24,No,
L04794,24-12-2025,,Referral,Dental Implant,Clinic A,Contacted - No Appointment,23,No,
L04795,12-12-2025,,Google Ads,Dental Implant,Clinic A,Contacted - No Appointment,25,No,
L04796,29-03-2025,P04796,Referral,Invisalign,Clinic A,Appointment Booked,8,Yes,30-03-2025
L04797,14-05-2025,P04797,Referral,Dental Implant,Clinic C,Appointment Booked,27,Yes,20-05-2025
L04798,13-04-2025,,Referral,Teeth Whitening,Clinic C,Contacted - No Appointment,7,No,
L04799,22-11-2025,,Facebook,Invisalign,Clinic C,Contacted - No Appointment,5,No,
L04800,26-06-2025,,Referral,Teeth Whitening,Clinic A,Contacted - No Appointment,18,No,
L04801,01-02-2025,P04801,Referral,Dental Implant,Clinic B,Appointment Booked,13,Yes,11-02-2025
L04802,02-11-2025,,Facebook,Root Canal,Clinic D,Contacted - No Appointment,26,No,
L04803,29-09-2025,,Facebook,Dental Crown,Clinic B,Contacted - No Appointment,40,No,
L04804,03-01-2025,P04804,Google Organic,Dental Crown,Clinic C,Appointment Booked,27,Yes,07-01-2025
L04805,16-07-2025,,Facebook,Dental Crown,Clinic D,Contacted - No Appointment,8,No,
L04806,26-03-2025,P04806,Google Organic,General Dentistry,Clinic D,Appointment Booked,9,Yes,05-04-2025
L04807,16-06-2025,,Google Ads,Invisalign,Clinic C,Contacted - No Appointment,9,No,
L04808,16-08-2025,,Facebook,Root Canal,Clinic D,Contacted - No Appointment,28,No,
L04809,09-05-2025,,Google Ads,General Dentistry,Clinic B,Contacted - No Appointment,17,No,
L04810,14-12-2025,P04810,Google Ads,Dental Implant,Clinic D,Appointment Booked,22,Yes,19-12-2025
L04811,09-08-2025,,Google Ads,Dental Implant,Clinic A,Contacted - No Appointment,7,No,
L04812,19-05-2025,,Google Organic,Invisalign,Clinic B,Contacted - No Appointment,22,No,
L04813,06-11-2025,,Google Ads,Dental Crown,Clinic A,Contacted - No Appointment,13,No,
L04814,09-01-2025,,Google Organic,Invisalign,Clinic D,Not Contacted/Cold,48,No,
L04815,17-10-2025,P04815,Google Organic,Invisalign,Clinic B,Appointment Booked,7,Yes,31-10-2025
L04816,20-07-2025,P04816,Facebook,Root Canal,Clinic A,Appointment Booked,6,Yes,31-07-2025
L04817,23-05-2025,P04817,Google Ads,Dental Crown,Clinic A,Appointment Booked,15,Yes,25-05-2025
L04818,25-11-2025,P04818,Google Ads,Invisalign,Clinic D,Appointment Booked,14,Yes,07-12-2025
L04819,21-06-2025,,Facebook,Invisalign,Clinic D,Contacted - No Appointment,38,No,
L04820,13-07-2025,P04820,Google Ads,Dental Crown,Clinic C,Appointment Booked,12,Yes,14-07-2025
L04821,28-11-2025,,Facebook,General Dentistry,Clinic C,Not Contacted/Cold,59,No,
L04822,27-01-2025,,Referral,Dental Crown,Clinic B,Contacted - No Appointment,16,No,
L04823,15-11-2025,,Google Ads,Teeth Whitening,Clinic B,Contacted - No Appointment,9,No,
L04824,28-02-2025,,Instagram,Root Canal,Clinic D,Contacted - No Appointment,13,No,
L04825,13-09-2025,,Referral,Invisalign,Clinic A,Contacted - No Appointment,26,No,
L04826,09-11-2025,,Referral,Root Canal,Clinic B,Contacted - No Appointment,24,No,
L04827,28-12-2025,P04827,Referral,Teeth Whitening,Clinic B,Appointment Booked,45,Yes,31-12-2025
L04828,15-04-2025,P04828,Google Organic,Root Canal,Clinic B,Appointment Booked,5,Yes,25-04-2025
L04829,27-01-2025,,Facebook,General Dentistry,Clinic B,Contacted - No Appointment,13,No,
L04830,01-05-2025,,Referral,General Dentistry,Clinic C,Not Contacted/Cold,77,No,
L04831,01-05-2025,,Referral,Dental Implant,Clinic A,Contacted - No Appointment,10,No,
L04832,06-04-2025,,Facebook,Dental Implant,Clinic C,Contacted - No Appointment,35,No,
L04833,03-07-2025,,Facebook,Dental Implant,Clinic A,Contacted - No Appointment,2,No,
L04834,07-11-2025,,Facebook,Root Canal,Clinic A,Contacted - No Appointment,10,No,
L04835,13-04-2025,P04835,Facebook,Dental Implant,Clinic A,Appointment Booked,24,Yes,20-04-2025
L04836,24-12-2025,,Google Ads,General Dentistry,Clinic D,Contacted - No Appointment,24,No,
L04837,31-03-2025,,Instagram,Dental Implant,Clinic B,Contacted - No Appointment,21,No,
L04838,12-10-2025,,Instagram,Invisalign,Clinic C,Contacted - No Appointment,23,No,
L04839,18-01-2025,,Facebook,Invisalign,Clinic C,Contacted - No Appointment,35,No,
L04840,18-10-2025,P04840,Google Ads,General Dentistry,Clinic C,Appointment Booked,17,Yes,24-10-2025
L04841,21-02-2025,,Google Organic,Dental Crown,Clinic B,Contacted - No Appointment,44,No,
L04842,03-06-2025,,Google Ads,General Dentistry,Clinic B,Contacted - No Appointment,18,No,
L04843,20-07-2025,P04843,Google Ads,General Dentistry,Clinic B,Appointment Booked,17,Yes,02-08-2025
L04844,10-02-2025,,Instagram,Root Canal,Clinic C,Contacted - No Appointment,4,No,
L04845,25-02-2025,,Facebook,Invisalign,Clinic B,Contacted - No Appointment,39,No,
L04846,14-03-2025,,Google Ads,Invisalign,Clinic D,Contacted - No Appointment,5,No,
L04847,01-08-2025,,Facebook,Invisalign,Clinic D,Contacted - No Appointment,32,No,
L04848,26-05-2025,P04848,Google Organic,Teeth Whitening,Clinic A,Appointment Booked,27,Yes,31-05-2025
L04849,22-05-2025,,Instagram,Dental Implant,Clinic A,Contacted - No Appointment,43,No,
L04850,22-04-2025,P04850,Facebook,Dental Implant,Clinic C,Appointment Booked,3,Yes,24-04-2025
L04851,30-05-2025,,Google Ads,Dental Crown,Clinic B,Not Contacted/Cold,49,No,
L04852,14-01-2025,,Instagram,Dental Crown,Clinic A,Contacted - No Appointment,13,No,
L04853,21-04-2025,P04853,Referral,Dental Crown,Clinic D,Appointment Booked,11,Yes,25-04-2025
L04854,11-11-2025,,Instagram,Root Canal,Clinic A,Contacted - No Appointment,7,No,
L04855,19-12-2025,P04855,Google Organic,Teeth Whitening,Clinic D,Appointment Booked,15,Yes,02-01-2026
L04856,15-02-2025,,Facebook,Root Canal,Clinic C,Contacted - No Appointment,21,No,
L04857,07-10-2025,,Google Organic,Dental Implant,Clinic D,Contacted - No Appointment,25,No,
L04858,09-02-2025,,Referral,Teeth Whitening,Clinic A,Contacted - No Appointment,12,No,
L04859,14-08-2025,P04859,Google Organic,General Dentistry,Clinic A,Appointment Booked,10,Yes,27-08-2025
L04860,18-05-2025,P04860,Referral,Dental Implant,Clinic C,Appointment Booked,52,Yes,31-05-2025
L04861,22-04-2025,P04861,Facebook,Root Canal,Clinic A,Appointment Booked,21,Yes,25-04-2025
L04862,16-05-2025,P04862,Referral,Root Canal,Clinic B,Appointment Booked,25,Yes,21-05-2025
L04863,05-04-2025,,Instagram,Dental Implant,Clinic B,Contacted - No Appointment,32,No,
L04864,05-04-2025,P04864,Referral,General Dentistry,Clinic A,Appointment Booked,23,Yes,08-04-2025
L04865,15-10-2025,P04865,Google Ads,Invisalign,Clinic A,Appointment Booked,11,Yes,17-10-2025
L04866,30-05-2025,,Instagram,Teeth Whitening,Clinic D,Contacted - No Appointment,7,No,
L04867,13-08-2025,,Google Organic,Dental Crown,Clinic A,Contacted - No Appointment,28,No,
L04868,29-04-2025,,Google Ads,Dental Crown,Clinic A,Contacted - No Appointment,26,No,
L04869,31-05-2025,,Instagram,Invisalign,Clinic C,Contacted - No Appointment,24,No,
L04870,14-12-2025,P04870,Google Organic,Invisalign,Clinic D,Appointment Booked,18,Yes,23-12-2025
L04871,20-02-2025,P04871,Google Ads,Dental Implant,Clinic B,Appointment Booked,18,Yes,24-02-2025
L04872,22-06-2025,,Facebook,Invisalign,Clinic A,Contacted - No Appointment,7,No,
L04873,15-08-2025,P04873,Instagram,Invisalign,Clinic C,Appointment Booked,3,Yes,24-08-2025
L04874,28-05-2025,,Facebook,General Dentistry,Clinic D,Contacted - No Appointment,34,No,
L04875,22-10-2025,,Google Ads,Root Canal,Clinic D,Not Contacted/Cold,47,No,
L04876,18-11-2025,P04876,Google Ads,Teeth Whitening,Clinic C,Appointment Booked,26,Yes,23-11-2025
L04877,19-07-2025,P04877,Google Ads,Root Canal,Clinic B,Appointment Booked,6,Yes,26-07-2025
L04878,10-09-2025,,Google Ads,Teeth Whitening,Clinic C,Contacted - No Appointment,18,No,
L04879,28-02-2025,,Google Ads,General Dentistry,Clinic A,Contacted - No Appointment,9,No,
L04880,07-01-2025,,Google Organic,Invisalign,Clinic C,Contacted - No Appointment,14,No,
L04881,18-03-2025,,Instagram,General Dentistry,Clinic C,Contacted - No Appointment,8,No,
L04882,14-06-2025,,Google Organic,Dental Crown,Clinic D,Contacted - No Appointment,20,No,
L04883,29-03-2025,P04883,Google Ads,Teeth Whitening,Clinic B,Appointment Booked,31,Yes,30-03-2025
L04884,23-07-2025,P04884,Facebook,Dental Crown,Clinic A,Appointment Booked,24,Yes,02-08-2025
L04885,16-05-2025,P04885,Facebook,Root Canal,Clinic C,Appointment Booked,13,Yes,30-05-2025
L04886,11-07-2025,P04886,Google Organic,Invisalign,Clinic C,Appointment Booked,21,Yes,20-07-2025
L04887,11-09-2025,,Google Organic,Dental Implant,Clinic D,Contacted - No Appointment,4,No,
L04888,10-01-2025,P04888,Referral,Root Canal,Clinic A,Appointment Booked,30,Yes,18-01-2025
L04889,13-09-2025,,Google Ads,General Dentistry,Clinic B,Contacted - No Appointment,27,No,
L04890,19-06-2025,,Google Organic,Teeth Whitening,Clinic C,Contacted - No Appointment,23,No,
L04891,27-10-2025,P04891,Facebook,Invisalign,Clinic B,Appointment Booked,39,Yes,29-10-2025
L04892,09-07-2025,,Google Organic,General Dentistry,Clinic D,Contacted - No Appointment,23,No,
L04893,09-08-2025,,Facebook,Teeth Whitening,Clinic B,Contacted - No Appointment,14,No,
L04894,19-08-2025,,Facebook,Invisalign,Clinic D,Contacted - No Appointment,13,No,
L04895,27-05-2025,,Google Ads,Dental Implant,Clinic C,Contacted - No Appointment,14,No,
L04896,21-11-2025,P04896,Instagram,Dental Implant,Clinic D,Appointment Booked,23,Yes,01-12-2025
L04897,17-08-2025,,Google Ads,General Dentistry,Clinic B,Contacted - No Appointment,9,No,
L04898,07-07-2025,P04898,Google Ads,General Dentistry,Clinic D,Appointment Booked,10,Yes,13-07-2025
L04899,01-03-2025,,Google Ads,Invisalign,Clinic B,Contacted - No Appointment,7,No,
L04900,17-01-2025,,Referral,Invisalign,Clinic C,Contacted - No Appointment,9,No,
L04901,15-11-2025,P04901,Facebook,Teeth Whitening,Clinic A,Appointment Booked,16,Yes,22-11-2025
L04902,12-02-2025,,Referral,General Dentistry,Clinic B,Not Contacted/Cold,51,No,
L04903,03-09-2025,,Referral,Teeth Whitening,Clinic B,Contacted - No Appointment,7,No,
L04904,26-08-2025,,Referral,Dental Crown,Clinic B,Contacted - No Appointment,38,No,
L04905,04-05-2025,P04905,Referral,Invisalign,Clinic D,Appointment Booked,11,Yes,07-05-2025
L04906,03-12-2025,,Referral,Root Canal,Clinic A,Contacted - No Appointment,35,No,
L04907,23-12-2025,P04907,Google Ads,Invisalign,Clinic D,Appointment Booked,14,Yes,01-01-2026
L04908,12-02-2025,,Google Ads,Teeth Whitening,Clinic D,Contacted - No Appointment,22,No,
L04909,16-03-2025,P04909,Instagram,Root Canal,Clinic A,Appointment Booked,23,Yes,22-03-2025
L04910,17-02-2025,,Facebook,General Dentistry,Clinic C,Contacted - No Appointment,16,No,
L04911,03-03-2025,P04911,Google Ads,Root Canal,Clinic A,Appointment Booked,15,Yes,14-03-2025
L04912,30-09-2025,,Google Organic,General Dentistry,Clinic A,Not Contacted/Cold,46,No,
L04913,25-07-2025,P04913,Instagram,Invisalign,Clinic B,Appointment Booked,19,Yes,30-07-2025
L04914,26-01-2025,,Referral,Root Canal,Clinic D,Contacted - No Appointment,14,No,
L04915,03-07-2025,,Instagram,Dental Crown,Clinic A,Not Contacted/Cold,64,No,
L04916,26-04-2025,,Instagram,Dental Implant,Clinic C,Not Contacted/Cold,68,No,
L04917,26-04-2025,,Facebook,General Dentistry,Clinic B,Not Contacted/Cold,86,No,
L04918,26-11-2025,P04918,Facebook,Dental Crown,Clinic D,Appointment Booked,5,Yes,08-12-2025
L04919,06-06-2025,,Referral,Root Canal,Clinic A,Contacted - No Appointment,2,No,
L04920,12-06-2025,,Google Ads,General Dentistry,Clinic C,Contacted - No Appointment,22,No,
L04921,16-06-2025,,Facebook,General Dentistry,Clinic C,Not Contacted/Cold,47,No,
L04922,27-11-2025,,Instagram,Root Canal,Clinic C,Contacted - No Appointment,18,No,
L04923,10-06-2025,,Facebook,General Dentistry,Clinic D,Contacted - No Appointment,43,No,
L04924,22-03-2025,P04924,Google Ads,Dental Implant,Clinic D,Appointment Booked,45,Yes,26-03-2025
L04925,16-04-2025,P04925,Google Ads,Dental Implant,Clinic A,Appointment Booked,11,Yes,30-04-2025
L04926,29-08-2025,,Google Ads,Dental Crown,Clinic B,Contacted - No Appointment,16,No,
L04927,25-01-2025,,Facebook,Root Canal,Clinic B,Contacted - No Appointment,4,No,
L04928,25-01-2025,,Referral,Root Canal,Clinic B,Contacted - No Appointment,7,No,
L04929,06-02-2025,P04929,Facebook,Invisalign,Clinic B,Appointment Booked,9,Yes,10-02-2025
L04930,17-07-2025,P04930,Google Ads,Root Canal,Clinic B,Appointment Booked,5,Yes,26-07-2025
L04931,05-08-2025,P04931,Facebook,General Dentistry,Clinic B,Appointment Booked,22,Yes,15-08-2025
L04932,10-11-2025,,Google Ads,Dental Crown,Clinic D,Contacted - No Appointment,5,No,
L04933,24-05-2025,P04933,Referral,General Dentistry,Clinic A,Appointment Booked,37,Yes,27-05-2025
L04934,30-07-2025,,Facebook,Teeth Whitening,Clinic D,Not Contacted/Cold,47,No,
L04935,15-04-2025,,Referral,Invisalign,Clinic B,Contacted - No Appointment,43,No,
L04936,26-01-2025,,Facebook,Invisalign,Clinic C,Contacted - No Appointment,28,No,
L04937,26-04-2025,P04937,Google Organic,Invisalign,Clinic D,Appointment Booked,1,Yes,30-04-2025
L04938,05-06-2025,P04938,Google Ads,General Dentistry,Clinic B,Appointment Booked,33,Yes,08-06-2025
L04939,12-09-2025,P04939,Google Ads,Dental Implant,Clinic B,Appointment Booked,35,Yes,15-09-2025
L04940,06-09-2025,,Google Ads,Invisalign,Clinic B,Contacted - No Appointment,8,No,
L04941,10-06-2025,P04941,Instagram,General Dentistry,Clinic B,Appointment Booked,30,Yes,15-06-2025
L04942,17-08-2025,P04942,Facebook,Dental Crown,Clinic D,Appointment Booked,24,Yes,28-08-2025
L04943,29-09-2025,,Facebook,Invisalign,Clinic D,Contacted - No Appointment,14,No,
L04944,30-07-2025,P04944,Google Organic,Invisalign,Clinic A,Appointment Booked,24,Yes,05-08-2025
L04945,26-12-2025,,Google Ads,General Dentistry,Clinic A,Contacted - No Appointment,42,No,
L04946,19-11-2025,P04946,Facebook,General Dentistry,Clinic B,Appointment Booked,11,Yes,27-11-2025
L04947,28-02-2025,,Google Organic,Invisalign,Clinic A,Contacted - No Appointment,11,No,
L04948,16-06-2025,P04948,Facebook,Root Canal,Clinic C,Appointment Booked,23,Yes,29-06-2025
L04949,09-07-2025,,Google Organic,General Dentistry,Clinic A,Contacted - No Appointment,14,No,
L04950,27-11-2025,,Facebook,Teeth Whitening,Clinic C,Contacted - No Appointment,7,No,
L04951,29-01-2025,,Facebook,Teeth Whitening,Clinic A,Contacted - No Appointment,36,No,
L04952,17-03-2025,P04952,Google Ads,Root Canal,Clinic B,Appointment Booked,24,Yes,26-03-2025
L04953,25-06-2025,,Referral,General Dentistry,Clinic C,Contacted - No Appointment,3,No,
L04954,28-12-2025,,Referral,Invisalign,Clinic B,Contacted - No Appointment,31,No,
L04955,07-03-2025,P04955,Referral,Dental Implant,Clinic D,Appointment Booked,29,Yes,16-03-2025
L04956,11-06-2025,P04956,Facebook,Teeth Whitening,Clinic D,Appointment Booked,22,Yes,19-06-2025
L04957,03-02-2025,,Google Organic,Root Canal,Clinic B,Contacted - No Appointment,15,No,
L04958,14-11-2025,P04958,Facebook,General Dentistry,Clinic A,Appointment Booked,14,Yes,26-11-2025
L04959,02-07-2025,,Facebook,Dental Implant,Clinic D,Contacted - No Appointment,28,No,
L04960,25-04-2025,P04960,Google Organic,General Dentistry,Clinic D,Appointment Booked,6,Yes,02-05-2025
L04961,20-01-2025,,Google Ads,Invisalign,Clinic D,Contacted - No Appointment,25,No,
L04962,17-11-2025,P04962,Google Ads,Dental Crown,Clinic A,Appointment Booked,29,Yes,19-11-2025
L04963,01-06-2025,P04963,Facebook,Dental Implant,Clinic D,Appointment Booked,35,Yes,10-06-2025
L04964,25-12-2025,,Google Organic,Dental Crown,Clinic A,Contacted - No Appointment,11,No,
L04965,16-08-2025,P04965,Facebook,Teeth Whitening,Clinic C,Appointment Booked,12,Yes,25-08-2025
L04966,21-03-2025,P04966,Facebook,Root Canal,Clinic D,Appointment Booked,28,Yes,02-04-2025
L04967,14-10-2025,,Referral,Invisalign,Clinic A,Contacted - No Appointment,10,No,
L04968,22-03-2025,,Facebook,Root Canal,Clinic D,Contacted - No Appointment,6,No,
L04969,17-03-2025,,Google Ads,General Dentistry,Clinic B,Contacted - No Appointment,16,No,
L04970,14-09-2025,,Instagram,Invisalign,Clinic D,Not Contacted/Cold,56,No,
L04971,11-05-2025,,Google Organic,Invisalign,Clinic B,Contacted - No Appointment,20,No,
L04972,24-05-2025,P04972,Google Ads,Invisalign,Clinic D,Appointment Booked,3,Yes,05-06-2025
L04973,30-09-2025,,Instagram,General Dentistry,Clinic A,Contacted - No Appointment,22,No,
L04974,07-04-2025,P04974,Google Ads,Root Canal,Clinic C,Appointment Booked,15,Yes,13-04-2025
L04975,11-11-2025,,Facebook,Dental Implant,Clinic C,Contacted - No Appointment,8,No,
L04976,02-05-2025,,Google Ads,Teeth Whitening,Clinic B,Contacted - No Appointment,12,No,
L04977,16-09-2025,,Facebook,Dental Crown,Clinic A,Not Contacted/Cold,47,No,
L04978,03-04-2025,,Facebook,Dental Implant,Clinic C,Contacted - No Appointment,8,No,
L04979,28-03-2025,,Referral,General Dentistry,Clinic A,Not Contacted/Cold,51,No,
L04980,24-11-2025,,Google Organic,Dental Crown,Clinic C,Contacted - No Appointment,19,No,
L04981,14-02-2025,P04981,Referral,Root Canal,Clinic A,Appointment Booked,14,Yes,16-02-2025
L04982,22-02-2025,,Instagram,Root Canal,Clinic D,Contacted - No Appointment,15,No,
L04983,17-07-2025,,Google Ads,General Dentistry,Clinic A,Contacted - No Appointment,16,No,
L04984,24-02-2025,P04984,Google Ads,Invisalign,Clinic A,Appointment Booked,50,Yes,09-03-2025
L04985,09-05-2025,,Referral,Invisalign,Clinic A,Contacted - No Appointment,2,No,
L04986,25-06-2025,,Instagram,Dental Implant,Clinic B,Contacted - No Appointment,14,No,
L04987,15-07-2025,P04987,Referral,Teeth Whitening,Clinic A,Appointment Booked,15,Yes,22-07-2025
L04988,14-09-2025,,Google Ads,Dental Crown,Clinic B,Contacted - No Appointment,29,No,
L04989,19-12-2025,P04989,Google Ads,Dental Crown,Clinic D,Appointment Booked,18,Yes,26-12-2025
L04990,27-08-2025,,Facebook,Invisalign,Clinic C,Contacted - No Appointment,19,No,
L04991,23-12-2025,,Facebook,Dental Crown,Clinic C,Not Contacted/Cold,53,No,
L04992,23-10-2025,,Google Ads,Teeth Whitening,Clinic A,Contacted - No Appointment,19,No,
L04993,19-07-2025,P04993,Facebook,Root Canal,Clinic C,Appointment Booked,13,Yes,28-07-2025
L04994,04-11-2025,,Instagram,Teeth Whitening,Clinic A,Contacted - No Appointment,19,No,
L04995,22-08-2025,,Facebook,Invisalign,Clinic D,Contacted - No Appointment,20,No,
L04996,07-11-2025,,Google Ads,Teeth Whitening,Clinic A,Contacted - No Appointment,6,No,
L04997,24-07-2025,,Google Organic,Dental Implant,Clinic B,Contacted - No Appointment,38,No,
L04998,08-07-2025,,Facebook,Dental Crown,Clinic B,Contacted - No Appointment,25,No,
L04999,25-02-2025,,Instagram,General Dentistry,Clinic D,Contacted - No Appointment,9,No,
L05000,09-06-2025,,Facebook,General Dentistry,Clinic A,Contacted - No Appointment,24,No,
L05001,06-02-2025,P05001,Referral,Invisalign,Clinic C,Appointment Booked,5,Yes,19-02-2025
L05002,29-07-2025,P05002,Instagram,Root Canal,Clinic A,Appointment Booked,26,Yes,10-08-2025
L05003,16-05-2025,,Referral,Dental Implant,Clinic C,Contacted - No Appointment,30,No,
L05004,05-06-2025,,Facebook,General Dentistry,Clinic D,Not Contacted/Cold,62,No,
L05005,18-10-2025,,Google Ads,Dental Crown,Clinic B,Contacted - No Appointment,9,No,
L05006,29-07-2025,P05006,Facebook,Root Canal,Clinic B,Appointment Booked,19,Yes,06-08-2025
L05007,22-09-2025,,Facebook,Dental Implant,Clinic D,Contacted - No Appointment,17,No,
L05008,12-08-2025,,Facebook,General Dentistry,Clinic C,Contacted - No Appointment,11,No,
L05009,05-05-2025,,Google Organic,Root Canal,Clinic B,Contacted - No Appointment,9,No,
L05010,23-04-2025,,Google Ads,Invisalign,Clinic C,Contacted - No Appointment,16,No,
L05011,25-12-2025,,Instagram,Root Canal,Clinic C,Contacted - No Appointment,20,No,
L05012,14-07-2025,,Google Organic,Invisalign,Clinic A,Contacted - No Appointment,13,No,
L05013,22-02-2025,P05013,Google Organic,Dental Crown,Clinic D,Appointment Booked,24,Yes,27-02-2025
L05014,25-12-2025,,Facebook,General Dentistry,Clinic B,Contacted - No Appointment,18,No,
L05015,03-11-2025,P05015,Referral,General Dentistry,Clinic A,Appointment Booked,8,Yes,14-11-2025
L05016,16-07-2025,,Facebook,Root Canal,Clinic D,Contacted - No Appointment,32,No,
L05017,30-01-2025,,Google Ads,General Dentistry,Clinic B,Contacted - No Appointment,31,No,
L05018,20-05-2025,,Google Organic,Root Canal,Clinic A,Contacted - No Appointment,16,No,
L05019,19-06-2025,,Google Ads,Invisalign,Clinic C,Contacted - No Appointment,2,No,
L05020,29-05-2025,,Google Organic,General Dentistry,Clinic D,Contacted - No Appointment,5,No,
L05021,17-04-2025,,Google Ads,Invisalign,Clinic D,Contacted - No Appointment,39,No,
L05022,08-02-2025,,Google Ads,Invisalign,Clinic D,Not Contacted/Cold,54,No,
L05023,12-01-2025,P05023,Google Ads,General Dentistry,Clinic D,Appointment Booked,37,Yes,21-01-2025
L05024,24-08-2025,,Facebook,Dental Implant,Clinic A,Contacted - No Appointment,10,No,
L05025,08-04-2025,P05025,Google Ads,Teeth Whitening,Clinic B,Appointment Booked,31,Yes,14-04-2025
L05026,01-11-2025,P05026,Google Ads,General Dentistry,Clinic D,Appointment Booked,29,Yes,05-11-2025
L05027,28-01-2025,P05027,Google Organic,Root Canal,Clinic B,Appointment Booked,29,Yes,03-02-2025
L05028,09-12-2025,P05028,Google Organic,Dental Implant,Clinic C,Appointment Booked,18,Yes,19-12-2025
L05029,23-07-2025,,Google Organic,Root Canal,Clinic C,Contacted - No Appointment,20,No,
L05030,28-08-2025,,Google Organic,Dental Implant,Clinic B,Contacted - No Appointment,5,No,
L05031,11-03-2025,P05031,Facebook,Root Canal,Clinic D,Appointment Booked,74,Yes,22-03-2025
L05032,26-04-2025,P05032,Referral,Teeth Whitening,Clinic B,Appointment Booked,5,Yes,04-05-2025
L05033,04-07-2025,P05033,Facebook,Root Canal,Clinic B,Appointment Booked,13,Yes,18-07-2025
L05034,08-11-2025,,Facebook,Root Canal,Clinic D,Not Contacted/Cold,67,No,
L05035,23-12-2025,P05035,Google Organic,Dental Crown,Clinic B,Appointment Booked,15,Yes,30-12-2025
L05036,25-06-2025,P05036,Google Ads,Dental Crown,Clinic A,Appointment Booked,16,Yes,05-07-2025
L05037,09-01-2025,,Google Organic,General Dentistry,Clinic C,Contacted - No Appointment,18,No,
L05038,03-02-2025,,Facebook,Invisalign,Clinic D,Contacted - No Appointment,20,No,
L05039,01-04-2025,P05039,Google Ads,General Dentistry,Clinic D,Appointment Booked,8,Yes,03-04-2025
L05040,18-10-2025,P05040,Google Ads,Dental Crown,Clinic D,Appointment Booked,28,Yes,21-10-2025
L05041,16-04-2025,,Google Ads,Invisalign,Clinic C,Contacted - No Appointment,27,No,
L05042,10-03-2025,,Referral,Invisalign,Clinic A,Contacted - No Appointment,17,No,
L05043,22-02-2025,P05043,Referral,Root Canal,Clinic D,Appointment Booked,25,Yes,01-03-2025
L05044,15-04-2025,,Facebook,Dental Crown,Clinic D,Contacted - No Appointment,9,No,
L05045,31-10-2025,P05045,Google Ads,Invisalign,Clinic A,Appointment Booked,47,Yes,01-11-2025
L05046,06-06-2025,,Google Ads,General Dentistry,Clinic A,Not Contacted/Cold,88,No,
L05047,12-05-2025,P05047,Google Organic,Dental Crown,Clinic D,Appointment Booked,13,Yes,20-05-2025
L05048,08-05-2025,,Google Ads,General Dentistry,Clinic D,Contacted - No Appointment,19,No,
L05049,09-05-2025,P05049,Referral,Dental Implant,Clinic D,Appointment Booked,7,Yes,18-05-2025
L05050,19-06-2025,,Instagram,Invisalign,Clinic D,Contacted - No Appointment,29,No,
L05051,16-12-2025,P05051,Referral,Dental Implant,Clinic C,Appointment Booked,13,Yes,27-12-2025
L05052,09-10-2025,P05052,Instagram,Invisalign,Clinic C,Appointment Booked,13,Yes,13-10-2025
L05053,12-08-2025,,Google Organic,General Dentistry,Clinic C,Contacted - No Appointment,28,No,
L05054,23-12-2025,,Instagram,Dental Implant,Clinic A,Contacted - No Appointment,22,No,
L05055,31-03-2025,,Google Organic,Root Canal,Clinic C,Contacted - No Appointment,10,No,
L05056,28-01-2025,,Google Organic,Dental Implant,Clinic B,Contacted - No Appointment,2,No,
L05057,22-03-2025,,Instagram,Root Canal,Clinic C,Contacted - No Appointment,14,No,
L05058,29-12-2025,,Instagram,General Dentistry,Clinic B,Contacted - No Appointment,5,No,
L05059,22-02-2025,P05059,Referral,Dental Crown,Clinic B,Appointment Booked,33,Yes,28-02-2025
L05060,09-10-2025,P05060,Referral,Teeth Whitening,Clinic A,Appointment Booked,16,Yes,11-10-2025
L05061,21-11-2025,P05061,Instagram,Invisalign,Clinic B,Appointment Booked,12,Yes,26-11-2025
L05062,28-12-2025,,Google Ads,General Dentistry,Clinic A,Contacted - No Appointment,10,No,
L05063,04-10-2025,,Google Ads,Teeth Whitening,Clinic A,Contacted - No Appointment,22,No,
L05064,28-01-2025,,Referral,Root Canal,Clinic D,Contacted - No Appointment,15,No,
L05065,08-09-2025,,Google Ads,Root Canal,Clinic A,Contacted - No Appointment,32,No,
L05066,07-03-2025,,Google Ads,General Dentistry,Clinic B,Contacted - No Appointment,16,No,
L05067,29-10-2025,,Google Ads,Dental Crown,Clinic C,Contacted - No Appointment,32,No,
L05068,14-08-2025,,Instagram,Teeth Whitening,Clinic C,Contacted - No Appointment,12,No,
L05069,03-05-2025,,Instagram,Root Canal,Clinic A,Contacted - No Appointment,22,No,
L05070,28-01-2025,P05070,Google Ads,Invisalign,Clinic D,Appointment Booked,6,Yes,02-02-2025
L05071,31-05-2025,,Google Ads,Teeth Whitening,Clinic D,Contacted - No Appointment,17,No,
L05072,12-04-2025,,Google Organic,Dental Crown,Clinic A,Not Contacted/Cold,49,No,
L05073,17-10-2025,P05073,Referral,Root Canal,Clinic B,Appointment Booked,7,Yes,31-10-2025
L05074,06-04-2025,P05074,Google Ads,Dental Crown,Clinic D,Appointment Booked,27,Yes,20-04-2025
L05075,17-07-2025,,Google Ads,Invisalign,Clinic D,Not Contacted/Cold,50,No,
L05076,31-07-2025,,Instagram,Teeth Whitening,Clinic C,Contacted - No Appointment,11,No,
L05077,19-10-2025,,Google Organic,General Dentistry,Clinic A,Contacted - No Appointment,14,No,
L05078,20-08-2025,P05078,Google Organic,General Dentistry,Clinic B,Appointment Booked,10,Yes,24-08-2025
L05079,27-04-2025,,Google Organic,Invisalign,Clinic C,Contacted - No Appointment,31,No,
L05080,13-08-2025,,Referral,Root Canal,Clinic A,Contacted - No Appointment,33,No,
L05081,05-08-2025,P05081,Google Ads,Teeth Whitening,Clinic B,Appointment Booked,42,Yes,19-08-2025
L05082,03-03-2025,,Google Ads,Dental Crown,Clinic C,Not Contacted/Cold,52,No,
L05083,15-08-2025,,Instagram,Root Canal,Clinic B,Contacted - No Appointment,6,No,
L05084,17-01-2025,,Google Organic,General Dentistry,Clinic D,Contacted - No Appointment,32,No,
L05085,09-03-2025,,Instagram,Root Canal,Clinic D,Contacted - No Appointment,44,No,
L05086,06-10-2025,,Referral,Root Canal,Clinic B,Contacted - No Appointment,39,No,
L05087,26-05-2025,,Google Organic,Dental Implant,Clinic D,Contacted - No Appointment,9,No,
L05088,02-12-2025,,Google Organic,Dental Implant,Clinic A,Contacted - No Appointment,31,No,
L05089,17-10-2025,,Google Ads,Dental Implant,Clinic D,Contacted - No Appointment,32,No,
L05090,16-03-2025,,Google Ads,General Dentistry,Clinic A,Contacted - No Appointment,14,No,
L05091,28-09-2025,,Google Organic,Root Canal,Clinic A,Contacted - No Appointment,22,No,
L05092,31-07-2025,,Google Ads,Root Canal,Clinic C,Contacted - No Appointment,2,No,
L05093,14-06-2025,,Google Ads,General Dentistry,Clinic B,Contacted - No Appointment,26,No,
L05094,04-07-2025,P05094,Referral,Dental Crown,Clinic D,Appointment Booked,17,Yes,08-07-2025
L05095,08-01-2025,,Referral,Dental Crown,Clinic B,Contacted - No Appointment,20,No,
L05096,05-01-2025,,Google Ads,Invisalign,Clinic B,Contacted - No Appointment,18,No,
L05097,07-01-2025,,Google Organic,General Dentistry,Clinic B,Contacted - No Appointment,16,No,
L05098,23-03-2025,P05098,Google Ads,Dental Implant,Clinic B,Appointment Booked,7,Yes,02-04-2025
L05099,07-04-2025,P05099,Google Ads,Dental Implant,Clinic B,Appointment Booked,12,Yes,10-04-2025
L05100,16-08-2025,,Instagram,Invisalign,Clinic C,Contacted - No Appointment,26,No,
L05101,11-12-2025,,Google Organic,Invisalign,Clinic D,Contacted - No Appointment,41,No,
L05102,14-04-2025,P05102,Google Ads,Invisalign,Clinic D,Appointment Booked,9,Yes,28-04-2025
L05103,31-08-2025,P05103,Facebook,Dental Crown,Clinic D,Appointment Booked,23,Yes,11-09-2025
L05104,17-07-2025,,Google Ads,Invisalign,Clinic B,Contacted - No Appointment,19,No,
L05105,13-07-2025,,Referral,Dental Crown,Clinic C,Contacted - No Appointment,39,No,
L05106,28-10-2025,P05106,Google Organic,Dental Implant,Clinic B,Appointment Booked,17,Yes,29-10-2025
L05107,20-02-2025,,Facebook,Dental Implant,Clinic C,Not Contacted/Cold,48,No,
L05108,08-06-2025,,Google Ads,Root Canal,Clinic B,Contacted - No Appointment,16,No,
L05109,15-12-2025,,Instagram,General Dentistry,Clinic D,Contacted - No Appointment,15,No,
L05110,25-03-2025,P05110,Instagram,General Dentistry,Clinic C,Appointment Booked,10,Yes,26-03-2025
L05111,08-08-2025,P05111,Google Organic,General Dentistry,Clinic D,Appointment Booked,30,Yes,15-08-2025
L05112,27-03-2025,P05112,Google Ads,Dental Crown,Clinic D,Appointment Booked,45,Yes,08-04-2025
L05113,20-08-2025,,Referral,Dental Crown,Clinic D,Contacted - No Appointment,13,No,
L05114,19-09-2025,P05114,Facebook,Dental Crown,Clinic D,Appointment Booked,15,Yes,20-09-2025
L05115,07-09-2025,P05115,Google Ads,Dental Crown,Clinic B,Appointment Booked,10,Yes,11-09-2025
L05116,09-09-2025,P05116,Facebook,Dental Implant,Clinic A,Appointment Booked,5,Yes,16-09-2025
L05117,06-06-2025,,Facebook,Root Canal,Clinic B,Contacted - No Appointment,11,No,
L05118,23-07-2025,,Referral,Root Canal,Clinic A,Contacted - No Appointment,15,No,
L05119,20-08-2025,,Google Organic,Root Canal,Clinic C,Contacted - No Appointment,38,No,
L05120,18-10-2025,,Instagram,Root Canal,Clinic B,Contacted - No Appointment,10,No,
L05121,17-09-2025,,Google Ads,Dental Implant,Clinic C,Contacted - No Appointment,15,No,
L05122,26-08-2025,,Google Ads,Root Canal,Clinic D,Contacted - No Appointment,21,No,
L05123,15-07-2025,P05123,Facebook,Dental Implant,Clinic D,Appointment Booked,8,Yes,25-07-2025
L05124,29-12-2025,,Google Organic,General Dentistry,Clinic A,Contacted - No Appointment,28,No,
L05125,12-12-2025,,Google Organic,Dental Implant,Clinic B,Contacted - No Appointment,15,No,
L05126,06-05-2025,,Google Ads,Invisalign,Clinic B,Contacted - No Appointment,12,No,
L05127,27-09-2025,P05127,Google Ads,General Dentistry,Clinic B,Appointment Booked,43,Yes,11-10-2025
L05128,17-07-2025,P05128,Facebook,Root Canal,Clinic D,Appointment Booked,47,Yes,29-07-2025
L05129,02-04-2025,,Referral,Dental Implant,Clinic C,Contacted - No Appointment,9,No,
L05130,25-11-2025,,Facebook,Root Canal,Clinic C,Contacted - No Appointment,32,No,
L05131,21-09-2025,,Facebook,Dental Implant,Clinic D,Not Contacted/Cold,57,No,
L05132,23-06-2025,,Facebook,Invisalign,Clinic D,Contacted - No Appointment,17,No,
L05133,10-11-2025,P05133,Google Ads,Dental Implant,Clinic A,Appointment Booked,22,Yes,24-11-2025
L05134,03-04-2025,P05134,Facebook,Root Canal,Clinic C,Appointment Booked,19,Yes,05-04-2025
L05135,26-11-2025,,Google Organic,Teeth Whitening,Clinic B,Contacted - No Appointment,32,No,
L05136,08-12-2025,,Referral,Dental Crown,Clinic B,Contacted - No Appointment,11,No,
L05137,26-01-2025,,Facebook,Dental Crown,Clinic A,Contacted - No Appointment,11,No,
L05138,07-05-2025,P05138,Google Ads,Invisalign,Clinic B,Appointment Booked,12,Yes,16-05-2025
L05139,09-01-2025,P05139,Google Organic,Invisalign,Clinic B,Appointment Booked,9,Yes,12-01-2025
L05140,28-09-2025,P05140,Google Organic,General Dentistry,Clinic A,Appointment Booked,9,Yes,04-10-2025
L05141,17-09-2025,,Google Ads,Dental Implant,Clinic C,Contacted - No Appointment,17,No,
L05142,21-06-2025,P05142,Referral,General Dentistry,Clinic D,Appointment Booked,14,Yes,24-06-2025
L05143,04-01-2025,P05143,Google Organic,Root Canal,Clinic A,Appointment Booked,24,Yes,06-01-2025
L05144,12-05-2025,P05144,Facebook,General Dentistry,Clinic A,Appointment Booked,11,Yes,23-05-2025
L05145,09-01-2025,P05145,Instagram,Invisalign,Clinic D,Appointment Booked,23,Yes,12-01-2025
L05146,20-05-2025,P05146,Google Organic,Invisalign,Clinic A,Appointment Booked,18,Yes,30-05-2025
L05147,12-11-2025,,Google Organic,Teeth Whitening,Clinic D,Not Contacted/Cold,56,No,
L05148,11-09-2025,,Google Ads,Teeth Whitening,Clinic C,Contacted - No Appointment,18,No,
L05149,16-11-2025,P05149,Google Ads,Invisalign,Clinic B,Appointment Booked,25,Yes,17-11-2025
L05150,10-07-2025,P05150,Google Ads,General Dentistry,Clinic A,Appointment Booked,8,Yes,13-07-2025
L05151,06-06-2025,,Google Organic,Dental Implant,Clinic A,Contacted - No Appointment,9,No,
L05152,09-01-2025,P05152,Facebook,Dental Implant,Clinic A,Appointment Booked,50,Yes,11-01-2025
L05153,24-09-2025,,Facebook,Dental Crown,Clinic A,Contacted - No Appointment,28,No,
L05154,23-04-2025,P05154,Google Organic,Teeth Whitening,Clinic C,Appointment Booked,25,Yes,27-04-2025
L05155,20-04-2025,P05155,Facebook,General Dentistry,Clinic A,Appointment Booked,18,Yes,27-04-2025
L05156,15-04-2025,P05156,Google Organic,Root Canal,Clinic C,Appointment Booked,20,Yes,26-04-2025
L05157,15-09-2025,P05157,Facebook,Dental Implant,Clinic C,Appointment Booked,17,Yes,18-09-2025
L05158,13-03-2025,,Facebook,Dental Crown,Clinic B,Contacted - No Appointment,27,No,
L05159,14-04-2025,P05159,Facebook,Invisalign,Clinic A,Appointment Booked,19,Yes,24-04-2025
L05160,20-06-2025,,Referral,Root Canal,Clinic A,Contacted - No Appointment,31,No,
L05161,11-03-2025,,Google Organic,Root Canal,Clinic A,Contacted - No Appointment,10,No,
L05162,13-03-2025,,Google Ads,Dental Implant,Clinic C,Contacted - No Appointment,18,No,
L05163,06-11-2025,,Referral,Root Canal,Clinic B,Contacted - No Appointment,7,No,
L05164,03-03-2025,,Google Organic,Root Canal,Clinic D,Contacted - No Appointment,37,No,
L05165,23-10-2025,P05165,Google Ads,Teeth Whitening,Clinic B,Appointment Booked,26,Yes,29-10-2025
L05166,17-08-2025,P05166,Google Ads,Dental Crown,Clinic B,Appointment Booked,5,Yes,26-08-2025
L05167,05-05-2025,,Facebook,Invisalign,Clinic C,Contacted - No Appointment,25,No,
L05168,10-05-2025,P05168,Instagram,Invisalign,Clinic C,Appointment Booked,17,Yes,24-05-2025
L05169,28-11-2025,,Instagram,Invisalign,Clinic B,Contacted - No Appointment,38,No,
L05170,15-02-2025,,Google Ads,Dental Implant,Clinic A,Contacted - No Appointment,35,No,
L05171,02-01-2025,,Facebook,Dental Crown,Clinic C,Contacted - No Appointment,44,No,
L05172,12-09-2025,P05172,Google Ads,General Dentistry,Clinic B,Appointment Booked,32,Yes,13-09-2025
L05173,22-10-2025,P05173,Google Ads,Dental Crown,Clinic B,Appointment Booked,17,Yes,30-10-2025
L05174,03-07-2025,P05174,Facebook,Dental Crown,Clinic C,Appointment Booked,22,Yes,07-07-2025
L05175,28-04-2025,P05175,Facebook,Root Canal,Clinic B,Appointment Booked,12,Yes,09-05-2025
L05176,01-10-2025,,Facebook,Invisalign,Clinic C,Contacted - No Appointment,15,No,
L05177,14-03-2025,,Referral,General Dentistry,Clinic C,Contacted - No Appointment,29,No,
L05178,20-03-2025,P05178,Google Ads,General Dentistry,Clinic C,Appointment Booked,7,Yes,23-03-2025
L05179,28-08-2025,P05179,Google Ads,Root Canal,Clinic C,Appointment Booked,25,Yes,10-09-2025
L05180,08-09-2025,,Google Ads,Invisalign,Clinic C,Contacted - No Appointment,27,No,
L05181,06-11-2025,P05181,Facebook,Teeth Whitening,Clinic C,Appointment Booked,30,Yes,09-11-2025
L05182,12-06-2025,P05182,Google Organic,Dental Implant,Clinic D,Appointment Booked,12,Yes,26-06-2025
L05183,15-05-2025,,Instagram,Teeth Whitening,Clinic B,Not Contacted/Cold,49,No,
L05184,31-01-2025,P05184,Facebook,Teeth Whitening,Clinic B,Appointment Booked,27,Yes,07-02-2025
L05185,06-07-2025,,Facebook,Dental Implant,Clinic D,Contacted - No Appointment,36,No,
L05186,10-03-2025,,Facebook,General Dentistry,Clinic C,Contacted - No Appointment,7,No,
L05187,22-10-2025,P05187,Facebook,General Dentistry,Clinic A,Appointment Booked,5,Yes,04-11-2025
L05188,04-07-2025,P05188,Instagram,General Dentistry,Clinic D,Appointment Booked,6,Yes,15-07-2025
L05189,04-03-2025,P05189,Google Ads,Root Canal,Clinic A,Appointment Booked,20,Yes,14-03-2025
L05190,04-12-2025,P05190,Google Organic,Invisalign,Clinic C,Appointment Booked,31,Yes,13-12-2025
L05191,24-04-2025,P05191,Instagram,Dental Crown,Clinic D,Appointment Booked,15,Yes,05-05-2025
L05192,01-06-2025,,Google Ads,Root Canal,Clinic D,Contacted - No Appointment,15,No,
L05193,22-11-2025,P05193,Facebook,Invisalign,Clinic A,Appointment Booked,3,Yes,06-12-2025
L05194,31-01-2025,,Referral,Root Canal,Clinic C,Contacted - No Appointment,15,No,
L05195,05-06-2025,,Google Ads,Dental Crown,Clinic B,Contacted - No Appointment,15,No,
L05196,30-09-2025,,Google Ads,Dental Implant,Clinic B,Contacted - No Appointment,10,No,
L05197,29-08-2025,,Facebook,Invisalign,Clinic A,Contacted - No Appointment,13,No,
L05198,04-11-2025,,Instagram,Dental Implant,Clinic C,Contacted - No Appointment,44,No,
L05199,25-03-2025,,Google Ads,Teeth Whitening,Clinic B,Contacted - No Appointment,21,No,
L05200,17-08-2025,P05200,Referral,Dental Crown,Clinic A,Appointment Booked,19,Yes,24-08-2025
L05201,12-01-2025,,Instagram,Dental Implant,Clinic C,Contacted - No Appointment,12,No,
L05202,26-08-2025,,Referral,General Dentistry,Clinic C,Contacted - No Appointment,24,No,
L05203,29-10-2025,,Facebook,Dental Implant,Clinic D,Not Contacted/Cold,71,No,
L05204,17-12-2025,,Google Organic,Dental Crown,Clinic D,Contacted - No Appointment,29,No,
L05205,04-06-2025,P05205,Facebook,Teeth Whitening,Clinic B,Appointment Booked,15,Yes,09-06-2025
L05206,03-05-2025,P05206,Google Ads,Teeth Whitening,Clinic D,Appointment Booked,16,Yes,09-05-2025
L05207,28-07-2025,,Referral,Dental Implant,Clinic D,Contacted - No Appointment,34,No,
L05208,19-08-2025,,Google Ads,General Dentistry,Clinic B,Not Contacted/Cold,65,No,
L05209,19-05-2025,,Referral,General Dentistry,Clinic A,Contacted - No Appointment,6,No,
L05210,22-07-2025,P05210,Facebook,Dental Crown,Clinic B,Appointment Booked,18,Yes,24-07-2025
L05211,08-07-2025,P05211,Referral,Root Canal,Clinic B,Appointment Booked,16,Yes,10-07-2025
L05212,21-04-2025,,Facebook,Dental Implant,Clinic C,Contacted - No Appointment,34,No,
L05213,03-03-2025,,Google Organic,Dental Crown,Clinic C,Contacted - No Appointment,18,No,
L05214,23-05-2025,P05214,Google Ads,Root Canal,Clinic C,Appointment Booked,37,Yes,28-05-2025
L05215,22-03-2025,P05215,Facebook,Teeth Whitening,Clinic B,Appointment Booked,5,Yes,28-03-2025
L05216,05-07-2025,,Google Organic,Root Canal,Clinic A,Contacted - No Appointment,26,No,
L05217,01-11-2025,,Google Organic,Dental Crown,Clinic D,Contacted - No Appointment,34,No,
L05218,28-10-2025,P05218,Google Ads,Dental Implant,Clinic B,Appointment Booked,4,Yes,01-11-2025
L05219,11-05-2025,,Facebook,Dental Implant,Clinic D,Contacted - No Appointment,26,No,
L05220,22-01-2025,,Facebook,Dental Implant,Clinic A,Contacted - No Appointment,7,No,
L05221,09-02-2025,P05221,Google Ads,Dental Implant,Clinic D,Appointment Booked,16,Yes,23-02-2025
L05222,16-08-2025,P05222,Facebook,Root Canal,Clinic A,Appointment Booked,15,Yes,25-08-2025
L05223,10-12-2025,P05223,Google Organic,Teeth Whitening,Clinic A,Appointment Booked,8,Yes,17-12-2025
L05224,16-12-2025,,Facebook,Dental Crown,Clinic A,Contacted - No Appointment,20,No,
L05225,19-01-2025,,Facebook,Dental Crown,Clinic C,Contacted - No Appointment,15,No,
L05226,27-03-2025,,Referral,Dental Crown,Clinic D,Contacted - No Appointment,13,No,
L05227,18-10-2025,,Google Ads,Invisalign,Clinic B,Not Contacted/Cold,54,No,
L05228,30-12-2025,,Instagram,Root Canal,Clinic D,Contacted - No Appointment,34,No,
L05229,22-09-2025,P05229,Google Organic,Invisalign,Clinic C,Appointment Booked,24,Yes,30-09-2025
L05230,29-07-2025,P05230,Google Organic,Teeth Whitening,Clinic C,Appointment Booked,14,Yes,12-08-2025
L05231,18-05-2025,P05231,Google Organic,Dental Implant,Clinic D,Appointment Booked,5,Yes,26-05-2025
L05232,31-05-2025,,Google Organic,Dental Implant,Clinic B,Contacted - No Appointment,11,No,
L05233,14-09-2025,,Google Ads,Dental Crown,Clinic B,Contacted - No Appointment,11,No,
L05234,17-09-2025,,Facebook,General Dentistry,Clinic D,Not Contacted/Cold,50,No,
L05235,18-08-2025,P05235,Google Organic,Dental Crown,Clinic D,Appointment Booked,5,Yes,22-08-2025
L05236,14-11-2025,,Google Ads,Teeth Whitening,Clinic D,Contacted - No Appointment,14,No,
L05237,10-05-2025,P05237,Google Ads,Dental Crown,Clinic D,Appointment Booked,26,Yes,21-05-2025
L05238,04-03-2025,,Google Organic,Root Canal,Clinic A,Contacted - No Appointment,20,No,
L05239,25-06-2025,,Google Organic,Teeth Whitening,Clinic D,Contacted - No Appointment,15,No,
L05240,04-10-2025,P05240,Facebook,General Dentistry,Clinic B,Appointment Booked,10,Yes,06-10-2025
L05241,23-03-2025,P05241,Referral,Invisalign,Clinic D,Appointment Booked,25,Yes,30-03-2025
L05242,22-06-2025,,Google Organic,Invisalign,Clinic B,Contacted - No Appointment,16,No,
L05243,05-11-2025,,Referral,Invisalign,Clinic C,Not Contacted/Cold,50,No,
L05244,30-05-2025,P05244,Referral,Root Canal,Clinic C,Appointment Booked,19,Yes,07-06-2025
L05245,15-12-2025,,Facebook,General Dentistry,Clinic B,Not Contacted/Cold,55,No,
L05246,16-08-2025,,Google Organic,Invisalign,Clinic A,Contacted - No Appointment,22,No,
L05247,18-10-2025,,Instagram,Root Canal,Clinic D,Contacted - No Appointment,13,No,
L05248,07-02-2025,,Google Organic,General Dentistry,Clinic D,Contacted - No Appointment,12,No,
L05249,31-10-2025,P05249,Google Organic,Root Canal,Clinic A,Appointment Booked,18,Yes,14-11-2025
L05250,30-12-2025,,Google Ads,Root Canal,Clinic D,Contacted - No Appointment,10,No,
L05251,18-04-2025,P05251,Google Ads,General Dentistry,Clinic C,Appointment Booked,9,Yes,26-04-2025
L05252,27-09-2025,P05252,Google Ads,Root Canal,Clinic B,Appointment Booked,33,Yes,06-10-2025
L05253,13-05-2025,,Google Organic,Dental Crown,Clinic A,Contacted - No Appointment,24,No,
L05254,17-01-2025,P05254,Google Organic,Dental Implant,Clinic D,Appointment Booked,9,Yes,24-01-2025
L05255,22-09-2025,,Facebook,Dental Implant,Clinic C,Contacted - No Appointment,28,No,
L05256,14-09-2025,,Instagram,Root Canal,Clinic C,Contacted - No Appointment,15,No,
L05257,30-09-2025,P05257,Google Organic,Root Canal,Clinic C,Appointment Booked,25,Yes,06-10-2025
L05258,12-09-2025,,Facebook,General Dentistry,Clinic A,Contacted - No Appointment,26,No,
L05259,07-05-2025,,Google Ads,General Dentistry,Clinic B,Contacted - No Appointment,11,No,
L05260,05-01-2025,,Facebook,General Dentistry,Clinic A,Not Contacted/Cold,58,No,
L05261,17-11-2025,P05261,Referral,Invisalign,Clinic A,Appointment Booked,12,Yes,01-12-2025
L05262,17-12-2025,,Google Organic,General Dentistry,Clinic C,Contacted - No Appointment,26,No,
L05263,09-05-2025,P05263,Facebook,Dental Crown,Clinic D,Appointment Booked,11,Yes,22-05-2025
L05264,14-10-2025,P05264,Google Ads,Root Canal,Clinic B,Appointment Booked,16,Yes,17-10-2025
L05265,26-10-2025,,Instagram,Teeth Whitening,Clinic A,Contacted - No Appointment,17,No,
L05266,01-07-2025,,Google Organic,Dental Implant,Clinic C,Contacted - No Appointment,33,No,
L05267,30-11-2025,P05267,Instagram,Dental Implant,Clinic D,Appointment Booked,21,Yes,04-12-2025
L05268,16-03-2025,P05268,Facebook,General Dentistry,Clinic C,Appointment Booked,29,Yes,21-03-2025
L05269,02-08-2025,,Google Ads,Dental Crown,Clinic D,Contacted - No Appointment,20,No,
L05270,29-12-2025,,Referral,Root Canal,Clinic C,Contacted - No Appointment,39,No,
L05271,02-03-2025,,Google Ads,Root Canal,Clinic D,Contacted - No Appointment,26,No,
L05272,07-06-2025,,Google Ads,General Dentistry,Clinic A,Contacted - No Appointment,22,No,
L05273,29-09-2025,P05273,Google Organic,Dental Crown,Clinic B,Appointment Booked,25,Yes,07-10-2025
L05274,09-04-2025,P05274,Referral,Root Canal,Clinic B,Appointment Booked,6,Yes,15-04-2025
L05275,03-08-2025,P05275,Instagram,Dental Implant,Clinic C,Appointment Booked,8,Yes,12-08-2025
L05276,12-09-2025,P05276,Instagram,Invisalign,Clinic D,Appointment Booked,22,Yes,23-09-2025
L05277,16-04-2025,P05277,Facebook,General Dentistry,Clinic D,Appointment Booked,19,Yes,19-04-2025
L05278,04-01-2025,,Google Ads,Root Canal,Clinic A,Contacted - No Appointment,36,No,
L05279,19-03-2025,P05279,Google Ads,Root Canal,Clinic A,Appointment Booked,2,Yes,28-03-2025
L05280,14-12-2025,,Instagram,Root Canal,Clinic B,Contacted - No Appointment,19,No,
L05281,15-06-2025,,Google Ads,General Dentistry,Clinic B,Contacted - No Appointment,6,No,
L05282,18-06-2025,,Referral,Dental Crown,Clinic C,Contacted - No Appointment,22,No,
L05283,09-03-2025,P05283,Google Ads,Dental Crown,Clinic D,Appointment Booked,24,Yes,16-03-2025
L05284,26-10-2025,,Facebook,Root Canal,Clinic D,Contacted - No Appointment,29,No,
L05285,02-08-2025,,Facebook,Dental Implant,Clinic C,Contacted - No Appointment,9,No,
L05286,08-12-2025,,Instagram,General Dentistry,Clinic D,Contacted - No Appointment,5,No,
L05287,25-04-2025,,Facebook,General Dentistry,Clinic C,Contacted - No Appointment,27,No,
L05288,28-06-2025,P05288,Referral,General Dentistry,Clinic A,Appointment Booked,11,Yes,01-07-2025
L05289,23-03-2025,P05289,Facebook,General Dentistry,Clinic C,Appointment Booked,10,Yes,29-03-2025
L05290,09-07-2025,P05290,Google Organic,Teeth Whitening,Clinic C,Appointment Booked,19,Yes,23-07-2025
L05291,06-12-2025,,Instagram,Dental Crown,Clinic C,Contacted - No Appointment,7,No,
L05292,29-06-2025,,Google Ads,General Dentistry,Clinic A,Contacted - No Appointment,26,No,
L05293,12-10-2025,,Instagram,Dental Crown,Clinic B,Contacted - No Appointment,8,No,
L05294,04-08-2025,,Instagram,Dental Implant,Clinic B,Contacted - No Appointment,9,No,
L05295,04-08-2025,,Referral,Root Canal,Clinic D,Contacted - No Appointment,14,No,
L05296,19-07-2025,P05296,Referral,General Dentistry,Clinic B,Appointment Booked,8,Yes,30-07-2025
L05297,04-11-2025,,Google Ads,Root Canal,Clinic D,Contacted - No Appointment,32,No,
L05298,23-01-2025,,Google Ads,General Dentistry,Clinic D,Contacted - No Appointment,30,No,
L05299,07-03-2025,P05299,Google Ads,Dental Implant,Clinic B,Appointment Booked,20,Yes,13-03-2025
L05300,27-05-2025,,Referral,Invisalign,Clinic C,Contacted - No Appointment,11,No,
L05301,24-09-2025,,Google Ads,Root Canal,Clinic D,Contacted - No Appointment,9,No,
L05302,25-12-2025,P05302,Google Organic,Dental Implant,Clinic B,Appointment Booked,22,Yes,03-01-2026
L05303,11-10-2025,P05303,Instagram,Dental Implant,Clinic D,Appointment Booked,9,Yes,16-10-2025
L05304,29-09-2025,,Instagram,Invisalign,Clinic A,Contacted - No Appointment,12,No,
L05305,27-03-2025,P05305,Google Ads,General Dentistry,Clinic A,Appointment Booked,6,Yes,06-04-2025
L05306,23-02-2025,P05306,Google Ads,Dental Implant,Clinic D,Appointment Booked,19,Yes,24-02-2025
L05307,04-05-2025,,Facebook,Invisalign,Clinic D,Contacted - No Appointment,9,No,
L05308,18-10-2025,,Google Ads,Dental Implant,Clinic D,Contacted - No Appointment,16,No,
L05309,01-09-2025,P05309,Google Ads,Dental Crown,Clinic C,Appointment Booked,10,Yes,14-09-2025
L05310,08-06-2025,,Google Ads,Dental Crown,Clinic D,Contacted - No Appointment,31,No,
L05311,05-09-2025,,Instagram,Dental Crown,Clinic D,Contacted - No Appointment,23,No,
L05312,14-08-2025,P05312,Facebook,Root Canal,Clinic D,Appointment Booked,7,Yes,17-08-2025
L05313,11-05-2025,,Google Ads,Invisalign,Clinic C,Contacted - No Appointment,33,No,
L05314,02-04-2025,,Facebook,Teeth Whitening,Clinic B,Contacted - No Appointment,14,No,
L05315,26-08-2025,P05315,Google Ads,Teeth Whitening,Clinic D,Appointment Booked,34,Yes,31-08-2025
L05316,01-08-2025,,Facebook,Dental Implant,Clinic B,Contacted - No Appointment,20,No,
L05317,10-03-2025,,Google Ads,Root Canal,Clinic C,Contacted - No Appointment,14,No,
L05318,05-08-2025,P05318,Google Organic,Invisalign,Clinic B,Appointment Booked,5,Yes,13-08-2025
L05319,30-05-2025,,Google Ads,Dental Implant,Clinic C,Contacted - No Appointment,6,No,
L05320,07-10-2025,,Referral,Teeth Whitening,Clinic B,Contacted - No Appointment,38,No,
L05321,08-12-2025,,Google Ads,Root Canal,Clinic A,Contacted - No Appointment,10,No,
L05322,05-12-2025,P05322,Referral,Invisalign,Clinic D,Appointment Booked,32,Yes,06-12-2025
L05323,15-04-2025,P05323,Google Organic,Invisalign,Clinic B,Appointment Booked,34,Yes,24-04-2025
L05324,04-10-2025,,Google Organic,General Dentistry,Clinic C,Contacted - No Appointment,26,No,
L05325,30-08-2025,,Referral,General Dentistry,Clinic A,Contacted - No Appointment,6,No,
L05326,10-11-2025,,Google Ads,General Dentistry,Clinic A,Contacted - No Appointment,11,No,
L05327,13-01-2025,,Google Ads,Root Canal,Clinic A,Not Contacted/Cold,52,No,
L05328,19-02-2025,P05328,Google Ads,Dental Crown,Clinic C,Appointment Booked,44,Yes,25-02-2025
L05329,24-06-2025,P05329,Google Ads,Root Canal,Clinic A,Appointment Booked,9,Yes,06-07-2025
L05330,20-03-2025,P05330,Facebook,Dental Implant,Clinic D,Appointment Booked,14,Yes,30-03-2025
L05331,25-06-2025,,Instagram,Root Canal,Clinic A,Contacted - No Appointment,31,No,
L05332,15-12-2025,P05332,Google Ads,Dental Crown,Clinic A,Appointment Booked,4,Yes,20-12-2025
L05333,18-03-2025,P05333,Facebook,Invisalign,Clinic A,Appointment Booked,30,Yes,29-03-2025
L05334,19-01-2025,,Google Ads,General Dentistry,Clinic A,Contacted - No Appointment,20,No,
L05335,25-06-2025,,Instagram,Dental Implant,Clinic D,Not Contacted/Cold,86,No,
L05336,27-10-2025,,Referral,Root Canal,Clinic D,Contacted - No Appointment,35,No,
L05337,08-07-2025,P05337,Facebook,Dental Implant,Clinic C,Appointment Booked,4,Yes,13-07-2025
L05338,23-07-2025,,Facebook,Root Canal,Clinic A,Contacted - No Appointment,28,No,
L05339,28-04-2025,,Facebook,Dental Implant,Clinic B,Contacted - No Appointment,41,No,
L05340,27-07-2025,P05340,Google Organic,Invisalign,Clinic B,Appointment Booked,24,Yes,09-08-2025
L05341,07-10-2025,P05341,Google Ads,Root Canal,Clinic D,Appointment Booked,23,Yes,14-10-2025
L05342,12-01-2025,,Referral,Root Canal,Clinic A,Contacted - No Appointment,23,No,
L05343,22-07-2025,,Facebook,Root Canal,Clinic C,Contacted - No Appointment,35,No,
L05344,24-10-2025,P05344,Facebook,Invisalign,Clinic B,Appointment Booked,22,Yes,30-10-2025
L05345,12-07-2025,,Referral,Root Canal,Clinic B,Contacted - No Appointment,18,No,
L05346,15-04-2025,,Referral,Root Canal,Clinic B,Contacted - No Appointment,23,No,
L05347,30-03-2025,,Instagram,Invisalign,Clinic A,Contacted - No Appointment,5,No,
L05348,16-04-2025,,Google Ads,General Dentistry,Clinic D,Contacted - No Appointment,18,No,
L05349,26-08-2025,P05349,Google Organic,Root Canal,Clinic A,Appointment Booked,13,Yes,06-09-2025
L05350,08-06-2025,,Facebook,Invisalign,Clinic C,Contacted - No Appointment,35,No,
L05351,16-06-2025,P05351,Facebook,General Dentistry,Clinic A,Appointment Booked,9,Yes,26-06-2025
L05352,03-03-2025,,Google Ads,General Dentistry,Clinic D,Contacted - No Appointment,18,No,
L05353,02-11-2025,,Facebook,General Dentistry,Clinic A,Contacted - No Appointment,10,No,
L05354,13-09-2025,,Google Organic,Dental Crown,Clinic D,Contacted - No Appointment,23,No,
L05355,26-03-2025,P05355,Google Ads,Root Canal,Clinic D,Appointment Booked,49,Yes,28-03-2025
L05356,23-06-2025,,Referral,Invisalign,Clinic D,Contacted - No Appointment,28,No,
L05357,21-01-2025,,Google Ads,Dental Crown,Clinic B,Contacted - No Appointment,29,No,
L05358,11-12-2025,P05358,Google Ads,General Dentistry,Clinic C,Appointment Booked,7,Yes,23-12-2025
L05359,10-02-2025,P05359,Instagram,Dental Crown,Clinic B,Appointment Booked,22,Yes,24-02-2025
L05360,08-04-2025,P05360,Google Organic,General Dentistry,Clinic A,Appointment Booked,12,Yes,17-04-2025
L05361,07-10-2025,,Referral,Invisalign,Clinic B,Contacted - No Appointment,16,No,
L05362,23-02-2025,P05362,Google Organic,Root Canal,Clinic A,Appointment Booked,14,Yes,24-02-2025
L05363,27-10-2025,P05363,Google Ads,General Dentistry,Clinic D,Appointment Booked,9,Yes,01-11-2025
L05364,17-02-2025,P05364,Referral,Teeth Whitening,Clinic A,Appointment Booked,21,Yes,01-03-2025
L05365,05-07-2025,,Referral,General Dentistry,Clinic C,Contacted - No Appointment,23,No,
L05366,03-03-2025,,Google Ads,Teeth Whitening,Clinic C,Contacted - No Appointment,32,No,
L05367,08-06-2025,,Instagram,Root Canal,Clinic C,Contacted - No Appointment,37,No,
L05368,15-03-2025,,Instagram,Root Canal,Clinic C,Contacted - No Appointment,27,No,
L05369,21-01-2025,,Facebook,General Dentistry,Clinic A,Contacted - No Appointment,7,No,
L05370,22-06-2025,P05370,Referral,Dental Crown,Clinic C,Appointment Booked,12,Yes,06-07-2025
L05371,22-09-2025,,Google Ads,Invisalign,Clinic B,Contacted - No Appointment,19,No,
L05372,26-02-2025,,Instagram,Root Canal,Clinic D,Contacted - No Appointment,36,No,
L05373,15-04-2025,,Google Ads,Root Canal,Clinic D,Contacted - No Appointment,24,No,
L05374,07-04-2025,,Facebook,Dental Implant,Clinic D,Contacted - No Appointment,33,No,
L05375,05-05-2025,,Google Organic,Teeth Whitening,Clinic A,Contacted - No Appointment,42,No,
L05376,25-09-2025,,Google Ads,Dental Implant,Clinic B,Contacted - No Appointment,39,No,
L05377,21-09-2025,,Facebook,Root Canal,Clinic A,Contacted - No Appointment,10,No,
L05378,11-12-2025,,Referral,Teeth Whitening,Clinic A,Contacted - No Appointment,8,No,
L05379,22-05-2025,,Google Organic,Root Canal,Clinic A,Contacted - No Appointment,26,No,
L05380,29-10-2025,P05380,Instagram,General Dentistry,Clinic C,Appointment Booked,34,Yes,05-11-2025
L05381,24-09-2025,,Google Ads,Invisalign,Clinic A,Contacted - No Appointment,6,No,
L05382,28-09-2025,,Facebook,General Dentistry,Clinic B,Contacted - No Appointment,17,No,
L05383,19-03-2025,,Google Organic,Invisalign,Clinic D,Contacted - No Appointment,34,No,
L05384,08-03-2025,P05384,Google Organic,Dental Implant,Clinic C,Appointment Booked,9,Yes,14-03-2025
L05385,16-09-2025,P05385,Google Ads,General Dentistry,Clinic B,Appointment Booked,21,Yes,24-09-2025
L05386,21-09-2025,,Instagram,Teeth Whitening,Clinic B,Contacted - No Appointment,24,No,
L05387,17-11-2025,,Google Ads,Invisalign,Clinic B,Contacted - No Appointment,5,No,
L05388,26-11-2025,P05388,Google Ads,General Dentistry,Clinic A,Appointment Booked,30,Yes,29-11-2025
L05389,20-06-2025,,Facebook,Root Canal,Clinic C,Contacted - No Appointment,33,No,
L05390,03-01-2025,P05390,Google Ads,General Dentistry,Clinic B,Appointment Booked,20,Yes,15-01-2025
L05391,22-06-2025,P05391,Google Ads,Root Canal,Clinic D,Appointment Booked,4,Yes,05-07-2025
L05392,19-03-2025,P05392,Google Organic,Root Canal,Clinic D,Appointment Booked,13,Yes,27-03-2025
L05393,16-07-2025,P05393,Facebook,Root Canal,Clinic C,Appointment Booked,35,Yes,26-07-2025
L05394,10-06-2025,,Google Organic,Invisalign,Clinic B,Contacted - No Appointment,10,No,
L05395,12-02-2025,P05395,Instagram,Root Canal,Clinic A,Appointment Booked,40,Yes,13-02-2025
L05396,05-09-2025,,Google Organic,Root Canal,Clinic D,Contacted - No Appointment,17,No,
L05397,20-11-2025,,Facebook,Dental Implant,Clinic B,Contacted - No Appointment,30,No,
L05398,04-11-2025,P05398,Google Ads,Invisalign,Clinic A,Appointment Booked,8,Yes,07-11-2025
L05399,13-06-2025,,Instagram,Invisalign,Clinic A,Not Contacted/Cold,49,No,
L05400,12-08-2025,,Google Ads,General Dentistry,Clinic A,Contacted - No Appointment,12,No,
L05401,11-12-2025,P05401,Google Organic,Dental Crown,Clinic D,Appointment Booked,16,Yes,18-12-2025
L05402,08-12-2025,,Facebook,Teeth Whitening,Clinic A,Contacted - No Appointment,15,No,
L05403,07-06-2025,,Google Ads,General Dentistry,Clinic C,Contacted - No Appointment,2,No,
L05404,06-03-2025,,Instagram,Dental Crown,Clinic B,Contacted - No Appointment,17,No,
L05405,04-11-2025,,Referral,General Dentistry,Clinic C,Contacted - No Appointment,10,No,
L05406,16-11-2025,P05406,Google Ads,Invisalign,Clinic D,Appointment Booked,20,Yes,18-11-2025
L05407,08-02-2025,,Google Ads,Invisalign,Clinic D,Contacted - No Appointment,23,No,
L05408,22-07-2025,,Google Organic,Root Canal,Clinic B,Contacted - No Appointment,10,No,
L05409,10-01-2025,,Google Ads,Root Canal,Clinic A,Contacted - No Appointment,11,No,
L05410,01-11-2025,P05410,Google Ads,General Dentistry,Clinic B,Appointment Booked,12,Yes,02-11-2025
L05411,24-01-2025,,Facebook,Dental Crown,Clinic C,Contacted - No Appointment,21,No,
L05412,01-10-2025,,Facebook,Invisalign,Clinic C,Contacted - No Appointment,15,No,
L05413,21-02-2025,,Instagram,Teeth Whitening,Clinic C,Contacted - No Appointment,11,No,
L05414,05-11-2025,,Facebook,Root Canal,Clinic A,Contacted - No Appointment,14,No,
L05415,11-08-2025,P05415,Referral,Dental Implant,Clinic C,Appointment Booked,35,Yes,25-08-2025
L05416,06-06-2025,,Google Organic,Dental Crown,Clinic A,Contacted - No Appointment,20,No,
L05417,02-01-2025,,Referral,General Dentistry,Clinic D,Contacted - No Appointment,13,No,
L05418,13-02-2025,,Facebook,General Dentistry,Clinic B,Contacted - No Appointment,41,No,
L05419,28-04-2025,,Google Ads,Dental Crown,Clinic C,Contacted - No Appointment,25,No,
L05420,02-01-2025,P05420,Referral,Root Canal,Clinic A,Appointment Booked,5,Yes,05-01-2025
L05421,12-11-2025,,Google Ads,Dental Implant,Clinic B,Contacted - No Appointment,30,No,
L05422,02-03-2025,,Google Organic,Root Canal,Clinic C,Not Contacted/Cold,52,No,
L05423,18-02-2025,,Google Ads,Teeth Whitening,Clinic A,Contacted - No Appointment,31,No,
L05424,16-06-2025,P05424,Google Organic,Root Canal,Clinic D,Appointment Booked,12,Yes,19-06-2025
L05425,07-03-2025,,Referral,Invisalign,Clinic C,Contacted - No Appointment,17,No,
L05426,11-11-2025,,Facebook,General Dentistry,Clinic C,Contacted - No Appointment,5,No,
L05427,01-03-2025,,Google Ads,General Dentistry,Clinic B,Contacted - No Appointment,29,No,
L05428,23-05-2025,,Google Ads,Dental Crown,Clinic B,Contacted - No Appointment,16,No,
L05429,08-02-2025,,Facebook,Dental Implant,Clinic C,Contacted - No Appointment,11,No,
L05430,01-01-2025,P05430,Google Ads,Dental Implant,Clinic B,Appointment Booked,16,Yes,07-01-2025
L05431,12-08-2025,P05431,Google Organic,Dental Implant,Clinic C,Appointment Booked,5,Yes,17-08-2025
L05432,05-05-2025,,Facebook,Dental Crown,Clinic B,Contacted - No Appointment,6,No,
L05433,27-11-2025,P05433,Facebook,Dental Implant,Clinic A,Appointment Booked,7,Yes,28-11-2025
L05434,09-12-2025,,Facebook,General Dentistry,Clinic A,Contacted - No Appointment,2,No,
L05435,20-05-2025,P05435,Facebook,General Dentistry,Clinic A,Appointment Booked,12,Yes,31-05-2025
L05436,06-08-2025,P05436,Google Ads,Root Canal,Clinic B,Appointment Booked,9,Yes,14-08-2025
L05437,04-08-2025,,Google Organic,Root Canal,Clinic C,Contacted - No Appointment,36,No,
L05438,18-09-2025,P05438,Referral,Teeth Whitening,Clinic D,Appointment Booked,8,Yes,02-10-2025
L05439,23-01-2025,,Google Ads,General Dentistry,Clinic A,Contacted - No Appointment,27,No,
L05440,24-04-2025,P05440,Google Ads,General Dentistry,Clinic D,Appointment Booked,10,Yes,06-05-2025
L05441,18-12-2025,,Google Organic,Dental Implant,Clinic B,Contacted - No Appointment,21,No,
L05442,11-07-2025,P05442,Google Ads,Dental Implant,Clinic D,Appointment Booked,42,Yes,22-07-2025
L05443,15-03-2025,P05443,Google Ads,Teeth Whitening,Clinic C,Appointment Booked,7,Yes,24-03-2025
L05444,07-09-2025,,Instagram,Dental Crown,Clinic C,Not Contacted/Cold,46,No,
L05445,19-05-2025,P05445,Google Ads,Dental Implant,Clinic A,Appointment Booked,30,Yes,23-05-2025
L05446,29-06-2025,,Google Ads,Root Canal,Clinic A,Contacted - No Appointment,23,No,
L05447,21-10-2025,P05447,Referral,Teeth Whitening,Clinic A,Appointment Booked,20,Yes,28-10-2025
L05448,26-09-2025,P05448,Google Ads,Invisalign,Clinic C,Appointment Booked,18,Yes,08-10-2025
L05449,03-10-2025,,Referral,General Dentistry,Clinic B,Contacted - No Appointment,34,No,
L05450,14-09-2025,P05450,Google Ads,Dental Implant,Clinic D,Appointment Booked,18,Yes,19-09-2025
L05451,04-12-2025,P05451,Google Organic,Teeth Whitening,Clinic B,Appointment Booked,15,Yes,07-12-2025
L05452,01-01-2025,,Facebook,Dental Crown,Clinic D,Contacted - No Appointment,28,No,
L05453,04-04-2025,P05453,Google Ads,Invisalign,Clinic A,Appointment Booked,10,Yes,11-04-2025
L05454,21-08-2025,,Google Organic,Teeth Whitening,Clinic A,Not Contacted/Cold,54,No,
L05455,04-03-2025,P05455,Referral,Teeth Whitening,Clinic B,Appointment Booked,23,Yes,12-03-2025
L05456,07-02-2025,,Google Ads,General Dentistry,Clinic B,Contacted - No Appointment,16,No,
L05457,13-01-2025,P05457,Google Organic,Root Canal,Clinic B,Appointment Booked,16,Yes,23-01-2025
L05458,29-10-2025,,Facebook,Dental Crown,Clinic D,Contacted - No Appointment,15,No,
L05459,27-09-2025,,Google Organic,Dental Crown,Clinic A,Contacted - No Appointment,25,No,
L05460,05-09-2025,,Google Organic,Root Canal,Clinic B,Contacted - No Appointment,20,No,
L05461,02-10-2025,P05461,Google Ads,General Dentistry,Clinic D,Appointment Booked,17,Yes,11-10-2025
L05462,25-03-2025,,Google Ads,Dental Implant,Clinic A,Contacted - No Appointment,39,No,
L05463,20-05-2025,,Facebook,Invisalign,Clinic D,Contacted - No Appointment,43,No,
L05464,01-08-2025,,Referral,Root Canal,Clinic D,Contacted - No Appointment,8,No,
L05465,16-10-2025,P05465,Facebook,Dental Implant,Clinic A,Appointment Booked,16,Yes,20-10-2025
L05466,06-04-2025,,Instagram,General Dentistry,Clinic B,Contacted - No Appointment,13,No,
L05467,18-01-2025,P05467,Google Ads,Dental Crown,Clinic B,Appointment Booked,12,Yes,29-01-2025
L05468,06-07-2025,,Google Organic,Root Canal,Clinic D,Contacted - No Appointment,13,No,
L05469,21-02-2025,,Instagram,Teeth Whitening,Clinic C,Contacted - No Appointment,8,No,
L05470,24-06-2025,,Google Organic,Root Canal,Clinic C,Contacted - No Appointment,30,No,
L05471,10-04-2025,P05471,Referral,Dental Crown,Clinic D,Appointment Booked,16,Yes,23-04-2025
L05472,30-12-2025,P05472,Google Ads,Dental Implant,Clinic A,Appointment Booked,19,Yes,10-01-2026
L05473,25-01-2025,P05473,Google Ads,Root Canal,Clinic D,Appointment Booked,30,Yes,04-02-2025
L05474,28-03-2025,,Referral,Dental Implant,Clinic C,Contacted - No Appointment,8,No,
L05475,31-07-2025,P05475,Google Ads,Dental Crown,Clinic C,Appointment Booked,21,Yes,06-08-2025
L05476,21-08-2025,P05476,Google Organic,Root Canal,Clinic D,Appointment Booked,6,Yes,31-08-2025
L05477,08-05-2025,P05477,Google Organic,Invisalign,Clinic C,Appointment Booked,6,Yes,19-05-2025
L05478,19-06-2025,P05478,Google Organic,Root Canal,Clinic A,Appointment Booked,18,Yes,25-06-2025
L05479,22-08-2025,,Google Ads,Invisalign,Clinic B,Contacted - No Appointment,17,No,
L05480,27-02-2025,P05480,Google Ads,General Dentistry,Clinic B,Appointment Booked,8,Yes,03-03-2025
L05481,25-08-2025,P05481,Instagram,Dental Implant,Clinic A,Appointment Booked,36,Yes,30-08-2025
L05482,10-10-2025,,Google Ads,General Dentistry,Clinic D,Contacted - No Appointment,3,No,
L05483,17-01-2025,,Instagram,Root Canal,Clinic A,Contacted - No Appointment,8,No,
L05484,21-01-2025,,Facebook,Dental Crown,Clinic C,Contacted - No Appointment,13,No,
L05485,28-09-2025,,Facebook,Invisalign,Clinic B,Contacted - No Appointment,11,No,
L05486,10-07-2025,,Facebook,General Dentistry,Clinic A,Contacted - No Appointment,7,No,
L05487,04-11-2025,,Referral,Invisalign,Clinic D,Not Contacted/Cold,62,No,
L05488,08-09-2025,,Facebook,Dental Crown,Clinic D,Contacted - No Appointment,31,No,
L05489,11-06-2025,,Instagram,General Dentistry,Clinic C,Contacted - No Appointment,15,No,
L05490,18-06-2025,,Referral,General Dentistry,Clinic A,Contacted - No Appointment,38,No,
L05491,24-12-2025,,Instagram,Root Canal,Clinic A,Contacted - No Appointment,35,No,
L05492,08-04-2025,,Referral,General Dentistry,Clinic B,Contacted - No Appointment,11,No,
L05493,08-10-2025,,Google Ads,Teeth Whitening,Clinic A,Contacted - No Appointment,16,No,
L05494,10-06-2025,,Google Organic,Invisalign,Clinic B,Contacted - No Appointment,18,No,
L05495,10-12-2025,P05495,Facebook,Root Canal,Clinic D,Appointment Booked,30,Yes,19-12-2025
L05496,20-06-2025,,Google Organic,Invisalign,Clinic C,Contacted - No Appointment,25,No,
L05497,17-06-2025,,Referral,Invisalign,Clinic D,Contacted - No Appointment,16,No,
L05498,21-09-2025,P05498,Google Ads,Teeth Whitening,Clinic C,Appointment Booked,12,Yes,29-09-2025
L05499,27-04-2025,P05499,Facebook,Dental Crown,Clinic B,Appointment Booked,17,Yes,02-05-2025
L05500,13-07-2025,,Google Organic,Dental Implant,Clinic D,Contacted - No Appointment,7,No,
L05501,22-12-2025,P05501,Google Ads,General Dentistry,Clinic B,Appointment Booked,9,Yes,27-12-2025
L05502,23-06-2025,,Google Organic,Invisalign,Clinic D,Contacted - No Appointment,15,No,
L05503,03-09-2025,P05503,Google Ads,General Dentistry,Clinic B,Appointment Booked,16,Yes,12-09-2025
L05504,01-03-2025,,Referral,General Dentistry,Clinic A,Not Contacted/Cold,51,No,
L05505,26-09-2025,P05505,Google Ads,General Dentistry,Clinic D,Appointment Booked,9,Yes,03-10-2025
L05506,17-02-2025,P05506,Instagram,Teeth Whitening,Clinic C,Appointment Booked,3,Yes,25-02-2025
L05507,29-12-2025,P05507,Google Ads,Invisalign,Clinic D,Appointment Booked,12,Yes,05-01-2026
L05508,28-10-2025,,Google Ads,Root Canal,Clinic D,Contacted - No Appointment,11,No,
L05509,24-09-2025,P05509,Facebook,Invisalign,Clinic A,Appointment Booked,15,Yes,02-10-2025
L05510,23-02-2025,P05510,Facebook,Invisalign,Clinic B,Appointment Booked,13,Yes,03-03-2025
L05511,11-01-2025,P05511,Google Ads,Dental Crown,Clinic B,Appointment Booked,16,Yes,17-01-2025
L05512,15-04-2025,,Referral,Dental Implant,Clinic C,Contacted - No Appointment,30,No,
L05513,02-07-2025,,Google Ads,General Dentistry,Clinic D,Contacted - No Appointment,20,No,
L05514,10-06-2025,P05514,Google Organic,General Dentistry,Clinic B,Appointment Booked,10,Yes,15-06-2025
L05515,24-06-2025,,Facebook,Root Canal,Clinic C,Contacted - No Appointment,3,No,
L05516,24-12-2025,,Facebook,Root Canal,Clinic C,Contacted - No Appointment,25,No,
L05517,18-05-2025,,Google Ads,Root Canal,Clinic A,Contacted - No Appointment,31,No,
L05518,05-04-2025,,Instagram,General Dentistry,Clinic D,Contacted - No Appointment,13,No,
L05519,26-01-2025,P05519,Facebook,Dental Crown,Clinic C,Appointment Booked,47,Yes,04-02-2025
L05520,18-06-2025,,Google Ads,Invisalign,Clinic D,Contacted - No Appointment,24,No,
L05521,11-08-2025,P05521,Google Ads,Root Canal,Clinic B,Appointment Booked,19,Yes,20-08-2025
L05522,08-02-2025,P05522,Google Ads,Root Canal,Clinic A,Appointment Booked,16,Yes,16-02-2025
L05523,27-11-2025,,Google Ads,General Dentistry,Clinic B,Contacted - No Appointment,32,No,
L05524,11-12-2025,P05524,Google Ads,Dental Implant,Clinic A,Appointment Booked,45,Yes,17-12-2025
L05525,29-08-2025,P05525,Google Ads,Dental Implant,Clinic D,Appointment Booked,44,Yes,30-08-2025
L05526,19-12-2025,P05526,Google Organic,General Dentistry,Clinic A,Appointment Booked,18,Yes,01-01-2026
L05527,07-01-2025,,Facebook,General Dentistry,Clinic D,Contacted - No Appointment,43,No,
L05528,01-05-2025,P05528,Facebook,General Dentistry,Clinic C,Appointment Booked,10,Yes,12-05-2025
L05529,01-12-2025,P05529,Google Ads,Root Canal,Clinic B,Appointment Booked,28,Yes,04-12-2025
L05530,26-04-2025,,Instagram,Dental Crown,Clinic A,Contacted - No Appointment,9,No,
L05531,12-02-2025,P05531,Facebook,Dental Crown,Clinic C,Appointment Booked,26,Yes,26-02-2025
L05532,01-02-2025,,Google Organic,Dental Implant,Clinic C,Contacted - No Appointment,26,No,
L05533,29-04-2025,P05533,Google Organic,Dental Crown,Clinic B,Appointment Booked,13,Yes,03-05-2025
L05534,07-09-2025,,Instagram,Dental Implant,Clinic D,Contacted - No Appointment,10,No,
L05535,18-03-2025,P05535,Google Ads,Invisalign,Clinic B,Appointment Booked,41,Yes,24-03-2025
L05536,21-03-2025,P05536,Facebook,General Dentistry,Clinic B,Appointment Booked,8,Yes,27-03-2025
L05537,03-05-2025,,Google Ads,Invisalign,Clinic C,Contacted - No Appointment,6,No,
L05538,23-02-2025,,Referral,General Dentistry,Clinic A,Contacted - No Appointment,23,No,
L05539,08-04-2025,,Google Organic,Invisalign,Clinic D,Contacted - No Appointment,17,No,
L05540,23-02-2025,,Facebook,Invisalign,Clinic B,Contacted - No Appointment,23,No,
L05541,05-09-2025,P05541,Referral,Dental Crown,Clinic A,Appointment Booked,11,Yes,10-09-2025
L05542,25-03-2025,,Facebook,Teeth Whitening,Clinic B,Contacted - No Appointment,12,No,
L05543,19-10-2025,,Facebook,Root Canal,Clinic C,Contacted - No Appointment,17,No,
L05544,10-12-2025,,Google Ads,General Dentistry,Clinic C,Contacted - No Appointment,18,No,
L05545,25-01-2025,,Facebook,Dental Implant,Clinic C,Contacted - No Appointment,17,No,
L05546,14-12-2025,,Referral,General Dentistry,Clinic A,Contacted - No Appointment,45,No,
L05547,08-10-2025,,Referral,Invisalign,Clinic B,Not Contacted/Cold,47,No,
L05548,30-03-2025,P05548,Instagram,General Dentistry,Clinic D,Appointment Booked,7,Yes,03-04-2025
L05549,02-05-2025,,Facebook,Root Canal,Clinic A,Contacted - No Appointment,23,No,
L05550,22-07-2025,P05550,Instagram,General Dentistry,Clinic D,Appointment Booked,8,Yes,23-07-2025
L05551,29-12-2025,,Google Organic,Dental Crown,Clinic A,Not Contacted/Cold,53,No,
L05552,02-10-2025,P05552,Facebook,Dental Implant,Clinic D,Appointment Booked,12,Yes,14-10-2025
L05553,23-10-2025,P05553,Facebook,General Dentistry,Clinic B,Appointment Booked,15,Yes,24-10-2025
L05554,04-12-2025,P05554,Google Organic,Invisalign,Clinic C,Appointment Booked,31,Yes,18-12-2025
L05555,28-11-2025,P05555,Referral,Invisalign,Clinic A,Appointment Booked,9,Yes,06-12-2025
L05556,04-09-2025,P05556,Google Organic,Teeth Whitening,Clinic A,Appointment Booked,6,Yes,10-09-2025
L05557,08-08-2025,P05557,Google Ads,Dental Implant,Clinic A,Appointment Booked,9,Yes,09-08-2025
L05558,04-01-2025,,Google Ads,Invisalign,Clinic A,Contacted - No Appointment,35,No,
L05559,17-01-2025,P05559,Referral,Root Canal,Clinic B,Appointment Booked,14,Yes,19-01-2025
L05560,18-03-2025,,Google Organic,General Dentistry,Clinic C,Contacted - No Appointment,33,No,
L05561,22-01-2025,P05561,Facebook,Dental Implant,Clinic C,Appointment Booked,18,Yes,30-01-2025
L05562,29-03-2025,,Instagram,Root Canal,Clinic D,Contacted - No Appointment,5,No,
L05563,15-02-2025,,Referral,Teeth Whitening,Clinic C,Contacted - No Appointment,11,No,
L05564,02-06-2025,,Referral,General Dentistry,Clinic C,Contacted - No Appointment,21,No,
L05565,24-12-2025,P05565,Google Organic,General Dentistry,Clinic B,Appointment Booked,3,Yes,25-12-2025
L05566,29-06-2025,P05566,Google Ads,Teeth Whitening,Clinic B,Appointment Booked,24,Yes,10-07-2025
L05567,03-02-2025,,Google Organic,Dental Crown,Clinic B,Contacted - No Appointment,6,No,
L05568,29-01-2025,,Google Ads,Root Canal,Clinic D,Contacted - No Appointment,11,No,
L05569,21-11-2025,,Referral,Dental Implant,Clinic A,Contacted - No Appointment,45,No,
L05570,16-03-2025,,Google Ads,Teeth Whitening,Clinic A,Not Contacted/Cold,46,No,
L05571,09-01-2025,,Instagram,General Dentistry,Clinic C,Contacted - No Appointment,26,No,
L05572,07-07-2025,,Instagram,Teeth Whitening,Clinic A,Contacted - No Appointment,20,No,
L05573,30-01-2025,,Google Organic,Dental Implant,Clinic D,Contacted - No Appointment,12,No,
L05574,02-08-2025,P05574,Instagram,Root Canal,Clinic D,Appointment Booked,4,Yes,10-08-2025
L05575,28-03-2025,,Google Ads,Dental Crown,Clinic A,Contacted - No Appointment,18,No,
L05576,24-02-2025,,Google Organic,Dental Crown,Clinic A,Contacted - No Appointment,14,No,
L05577,19-08-2025,,Facebook,Teeth Whitening,Clinic B,Contacted - No Appointment,13,No,
L05578,02-06-2025,,Facebook,Dental Crown,Clinic C,Contacted - No Appointment,39,No,
L05579,01-06-2025,P05579,Referral,Invisalign,Clinic B,Appointment Booked,9,Yes,06-06-2025
L05580,31-10-2025,,Instagram,General Dentistry,Clinic C,Not Contacted/Cold,78,No,
L05581,25-03-2025,,Google Organic,Dental Crown,Clinic C,Not Contacted/Cold,72,No,
L05582,27-08-2025,,Facebook,Invisalign,Clinic B,Contacted - No Appointment,31,No,
L05583,27-08-2025,,Google Organic,Invisalign,Clinic A,Contacted - No Appointment,14,No,
L05584,26-07-2025,P05584,Google Organic,General Dentistry,Clinic D,Appointment Booked,4,Yes,27-07-2025
L05585,11-10-2025,,Instagram,General Dentistry,Clinic A,Contacted - No Appointment,30,No,
L05586,12-06-2025,P05586,Referral,Root Canal,Clinic D,Appointment Booked,64,Yes,20-06-2025
L05587,06-03-2025,P05587,Facebook,Dental Implant,Clinic B,Appointment Booked,86,Yes,14-03-2025
L05588,29-01-2025,,Google Organic,Dental Implant,Clinic C,Contacted - No Appointment,9,No,
L05589,05-06-2025,,Google Organic,Invisalign,Clinic D,Contacted - No Appointment,31,No,
L05590,22-06-2025,P05590,Facebook,Dental Crown,Clinic D,Appointment Booked,7,Yes,29-06-2025
L05591,17-10-2025,,Facebook,Dental Crown,Clinic B,Contacted - No Appointment,4,No,
L05592,22-12-2025,,Referral,Dental Crown,Clinic A,Contacted - No Appointment,38,No,
L05593,22-10-2025,,Google Ads,Teeth Whitening,Clinic D,Contacted - No Appointment,12,No,
L05594,09-01-2025,,Facebook,Dental Implant,Clinic B,Contacted - No Appointment,14,No,
L05595,30-11-2025,P05595,Facebook,Dental Implant,Clinic A,Appointment Booked,14,Yes,02-12-2025
L05596,04-08-2025,,Google Ads,Root Canal,Clinic D,Contacted - No Appointment,1,No,
L05597,22-10-2025,,Referral,Dental Implant,Clinic A,Contacted - No Appointment,14,No,
L05598,23-07-2025,,Google Ads,Dental Implant,Clinic A,Contacted - No Appointment,43,No,
L05599,20-02-2025,P05599,Google Ads,Dental Crown,Clinic A,Appointment Booked,13,Yes,03-03-2025
L05600,20-09-2025,P05600,Google Organic,Teeth Whitening,Clinic C,Appointment Booked,21,Yes,27-09-2025
L05601,11-09-2025,,Google Ads,Teeth Whitening,Clinic C,Contacted - No Appointment,5,No,
L05602,02-01-2025,P05602,Instagram,Teeth Whitening,Clinic B,Appointment Booked,29,Yes,05-01-2025
L05603,18-02-2025,P05603,Google Organic,Dental Crown,Clinic B,Appointment Booked,12,Yes,01-03-2025
L05604,21-07-2025,P05604,Google Organic,Teeth Whitening,Clinic B,Appointment Booked,9,Yes,24-07-2025
L05605,30-07-2025,,Google Organic,Invisalign,Clinic C,Contacted - No Appointment,8,No,
L05606,14-07-2025,,Google Ads,General Dentistry,Clinic A,Not Contacted/Cold,61,No,
L05607,11-02-2025,,Google Ads,Invisalign,Clinic D,Contacted - No Appointment,3,No,
L05608,17-03-2025,,Facebook,Invisalign,Clinic A,Contacted - No Appointment,26,No,
L05609,29-01-2025,,Google Ads,Invisalign,Clinic D,Contacted - No Appointment,3,No,
L05610,24-01-2025,,Facebook,General Dentistry,Clinic A,Contacted - No Appointment,27,No,
L05611,19-01-2025,P05611,Facebook,General Dentistry,Clinic D,Appointment Booked,10,Yes,29-01-2025
L05612,06-10-2025,,Instagram,Teeth Whitening,Clinic A,Contacted - No Appointment,26,No,
L05613,13-03-2025,P05613,Google Ads,Dental Crown,Clinic A,Appointment Booked,16,Yes,14-03-2025
L05614,11-12-2025,P05614,Facebook,Root Canal,Clinic D,Appointment Booked,22,Yes,12-12-2025
L05615,22-08-2025,P05615,Facebook,General Dentistry,Clinic D,Appointment Booked,19,Yes,28-08-2025
L05616,23-09-2025,,Google Ads,Dental Crown,Clinic B,Contacted - No Appointment,19,No,
L05617,29-05-2025,P05617,Instagram,General Dentistry,Clinic C,Appointment Booked,4,Yes,03-06-2025
L05618,04-08-2025,,Google Organic,Invisalign,Clinic C,Contacted - No Appointment,8,No,
L05619,22-09-2025,,Google Organic,Invisalign,Clinic D,Contacted - No Appointment,31,No,
L05620,17-04-2025,P05620,Referral,General Dentistry,Clinic B,Appointment Booked,11,Yes,30-04-2025
L05621,23-11-2025,P05621,Google Organic,Dental Implant,Clinic C,Appointment Booked,16,Yes,05-12-2025
L05622,04-09-2025,P05622,Google Organic,General Dentistry,Clinic B,Appointment Booked,7,Yes,18-09-2025
L05623,26-12-2025,P05623,Google Ads,Root Canal,Clinic B,Appointment Booked,9,Yes,09-01-2026
L05624,09-04-2025,,Google Ads,General Dentistry,Clinic D,Not Contacted/Cold,55,No,
L05625,27-07-2025,,Google Organic,Invisalign,Clinic A,Contacted - No Appointment,45,No,
L05626,14-11-2025,,Google Ads,Teeth Whitening,Clinic A,Contacted - No Appointment,26,No,
L05627,03-01-2025,P05627,Facebook,Root Canal,Clinic C,Appointment Booked,28,Yes,17-01-2025
L05628,14-04-2025,,Google Ads,Dental Crown,Clinic C,Contacted - No Appointment,22,No,
L05629,15-07-2025,,Google Ads,Root Canal,Clinic A,Contacted - No Appointment,18,No,
L05630,11-03-2025,,Google Organic,General Dentistry,Clinic B,Not Contacted/Cold,57,No,
L05631,26-09-2025,P05631,Google Ads,Dental Crown,Clinic D,Appointment Booked,12,Yes,30-09-2025
L05632,24-07-2025,P05632,Facebook,Invisalign,Clinic A,Appointment Booked,10,Yes,29-07-2025
L05633,21-09-2025,P05633,Google Ads,General Dentistry,Clinic C,Appointment Booked,13,Yes,03-10-2025
L05634,22-10-2025,P05634,Google Organic,Invisalign,Clinic C,Appointment Booked,13,Yes,29-10-2025
L05635,12-02-2025,,Google Organic,Root Canal,Clinic B,Contacted - No Appointment,32,No,
L05636,02-11-2025,P05636,Facebook,Dental Implant,Clinic D,Appointment Booked,10,Yes,14-11-2025
L05637,29-05-2025,P05637,Google Organic,General Dentistry,Clinic C,Appointment Booked,17,Yes,04-06-2025
L05638,30-10-2025,,Google Ads,Invisalign,Clinic B,Contacted - No Appointment,24,No,
L05639,15-07-2025,,Google Organic,Invisalign,Clinic C,Contacted - No Appointment,20,No,
L05640,18-10-2025,,Google Organic,General Dentistry,Clinic C,Contacted - No Appointment,7,No,
L05641,03-09-2025,P05641,Referral,Teeth Whitening,Clinic C,Appointment Booked,23,Yes,11-09-2025
L05642,05-05-2025,,Google Ads,Dental Implant,Clinic D,Contacted - No Appointment,21,No,
L05643,02-08-2025,P05643,Google Ads,Teeth Whitening,Clinic B,Appointment Booked,26,Yes,13-08-2025
L05644,13-08-2025,,Google Ads,General Dentistry,Clinic B,Contacted - No Appointment,25,No,
L05645,16-10-2025,P05645,Google Ads,Dental Implant,Clinic A,Appointment Booked,26,Yes,27-10-2025
L05646,03-06-2025,P05646,Google Ads,General Dentistry,Clinic A,Appointment Booked,2,Yes,15-06-2025
L05647,23-09-2025,P05647,Facebook,Root Canal,Clinic A,Appointment Booked,9,Yes,06-10-2025
L05648,14-10-2025,,Facebook,Dental Crown,Clinic D,Contacted - No Appointment,34,No,
L05649,09-10-2025,,Referral,Root Canal,Clinic C,Contacted - No Appointment,10,No,
L05650,04-08-2025,P05650,Google Ads,Dental Crown,Clinic C,Appointment Booked,36,Yes,11-08-2025
L05651,31-03-2025,P05651,Referral,Dental Implant,Clinic C,Appointment Booked,13,Yes,03-04-2025
L05652,05-04-2025,P05652,Google Organic,Teeth Whitening,Clinic D,Appointment Booked,11,Yes,17-04-2025
L05653,24-04-2025,,Referral,Dental Implant,Clinic B,Contacted - No Appointment,13,No,
L05654,01-12-2025,,Referral,Root Canal,Clinic D,Not Contacted/Cold,109,No,
L05655,17-11-2025,,Google Organic,Dental Implant,Clinic B,Contacted - No Appointment,16,No,
L05656,12-12-2025,,Google Organic,General Dentistry,Clinic D,Contacted - No Appointment,30,No,
L05657,30-09-2025,,Facebook,Invisalign,Clinic C,Not Contacted/Cold,78,No,
L05658,25-02-2025,P05658,Facebook,Root Canal,Clinic A,Appointment Booked,24,Yes,01-03-2025
L05659,29-06-2025,,Referral,Root Canal,Clinic C,Not Contacted/Cold,55,No,
L05660,11-12-2025,,Facebook,Teeth Whitening,Clinic C,Contacted - No Appointment,34,No,
L05661,28-12-2025,P05661,Google Ads,Root Canal,Clinic A,Appointment Booked,27,Yes,02-01-2026
L05662,05-12-2025,,Google Organic,Teeth Whitening,Clinic C,Contacted - No Appointment,6,No,
L05663,02-07-2025,,Instagram,Dental Implant,Clinic B,Contacted - No Appointment,14,No,
L05664,01-08-2025,P05664,Google Organic,Invisalign,Clinic A,Appointment Booked,24,Yes,08-08-2025
L05665,19-07-2025,,Google Ads,Dental Crown,Clinic D,Contacted - No Appointment,11,No,
L05666,16-02-2025,P05666,Instagram,General Dentistry,Clinic C,Appointment Booked,26,Yes,28-02-2025
L05667,25-10-2025,P05667,Google Ads,Dental Implant,Clinic D,Appointment Booked,16,Yes,03-11-2025
L05668,08-08-2025,P05668,Referral,Dental Implant,Clinic C,Appointment Booked,9,Yes,18-08-2025
L05669,03-09-2025,,Google Ads,Dental Implant,Clinic B,Contacted - No Appointment,30,No,
L05670,24-05-2025,,Google Organic,Dental Crown,Clinic C,Contacted - No Appointment,22,No,
L05671,07-07-2025,P05671,Google Ads,Root Canal,Clinic C,Appointment Booked,26,Yes,10-07-2025
L05672,26-04-2025,,Google Ads,General Dentistry,Clinic D,Contacted - No Appointment,20,No,
L05673,03-02-2025,P05673,Google Ads,Dental Implant,Clinic A,Appointment Booked,12,Yes,13-02-2025
L05674,09-07-2025,,Facebook,Invisalign,Clinic D,Contacted - No Appointment,17,No,
L05675,02-07-2025,,Instagram,Invisalign,Clinic D,Contacted - No Appointment,11,No,
L05676,06-09-2025,,Google Ads,Dental Crown,Clinic C,Not Contacted/Cold,49,No,
L05677,27-08-2025,,Facebook,Dental Crown,Clinic D,Contacted - No Appointment,23,No,
L05678,02-06-2025,P05678,Google Ads,Dental Implant,Clinic B,Appointment Booked,17,Yes,05-06-2025
L05679,27-01-2025,P05679,Referral,General Dentistry,Clinic D,Appointment Booked,15,Yes,29-01-2025
L05680,19-03-2025,P05680,Google Ads,Invisalign,Clinic C,Appointment Booked,8,Yes,21-03-2025
L05681,06-04-2025,,Facebook,Teeth Whitening,Clinic A,Contacted - No Appointment,23,No,
L05682,15-02-2025,,Instagram,Root Canal,Clinic D,Contacted - No Appointment,7,No,
L05683,15-07-2025,P05683,Referral,Invisalign,Clinic B,Appointment Booked,43,Yes,26-07-2025
L05684,30-04-2025,,Referral,General Dentistry,Clinic B,Contacted - No Appointment,29,No,
L05685,14-09-2025,,Referral,Teeth Whitening,Clinic C,Contacted - No Appointment,10,No,
L05686,10-02-2025,,Google Ads,Root Canal,Clinic A,Contacted - No Appointment,43,No,
L05687,24-06-2025,,Google Organic,Dental Crown,Clinic B,Contacted - No Appointment,16,No,
L05688,26-04-2025,P05688,Google Organic,Invisalign,Clinic D,Appointment Booked,28,Yes,27-04-2025
L05689,13-03-2025,P05689,Referral,Dental Crown,Clinic A,Appointment Booked,16,Yes,26-03-2025
L05690,21-07-2025,P05690,Facebook,Invisalign,Clinic B,Appointment Booked,16,Yes,26-07-2025
L05691,12-02-2025,,Referral,General Dentistry,Clinic A,Contacted - No Appointment,36,No,
L05692,07-03-2025,P05692,Facebook,Invisalign,Clinic B,Appointment Booked,18,Yes,20-03-2025
L05693,18-05-2025,,Instagram,Dental Implant,Clinic C,Contacted - No Appointment,13,No,
L05694,22-07-2025,,Facebook,Invisalign,Clinic D,Contacted - No Appointment,11,No,
L05695,14-12-2025,,Facebook,Invisalign,Clinic D,Contacted - No Appointment,15,No,
L05696,05-07-2025,,Facebook,Root Canal,Clinic C,Not Contacted/Cold,60,No,
L05697,18-11-2025,,Facebook,Invisalign,Clinic A,Contacted - No Appointment,22,No,
L05698,14-07-2025,,Google Organic,Teeth Whitening,Clinic D,Contacted - No Appointment,9,No,
L05699,20-04-2025,P05699,Instagram,Invisalign,Clinic D,Appointment Booked,22,Yes,29-04-2025
L05700,27-02-2025,,Google Organic,Teeth Whitening,Clinic C,Contacted - No Appointment,43,No,
L05701,18-11-2025,,Google Ads,Dental Crown,Clinic C,Contacted - No Appointment,44,No,
L05702,15-10-2025,,Referral,General Dentistry,Clinic D,Contacted - No Appointment,24,No,
L05703,25-05-2025,,Instagram,General Dentistry,Clinic C,Contacted - No Appointment,33,No,
L05704,11-10-2025,,Google Ads,General Dentistry,Clinic B,Contacted - No Appointment,18,No,
L05705,05-11-2025,,Google Organic,Teeth Whitening,Clinic C,Contacted - No Appointment,15,No,
L05706,16-05-2025,,Google Ads,Root Canal,Clinic A,Contacted - No Appointment,10,No,
L05707,26-01-2025,P05707,Google Ads,Teeth Whitening,Clinic B,Appointment Booked,11,Yes,02-02-2025
L05708,24-04-2025,,Facebook,General Dentistry,Clinic B,Contacted - No Appointment,18,No,
L05709,14-06-2025,P05709,Instagram,Dental Implant,Clinic A,Appointment Booked,32,Yes,21-06-2025
L05710,14-04-2025,P05710,Google Ads,Root Canal,Clinic A,Appointment Booked,19,Yes,24-04-2025
L05711,22-03-2025,,Facebook,Invisalign,Clinic A,Contacted - No Appointment,11,No,
L05712,28-11-2025,,Referral,Dental Crown,Clinic C,Contacted - No Appointment,37,No,
L05713,12-01-2025,,Google Ads,Root Canal,Clinic D,Contacted - No Appointment,41,No,
L05714,20-09-2025,,Google Ads,Dental Crown,Clinic D,Contacted - No Appointment,12,No,
L05715,01-07-2025,,Referral,Dental Crown,Clinic B,Contacted - No Appointment,17,No,
L05716,31-10-2025,,Facebook,General Dentistry,Clinic C,Contacted - No Appointment,7,No,
L05717,18-10-2025,,Google Organic,Dental Crown,Clinic D,Contacted - No Appointment,32,No,
L05718,21-01-2025,,Google Ads,General Dentistry,Clinic A,Contacted - No Appointment,4,No,
L05719,04-02-2025,,Instagram,Invisalign,Clinic C,Contacted - No Appointment,18,No,
L05720,01-11-2025,,Facebook,Root Canal,Clinic D,Contacted - No Appointment,21,No,
L05721,25-01-2025,P05721,Referral,Root Canal,Clinic A,Appointment Booked,12,Yes,04-02-2025
L05722,21-09-2025,,Facebook,Invisalign,Clinic D,Contacted - No Appointment,11,No,
L05723,01-09-2025,,Instagram,Root Canal,Clinic D,Contacted - No Appointment,27,No,
L05724,18-11-2025,,Referral,Dental Crown,Clinic A,Contacted - No Appointment,23,No,
L05725,03-11-2025,,Referral,Dental Crown,Clinic A,Contacted - No Appointment,28,No,
L05726,04-01-2025,,Google Ads,Dental Crown,Clinic A,Contacted - No Appointment,5,No,
L05727,20-11-2025,,Google Organic,Root Canal,Clinic B,Contacted - No Appointment,45,No,
L05728,30-03-2025,,Facebook,Invisalign,Clinic B,Not Contacted/Cold,47,No,
L05729,20-02-2025,P05729,Instagram,Dental Crown,Clinic C,Appointment Booked,21,Yes,02-03-2025
L05730,29-12-2025,P05730,Facebook,Dental Implant,Clinic B,Appointment Booked,15,Yes,31-12-2025
L05731,03-02-2025,,Facebook,Invisalign,Clinic D,Contacted - No Appointment,18,No,
L05732,22-07-2025,P05732,Google Ads,Dental Implant,Clinic B,Appointment Booked,41,Yes,03-08-2025
L05733,29-10-2025,P05733,Instagram,Dental Implant,Clinic A,Appointment Booked,11,Yes,01-11-2025
L05734,14-02-2025,P05734,Facebook,Invisalign,Clinic B,Appointment Booked,5,Yes,27-02-2025
L05735,27-02-2025,,Google Ads,Dental Implant,Clinic C,Contacted - No Appointment,27,No,
L05736,26-07-2025,P05736,Facebook,Invisalign,Clinic B,Appointment Booked,18,Yes,02-08-2025
L05737,25-09-2025,P05737,Referral,Dental Crown,Clinic B,Appointment Booked,39,Yes,06-10-2025
L05738,24-06-2025,,Google Organic,Dental Implant,Clinic A,Contacted - No Appointment,19,No,
L05739,09-01-2025,P05739,Facebook,Root Canal,Clinic D,Appointment Booked,61,Yes,16-01-2025
L05740,01-02-2025,P05740,Referral,General Dentistry,Clinic D,Appointment Booked,63,Yes,05-02-2025
L05741,28-09-2025,P05741,Instagram,Teeth Whitening,Clinic B,Appointment Booked,13,Yes,02-10-2025
L05742,21-01-2025,,Google Ads,Invisalign,Clinic B,Contacted - No Appointment,4,No,
L05743,26-04-2025,P05743,Facebook,General Dentistry,Clinic C,Appointment Booked,21,Yes,27-04-2025
L05744,29-09-2025,,Google Ads,Invisalign,Clinic C,Contacted - No Appointment,6,No,
L05745,14-07-2025,P05745,Google Organic,Dental Implant,Clinic B,Appointment Booked,6,Yes,15-07-2025
L05746,11-04-2025,,Referral,General Dentistry,Clinic D,Contacted - No Appointment,34,No,
L05747,01-12-2025,,Facebook,General Dentistry,Clinic C,Contacted - No Appointment,23,No,
L05748,20-04-2025,,Facebook,Root Canal,Clinic B,Contacted - No Appointment,11,No,
L05749,12-03-2025,P05749,Facebook,Dental Crown,Clinic C,Appointment Booked,19,Yes,25-03-2025
L05750,04-08-2025,,Google Ads,Dental Crown,Clinic D,Contacted - No Appointment,20,No,
L05751,07-07-2025,,Google Organic,Invisalign,Clinic D,Contacted - No Appointment,23,No,
L05752,14-11-2025,,Instagram,Invisalign,Clinic A,Contacted - No Appointment,38,No,
L05753,24-05-2025,,Google Ads,Root Canal,Clinic B,Contacted - No Appointment,18,No,
L05754,26-12-2025,P05754,Google Organic,General Dentistry,Clinic B,Appointment Booked,4,Yes,05-01-2026
L05755,17-04-2025,,Google Ads,Dental Implant,Clinic B,Not Contacted/Cold,47,No,
L05756,18-04-2025,P05756,Referral,Teeth Whitening,Clinic C,Appointment Booked,18,Yes,26-04-2025
L05757,19-03-2025,,Facebook,Dental Implant,Clinic D,Contacted - No Appointment,11,No,
L05758,10-01-2025,,Instagram,Root Canal,Clinic C,Contacted - No Appointment,7,No,
L05759,29-11-2025,P05759,Google Ads,Dental Crown,Clinic D,Appointment Booked,20,Yes,08-12-2025
L05760,30-12-2025,,Facebook,Dental Crown,Clinic B,Contacted - No Appointment,16,No,
L05761,28-11-2025,,Google Organic,Dental Implant,Clinic D,Contacted - No Appointment,9,No,
L05762,23-03-2025,P05762,Facebook,Root Canal,Clinic D,Appointment Booked,35,Yes,04-04-2025
L05763,11-01-2025,,Referral,Dental Crown,Clinic B,Contacted - No Appointment,8,No,
L05764,17-10-2025,P05764,Instagram,Dental Implant,Clinic C,Appointment Booked,7,Yes,25-10-2025
L05765,13-11-2025,P05765,Referral,Dental Implant,Clinic A,Appointment Booked,11,Yes,24-11-2025
L05766,22-01-2025,,Referral,Dental Crown,Clinic D,Contacted - No Appointment,3,No,
L05767,29-06-2025,P05767,Facebook,Root Canal,Clinic C,Appointment Booked,4,Yes,02-07-2025
L05768,05-04-2025,P05768,Instagram,Dental Implant,Clinic B,Appointment Booked,8,Yes,18-04-2025
L05769,04-05-2025,,Google Organic,Root Canal,Clinic C,Contacted - No Appointment,13,No,
L05770,20-05-2025,P05770,Google Ads,General Dentistry,Clinic C,Appointment Booked,8,Yes,27-05-2025
L05771,27-08-2025,,Referral,Dental Implant,Clinic A,Contacted - No Appointment,21,No,
L05772,24-11-2025,,Instagram,Dental Crown,Clinic A,Contacted - No Appointment,9,No,
L05773,04-06-2025,P05773,Google Organic,Dental Implant,Clinic B,Appointment Booked,22,Yes,17-06-2025
L05774,26-05-2025,P05774,Google Ads,Dental Implant,Clinic C,Appointment Booked,10,Yes,27-05-2025
L05775,03-09-2025,,Google Organic,Dental Implant,Clinic D,Contacted - No Appointment,20,No,
L05776,17-04-2025,,Facebook,Root Canal,Clinic D,Contacted - No Appointment,45,No,
L05777,10-08-2025,,Google Organic,Teeth Whitening,Clinic C,Contacted - No Appointment,23,No,
L05778,28-03-2025,P05778,Facebook,Invisalign,Clinic D,Appointment Booked,4,Yes,04-04-2025
L05779,30-01-2025,,Google Ads,Dental Crown,Clinic B,Contacted - No Appointment,8,No,
L05780,13-12-2025,P05780,Referral,Root Canal,Clinic C,Appointment Booked,5,Yes,23-12-2025
L05781,12-07-2025,,Google Organic,Invisalign,Clinic A,Contacted - No Appointment,6,No,
L05782,04-01-2025,,Referral,Root Canal,Clinic B,Contacted - No Appointment,33,No,
L05783,21-02-2025,,Facebook,Teeth Whitening,Clinic C,Contacted - No Appointment,15,No,
L05784,08-09-2025,,Instagram,General Dentistry,Clinic A,Contacted - No Appointment,16,No,
L05785,30-01-2025,,Instagram,General Dentistry,Clinic C,Contacted - No Appointment,34,No,
L05786,05-07-2025,P05786,Google Organic,Invisalign,Clinic D,Appointment Booked,9,Yes,18-07-2025
L05787,23-01-2025,,Google Ads,Teeth Whitening,Clinic B,Contacted - No Appointment,20,No,
L05788,16-02-2025,,Google Ads,Invisalign,Clinic B,Contacted - No Appointment,28,No,
L05789,17-01-2025,,Referral,Teeth Whitening,Clinic D,Contacted - No Appointment,14,No,
L05790,18-10-2025,,Facebook,General Dentistry,Clinic D,Not Contacted/Cold,49,No,
L05791,26-01-2025,P05791,Referral,Dental Implant,Clinic B,Appointment Booked,15,Yes,02-02-2025
L05792,01-02-2025,,Google Ads,Root Canal,Clinic B,Contacted - No Appointment,7,No,
L05793,13-07-2025,P05793,Referral,Dental Crown,Clinic C,Appointment Booked,10,Yes,22-07-2025
L05794,01-12-2025,,Google Organic,Teeth Whitening,Clinic C,Contacted - No Appointment,19,No,
L05795,29-11-2025,P05795,Google Organic,Dental Implant,Clinic A,Appointment Booked,28,Yes,01-12-2025
L05796,27-12-2025,,Facebook,General Dentistry,Clinic B,Contacted - No Appointment,8,No,
L05797,05-11-2025,,Referral,Dental Crown,Clinic D,Contacted - No Appointment,39,No,
L05798,04-11-2025,P05798,Facebook,Dental Implant,Clinic C,Appointment Booked,7,Yes,10-11-2025
L05799,25-01-2025,P05799,Google Organic,Dental Implant,Clinic D,Appointment Booked,43,Yes,29-01-2025
L05800,05-05-2025,,Google Ads,Teeth Whitening,Clinic D,Contacted - No Appointment,10,No,
L05801,04-08-2025,P05801,Instagram,Dental Implant,Clinic D,Appointment Booked,1,Yes,10-08-2025
L05802,07-04-2025,,Referral,Dental Implant,Clinic A,Contacted - No Appointment,26,No,
L05803,14-02-2025,P05803,Google Ads,Dental Crown,Clinic D,Appointment Booked,3,Yes,23-02-2025
L05804,25-08-2025,,Google Organic,Dental Crown,Clinic A,Not Contacted/Cold,102,No,
L05805,23-08-2025,,Google Ads,Dental Crown,Clinic C,Contacted - No Appointment,19,No,
L05806,02-09-2025,P05806,Referral,Root Canal,Clinic B,Appointment Booked,6,Yes,14-09-2025
L05807,22-08-2025,,Referral,Teeth Whitening,Clinic B,Contacted - No Appointment,13,No,
L05808,13-02-2025,,Facebook,General Dentistry,Clinic D,Contacted - No Appointment,5,No,
L05809,03-03-2025,,Google Ads,Invisalign,Clinic D,Contacted - No Appointment,25,No,
L05810,22-07-2025,,Instagram,Teeth Whitening,Clinic A,Contacted - No Appointment,4,No,
L05811,24-06-2025,,Google Ads,General Dentistry,Clinic C,Contacted - No Appointment,3,No,
L05812,10-05-2025,,Facebook,Dental Crown,Clinic B,Not Contacted/Cold,49,No,
L05813,14-07-2025,,Google Ads,Dental Crown,Clinic B,Contacted - No Appointment,8,No,
L05814,01-01-2025,P05814,Facebook,Invisalign,Clinic D,Appointment Booked,21,Yes,10-01-2025
L05815,31-08-2025,,Google Ads,Root Canal,Clinic B,Contacted - No Appointment,15,No,
L05816,25-11-2025,P05816,Google Ads,Dental Crown,Clinic D,Appointment Booked,12,Yes,08-12-2025
L05817,04-10-2025,P05817,Google Ads,Teeth Whitening,Clinic A,Appointment Booked,12,Yes,06-10-2025
L05818,04-06-2025,,Instagram,General Dentistry,Clinic C,Contacted - No Appointment,28,No,
L05819,14-02-2025,,Instagram,Dental Implant,Clinic C,Contacted - No Appointment,16,No,
L05820,29-09-2025,P05820,Google Ads,Dental Implant,Clinic A,Appointment Booked,6,Yes,04-10-2025
L05821,04-10-2025,P05821,Instagram,Dental Implant,Clinic B,Appointment Booked,6,Yes,08-10-2025
L05822,16-07-2025,P05822,Referral,Teeth Whitening,Clinic D,Appointment Booked,39,Yes,30-07-2025
L05823,19-10-2025,P05823,Google Ads,Dental Implant,Clinic D,Appointment Booked,29,Yes,30-10-2025
L05824,03-05-2025,P05824,Google Organic,Dental Crown,Clinic B,Appointment Booked,49,Yes,16-05-2025
L05825,06-06-2025,,Instagram,Invisalign,Clinic C,Contacted - No Appointment,30,No,
L05826,05-08-2025,,Google Ads,Root Canal,Clinic A,Contacted - No Appointment,8,No,
L05827,20-09-2025,,Facebook,Invisalign,Clinic A,Contacted - No Appointment,14,No,
L05828,22-10-2025,,Facebook,General Dentistry,Clinic B,Contacted - No Appointment,40,No,
L05829,29-10-2025,,Google Organic,Dental Crown,Clinic A,Contacted - No Appointment,7,No,
L05830,04-11-2025,P05830,Google Ads,General Dentistry,Clinic D,Appointment Booked,4,Yes,11-11-2025
L05831,08-08-2025,P05831,Referral,Dental Crown,Clinic C,Appointment Booked,51,Yes,16-08-2025
L05832,22-06-2025,,Google Organic,Dental Implant,Clinic D,Not Contacted/Cold,50,No,
L05833,10-01-2025,,Facebook,Dental Implant,Clinic C,Contacted - No Appointment,41,No,
L05834,15-09-2025,,Google Ads,General Dentistry,Clinic D,Contacted - No Appointment,39,No,
L05835,06-12-2025,,Google Ads,Teeth Whitening,Clinic C,Contacted - No Appointment,33,No,
L05836,25-09-2025,,Facebook,Dental Implant,Clinic C,Contacted - No Appointment,42,No,
L05837,02-09-2025,P05837,Facebook,Teeth Whitening,Clinic D,Appointment Booked,8,Yes,04-09-2025
L05838,02-01-2025,,Google Organic,Root Canal,Clinic C,Contacted - No Appointment,14,No,
L05839,13-06-2025,P05839,Google Organic,Invisalign,Clinic A,Appointment Booked,11,Yes,17-06-2025
L05840,17-10-2025,P05840,Google Ads,Dental Implant,Clinic C,Appointment Booked,23,Yes,28-10-2025
L05841,24-05-2025,P05841,Instagram,General Dentistry,Clinic D,Appointment Booked,4,Yes,25-05-2025
L05842,03-11-2025,,Google Ads,Dental Implant,Clinic D,Contacted - No Appointment,42,No,
L05843,08-08-2025,P05843,Facebook,Invisalign,Clinic C,Appointment Booked,4,Yes,21-08-2025
L05844,14-09-2025,,Google Organic,Invisalign,Clinic C,Contacted - No Appointment,33,No,
L05845,16-06-2025,,Facebook,Dental Implant,Clinic D,Contacted - No Appointment,10,No,
L05846,19-02-2025,,Google Organic,Root Canal,Clinic A,Contacted - No Appointment,23,No,
L05847,22-02-2025,,Referral,Dental Implant,Clinic C,Contacted - No Appointment,20,No,
L05848,31-05-2025,,Instagram,Invisalign,Clinic B,Contacted - No Appointment,2,No,
L05849,07-09-2025,,Google Ads,General Dentistry,Clinic C,Contacted - No Appointment,21,No,
L05850,04-11-2025,,Facebook,Invisalign,Clinic C,Contacted - No Appointment,7,No,
L05851,02-09-2025,,Google Ads,Root Canal,Clinic A,Contacted - No Appointment,3,No,
L05852,07-05-2025,P05852,Instagram,Root Canal,Clinic A,Appointment Booked,19,Yes,08-05-2025
L05853,17-04-2025,P05853,Google Organic,Dental Crown,Clinic C,Appointment Booked,3,Yes,20-04-2025
L05854,21-01-2025,,Instagram,Teeth Whitening,Clinic A,Not Contacted/Cold,49,No,
L05855,24-01-2025,P05855,Google Organic,Invisalign,Clinic B,Appointment Booked,7,Yes,25-01-2025
L05856,13-05-2025,P05856,Google Organic,General Dentistry,Clinic D,Appointment Booked,19,Yes,14-05-2025
L05857,07-03-2025,,Referral,Teeth Whitening,Clinic B,Contacted - No Appointment,18,No,
L05858,31-05-2025,,Google Ads,Teeth Whitening,Clinic B,Contacted - No Appointment,33,No,
L05859,13-04-2025,,Referral,Dental Implant,Clinic D,Contacted - No Appointment,10,No,
L05860,16-09-2025,,Instagram,Dental Implant,Clinic A,Contacted - No Appointment,11,No,
L05861,02-10-2025,,Google Ads,Dental Crown,Clinic B,Contacted - No Appointment,18,No,
L05862,05-09-2025,,Referral,General Dentistry,Clinic C,Contacted - No Appointment,8,No,
L05863,06-12-2025,P05863,Referral,Dental Crown,Clinic D,Appointment Booked,12,Yes,13-12-2025
L05864,16-10-2025,P05864,Instagram,Invisalign,Clinic D,Appointment Booked,9,Yes,25-10-2025
L05865,04-02-2025,P05865,Google Organic,Dental Implant,Clinic D,Appointment Booked,21,Yes,05-02-2025
L05866,16-06-2025,P05866,Google Ads,Dental Crown,Clinic D,Appointment Booked,28,Yes,26-06-2025
L05867,26-06-2025,,Facebook,Teeth Whitening,Clinic A,Contacted - No Appointment,36,No,
L05868,13-06-2025,,Google Ads,Dental Implant,Clinic A,Contacted - No Appointment,34,No,
L05869,17-10-2025,,Facebook,Dental Implant,Clinic B,Contacted - No Appointment,24,No,
L05870,01-05-2025,,Facebook,Root Canal,Clinic A,Contacted - No Appointment,24,No,
L05871,24-10-2025,,Google Ads,Dental Crown,Clinic C,Contacted - No Appointment,23,No,
L05872,12-09-2025,P05872,Google Organic,Teeth Whitening,Clinic C,Appointment Booked,16,Yes,19-09-2025
L05873,15-07-2025,,Google Ads,Teeth Whitening,Clinic A,Contacted - No Appointment,6,No,
L05874,07-10-2025,P05874,Google Ads,Dental Crown,Clinic D,Appointment Booked,43,Yes,18-10-2025
L05875,30-11-2025,,Facebook,Dental Implant,Clinic A,Contacted - No Appointment,23,No,
L05876,03-06-2025,,Facebook,Dental Crown,Clinic B,Contacted - No Appointment,29,No,
L05877,11-11-2025,P05877,Facebook,General Dentistry,Clinic C,Appointment Booked,11,Yes,12-11-2025
L05878,22-05-2025,P05878,Google Ads,General Dentistry,Clinic B,Appointment Booked,62,Yes,04-06-2025
L05879,19-12-2025,,Facebook,General Dentistry,Clinic B,Contacted - No Appointment,39,No,
L05880,30-09-2025,P05880,Google Ads,Invisalign,Clinic A,Appointment Booked,12,Yes,11-10-2025
L05881,10-06-2025,,Facebook,Teeth Whitening,Clinic B,Contacted - No Appointment,10,No,
L05882,17-10-2025,P05882,Referral,General Dentistry,Clinic D,Appointment Booked,29,Yes,31-10-2025
L05883,04-03-2025,P05883,Google Ads,Dental Crown,Clinic D,Appointment Booked,16,Yes,09-03-2025
L05884,01-03-2025,P05884,Google Organic,Invisalign,Clinic B,Appointment Booked,21,Yes,11-03-2025
L05885,23-08-2025,,Google Ads,General Dentistry,Clinic B,Contacted - No Appointment,41,No,
L05886,23-01-2025,,Facebook,Root Canal,Clinic C,Contacted - No Appointment,21,No,
L05887,30-04-2025,,Facebook,Dental Implant,Clinic D,Contacted - No Appointment,15,No,
L05888,06-07-2025,P05888,Referral,Dental Implant,Clinic B,Appointment Booked,24,Yes,08-07-2025
L05889,02-11-2025,P05889,Facebook,Dental Crown,Clinic B,Appointment Booked,4,Yes,03-11-2025
L05890,01-11-2025,P05890,Google Organic,Root Canal,Clinic D,Appointment Booked,20,Yes,09-11-2025
L05891,02-03-2025,P05891,Instagram,Dental Implant,Clinic C,Appointment Booked,5,Yes,10-03-2025
L05892,10-09-2025,,Google Ads,Teeth Whitening,Clinic A,Contacted - No Appointment,27,No,
L05893,18-09-2025,,Referral,Teeth Whitening,Clinic C,Contacted - No Appointment,16,No,
L05894,21-11-2025,P05894,Facebook,Teeth Whitening,Clinic A,Appointment Booked,48,Yes,01-12-2025
L05895,05-11-2025,,Google Ads,Invisalign,Clinic C,Contacted - No Appointment,37,No,
L05896,13-09-2025,,Facebook,Dental Crown,Clinic C,Contacted - No Appointment,21,No,
L05897,27-04-2025,P05897,Facebook,Dental Implant,Clinic D,Appointment Booked,51,Yes,01-05-2025
L05898,02-10-2025,,Google Ads,Invisalign,Clinic B,Contacted - No Appointment,12,No,
L05899,12-10-2025,,Instagram,Root Canal,Clinic B,Contacted - No Appointment,8,No,
L05900,27-12-2025,P05900,Facebook,General Dentistry,Clinic A,Appointment Booked,15,Yes,28-12-2025
L05901,08-09-2025,,Instagram,Root Canal,Clinic D,Contacted - No Appointment,15,No,
L05902,07-07-2025,,Google Ads,Dental Implant,Clinic A,Contacted - No Appointment,15,No,
L05903,13-02-2025,,Referral,Root Canal,Clinic B,Contacted - No Appointment,18,No,
L05904,07-07-2025,,Google Ads,Root Canal,Clinic A,Contacted - No Appointment,4,No,
L05905,24-11-2025,P05905,Instagram,General Dentistry,Clinic D,Appointment Booked,9,Yes,25-11-2025
L05906,17-05-2025,P05906,Google Organic,General Dentistry,Clinic B,Appointment Booked,12,Yes,27-05-2025
L05907,16-03-2025,,Google Ads,Invisalign,Clinic B,Not Contacted/Cold,51,No,
L05908,22-09-2025,,Google Ads,Invisalign,Clinic B,Contacted - No Appointment,12,No,
L05909,09-08-2025,,Google Ads,Dental Implant,Clinic D,Contacted - No Appointment,12,No,
L05910,04-01-2025,,Google Ads,Teeth Whitening,Clinic C,Contacted - No Appointment,28,No,
L05911,15-06-2025,,Google Ads,Dental Implant,Clinic C,Contacted - No Appointment,15,No,
L05912,11-07-2025,,Google Organic,Dental Implant,Clinic D,Not Contacted/Cold,59,No,
L05913,16-11-2025,P05913,Facebook,Root Canal,Clinic D,Appointment Booked,30,Yes,17-11-2025
L05914,11-09-2025,,Facebook,Invisalign,Clinic B,Contacted - No Appointment,27,No,
L05915,09-11-2025,P05915,Google Ads,Dental Implant,Clinic D,Appointment Booked,4,Yes,20-11-2025
L05916,15-10-2025,,Referral,Root Canal,Clinic A,Contacted - No Appointment,22,No,
L05917,27-07-2025,P05917,Google Ads,Invisalign,Clinic B,Appointment Booked,19,Yes,04-08-2025
L05918,02-08-2025,,Facebook,Root Canal,Clinic D,Contacted - No Appointment,34,No,
L05919,11-05-2025,P05919,Google Ads,General Dentistry,Clinic B,Appointment Booked,27,Yes,15-05-2025
L05920,10-03-2025,,Google Ads,Dental Implant,Clinic B,Contacted - No Appointment,24,No,
L05921,15-03-2025,,Instagram,Root Canal,Clinic B,Contacted - No Appointment,23,No,
L05922,08-02-2025,,Google Organic,General Dentistry,Clinic C,Contacted - No Appointment,12,No,
L05923,01-12-2025,P05923,Google Organic,General Dentistry,Clinic B,Appointment Booked,8,Yes,10-12-2025
L05924,31-08-2025,P05924,Instagram,Root Canal,Clinic C,Appointment Booked,23,Yes,14-09-2025
L05925,18-09-2025,,Referral,Dental Crown,Clinic D,Contacted - No Appointment,8,No,
L05926,10-12-2025,P05926,Facebook,Dental Implant,Clinic C,Appointment Booked,18,Yes,11-12-2025
L05927,10-07-2025,P05927,Facebook,Teeth Whitening,Clinic A,Appointment Booked,45,Yes,20-07-2025
L05928,26-11-2025,,Google Ads,General Dentistry,Clinic D,Not Contacted/Cold,51,No,
L05929,11-04-2025,P05929,Google Ads,Root Canal,Clinic B,Appointment Booked,15,Yes,25-04-2025
L05930,20-06-2025,P05930,Facebook,Root Canal,Clinic A,Appointment Booked,36,Yes,28-06-2025
L05931,02-07-2025,,Facebook,Invisalign,Clinic A,Contacted - No Appointment,18,No,
L05932,01-12-2025,P05932,Facebook,Dental Crown,Clinic C,Appointment Booked,8,Yes,04-12-2025
L05933,06-05-2025,P05933,Google Ads,Dental Crown,Clinic A,Appointment Booked,18,Yes,16-05-2025
L05934,01-05-2025,,Google Organic,Dental Crown,Clinic A,Not Contacted/Cold,73,No,
L05935,17-04-2025,P05935,Referral,Dental Implant,Clinic B,Appointment Booked,26,Yes,22-04-2025
L05936,11-06-2025,P05936,Facebook,Root Canal,Clinic B,Appointment Booked,9,Yes,21-06-2025
L05937,05-05-2025,,Google Organic,Dental Crown,Clinic C,Contacted - No Appointment,23,No,
L05938,29-07-2025,,Referral,Invisalign,Clinic D,Contacted - No Appointment,31,No,
L05939,09-02-2025,P05939,Referral,Invisalign,Clinic D,Appointment Booked,36,Yes,22-02-2025
L05940,09-01-2025,,Facebook,Invisalign,Clinic B,Contacted - No Appointment,15,No,
L05941,20-09-2025,,Google Organic,Teeth Whitening,Clinic A,Not Contacted/Cold,52,No,
L05942,24-10-2025,,Google Ads,Dental Crown,Clinic D,Contacted - No Appointment,17,No,
L05943,08-09-2025,,Instagram,General Dentistry,Clinic A,Contacted - No Appointment,23,No,
L05944,08-01-2025,P05944,Google Organic,Invisalign,Clinic D,Appointment Booked,4,Yes,12-01-2025
L05945,17-08-2025,,Google Organic,General Dentistry,Clinic A,Contacted - No Appointment,43,No,
L05946,29-11-2025,P05946,Google Ads,Teeth Whitening,Clinic D,Appointment Booked,6,Yes,13-12-2025
L05947,01-04-2025,,Google Organic,Root Canal,Clinic B,Contacted - No Appointment,29,No,
L05948,22-03-2025,,Facebook,Dental Implant,Clinic B,Contacted - No Appointment,12,No,
L05949,03-11-2025,P05949,Google Ads,Invisalign,Clinic C,Appointment Booked,6,Yes,04-11-2025
L05950,28-09-2025,,Facebook,General Dentistry,Clinic C,Contacted - No Appointment,13,No,
L05951,14-02-2025,P05951,Referral,Invisalign,Clinic B,Appointment Booked,4,Yes,19-02-2025
L05952,22-02-2025,P05952,Referral,Invisalign,Clinic C,Appointment Booked,10,Yes,02-03-2025
L05953,27-02-2025,,Google Organic,Invisalign,Clinic C,Contacted - No Appointment,11,No,
L05954,07-01-2025,P05954,Google Ads,Teeth Whitening,Clinic A,Appointment Booked,7,Yes,18-01-2025
L05955,08-01-2025,P05955,Google Ads,Invisalign,Clinic A,Appointment Booked,22,Yes,12-01-2025
L05956,12-09-2025,,Google Ads,Invisalign,Clinic B,Contacted - No Appointment,17,No,
L05957,14-05-2025,,Google Ads,Root Canal,Clinic A,Contacted - No Appointment,22,No,
L05958,16-10-2025,P05958,Facebook,Root Canal,Clinic C,Appointment Booked,12,Yes,29-10-2025
L05959,24-12-2025,,Facebook,Root Canal,Clinic A,Contacted - No Appointment,15,No,
L05960,20-11-2025,P05960,Google Ads,Root Canal,Clinic B,Appointment Booked,6,Yes,25-11-2025
L05961,02-08-2025,,Referral,Teeth Whitening,Clinic A,Contacted - No Appointment,11,No,
L05962,31-08-2025,P05962,Instagram,Teeth Whitening,Clinic C,Appointment Booked,6,Yes,01-09-2025
L05963,22-09-2025,,Google Organic,Teeth Whitening,Clinic A,Contacted - No Appointment,14,No,
L05964,18-01-2025,P05964,Facebook,Dental Implant,Clinic A,Appointment Booked,11,Yes,31-01-2025
L05965,21-04-2025,,Facebook,Teeth Whitening,Clinic A,Contacted - No Appointment,29,No,
L05966,11-11-2025,,Facebook,Dental Implant,Clinic D,Contacted - No Appointment,31,No,
L05967,22-01-2025,,Facebook,Dental Implant,Clinic A,Contacted - No Appointment,20,No,
L05968,28-09-2025,,Instagram,General Dentistry,Clinic C,Contacted - No Appointment,30,No,
L05969,12-01-2025,P05969,Facebook,Teeth Whitening,Clinic A,Appointment Booked,22,Yes,21-01-2025
L05970,04-06-2025,,Google Organic,Dental Crown,Clinic A,Contacted - No Appointment,12,No,
L05971,12-09-2025,,Referral,General Dentistry,Clinic B,Contacted - No Appointment,19,No,
L05972,19-08-2025,,Facebook,General Dentistry,Clinic B,Not Contacted/Cold,47,No,
L05973,11-09-2025,,Google Ads,Dental Crown,Clinic D,Contacted - No Appointment,34,No,
L05974,16-11-2025,P05974,Referral,Dental Crown,Clinic D,Appointment Booked,18,Yes,23-11-2025
L05975,25-12-2025,,Google Organic,Teeth Whitening,Clinic D,Contacted - No Appointment,4,No,
L05976,23-05-2025,,Instagram,Invisalign,Clinic C,Not Contacted/Cold,57,No,
L05977,11-11-2025,P05977,Google Organic,Dental Implant,Clinic B,Appointment Booked,16,Yes,24-11-2025
L05978,08-10-2025,,Google Ads,Teeth Whitening,Clinic B,Contacted - No Appointment,37,No,
L05979,19-10-2025,P05979,Google Ads,Invisalign,Clinic D,Appointment Booked,18,Yes,02-11-2025
L05980,29-06-2025,P05980,Google Ads,Dental Implant,Clinic C,Appointment Booked,3,Yes,01-07-2025
L05981,17-09-2025,,Google Ads,Invisalign,Clinic C,Contacted - No Appointment,41,No,
L05982,07-03-2025,P05982,Facebook,Root Canal,Clinic A,Appointment Booked,22,Yes,18-03-2025
L05983,31-10-2025,,Google Ads,General Dentistry,Clinic A,Contacted - No Appointment,4,No,
L05984,19-02-2025,,Referral,Dental Crown,Clinic D,Contacted - No Appointment,15,No,
L05985,12-09-2025,P05985,Instagram,Root Canal,Clinic B,Appointment Booked,22,Yes,16-09-2025
L05986,15-04-2025,P05986,Facebook,General Dentistry,Clinic B,Appointment Booked,20,Yes,21-04-2025
L05987,19-11-2025,P05987,Google Ads,General Dentistry,Clinic A,Appointment Booked,34,Yes,30-11-2025
L05988,07-02-2025,,Instagram,Root Canal,Clinic D,Contacted - No Appointment,22,No,
L05989,05-06-2025,,Google Ads,General Dentistry,Clinic A,Contacted - No Appointment,18,No,
L05990,13-09-2025,,Google Organic,Root Canal,Clinic D,Contacted - No Appointment,7,No,
L05991,13-11-2025,,Google Organic,Invisalign,Clinic A,Not Contacted/Cold,53,No,
L05992,24-10-2025,P05992,Facebook,Invisalign,Clinic D,Appointment Booked,14,Yes,01-11-2025
L05993,27-12-2025,,Google Ads,Dental Crown,Clinic C,Contacted - No Appointment,11,No,
L05994,27-09-2025,,Google Organic,Root Canal,Clinic A,Contacted - No Appointment,8,No,
L05995,09-09-2025,P05995,Facebook,Dental Crown,Clinic C,Appointment Booked,10,Yes,11-09-2025
L05996,19-03-2025,,Google Ads,Dental Crown,Clinic B,Contacted - No Appointment,32,No,
L05997,08-04-2025,,Facebook,Dental Implant,Clinic A,Contacted - No Appointment,5,No,
L05998,21-02-2025,,Referral,Dental Implant,Clinic D,Contacted - No Appointment,13,No,
L05999,25-12-2025,P05999,Google Ads,Root Canal,Clinic B,Appointment Booked,3,Yes,31-12-2025
L06000,15-02-2025,,Referral,Invisalign,Clinic B,Contacted - No Appointment,9,No,
L06001,03-11-2025,,Google Ads,Dental Crown,Clinic A,Contacted - No Appointment,11,No,
L06002,23-01-2025,,Google Ads,Dental Crown,Clinic B,Contacted - No Appointment,10,No,
L06003,27-03-2025,,Google Organic,Dental Crown,Clinic D,Contacted - No Appointment,8,No,
L06004,28-09-2025,P06004,Google Ads,Invisalign,Clinic B,Appointment Booked,44,Yes,09-10-2025
L06005,28-02-2025,,Facebook,Dental Crown,Clinic D,Contacted - No Appointment,11,No,
L06006,09-12-2025,,Google Ads,General Dentistry,Clinic D,Contacted - No Appointment,31,No,
L06007,24-07-2025,P06007,Facebook,General Dentistry,Clinic A,Appointment Booked,12,Yes,07-08-2025
L06008,29-10-2025,,Google Ads,General Dentistry,Clinic A,Contacted - No Appointment,6,No,
L06009,30-03-2025,P06009,Google Organic,Dental Crown,Clinic D,Appointment Booked,28,Yes,05-04-2025
L06010,29-08-2025,,Google Organic,Invisalign,Clinic B,Contacted - No Appointment,37,No,
L06011,08-06-2025,P06011,Referral,Dental Crown,Clinic A,Appointment Booked,6,Yes,14-06-2025
L06012,17-11-2025,,Google Organic,General Dentistry,Clinic B,Contacted - No Appointment,26,No,
L06013,09-04-2025,P06013,Google Organic,Invisalign,Clinic C,Appointment Booked,14,Yes,14-04-2025
L06014,31-05-2025,,Google Organic,Invisalign,Clinic D,Not Contacted/Cold,59,No,
L06015,06-09-2025,P06015,Referral,Dental Implant,Clinic A,Appointment Booked,35,Yes,11-09-2025
L06016,19-01-2025,,Google Ads,Teeth Whitening,Clinic A,Not Contacted/Cold,48,No,
L06017,02-03-2025,P06017,Facebook,Root Canal,Clinic D,Appointment Booked,12,Yes,04-03-2025
L06018,07-11-2025,,Google Organic,Dental Implant,Clinic D,Not Contacted/Cold,49,No,
L06019,10-04-2025,P06019,Google Ads,General Dentistry,Clinic C,Appointment Booked,30,Yes,13-04-2025
L06020,28-06-2025,,Referral,Dental Crown,Clinic D,Contacted - No Appointment,20,No,
L06021,01-02-2025,,Facebook,Invisalign,Clinic B,Contacted - No Appointment,28,No,
L06022,18-10-2025,P06022,Facebook,Invisalign,Clinic D,Appointment Booked,8,Yes,23-10-2025
L06023,19-01-2025,,Google Organic,Invisalign,Clinic B,Contacted - No Appointment,20,No,
L06024,20-12-2025,,Facebook,Root Canal,Clinic A,Contacted - No Appointment,14,No,
L06025,12-09-2025,,Referral,Invisalign,Clinic C,Contacted - No Appointment,37,No,
L06026,25-04-2025,P06026,Referral,Root Canal,Clinic B,Appointment Booked,2,Yes,01-05-2025
L06027,27-09-2025,,Instagram,Teeth Whitening,Clinic D,Contacted - No Appointment,20,No,
L06028,15-03-2025,P06028,Google Ads,Dental Crown,Clinic B,Appointment Booked,13,Yes,23-03-2025
L06029,24-06-2025,,Google Ads,Invisalign,Clinic D,Not Contacted/Cold,52,No,
L06030,07-01-2025,,Facebook,Root Canal,Clinic D,Contacted - No Appointment,16,No,
L06031,25-03-2025,P06031,Referral,General Dentistry,Clinic A,Appointment Booked,15,Yes,03-04-2025
L06032,18-10-2025,,Google Ads,Dental Implant,Clinic D,Contacted - No Appointment,20,No,
L06033,12-01-2025,,Google Ads,Dental Implant,Clinic B,Contacted - No Appointment,28,No,
L06034,28-11-2025,,Google Ads,Dental Crown,Clinic D,Contacted - No Appointment,4,No,
L06035,23-12-2025,,Facebook,Dental Crown,Clinic B,Contacted - No Appointment,6,No,
L06036,03-08-2025,,Referral,Invisalign,Clinic C,Not Contacted/Cold,53,No,
L06037,15-05-2025,,Google Ads,Teeth Whitening,Clinic B,Contacted - No Appointment,21,No,
L06038,01-04-2025,P06038,Google Ads,Dental Crown,Clinic A,Appointment Booked,77,Yes,13-04-2025
L06039,08-07-2025,,Google Organic,General Dentistry,Clinic A,Contacted - No Appointment,9,No,
L06040,19-07-2025,,Google Organic,Dental Implant,Clinic B,Contacted - No Appointment,26,No,
L06041,29-06-2025,P06041,Google Organic,Teeth Whitening,Clinic D,Appointment Booked,21,Yes,06-07-2025
L06042,03-03-2025,,Google Organic,Dental Implant,Clinic C,Contacted - No Appointment,43,No,
L06043,28-06-2025,P06043,Google Ads,Dental Crown,Clinic C,Appointment Booked,5,Yes,09-07-2025
L06044,17-02-2025,,Facebook,Dental Crown,Clinic B,Not Contacted/Cold,53,No,
L06045,04-11-2025,,Referral,Root Canal,Clinic B,Contacted - No Appointment,20,No,
L06046,10-11-2025,,Referral,General Dentistry,Clinic A,Contacted - No Appointment,17,No,
L06047,07-06-2025,,Instagram,Dental Implant,Clinic D,Contacted - No Appointment,26,No,
L06048,23-05-2025,P06048,Google Organic,Root Canal,Clinic D,Appointment Booked,16,Yes,01-06-2025
L06049,01-06-2025,,Referral,Invisalign,Clinic B,Contacted - No Appointment,20,No,
L06050,18-03-2025,,Facebook,Teeth Whitening,Clinic A,Contacted - No Appointment,39,No,
L06051,21-01-2025,P06051,Google Ads,Dental Implant,Clinic A,Appointment Booked,8,Yes,01-02-2025
L06052,09-04-2025,,Instagram,General Dentistry,Clinic C,Contacted - No Appointment,25,No,
L06053,09-02-2025,,Referral,General Dentistry,Clinic C,Contacted - No Appointment,26,No,
L06054,25-12-2025,,Google Organic,General Dentistry,Clinic D,Not Contacted/Cold,55,No,
L06055,01-12-2025,,Google Organic,Dental Implant,Clinic A,Contacted - No Appointment,14,No,
L06056,21-03-2025,P06056,Facebook,Dental Crown,Clinic D,Appointment Booked,1,Yes,26-03-2025
L06057,11-12-2025,,Google Ads,Dental Implant,Clinic C,Contacted - No Appointment,12,No,
L06058,04-04-2025,,Google Ads,General Dentistry,Clinic B,Contacted - No Appointment,10,No,
L06059,19-04-2025,,Referral,Teeth Whitening,Clinic C,Not Contacted/Cold,49,No,
L06060,03-02-2025,P06060,Facebook,Root Canal,Clinic A,Appointment Booked,1,Yes,11-02-2025
L06061,27-03-2025,P06061,Google Ads,Teeth Whitening,Clinic B,Appointment Booked,36,Yes,09-04-2025
L06062,12-07-2025,,Referral,Dental Implant,Clinic D,Contacted - No Appointment,23,No,
L06063,18-12-2025,,Facebook,Root Canal,Clinic B,Contacted - No Appointment,6,No,
L06064,01-08-2025,P06064,Google Organic,Invisalign,Clinic D,Appointment Booked,24,Yes,04-08-2025
L06065,02-04-2025,P06065,Facebook,General Dentistry,Clinic C,Appointment Booked,3,Yes,08-04-2025
L06066,20-12-2025,,Google Ads,General Dentistry,Clinic A,Contacted - No Appointment,29,No,
L06067,25-02-2025,P06067,Instagram,Teeth Whitening,Clinic C,Appointment Booked,17,Yes,07-03-2025
L06068,07-10-2025,P06068,Referral,General Dentistry,Clinic B,Appointment Booked,2,Yes,11-10-2025
L06069,06-12-2025,,Google Ads,Invisalign,Clinic B,Contacted - No Appointment,6,No,
L06070,28-06-2025,,Google Organic,General Dentistry,Clinic A,Contacted - No Appointment,30,No,
L06071,27-01-2025,,Google Ads,Invisalign,Clinic B,Not Contacted/Cold,56,No,
L06072,06-01-2025,,Facebook,Teeth Whitening,Clinic A,Not Contacted/Cold,57,No,
L06073,26-12-2025,,Facebook,Teeth Whitening,Clinic A,Contacted - No Appointment,37,No,
L06074,11-10-2025,,Referral,Dental Implant,Clinic B,Contacted - No Appointment,4,No,
L06075,16-06-2025,,Facebook,Root Canal,Clinic B,Contacted - No Appointment,41,No,
L06076,11-09-2025,,Facebook,Dental Implant,Clinic D,Not Contacted/Cold,62,No,
L06077,16-11-2025,,Google Organic,General Dentistry,Clinic B,Not Contacted/Cold,48,No,
L06078,20-11-2025,,Google Ads,Dental Implant,Clinic D,Contacted - No Appointment,23,No,
L06079,04-03-2025,P06079,Google Ads,Root Canal,Clinic C,Appointment Booked,7,Yes,07-03-2025
L06080,27-10-2025,,Google Ads,Teeth Whitening,Clinic C,Contacted - No Appointment,39,No,
L06081,07-03-2025,,Google Organic,Invisalign,Clinic B,Contacted - No Appointment,18,No,
L06082,22-07-2025,,Facebook,Root Canal,Clinic D,Contacted - No Appointment,18,No,
L06083,24-06-2025,,Referral,Dental Crown,Clinic C,Contacted - No Appointment,18,No,
L06084,01-01-2025,,Facebook,Dental Implant,Clinic D,Contacted - No Appointment,19,No,
L06085,20-06-2025,P06085,Google Ads,Teeth Whitening,Clinic B,Appointment Booked,7,Yes,22-06-2025
L06086,05-03-2025,,Google Organic,Invisalign,Clinic A,Contacted - No Appointment,14,No,
L06087,21-03-2025,P06087,Google Ads,Invisalign,Clinic C,Appointment Booked,53,Yes,26-03-2025
L06088,21-04-2025,,Referral,Dental Crown,Clinic A,Contacted - No Appointment,18,No,
L06089,12-07-2025,,Google Ads,Root Canal,Clinic B,Contacted - No Appointment,13,No,
L06090,16-08-2025,P06090,Google Ads,General Dentistry,Clinic A,Appointment Booked,9,Yes,29-08-2025
L06091,11-08-2025,,Facebook,General Dentistry,Clinic C,Contacted - No Appointment,8,No,
L06092,05-06-2025,P06092,Google Ads,Root Canal,Clinic D,Appointment Booked,30,Yes,10-06-2025
L06093,02-09-2025,P06093,Google Ads,Root Canal,Clinic B,Appointment Booked,23,Yes,08-09-2025
L06094,03-03-2025,P06094,Facebook,Invisalign,Clinic D,Appointment Booked,21,Yes,07-03-2025
L06095,14-12-2025,P06095,Google Ads,Invisalign,Clinic B,Appointment Booked,29,Yes,18-12-2025
L06096,09-09-2025,,Google Ads,Root Canal,Clinic B,Contacted - No Appointment,36,No,
L06097,16-12-2025,,Google Ads,Teeth Whitening,Clinic D,Contacted - No Appointment,19,No,
L06098,01-03-2025,,Facebook,Invisalign,Clinic D,Contacted - No Appointment,32,No,
L06099,01-11-2025,P06099,Facebook,Invisalign,Clinic D,Appointment Booked,11,Yes,09-11-2025
L06100,16-09-2025,,Google Ads,Root Canal,Clinic B,Contacted - No Appointment,39,No,
L06101,01-06-2025,,Instagram,Dental Implant,Clinic C,Contacted - No Appointment,16,No,
L06102,05-05-2025,P06102,Google Organic,Teeth Whitening,Clinic A,Appointment Booked,57,Yes,11-05-2025
L06103,08-04-2025,P06103,Google Organic,Root Canal,Clinic B,Appointment Booked,18,Yes,09-04-2025
L06104,03-07-2025,P06104,Facebook,Root Canal,Clinic B,Appointment Booked,7,Yes,13-07-2025
L06105,13-10-2025,,Google Ads,Invisalign,Clinic D,Contacted - No Appointment,23,No,
L06106,22-11-2025,,Facebook,General Dentistry,Clinic D,Contacted - No Appointment,17,No,
L06107,10-03-2025,P06107,Referral,Dental Implant,Clinic B,Appointment Booked,6,Yes,16-03-2025
L06108,01-10-2025,P06108,Facebook,General Dentistry,Clinic A,Appointment Booked,59,Yes,13-10-2025
L06109,03-04-2025,,Google Ads,Root Canal,Clinic D,Contacted - No Appointment,16,No,
L06110,25-10-2025,,Google Ads,General Dentistry,Clinic A,Contacted - No Appointment,6,No,
L06111,20-05-2025,P06111,Referral,Teeth Whitening,Clinic C,Appointment Booked,17,Yes,29-05-2025
L06112,20-06-2025,,Google Organic,Dental Implant,Clinic A,Contacted - No Appointment,11,No,
L06113,06-06-2025,,Facebook,General Dentistry,Clinic B,Contacted - No Appointment,13,No,
L06114,26-02-2025,P06114,Google Ads,Dental Crown,Clinic D,Appointment Booked,25,Yes,05-03-2025
L06115,04-07-2025,P06115,Referral,Dental Implant,Clinic A,Appointment Booked,10,Yes,12-07-2025
L06116,12-06-2025,,Google Ads,Dental Implant,Clinic B,Contacted - No Appointment,35,No,
L06117,23-11-2025,,Facebook,Dental Crown,Clinic B,Contacted - No Appointment,11,No,
L06118,18-04-2025,,Google Organic,Dental Crown,Clinic D,Contacted - No Appointment,8,No,
L06119,25-08-2025,,Facebook,Teeth Whitening,Clinic D,Contacted - No Appointment,20,No,
L06120,22-08-2025,P06120,Google Ads,Teeth Whitening,Clinic A,Appointment Booked,4,Yes,29-08-2025
L06121,08-04-2025,,Google Ads,Dental Crown,Clinic A,Contacted - No Appointment,17,No,
L06122,08-08-2025,,Referral,Teeth Whitening,Clinic C,Contacted - No Appointment,15,No,
L06123,12-05-2025,P06123,Facebook,Dental Crown,Clinic B,Appointment Booked,14,Yes,22-05-2025
L06124,09-01-2025,P06124,Google Organic,Invisalign,Clinic C,Appointment Booked,7,Yes,21-01-2025
L06125,24-07-2025,,Instagram,General Dentistry,Clinic A,Contacted - No Appointment,10,No,
L06126,23-02-2025,,Referral,Dental Implant,Clinic A,Contacted - No Appointment,36,No,
L06127,14-12-2025,,Referral,Root Canal,Clinic C,Contacted - No Appointment,8,No,
L06128,16-01-2025,P06128,Facebook,Teeth Whitening,Clinic A,Appointment Booked,40,Yes,23-01-2025
L06129,05-02-2025,,Facebook,Root Canal,Clinic D,Contacted - No Appointment,31,No,
L06130,29-04-2025,P06130,Instagram,Dental Implant,Clinic A,Appointment Booked,15,Yes,07-05-2025
L06131,01-10-2025,,Google Organic,Dental Implant,Clinic A,Contacted - No Appointment,41,No,
L06132,31-07-2025,P06132,Facebook,Dental Crown,Clinic D,Appointment Booked,25,Yes,13-08-2025
L06133,05-05-2025,,Google Organic,General Dentistry,Clinic B,Contacted - No Appointment,16,No,
L06134,17-01-2025,P06134,Google Ads,Dental Crown,Clinic C,Appointment Booked,9,Yes,19-01-2025
L06135,25-10-2025,,Facebook,Root Canal,Clinic A,Contacted - No Appointment,17,No,
L06136,17-05-2025,,Google Organic,Invisalign,Clinic C,Not Contacted/Cold,50,No,
L06137,06-07-2025,,Google Ads,Invisalign,Clinic C,Contacted - No Appointment,17,No,
L06138,15-01-2025,,Facebook,Dental Implant,Clinic B,Not Contacted/Cold,58,No,
L06139,19-06-2025,,Referral,Invisalign,Clinic D,Contacted - No Appointment,13,No,
L06140,01-11-2025,,Instagram,Root Canal,Clinic C,Contacted - No Appointment,34,No,
L06141,25-09-2025,,Referral,Invisalign,Clinic B,Not Contacted/Cold,49,No,
L06142,04-10-2025,,Google Organic,Dental Implant,Clinic C,Contacted - No Appointment,14,No,
L06143,25-09-2025,,Google Organic,Teeth Whitening,Clinic C,Contacted - No Appointment,9,No,
L06144,23-06-2025,,Instagram,General Dentistry,Clinic A,Contacted - No Appointment,1,No,
L06145,07-09-2025,,Google Ads,General Dentistry,Clinic B,Contacted - No Appointment,16,No,
L06146,22-12-2025,P06146,Facebook,Dental Crown,Clinic B,Appointment Booked,29,Yes,29-12-2025
L06147,28-11-2025,,Google Ads,Dental Implant,Clinic B,Contacted - No Appointment,9,No,
L06148,15-06-2025,,Referral,Teeth Whitening,Clinic D,Contacted - No Appointment,12,No,
L06149,18-01-2025,,Google Ads,Dental Implant,Clinic B,Contacted - No Appointment,23,No,
L06150,29-08-2025,,Google Ads,Dental Crown,Clinic D,Contacted - No Appointment,32,No,
L06151,11-08-2025,,Instagram,Teeth Whitening,Clinic B,Contacted - No Appointment,23,No,
L06152,26-05-2025,,Facebook,Teeth Whitening,Clinic B,Contacted - No Appointment,9,No,
L06153,27-04-2025,,Google Ads,General Dentistry,Clinic D,Contacted - No Appointment,12,No,
L06154,15-05-2025,P06154,Google Ads,Teeth Whitening,Clinic C,Appointment Booked,9,Yes,24-05-2025
L06155,24-11-2025,,Google Organic,Dental Crown,Clinic C,Contacted - No Appointment,21,No,
L06156,12-04-2025,P06156,Facebook,Invisalign,Clinic A,Appointment Booked,11,Yes,13-04-2025
L06157,15-05-2025,P06157,Google Ads,General Dentistry,Clinic B,Appointment Booked,10,Yes,20-05-2025
L06158,14-02-2025,P06158,Facebook,Dental Implant,Clinic B,Appointment Booked,9,Yes,25-02-2025
L06159,21-12-2025,,Google Ads,General Dentistry,Clinic D,Not Contacted/Cold,55,No,
L06160,27-07-2025,P06160,Google Ads,Invisalign,Clinic B,Appointment Booked,22,Yes,03-08-2025
L06161,22-07-2025,,Referral,Dental Implant,Clinic D,Contacted - No Appointment,43,No,
L06162,21-11-2025,,Facebook,General Dentistry,Clinic C,Contacted - No Appointment,40,No,
L06163,13-09-2025,P06163,Google Ads,Dental Implant,Clinic B,Appointment Booked,41,Yes,19-09-2025
L06164,08-07-2025,,Referral,General Dentistry,Clinic C,Contacted - No Appointment,36,No,
L06165,14-09-2025,P06165,Google Organic,Invisalign,Clinic D,Appointment Booked,59,Yes,20-09-2025
L06166,24-01-2025,,Google Ads,General Dentistry,Clinic D,Contacted - No Appointment,22,No,
L06167,04-10-2025,,Facebook,Dental Crown,Clinic A,Contacted - No Appointment,22,No,
L06168,11-12-2025,P06168,Referral,Dental Crown,Clinic B,Appointment Booked,23,Yes,15-12-2025
L06169,29-08-2025,,Facebook,Root Canal,Clinic B,Contacted - No Appointment,4,No,
L06170,08-07-2025,,Instagram,Dental Implant,Clinic A,Contacted - No Appointment,12,No,
L06171,05-09-2025,,Facebook,General Dentistry,Clinic C,Contacted - No Appointment,37,No,
L06172,06-09-2025,,Facebook,Dental Implant,Clinic D,Contacted - No Appointment,16,No,
L06173,08-09-2025,P06173,Instagram,Root Canal,Clinic B,Appointment Booked,37,Yes,14-09-2025
L06174,06-08-2025,,Facebook,Dental Crown,Clinic C,Contacted - No Appointment,17,No,
L06175,07-07-2025,,Google Ads,Root Canal,Clinic C,Not Contacted/Cold,50,No,
L06176,12-02-2025,,Google Organic,Invisalign,Clinic B,Contacted - No Appointment,44,No,
L06177,23-02-2025,P06177,Google Ads,Dental Implant,Clinic A,Appointment Booked,9,Yes,01-03-2025
L06178,09-03-2025,P06178,Facebook,Dental Implant,Clinic C,Appointment Booked,5,Yes,17-03-2025
L06179,03-12-2025,,Instagram,General Dentistry,Clinic D,Contacted - No Appointment,6,No,
L06180,13-05-2025,P06180,Google Organic,Dental Implant,Clinic C,Appointment Booked,5,Yes,24-05-2025
L06181,23-09-2025,,Facebook,General Dentistry,Clinic A,Contacted - No Appointment,25,No,
L06182,07-12-2025,P06182,Google Organic,Invisalign,Clinic A,Appointment Booked,24,Yes,13-12-2025
L06183,05-11-2025,,Google Ads,Dental Implant,Clinic A,Contacted - No Appointment,24,No,
L06184,24-06-2025,P06184,Instagram,Dental Crown,Clinic C,Appointment Booked,21,Yes,25-06-2025
L06185,29-04-2025,,Google Organic,Dental Implant,Clinic D,Contacted - No Appointment,27,No,
L06186,29-12-2025,P06186,Referral,Dental Crown,Clinic A,Appointment Booked,8,Yes,10-01-2026
L06187,14-06-2025,P06187,Instagram,General Dentistry,Clinic D,Appointment Booked,54,Yes,15-06-2025
L06188,25-04-2025,,Facebook,Dental Implant,Clinic C,Contacted - No Appointment,29,No,
L06189,18-07-2025,P06189,Google Ads,Teeth Whitening,Clinic C,Appointment Booked,7,Yes,27-07-2025
L06190,08-11-2025,P06190,Facebook,Root Canal,Clinic D,Appointment Booked,11,Yes,14-11-2025
L06191,24-01-2025,P06191,Facebook,Dental Implant,Clinic A,Appointment Booked,25,Yes,28-01-2025
L06192,04-11-2025,P06192,Google Ads,Dental Implant,Clinic D,Appointment Booked,47,Yes,14-11-2025
L06193,08-10-2025,,Referral,General Dentistry,Clinic A,Contacted - No Appointment,11,No,
L06194,28-01-2025,P06194,Referral,Dental Implant,Clinic B,Appointment Booked,9,Yes,01-02-2025
L06195,30-07-2025,,Google Ads,General Dentistry,Clinic D,Contacted - No Appointment,35,No,
L06196,01-12-2025,,Instagram,Root Canal,Clinic D,Contacted - No Appointment,36,No,
L06197,11-06-2025,P06197,Google Organic,Dental Implant,Clinic B,Appointment Booked,16,Yes,22-06-2025
L06198,28-09-2025,,Google Ads,Root Canal,Clinic C,Contacted - No Appointment,9,No,
L06199,14-11-2025,P06199,Facebook,Teeth Whitening,Clinic C,Appointment Booked,13,Yes,20-11-2025
L06200,28-10-2025,,Facebook,Teeth Whitening,Clinic D,Not Contacted/Cold,59,No,
L06201,22-09-2025,P06201,Google Ads,Root Canal,Clinic A,Appointment Booked,66,Yes,26-09-2025
L06202,14-12-2025,,Instagram,General Dentistry,Clinic D,Contacted - No Appointment,34,No,
L06203,22-03-2025,,Referral,Dental Implant,Clinic B,Contacted - No Appointment,28,No,
L06204,24-12-2025,,Facebook,General Dentistry,Clinic B,Contacted - No Appointment,16,No,
L06205,16-04-2025,,Instagram,General Dentistry,Clinic B,Contacted - No Appointment,39,No,
L06206,18-03-2025,,Facebook,Teeth Whitening,Clinic B,Contacted - No Appointment,10,No,
L06207,30-03-2025,P06207,Referral,Teeth Whitening,Clinic D,Appointment Booked,14,Yes,07-04-2025
L06208,17-07-2025,,Referral,Root Canal,Clinic C,Contacted - No Appointment,13,No,
L06209,24-05-2025,,Google Ads,Dental Crown,Clinic D,Contacted - No Appointment,13,No,
L06210,14-02-2025,P06210,Referral,Dental Crown,Clinic A,Appointment Booked,6,Yes,16-02-2025
L06211,28-07-2025,,Google Ads,Root Canal,Clinic C,Contacted - No Appointment,3,No,
L06212,05-10-2025,,Google Ads,Dental Crown,Clinic D,Contacted - No Appointment,17,No,
L06213,27-02-2025,,Instagram,Invisalign,Clinic C,Not Contacted/Cold,47,No,
L06214,05-02-2025,,Facebook,Root Canal,Clinic C,Contacted - No Appointment,38,No,
L06215,28-09-2025,P06215,Facebook,Invisalign,Clinic C,Appointment Booked,24,Yes,09-10-2025
L06216,28-03-2025,,Instagram,Dental Implant,Clinic D,Contacted - No Appointment,18,No,
L06217,17-11-2025,P06217,Google Ads,Invisalign,Clinic D,Appointment Booked,61,Yes,18-11-2025
L06218,01-11-2025,,Google Ads,General Dentistry,Clinic A,Contacted - No Appointment,26,No,
L06219,06-10-2025,P06219,Facebook,Root Canal,Clinic D,Appointment Booked,12,Yes,17-10-2025
L06220,29-04-2025,,Google Ads,Teeth Whitening,Clinic B,Contacted - No Appointment,19,No,
L06221,04-02-2025,,Google Ads,Dental Implant,Clinic A,Contacted - No Appointment,44,No,
L06222,05-12-2025,,Google Ads,Root Canal,Clinic D,Contacted - No Appointment,3,No,
L06223,19-12-2025,P06223,Google Organic,Dental Implant,Clinic B,Appointment Booked,40,Yes,23-12-2025
L06224,24-07-2025,,Referral,Dental Implant,Clinic D,Contacted - No Appointment,18,No,
L06225,13-06-2025,,Google Ads,Dental Crown,Clinic B,Contacted - No Appointment,16,No,
L06226,25-04-2025,,Google Ads,Dental Crown,Clinic A,Contacted - No Appointment,10,No,
L06227,04-01-2025,,Instagram,Invisalign,Clinic B,Contacted - No Appointment,24,No,
L06228,09-07-2025,P06228,Referral,Root Canal,Clinic A,Appointment Booked,25,Yes,13-07-2025
L06229,17-10-2025,,Google Ads,General Dentistry,Clinic D,Contacted - No Appointment,19,No,
L06230,06-11-2025,,Referral,Dental Implant,Clinic B,Contacted - No Appointment,11,No,
L06231,09-06-2025,P06231,Facebook,Dental Implant,Clinic B,Appointment Booked,28,Yes,14-06-2025
L06232,07-01-2025,,Referral,Dental Crown,Clinic A,Not Contacted/Cold,48,No,
L06233,01-05-2025,,Google Ads,Dental Implant,Clinic B,Not Contacted/Cold,46,No,
L06234,09-04-2025,P06234,Referral,General Dentistry,Clinic D,Appointment Booked,12,Yes,13-04-2025
L06235,21-01-2025,,Facebook,Dental Crown,Clinic A,Contacted - No Appointment,11,No,
L06236,14-02-2025,P06236,Referral,Root Canal,Clinic C,Appointment Booked,21,Yes,19-02-2025
L06237,11-07-2025,,Facebook,Root Canal,Clinic D,Contacted - No Appointment,7,No,
L06238,19-06-2025,,Facebook,Dental Crown,Clinic C,Contacted - No Appointment,26,No,
L06239,22-06-2025,P06239,Google Organic,Dental Implant,Clinic D,Appointment Booked,12,Yes,06-07-2025
L06240,11-10-2025,,Google Organic,General Dentistry,Clinic A,Contacted - No Appointment,10,No,
L06241,13-02-2025,,Instagram,Dental Crown,Clinic A,Contacted - No Appointment,38,No,
L06242,10-11-2025,,Facebook,Invisalign,Clinic D,Contacted - No Appointment,8,No,
L06243,20-02-2025,,Google Organic,Dental Crown,Clinic C,Contacted - No Appointment,29,No,
L06244,03-02-2025,P06244,Referral,Dental Implant,Clinic C,Appointment Booked,3,Yes,09-02-2025
L06245,09-05-2025,,Google Ads,Dental Implant,Clinic C,Not Contacted/Cold,52,No,
L06246,23-01-2025,,Instagram,Dental Crown,Clinic B,Contacted - No Appointment,19,No,
L06247,12-01-2025,P06247,Referral,Dental Crown,Clinic A,Appointment Booked,5,Yes,15-01-2025
L06248,21-04-2025,P06248,Instagram,Dental Crown,Clinic D,Appointment Booked,18,Yes,01-05-2025
L06249,15-09-2025,P06249,Google Organic,Invisalign,Clinic C,Appointment Booked,57,Yes,17-09-2025
L06250,15-02-2025,P06250,Referral,Dental Crown,Clinic B,Appointment Booked,7,Yes,24-02-2025
L06251,29-09-2025,P06251,Google Organic,Dental Implant,Clinic D,Appointment Booked,29,Yes,13-10-2025
L06252,02-04-2025,P06252,Google Organic,Dental Crown,Clinic B,Appointment Booked,22,Yes,14-04-2025
L06253,22-09-2025,P06253,Referral,Dental Crown,Clinic B,Appointment Booked,12,Yes,26-09-2025
L06254,18-06-2025,P06254,Referral,Dental Crown,Clinic D,Appointment Booked,19,Yes,23-06-2025
L06255,12-12-2025,P06255,Google Organic,General Dentistry,Clinic D,Appointment Booked,19,Yes,14-12-2025
L06256,08-05-2025,P06256,Google Ads,General Dentistry,Clinic C,Appointment Booked,3,Yes,16-05-2025
L06257,07-03-2025,,Google Ads,General Dentistry,Clinic A,Contacted - No Appointment,9,No,
L06258,10-10-2025,,Instagram,General Dentistry,Clinic A,Contacted - No Appointment,13,No,
L06259,21-12-2025,,Google Organic,Teeth Whitening,Clinic C,Not Contacted/Cold,46,No,
L06260,27-10-2025,,Facebook,General Dentistry,Clinic B,Not Contacted/Cold,69,No,
L06261,17-07-2025,P06261,Google Ads,General Dentistry,Clinic D,Appointment Booked,5,Yes,24-07-2025
L06262,17-04-2025,,Facebook,Teeth Whitening,Clinic D,Contacted - No Appointment,32,No,
L06263,28-05-2025,,Google Organic,Dental Implant,Clinic D,Contacted - No Appointment,5,No,
L06264,14-03-2025,,Referral,Dental Implant,Clinic B,Not Contacted/Cold,60,No,
L06265,20-03-2025,P06265,Referral,General Dentistry,Clinic D,Appointment Booked,24,Yes,01-04-2025
L06266,06-10-2025,,Facebook,Root Canal,Clinic B,Contacted - No Appointment,16,No,
L06267,17-12-2025,,Facebook,Teeth Whitening,Clinic A,Contacted - No Appointment,13,No,
L06268,27-06-2025,,Facebook,Invisalign,Clinic A,Contacted - No Appointment,18,No,
L06269,21-01-2025,,Facebook,Root Canal,Clinic B,Contacted - No Appointment,10,No,
L06270,11-06-2025,,Instagram,Teeth Whitening,Clinic D,Contacted - No Appointment,15,No,
L06271,28-11-2025,P06271,Facebook,General Dentistry,Clinic A,Appointment Booked,7,Yes,02-12-2025
L06272,22-11-2025,,Google Ads,Dental Implant,Clinic A,Contacted - No Appointment,27,No,
L06273,11-02-2025,,Facebook,General Dentistry,Clinic D,Contacted - No Appointment,13,No,
L06274,11-02-2025,,Google Ads,Teeth Whitening,Clinic A,Contacted - No Appointment,20,No,
L06275,13-11-2025,P06275,Google Ads,Invisalign,Clinic D,Appointment Booked,42,Yes,14-11-2025
L06276,17-03-2025,,Facebook,Root Canal,Clinic B,Contacted - No Appointment,29,No,
L06277,29-09-2025,,Google Ads,Dental Implant,Clinic A,Contacted - No Appointment,9,No,
L06278,12-06-2025,,Facebook,Dental Implant,Clinic D,Contacted - No Appointment,27,No,
L06279,25-09-2025,P06279,Google Ads,Root Canal,Clinic A,Appointment Booked,21,Yes,06-10-2025
L06280,23-12-2025,,Instagram,Dental Implant,Clinic C,Contacted - No Appointment,3,No,
L06281,11-03-2025,,Referral,Invisalign,Clinic B,Contacted - No Appointment,28,No,
L06282,11-11-2025,,Facebook,General Dentistry,Clinic A,Contacted - No Appointment,19,No,
L06283,03-05-2025,,Instagram,Dental Crown,Clinic A,Contacted - No Appointment,13,No,
L06284,30-08-2025,P06284,Referral,Dental Crown,Clinic A,Appointment Booked,30,Yes,11-09-2025
L06285,10-04-2025,,Facebook,Invisalign,Clinic A,Contacted - No Appointment,10,No,
L06286,07-11-2025,,Google Ads,General Dentistry,Clinic D,Contacted - No Appointment,28,No,
L06287,16-07-2025,,Google Ads,General Dentistry,Clinic B,Contacted - No Appointment,43,No,
L06288,19-03-2025,P06288,Facebook,Root Canal,Clinic B,Appointment Booked,8,Yes,28-03-2025
L06289,28-10-2025,,Instagram,General Dentistry,Clinic B,Contacted - No Appointment,27,No,
L06290,27-06-2025,P06290,Google Ads,General Dentistry,Clinic D,Appointment Booked,1,Yes,10-07-2025
L06291,09-11-2025,,Referral,Teeth Whitening,Clinic D,Contacted - No Appointment,17,No,
L06292,28-07-2025,P06292,Google Ads,Teeth Whitening,Clinic C,Appointment Booked,22,Yes,10-08-2025
L06293,20-09-2025,P06293,Referral,Dental Implant,Clinic D,Appointment Booked,12,Yes,23-09-2025
L06294,13-07-2025,,Referral,Invisalign,Clinic B,Contacted - No Appointment,18,No,
L06295,06-10-2025,,Referral,Dental Implant,Clinic B,Contacted - No Appointment,12,No,
L06296,20-06-2025,P06296,Google Organic,Dental Implant,Clinic C,Appointment Booked,8,Yes,24-06-2025
L06297,19-04-2025,,Google Ads,Dental Implant,Clinic C,Contacted - No Appointment,33,No,
L06298,21-12-2025,,Google Organic,General Dentistry,Clinic B,Contacted - No Appointment,5,No,
L06299,07-09-2025,P06299,Google Ads,Invisalign,Clinic B,Appointment Booked,24,Yes,11-09-2025
L06300,08-11-2025,,Referral,General Dentistry,Clinic D,Contacted - No Appointment,14,No,
L06301,19-03-2025,P06301,Facebook,Dental Crown,Clinic D,Appointment Booked,18,Yes,30-03-2025
L06302,21-06-2025,,Facebook,Invisalign,Clinic B,Contacted - No Appointment,24,No,
L06303,06-12-2025,,Referral,Root Canal,Clinic C,Contacted - No Appointment,39,No,
L06304,01-02-2025,,Google Ads,Invisalign,Clinic B,Contacted - No Appointment,12,No,
L06305,12-10-2025,,Google Ads,General Dentistry,Clinic A,Contacted - No Appointment,7,No,
L06306,16-06-2025,,Facebook,General Dentistry,Clinic B,Contacted - No Appointment,19,No,
L06307,02-05-2025,P06307,Google Organic,Dental Implant,Clinic B,Appointment Booked,19,Yes,08-05-2025
L06308,08-03-2025,P06308,Instagram,General Dentistry,Clinic A,Appointment Booked,50,Yes,17-03-2025
L06309,17-08-2025,,Instagram,Teeth Whitening,Clinic D,Contacted - No Appointment,7,No,
L06310,30-01-2025,P06310,Referral,Dental Implant,Clinic B,Appointment Booked,29,Yes,10-02-2025
L06311,01-06-2025,,Google Ads,Dental Crown,Clinic C,Contacted - No Appointment,22,No,
L06312,02-12-2025,P06312,Facebook,Dental Crown,Clinic A,Appointment Booked,37,Yes,03-12-2025
L06313,12-01-2025,,Google Organic,Invisalign,Clinic A,Contacted - No Appointment,7,No,
L06314,29-09-2025,,Instagram,Teeth Whitening,Clinic D,Contacted - No Appointment,17,No,
L06315,02-05-2025,,Facebook,Dental Implant,Clinic C,Contacted - No Appointment,41,No,
L06316,12-01-2025,,Google Ads,Root Canal,Clinic D,Contacted - No Appointment,2,No,
L06317,30-06-2025,,Google Ads,Dental Implant,Clinic D,Contacted - No Appointment,6,No,
L06318,08-10-2025,P06318,Google Ads,General Dentistry,Clinic B,Appointment Booked,28,Yes,21-10-2025
L06319,27-02-2025,P06319,Facebook,Teeth Whitening,Clinic B,Appointment Booked,5,Yes,09-03-2025
L06320,18-04-2025,P06320,Google Ads,Dental Implant,Clinic D,Appointment Booked,18,Yes,30-04-2025
L06321,13-05-2025,,Facebook,Invisalign,Clinic D,Contacted - No Appointment,9,No,
L06322,09-11-2025,P06322,Google Ads,Dental Implant,Clinic C,Appointment Booked,22,Yes,18-11-2025
L06323,01-06-2025,,Google Organic,Teeth Whitening,Clinic D,Not Contacted/Cold,57,No,
L06324,29-03-2025,,Referral,Dental Implant,Clinic D,Contacted - No Appointment,11,No,
L06325,04-11-2025,P06325,Facebook,General Dentistry,Clinic B,Appointment Booked,10,Yes,15-11-2025
L06326,01-05-2025,,Facebook,General Dentistry,Clinic C,Contacted - No Appointment,39,No,
L06327,28-02-2025,,Referral,Dental Crown,Clinic D,Contacted - No Appointment,7,No,
L06328,28-07-2025,,Facebook,Invisalign,Clinic C,Contacted - No Appointment,5,No,
L06329,08-10-2025,P06329,Referral,Root Canal,Clinic A,Appointment Booked,9,Yes,10-10-2025
L06330,02-03-2025,,Google Ads,Root Canal,Clinic B,Contacted - No Appointment,26,No,
L06331,19-07-2025,P06331,Referral,Dental Crown,Clinic A,Appointment Booked,9,Yes,20-07-2025
L06332,12-05-2025,P06332,Facebook,Dental Crown,Clinic A,Appointment Booked,23,Yes,17-05-2025
L06333,08-09-2025,,Google Ads,Dental Crown,Clinic D,Contacted - No Appointment,28,No,
L06334,22-11-2025,,Referral,Root Canal,Clinic A,Contacted - No Appointment,14,No,
L06335,19-05-2025,,Referral,General Dentistry,Clinic A,Contacted - No Appointment,14,No,
L06336,06-05-2025,P06336,Facebook,Dental Implant,Clinic B,Appointment Booked,17,Yes,19-05-2025
L06337,15-05-2025,,Referral,Root Canal,Clinic C,Not Contacted/Cold,59,No,
L06338,20-12-2025,,Google Ads,Teeth Whitening,Clinic C,Contacted - No Appointment,12,No,
L06339,29-12-2025,,Google Organic,Dental Implant,Clinic A,Contacted - No Appointment,18,No,
L06340,13-10-2025,,Google Ads,Teeth Whitening,Clinic A,Not Contacted/Cold,49,No,
L06341,21-09-2025,P06341,Google Ads,Teeth Whitening,Clinic A,Appointment Booked,52,Yes,01-10-2025
L06342,14-11-2025,P06342,Google Organic,Dental Crown,Clinic B,Appointment Booked,11,Yes,26-11-2025
L06343,05-09-2025,P06343,Facebook,Dental Implant,Clinic B,Appointment Booked,7,Yes,18-09-2025
L06344,03-04-2025,P06344,Google Ads,Invisalign,Clinic D,Appointment Booked,33,Yes,09-04-2025
L06345,06-05-2025,P06345,Facebook,Invisalign,Clinic B,Appointment Booked,17,Yes,19-05-2025
L06346,01-12-2025,,Google Ads,Invisalign,Clinic A,Not Contacted/Cold,48,No,
L06347,17-07-2025,P06347,Google Organic,General Dentistry,Clinic C,Appointment Booked,5,Yes,24-07-2025
L06348,15-05-2025,,Google Ads,Dental Crown,Clinic B,Contacted - No Appointment,7,No,
L06349,11-09-2025,P06349,Google Organic,Invisalign,Clinic C,Appointment Booked,18,Yes,21-09-2025
L06350,29-01-2025,,Google Ads,General Dentistry,Clinic B,Contacted - No Appointment,20,No,
L06351,25-02-2025,P06351,Facebook,Teeth Whitening,Clinic C,Appointment Booked,10,Yes,10-03-2025
L06352,17-10-2025,P06352,Google Ads,Invisalign,Clinic D,Appointment Booked,21,Yes,24-10-2025
L06353,06-12-2025,,Instagram,Root Canal,Clinic D,Contacted - No Appointment,35,No,
L06354,11-01-2025,P06354,Google Ads,Invisalign,Clinic B,Appointment Booked,19,Yes,13-01-2025
L06355,14-11-2025,,Facebook,General Dentistry,Clinic B,Contacted - No Appointment,34,No,
L06356,04-07-2025,P06356,Facebook,Root Canal,Clinic B,Appointment Booked,14,Yes,12-07-2025
L06357,25-08-2025,,Referral,General Dentistry,Clinic D,Contacted - No Appointment,38,No,
L06358,11-11-2025,,Google Ads,Invisalign,Clinic D,Contacted - No Appointment,25,No,
L06359,28-02-2025,,Google Organic,General Dentistry,Clinic A,Contacted - No Appointment,8,No,
L06360,12-11-2025,P06360,Google Ads,Dental Implant,Clinic A,Appointment Booked,25,Yes,16-11-2025
L06361,30-11-2025,,Google Ads,General Dentistry,Clinic B,Contacted - No Appointment,18,No,
L06362,20-08-2025,,Google Ads,General Dentistry,Clinic A,Contacted - No Appointment,21,No,
L06363,11-11-2025,,Google Ads,Root Canal,Clinic B,Contacted - No Appointment,18,No,
L06364,13-07-2025,,Facebook,Teeth Whitening,Clinic A,Contacted - No Appointment,12,No,
L06365,26-10-2025,,Referral,Teeth Whitening,Clinic C,Not Contacted/Cold,58,No,
L06366,11-08-2025,,Google Ads,General Dentistry,Clinic D,Contacted - No Appointment,23,No,
L06367,09-04-2025,,Facebook,Invisalign,Clinic D,Contacted - No Appointment,19,No,
L06368,29-04-2025,P06368,Facebook,Root Canal,Clinic B,Appointment Booked,6,Yes,02-05-2025
L06369,18-11-2025,,Facebook,General Dentistry,Clinic C,Contacted - No Appointment,27,No,
L06370,12-10-2025,,Facebook,Teeth Whitening,Clinic D,Contacted - No Appointment,3,No,
L06371,28-09-2025,,Referral,Root Canal,Clinic A,Contacted - No Appointment,29,No,
L06372,31-08-2025,,Google Ads,General Dentistry,Clinic C,Contacted - No Appointment,7,No,
L06373,21-12-2025,,Google Organic,Dental Implant,Clinic B,Contacted - No Appointment,8,No,
L06374,12-02-2025,,Google Ads,Teeth Whitening,Clinic A,Contacted - No Appointment,5,No,
L06375,06-03-2025,,Facebook,Invisalign,Clinic B,Not Contacted/Cold,69,No,
L06376,22-12-2025,P06376,Facebook,Invisalign,Clinic A,Appointment Booked,43,Yes,26-12-2025
L06377,03-09-2025,P06377,Facebook,Root Canal,Clinic C,Appointment Booked,12,Yes,15-09-2025
L06378,06-10-2025,,Google Ads,Root Canal,Clinic A,Contacted - No Appointment,20,No,
L06379,10-09-2025,,Google Ads,Root Canal,Clinic B,Contacted - No Appointment,26,No,
L06380,12-01-2025,,Google Ads,Root Canal,Clinic A,Contacted - No Appointment,8,No,
L06381,05-12-2025,,Google Organic,Invisalign,Clinic D,Contacted - No Appointment,1,No,
L06382,23-02-2025,,Google Ads,Dental Implant,Clinic B,Contacted - No Appointment,12,No,
L06383,22-02-2025,,Google Organic,Teeth Whitening,Clinic C,Contacted - No Appointment,6,No,
L06384,27-09-2025,,Google Ads,Root Canal,Clinic C,Contacted - No Appointment,11,No,
L06385,04-05-2025,,Referral,Root Canal,Clinic B,Contacted - No Appointment,20,No,
L06386,02-07-2025,,Facebook,Dental Crown,Clinic A,Contacted - No Appointment,3,No,
L06387,20-10-2025,,Google Ads,General Dentistry,Clinic C,Contacted - No Appointment,16,No,
L06388,14-01-2025,P06388,Referral,Teeth Whitening,Clinic A,Appointment Booked,16,Yes,15-01-2025
L06389,15-04-2025,P06389,Google Ads,Dental Implant,Clinic A,Appointment Booked,24,Yes,24-04-2025
L06390,21-10-2025,,Instagram,General Dentistry,Clinic C,Contacted - No Appointment,20,No,
L06391,29-09-2025,,Instagram,General Dentistry,Clinic A,Contacted - No Appointment,21,No,
L06392,06-01-2025,P06392,Facebook,Root Canal,Clinic B,Appointment Booked,18,Yes,08-01-2025
L06393,23-11-2025,P06393,Referral,General Dentistry,Clinic B,Appointment Booked,26,Yes,24-11-2025
L06394,17-03-2025,P06394,Google Organic,Root Canal,Clinic B,Appointment Booked,24,Yes,28-03-2025
L06395,22-11-2025,,Google Organic,Root Canal,Clinic C,Contacted - No Appointment,5,No,
L06396,07-05-2025,,Referral,Invisalign,Clinic C,Contacted - No Appointment,33,No,
L06397,22-11-2025,P06397,Facebook,Dental Crown,Clinic C,Appointment Booked,15,Yes,30-11-2025
L06398,31-05-2025,,Google Ads,Invisalign,Clinic C,Contacted - No Appointment,36,No,
L06399,12-08-2025,P06399,Google Organic,Dental Implant,Clinic B,Appointment Booked,21,Yes,25-08-2025
L06400,01-08-2025,,Facebook,Dental Implant,Clinic B,Contacted - No Appointment,36,No,
L06401,28-02-2025,,Google Ads,Invisalign,Clinic B,Contacted - No Appointment,31,No,
L06402,10-07-2025,,Facebook,Root Canal,Clinic B,Contacted - No Appointment,9,No,
L06403,27-04-2025,,Referral,Dental Crown,Clinic D,Contacted - No Appointment,10,No,
L06404,23-09-2025,,Google Ads,Invisalign,Clinic D,Contacted - No Appointment,40,No,
L06405,14-02-2025,P06405,Google Organic,General Dentistry,Clinic A,Appointment Booked,28,Yes,26-02-2025
L06406,15-02-2025,,Facebook,Invisalign,Clinic A,Contacted - No Appointment,41,No,
L06407,07-02-2025,P06407,Google Ads,Root Canal,Clinic A,Appointment Booked,8,Yes,21-02-2025
L06408,09-09-2025,,Google Organic,Dental Implant,Clinic A,Contacted - No Appointment,13,No,
L06409,13-07-2025,,Referral,Invisalign,Clinic A,Contacted - No Appointment,15,No,
L06410,19-02-2025,P06410,Google Ads,Dental Implant,Clinic C,Appointment Booked,25,Yes,03-03-2025
L06411,21-05-2025,P06411,Facebook,Dental Crown,Clinic D,Appointment Booked,11,Yes,24-05-2025
L06412,06-12-2025,,Facebook,Teeth Whitening,Clinic C,Contacted - No Appointment,33,No,
L06413,10-11-2025,P06413,Google Organic,Invisalign,Clinic A,Appointment Booked,22,Yes,20-11-2025
L06414,01-10-2025,,Google Ads,Root Canal,Clinic B,Contacted - No Appointment,22,No,
L06415,01-12-2025,P06415,Google Ads,Dental Implant,Clinic B,Appointment Booked,22,Yes,08-12-2025
L06416,17-11-2025,P06416,Google Organic,General Dentistry,Clinic D,Appointment Booked,15,Yes,26-11-2025
L06417,27-08-2025,,Facebook,Teeth Whitening,Clinic D,Contacted - No Appointment,23,No,
L06418,31-07-2025,P06418,Facebook,Dental Implant,Clinic D,Appointment Booked,27,Yes,14-08-2025
L06419,01-08-2025,,Referral,Root Canal,Clinic B,Contacted - No Appointment,13,No,
L06420,07-10-2025,P06420,Referral,General Dentistry,Clinic C,Appointment Booked,11,Yes,21-10-2025
L06421,16-11-2025,,Referral,Root Canal,Clinic A,Contacted - No Appointment,17,No,
L06422,05-02-2025,P06422,Google Ads,Root Canal,Clinic C,Appointment Booked,17,Yes,07-02-2025
L06423,25-04-2025,P06423,Referral,Root Canal,Clinic A,Appointment Booked,31,Yes,05-05-2025
L06424,14-12-2025,,Google Organic,Dental Crown,Clinic B,Contacted - No Appointment,14,No,
L06425,04-06-2025,,Google Ads,General Dentistry,Clinic C,Contacted - No Appointment,32,No,
L06426,02-03-2025,P06426,Instagram,General Dentistry,Clinic A,Appointment Booked,37,Yes,16-03-2025
L06427,10-11-2025,P06427,Google Ads,Teeth Whitening,Clinic A,Appointment Booked,17,Yes,13-11-2025
L06428,25-07-2025,,Google Organic,Root Canal,Clinic A,Contacted - No Appointment,21,No,
L06429,28-12-2025,,Google Organic,Root Canal,Clinic A,Contacted - No Appointment,32,No,
L06430,02-08-2025,,Google Organic,Root Canal,Clinic A,Contacted - No Appointment,41,No,
L06431,24-10-2025,,Google Ads,General Dentistry,Clinic A,Contacted - No Appointment,20,No,
L06432,08-03-2025,P06432,Instagram,Teeth Whitening,Clinic A,Appointment Booked,11,Yes,17-03-2025
L06433,30-07-2025,,Google Ads,Root Canal,Clinic A,Contacted - No Appointment,32,No,
L06434,13-01-2025,P06434,Referral,Dental Implant,Clinic D,Appointment Booked,18,Yes,15-01-2025
L06435,04-02-2025,P06435,Google Organic,Root Canal,Clinic B,Appointment Booked,10,Yes,12-02-2025
L06436,27-01-2025,,Google Ads,General Dentistry,Clinic A,Contacted - No Appointment,41,No,
L06437,21-06-2025,,Google Ads,Root Canal,Clinic C,Contacted - No Appointment,22,No,
L06438,04-10-2025,,Instagram,Invisalign,Clinic D,Contacted - No Appointment,43,No,
L06439,15-08-2025,,Facebook,Dental Implant,Clinic C,Contacted - No Appointment,30,No,
L06440,08-04-2025,,Google Organic,Root Canal,Clinic B,Contacted - No Appointment,18,No,
L06441,23-02-2025,,Google Ads,General Dentistry,Clinic C,Contacted - No Appointment,35,No,
L06442,25-03-2025,,Instagram,General Dentistry,Clinic C,Contacted - No Appointment,32,No,
L06443,12-01-2025,,Google Ads,General Dentistry,Clinic C,Contacted - No Appointment,9,No,
L06444,26-07-2025,P06444,Facebook,Teeth Whitening,Clinic C,Appointment Booked,30,Yes,08-08-2025
L06445,01-05-2025,P06445,Referral,Dental Crown,Clinic D,Appointment Booked,55,Yes,07-05-2025
L06446,25-12-2025,,Instagram,Dental Crown,Clinic D,Contacted - No Appointment,18,No,
L06447,19-07-2025,P06447,Google Ads,Root Canal,Clinic C,Appointment Booked,32,Yes,30-07-2025
L06448,18-11-2025,P06448,Referral,Teeth Whitening,Clinic B,Appointment Booked,63,Yes,25-11-2025
L06449,13-07-2025,P06449,Google Ads,Root Canal,Clinic C,Appointment Booked,16,Yes,23-07-2025
L06450,23-03-2025,,Google Organic,Dental Crown,Clinic D,Contacted - No Appointment,23,No,
L06451,22-08-2025,,Facebook,Dental Implant,Clinic A,Contacted - No Appointment,22,No,
L06452,25-05-2025,P06452,Google Ads,Invisalign,Clinic D,Appointment Booked,20,Yes,31-05-2025
L06453,01-06-2025,,Google Ads,General Dentistry,Clinic A,Not Contacted/Cold,62,No,
L06454,09-10-2025,,Google Ads,General Dentistry,Clinic B,Contacted - No Appointment,6,No,
L06455,01-08-2025,P06455,Referral,Root Canal,Clinic D,Appointment Booked,19,Yes,11-08-2025
L06456,23-10-2025,,Referral,Dental Implant,Clinic A,Contacted - No Appointment,17,No,
L06457,04-02-2025,,Facebook,General Dentistry,Clinic B,Contacted - No Appointment,18,No,
L06458,28-07-2025,,Google Ads,Teeth Whitening,Clinic A,Contacted - No Appointment,9,No,
L06459,07-06-2025,,Referral,Root Canal,Clinic B,Contacted - No Appointment,38,No,
L06460,13-06-2025,P06460,Facebook,Dental Crown,Clinic A,Appointment Booked,29,Yes,21-06-2025
L06461,27-11-2025,,Facebook,Root Canal,Clinic B,Contacted - No Appointment,12,No,
L06462,18-01-2025,,Facebook,Root Canal,Clinic B,Contacted - No Appointment,14,No,
L06463,18-06-2025,P06463,Facebook,General Dentistry,Clinic D,Appointment Booked,8,Yes,19-06-2025
L06464,30-06-2025,P06464,Facebook,Dental Implant,Clinic D,Appointment Booked,15,Yes,09-07-2025
L06465,01-04-2025,,Instagram,Dental Implant,Clinic A,Contacted - No Appointment,23,No,
L06466,01-10-2025,P06466,Facebook,Dental Implant,Clinic C,Appointment Booked,7,Yes,15-10-2025
L06467,11-01-2025,,Referral,Invisalign,Clinic A,Contacted - No Appointment,16,No,
L06468,29-12-2025,,Facebook,Dental Implant,Clinic A,Contacted - No Appointment,5,No,
L06469,02-04-2025,P06469,Instagram,Invisalign,Clinic A,Appointment Booked,13,Yes,03-04-2025
L06470,01-01-2025,P06470,Google Ads,Dental Implant,Clinic D,Appointment Booked,24,Yes,03-01-2025
L06471,06-10-2025,,Google Organic,Invisalign,Clinic D,Contacted - No Appointment,16,No,
L06472,05-06-2025,,Google Ads,Invisalign,Clinic A,Contacted - No Appointment,6,No,
L06473,04-10-2025,,Google Ads,Dental Implant,Clinic A,Contacted - No Appointment,23,No,
L06474,03-10-2025,,Google Organic,Dental Crown,Clinic A,Contacted - No Appointment,18,No,
L06475,21-02-2025,P06475,Google Ads,Dental Crown,Clinic C,Appointment Booked,12,Yes,22-02-2025
L06476,11-04-2025,,Instagram,Dental Implant,Clinic C,Contacted - No Appointment,15,No,
L06477,13-06-2025,,Referral,Dental Crown,Clinic A,Contacted - No Appointment,15,No,
L06478,12-04-2025,P06478,Facebook,General Dentistry,Clinic D,Appointment Booked,10,Yes,24-04-2025
L06479,21-03-2025,P06479,Google Ads,General Dentistry,Clinic B,Appointment Booked,39,Yes,26-03-2025
L06480,03-07-2025,,Facebook,Dental Implant,Clinic D,Contacted - No Appointment,42,No,
L06481,13-03-2025,,Google Organic,Teeth Whitening,Clinic C,Contacted - No Appointment,2,No,
L06482,20-06-2025,,Facebook,Root Canal,Clinic B,Contacted - No Appointment,19,No,
L06483,09-10-2025,P06483,Google Organic,Dental Implant,Clinic D,Appointment Booked,47,Yes,12-10-2025
L06484,22-10-2025,P06484,Google Organic,Invisalign,Clinic D,Appointment Booked,14,Yes,26-10-2025
L06485,24-06-2025,,Facebook,Invisalign,Clinic B,Contacted - No Appointment,35,No,
L06486,11-10-2025,,Google Organic,Root Canal,Clinic B,Contacted - No Appointment,30,No,
L06487,09-10-2025,,Facebook,Dental Crown,Clinic D,Contacted - No Appointment,10,No,
L06488,17-03-2025,,Facebook,Teeth Whitening,Clinic A,Contacted - No Appointment,18,No,
L06489,17-01-2025,P06489,Google Organic,Invisalign,Clinic A,Appointment Booked,19,Yes,18-01-2025
L06490,04-08-2025,,Google Ads,Invisalign,Clinic B,Contacted - No Appointment,13,No,
L06491,23-01-2025,P06491,Google Ads,Invisalign,Clinic D,Appointment Booked,26,Yes,31-01-2025
L06492,21-04-2025,P06492,Instagram,Root Canal,Clinic D,Appointment Booked,31,Yes,28-04-2025
L06493,28-03-2025,P06493,Instagram,General Dentistry,Clinic D,Appointment Booked,21,Yes,08-04-2025
L06494,23-10-2025,,Facebook,Teeth Whitening,Clinic C,Contacted - No Appointment,33,No,
L06495,26-10-2025,P06495,Google Organic,General Dentistry,Clinic A,Appointment Booked,22,Yes,31-10-2025
L06496,17-07-2025,P06496,Facebook,Dental Crown,Clinic C,Appointment Booked,19,Yes,22-07-2025
L06497,21-08-2025,P06497,Referral,Root Canal,Clinic D,Appointment Booked,4,Yes,22-08-2025
L06498,06-11-2025,P06498,Google Organic,Root Canal,Clinic A,Appointment Booked,7,Yes,15-11-2025
L06499,24-07-2025,P06499,Facebook,Root Canal,Clinic A,Appointment Booked,53,Yes,07-08-2025
L06500,21-01-2025,P06500,Facebook,Root Canal,Clinic A,Appointment Booked,28,Yes,01-02-2025
L06501,21-06-2025,P06501,Instagram,General Dentistry,Clinic C,Appointment Booked,46,Yes,24-06-2025
L06502,25-11-2025,P06502,Referral,Root Canal,Clinic D,Appointment Booked,17,Yes,26-11-2025
L06503,19-09-2025,,Google Ads,Invisalign,Clinic C,Not Contacted/Cold,74,No,
L06504,13-11-2025,,Facebook,Teeth Whitening,Clinic D,Contacted - No Appointment,18,No,
L06505,25-04-2025,P06505,Google Ads,General Dentistry,Clinic A,Appointment Booked,17,Yes,07-05-2025
L06506,09-10-2025,P06506,Google Ads,Root Canal,Clinic D,Appointment Booked,5,Yes,13-10-2025
L06507,27-06-2025,,Google Organic,Dental Crown,Clinic D,Contacted - No Appointment,33,No,
L06508,08-04-2025,,Google Ads,Dental Implant,Clinic B,Not Contacted/Cold,46,No,
L06509,27-12-2025,,Instagram,Root Canal,Clinic D,Not Contacted/Cold,60,No,
L06510,22-01-2025,P06510,Referral,Dental Implant,Clinic B,Appointment Booked,20,Yes,01-02-2025
L06511,09-09-2025,,Referral,Dental Implant,Clinic D,Contacted - No Appointment,11,No,
L06512,04-11-2025,,Google Ads,Dental Crown,Clinic D,Contacted - No Appointment,18,No,
L06513,10-12-2025,P06513,Google Organic,Invisalign,Clinic D,Appointment Booked,28,Yes,22-12-2025
L06514,27-02-2025,,Referral,Teeth Whitening,Clinic C,Contacted - No Appointment,16,No,
L06515,17-06-2025,,Google Ads,General Dentistry,Clinic A,Contacted - No Appointment,17,No,
L06516,17-01-2025,,Facebook,Dental Implant,Clinic C,Contacted - No Appointment,19,No,
L06517,12-09-2025,P06517,Referral,Teeth Whitening,Clinic B,Appointment Booked,20,Yes,23-09-2025
L06518,25-01-2025,,Google Ads,Root Canal,Clinic D,Contacted - No Appointment,7,No,
L06519,20-07-2025,P06519,Referral,Dental Implant,Clinic D,Appointment Booked,23,Yes,28-07-2025
L06520,14-03-2025,P06520,Facebook,Dental Crown,Clinic D,Appointment Booked,10,Yes,22-03-2025
L06521,30-07-2025,,Google Ads,Dental Crown,Clinic A,Contacted - No Appointment,21,No,
L06522,17-11-2025,,Facebook,Root Canal,Clinic D,Contacted - No Appointment,5,No,
L06523,22-03-2025,,Facebook,General Dentistry,Clinic D,Contacted - No Appointment,40,No,
L06524,20-09-2025,,Google Ads,Root Canal,Clinic D,Contacted - No Appointment,20,No,
L06525,11-12-2025,P06525,Facebook,General Dentistry,Clinic A,Appointment Booked,17,Yes,17-12-2025
L06526,24-10-2025,,Facebook,Root Canal,Clinic A,Contacted - No Appointment,37,No,
L06527,23-07-2025,P06527,Facebook,Dental Implant,Clinic A,Appointment Booked,28,Yes,06-08-2025
L06528,06-01-2025,,Google Ads,Root Canal,Clinic C,Contacted - No Appointment,16,No,
L06529,08-06-2025,P06529,Google Organic,Invisalign,Clinic C,Appointment Booked,43,Yes,20-06-2025
L06530,19-05-2025,P06530,Facebook,Dental Crown,Clinic D,Appointment Booked,20,Yes,01-06-2025
L06531,31-05-2025,P06531,Google Organic,Dental Crown,Clinic B,Appointment Booked,19,Yes,03-06-2025
L06532,15-01-2025,,Google Organic,Root Canal,Clinic B,Contacted - No Appointment,22,No,
L06533,20-03-2025,,Facebook,Dental Implant,Clinic C,Not Contacted/Cold,63,No,
L06534,30-06-2025,,Google Ads,Root Canal,Clinic D,Contacted - No Appointment,5,No,
L06535,13-06-2025,,Referral,Dental Implant,Clinic D,Not Contacted/Cold,67,No,
L06536,07-07-2025,,Google Organic,Dental Crown,Clinic D,Contacted - No Appointment,37,No,
L06537,08-03-2025,P06537,Google Ads,Teeth Whitening,Clinic B,Appointment Booked,16,Yes,11-03-2025
L06538,22-01-2025,,Google Organic,General Dentistry,Clinic C,Contacted - No Appointment,14,No,
L06539,01-06-2025,,Google Ads,Dental Implant,Clinic D,Contacted - No Appointment,24,No,
L06540,08-06-2025,,Google Ads,Root Canal,Clinic B,Contacted - No Appointment,27,No,
L06541,19-09-2025,,Facebook,Dental Crown,Clinic A,Contacted - No Appointment,42,No,
L06542,30-03-2025,,Google Ads,General Dentistry,Clinic A,Contacted - No Appointment,19,No,
L06543,14-10-2025,,Referral,Dental Crown,Clinic A,Contacted - No Appointment,19,No,
L06544,11-01-2025,P06544,Referral,Dental Implant,Clinic C,Appointment Booked,3,Yes,25-01-2025
L06545,09-09-2025,P06545,Instagram,Root Canal,Clinic A,Appointment Booked,13,Yes,19-09-2025
L06546,18-09-2025,,Google Ads,Dental Crown,Clinic A,Not Contacted/Cold,53,No,
L06547,24-11-2025,,Facebook,Teeth Whitening,Clinic B,Contacted - No Appointment,28,No,
L06548,20-09-2025,,Facebook,General Dentistry,Clinic C,Contacted - No Appointment,28,No,
L06549,02-12-2025,,Facebook,Invisalign,Clinic B,Contacted - No Appointment,15,No,
L06550,04-07-2025,,Google Ads,General Dentistry,Clinic C,Contacted - No Appointment,13,No,
L06551,28-09-2025,,Instagram,Dental Implant,Clinic A,Contacted - No Appointment,29,No,
L06552,15-03-2025,P06552,Facebook,General Dentistry,Clinic A,Appointment Booked,24,Yes,19-03-2025
L06553,19-08-2025,,Referral,General Dentistry,Clinic B,Contacted - No Appointment,29,No,
L06554,31-03-2025,,Referral,Dental Crown,Clinic B,Contacted - No Appointment,21,No,
L06555,22-07-2025,,Instagram,Teeth Whitening,Clinic B,Contacted - No Appointment,25,No,
L06556,12-06-2025,,Instagram,Dental Implant,Clinic A,Contacted - No Appointment,7,No,
L06557,30-06-2025,P06557,Google Ads,Dental Implant,Clinic D,Appointment Booked,57,Yes,02-07-2025
L06558,03-05-2025,,Google Ads,Dental Implant,Clinic C,Contacted - No Appointment,15,No,
L06559,26-05-2025,P06559,Referral,Dental Implant,Clinic A,Appointment Booked,22,Yes,08-06-2025
L06560,22-12-2025,,Google Organic,Root Canal,Clinic A,Contacted - No Appointment,3,No,
L06561,06-07-2025,P06561,Google Ads,Invisalign,Clinic D,Appointment Booked,13,Yes,07-07-2025
L06562,13-08-2025,P06562,Instagram,General Dentistry,Clinic C,Appointment Booked,21,Yes,26-08-2025
L06563,11-10-2025,P06563,Referral,Root Canal,Clinic B,Appointment Booked,28,Yes,16-10-2025
L06564,24-11-2025,,Facebook,Dental Crown,Clinic C,Contacted - No Appointment,4,No,
L06565,23-09-2025,,Google Ads,Dental Crown,Clinic D,Contacted - No Appointment,21,No,
L06566,11-08-2025,,Referral,Invisalign,Clinic D,Contacted - No Appointment,42,No,
L06567,18-09-2025,,Facebook,Invisalign,Clinic B,Contacted - No Appointment,26,No,
L06568,18-02-2025,,Facebook,Invisalign,Clinic B,Contacted - No Appointment,44,No,
L06569,05-03-2025,P06569,Google Ads,Teeth Whitening,Clinic A,Appointment Booked,28,Yes,13-03-2025
L06570,24-01-2025,P06570,Referral,Dental Crown,Clinic D,Appointment Booked,14,Yes,06-02-2025
L06571,09-03-2025,P06571,Google Organic,Invisalign,Clinic C,Appointment Booked,18,Yes,22-03-2025
L06572,13-12-2025,P06572,Facebook,Teeth Whitening,Clinic A,Appointment Booked,22,Yes,20-12-2025
L06573,06-09-2025,P06573,Google Ads,Dental Implant,Clinic D,Appointment Booked,29,Yes,17-09-2025
L06574,19-05-2025,,Facebook,Dental Crown,Clinic D,Contacted - No Appointment,31,No,
L06575,18-01-2025,,Google Ads,Root Canal,Clinic D,Contacted - No Appointment,15,No,
L06576,05-02-2025,,Google Ads,Teeth Whitening,Clinic D,Contacted - No Appointment,15,No,
L06577,18-04-2025,,Facebook,General Dentistry,Clinic D,Contacted - No Appointment,14,No,
L06578,21-07-2025,P06578,Google Ads,Teeth Whitening,Clinic A,Appointment Booked,6,Yes,29-07-2025
L06579,20-05-2025,P06579,Referral,Root Canal,Clinic D,Appointment Booked,36,Yes,25-05-2025
L06580,05-11-2025,P06580,Google Ads,Dental Implant,Clinic D,Appointment Booked,16,Yes,11-11-2025
L06581,18-01-2025,,Facebook,Teeth Whitening,Clinic A,Contacted - No Appointment,9,No,
L06582,27-01-2025,,Google Ads,Root Canal,Clinic A,Contacted - No Appointment,27,No,
L06583,27-05-2025,P06583,Google Organic,Dental Implant,Clinic D,Appointment Booked,29,Yes,06-06-2025
L06584,31-08-2025,P06584,Google Ads,Teeth Whitening,Clinic B,Appointment Booked,7,Yes,13-09-2025
L06585,26-12-2025,,Facebook,Invisalign,Clinic D,Contacted - No Appointment,41,No,
L06586,13-08-2025,,Google Organic,Dental Implant,Clinic A,Contacted - No Appointment,38,No,
L06587,20-06-2025,P06587,Referral,General Dentistry,Clinic A,Appointment Booked,22,Yes,04-07-2025
L06588,17-02-2025,P06588,Google Organic,Root Canal,Clinic B,Appointment Booked,21,Yes,28-02-2025
L06589,27-11-2025,,Google Ads,Invisalign,Clinic A,Contacted - No Appointment,35,No,
L06590,17-11-2025,,Google Ads,Teeth Whitening,Clinic C,Contacted - No Appointment,15,No,
L06591,04-08-2025,,Google Organic,General Dentistry,Clinic C,Contacted - No Appointment,41,No,
L06592,16-02-2025,P06592,Google Ads,Dental Implant,Clinic A,Appointment Booked,4,Yes,23-02-2025
L06593,15-03-2025,,Facebook,Dental Crown,Clinic A,Contacted - No Appointment,23,No,
L06594,08-04-2025,P06594,Referral,Teeth Whitening,Clinic B,Appointment Booked,19,Yes,15-04-2025
L06595,06-12-2025,,Google Organic,Invisalign,Clinic A,Contacted - No Appointment,7,No,
L06596,09-09-2025,,Google Organic,Root Canal,Clinic D,Contacted - No Appointment,36,No,
L06597,22-04-2025,P06597,Referral,Dental Implant,Clinic B,Appointment Booked,13,Yes,23-04-2025
L06598,14-02-2025,,Instagram,Teeth Whitening,Clinic A,Contacted - No Appointment,33,No,
L06599,03-09-2025,,Google Organic,General Dentistry,Clinic B,Contacted - No Appointment,28,No,
L06600,21-12-2025,,Facebook,Dental Implant,Clinic A,Contacted - No Appointment,11,No,
L06601,12-03-2025,,Referral,Teeth Whitening,Clinic A,Contacted - No Appointment,4,No,
L06602,26-07-2025,P06602,Google Ads,Teeth Whitening,Clinic A,Appointment Booked,26,Yes,03-08-2025
L06603,23-10-2025,,Instagram,Invisalign,Clinic D,Contacted - No Appointment,29,No,
L06604,05-10-2025,P06604,Google Ads,Dental Crown,Clinic D,Appointment Booked,24,Yes,07-10-2025
L06605,05-05-2025,,Google Ads,Dental Implant,Clinic D,Contacted - No Appointment,11,No,
L06606,17-02-2025,,Instagram,General Dentistry,Clinic B,Not Contacted/Cold,63,No,
L06607,23-10-2025,,Facebook,Dental Crown,Clinic B,Contacted - No Appointment,19,No,
L06608,01-09-2025,P06608,Instagram,Dental Crown,Clinic C,Appointment Booked,5,Yes,14-09-2025
L06609,21-08-2025,,Instagram,Dental Crown,Clinic C,Contacted - No Appointment,36,No,
L06610,10-11-2025,P06610,Facebook,Dental Crown,Clinic D,Appointment Booked,12,Yes,24-11-2025
L06611,18-11-2025,P06611,Google Ads,General Dentistry,Clinic A,Appointment Booked,30,Yes,21-11-2025
L06612,06-11-2025,,Facebook,Dental Crown,Clinic A,Contacted - No Appointment,10,No,
L06613,06-07-2025,,Google Organic,General Dentistry,Clinic C,Contacted - No Appointment,20,No,
L06614,17-04-2025,,Facebook,Dental Crown,Clinic D,Contacted - No Appointment,8,No,
L06615,16-04-2025,P06615,Facebook,Dental Implant,Clinic D,Appointment Booked,19,Yes,17-04-2025
L06616,06-10-2025,,Facebook,General Dentistry,Clinic C,Contacted - No Appointment,11,No,
L06617,04-01-2025,,Referral,Dental Crown,Clinic D,Contacted - No Appointment,16,No,
L06618,26-11-2025,P06618,Instagram,Dental Crown,Clinic C,Appointment Booked,13,Yes,30-11-2025
L06619,28-10-2025,,Google Ads,General Dentistry,Clinic D,Contacted - No Appointment,37,No,
L06620,04-08-2025,,Referral,Dental Implant,Clinic D,Not Contacted/Cold,46,No,
L06621,10-11-2025,P06621,Google Organic,Root Canal,Clinic D,Appointment Booked,13,Yes,15-11-2025
L06622,17-06-2025,P06622,Google Organic,Invisalign,Clinic B,Appointment Booked,40,Yes,24-06-2025
L06623,30-11-2025,,Facebook,Dental Crown,Clinic A,Not Contacted/Cold,61,No,
L06624,03-11-2025,P06624,Google Organic,Teeth Whitening,Clinic C,Appointment Booked,7,Yes,13-11-2025
L06625,20-09-2025,P06625,Facebook,General Dentistry,Clinic B,Appointment Booked,18,Yes,26-09-2025
L06626,28-04-2025,P06626,Google Organic,Root Canal,Clinic D,Appointment Booked,15,Yes,07-05-2025
L06627,19-11-2025,,Referral,Teeth Whitening,Clinic A,Not Contacted/Cold,59,No,
L06628,13-10-2025,,Referral,General Dentistry,Clinic A,Contacted - No Appointment,23,No,
L06629,18-08-2025,,Facebook,Dental Crown,Clinic D,Not Contacted/Cold,61,No,
L06630,29-08-2025,,Referral,Invisalign,Clinic A,Contacted - No Appointment,32,No,
L06631,09-01-2025,,Google Ads,Dental Crown,Clinic B,Contacted - No Appointment,35,No,
L06632,01-03-2025,,Google Ads,General Dentistry,Clinic B,Contacted - No Appointment,19,No,
L06633,03-10-2025,P06633,Facebook,General Dentistry,Clinic C,Appointment Booked,28,Yes,09-10-2025
L06634,26-06-2025,,Instagram,Dental Crown,Clinic A,Contacted - No Appointment,26,No,
L06635,15-02-2025,P06635,Google Ads,General Dentistry,Clinic D,Appointment Booked,28,Yes,28-02-2025
L06636,02-01-2025,P06636,Facebook,Invisalign,Clinic B,Appointment Booked,4,Yes,09-01-2025
L06637,11-12-2025,,Google Ads,Invisalign,Clinic D,Not Contacted/Cold,52,No,
L06638,04-08-2025,P06638,Instagram,General Dentistry,Clinic B,Appointment Booked,29,Yes,12-08-2025
L06639,07-04-2025,,Referral,Dental Implant,Clinic B,Contacted - No Appointment,18,No,
L06640,08-05-2025,P06640,Google Organic,Invisalign,Clinic A,Appointment Booked,35,Yes,12-05-2025
L06641,20-12-2025,,Facebook,Root Canal,Clinic A,Contacted - No Appointment,18,No,
L06642,01-10-2025,,Referral,Dental Crown,Clinic C,Contacted - No Appointment,40,No,
L06643,02-12-2025,,Instagram,Dental Crown,Clinic A,Contacted - No Appointment,13,No,
L06644,21-06-2025,,Google Organic,Invisalign,Clinic B,Not Contacted/Cold,54,No,
L06645,15-12-2025,P06645,Instagram,General Dentistry,Clinic C,Appointment Booked,23,Yes,22-12-2025
L06646,05-12-2025,,Referral,General Dentistry,Clinic B,Not Contacted/Cold,53,No,
L06647,06-06-2025,,Google Organic,Root Canal,Clinic A,Not Contacted/Cold,67,No,
L06648,11-01-2025,,Facebook,Root Canal,Clinic D,Contacted - No Appointment,15,No,
L06649,28-04-2025,P06649,Facebook,Teeth Whitening,Clinic D,Appointment Booked,1,Yes,04-05-2025
L06650,21-06-2025,P06650,Google Organic,Dental Crown,Clinic A,Appointment Booked,1,Yes,25-06-2025
L06651,21-01-2025,,Instagram,Root Canal,Clinic A,Contacted - No Appointment,8,No,
L06652,26-07-2025,P06652,Instagram,Root Canal,Clinic D,Appointment Booked,7,Yes,06-08-2025
L06653,31-07-2025,,Facebook,Invisalign,Clinic A,Contacted - No Appointment,14,No,
L06654,18-11-2025,P06654,Facebook,Invisalign,Clinic D,Appointment Booked,39,Yes,19-11-2025
L06655,30-03-2025,,Instagram,Root Canal,Clinic A,Contacted - No Appointment,16,No,
L06656,10-09-2025,,Google Organic,Dental Crown,Clinic D,Contacted - No Appointment,26,No,
L06657,13-04-2025,P06657,Google Organic,Teeth Whitening,Clinic B,Appointment Booked,33,Yes,26-04-2025
L06658,31-07-2025,,Google Ads,Teeth Whitening,Clinic D,Contacted - No Appointment,31,No,
L06659,24-04-2025,P06659,Google Ads,Root Canal,Clinic B,Appointment Booked,7,Yes,08-05-2025
L06660,03-02-2025,,Google Ads,Teeth Whitening,Clinic C,Contacted - No Appointment,9,No,
L06661,14-08-2025,P06661,Google Ads,Dental Implant,Clinic A,Appointment Booked,11,Yes,21-08-2025
L06662,09-08-2025,,Google Ads,Root Canal,Clinic A,Contacted - No Appointment,10,No,
L06663,21-09-2025,,Google Organic,Teeth Whitening,Clinic D,Contacted - No Appointment,22,No,
L06664,10-06-2025,,Referral,Dental Crown,Clinic C,Contacted - No Appointment,11,No,
L06665,07-11-2025,,Facebook,Root Canal,Clinic D,Contacted - No Appointment,16,No,
L06666,14-06-2025,P06666,Instagram,Dental Crown,Clinic B,Appointment Booked,24,Yes,21-06-2025
L06667,17-07-2025,,Google Organic,General Dentistry,Clinic D,Contacted - No Appointment,2,No,
L06668,19-01-2025,,Referral,Dental Crown,Clinic B,Contacted - No Appointment,12,No,
L06669,06-06-2025,P06669,Referral,Teeth Whitening,Clinic D,Appointment Booked,10,Yes,12-06-2025
L06670,29-06-2025,,Google Ads,General Dentistry,Clinic D,Contacted - No Appointment,19,No,
L06671,07-01-2025,,Google Ads,Teeth Whitening,Clinic B,Contacted - No Appointment,22,No,
L06672,21-05-2025,,Google Ads,Dental Crown,Clinic D,Contacted - No Appointment,41,No,
L06673,15-07-2025,,Instagram,Dental Implant,Clinic D,Contacted - No Appointment,36,No,
L06674,10-03-2025,,Google Organic,Root Canal,Clinic A,Contacted - No Appointment,13,No,
L06675,21-10-2025,,Facebook,Dental Crown,Clinic C,Contacted - No Appointment,15,No,
L06676,03-12-2025,,Referral,Teeth Whitening,Clinic A,Contacted - No Appointment,16,No,
L06677,09-03-2025,,Facebook,Root Canal,Clinic D,Contacted - No Appointment,33,No,
L06678,27-07-2025,P06678,Referral,General Dentistry,Clinic A,Appointment Booked,44,Yes,06-08-2025
L06679,03-01-2025,P06679,Google Ads,Invisalign,Clinic A,Appointment Booked,28,Yes,15-01-2025
L06680,10-09-2025,P06680,Google Ads,Teeth Whitening,Clinic B,Appointment Booked,22,Yes,23-09-2025
L06681,30-11-2025,P06681,Facebook,Root Canal,Clinic C,Appointment Booked,5,Yes,05-12-2025
L06682,26-05-2025,,Google Ads,Root Canal,Clinic D,Contacted - No Appointment,18,No,
L06683,01-08-2025,P06683,Google Organic,Teeth Whitening,Clinic D,Appointment Booked,35,Yes,05-08-2025
L06684,10-01-2025,P06684,Google Ads,Invisalign,Clinic B,Appointment Booked,19,Yes,15-01-2025
L06685,21-12-2025,P06685,Google Organic,Dental Implant,Clinic A,Appointment Booked,18,Yes,04-01-2026
L06686,07-09-2025,,Google Ads,Root Canal,Clinic C,Contacted - No Appointment,6,No,
L06687,16-04-2025,,Google Ads,Root Canal,Clinic C,Not Contacted/Cold,46,No,
L06688,28-12-2025,P06688,Google Organic,Teeth Whitening,Clinic B,Appointment Booked,6,Yes,02-01-2026
L06689,19-01-2025,P06689,Referral,General Dentistry,Clinic B,Appointment Booked,47,Yes,30-01-2025
L06690,01-09-2025,,Facebook,Dental Implant,Clinic B,Contacted - No Appointment,22,No,
L06691,26-11-2025,P06691,Referral,Dental Crown,Clinic B,Appointment Booked,56,Yes,03-12-2025
L06692,24-04-2025,P06692,Instagram,Dental Crown,Clinic D,Appointment Booked,33,Yes,05-05-2025
L06693,02-04-2025,,Facebook,General Dentistry,Clinic C,Contacted - No Appointment,36,No,
L06694,11-04-2025,,Google Organic,General Dentistry,Clinic D,Contacted - No Appointment,17,No,
L06695,21-01-2025,,Google Ads,Teeth Whitening,Clinic C,Contacted - No Appointment,19,No,
L06696,22-05-2025,,Google Ads,Root Canal,Clinic A,Contacted - No Appointment,17,No,
L06697,28-01-2025,P06697,Instagram,Dental Implant,Clinic D,Appointment Booked,10,Yes,30-01-2025
L06698,28-10-2025,P06698,Facebook,Root Canal,Clinic C,Appointment Booked,22,Yes,30-10-2025
L06699,06-01-2025,,Google Ads,Dental Crown,Clinic A,Contacted - No Appointment,9,No,
L06700,09-06-2025,,Google Ads,Teeth Whitening,Clinic C,Contacted - No Appointment,13,No,
L06701,12-02-2025,P06701,Google Organic,Dental Crown,Clinic B,Appointment Booked,12,Yes,19-02-2025
L06702,14-04-2025,,Google Organic,Teeth Whitening,Clinic D,Contacted - No Appointment,13,No,
L06703,19-08-2025,P06703,Facebook,Root Canal,Clinic B,Appointment Booked,11,Yes,01-09-2025
L06704,28-10-2025,,Referral,Teeth Whitening,Clinic C,Contacted - No Appointment,5,No,
L06705,19-02-2025,P06705,Facebook,Dental Implant,Clinic A,Appointment Booked,8,Yes,02-03-2025
L06706,30-08-2025,P06706,Google Organic,Dental Implant,Clinic B,Appointment Booked,26,Yes,09-09-2025
L06707,25-02-2025,,Referral,Dental Implant,Clinic D,Contacted - No Appointment,15,No,
L06708,18-12-2025,P06708,Google Organic,General Dentistry,Clinic D,Appointment Booked,16,Yes,24-12-2025
L06709,01-11-2025,,Facebook,Dental Implant,Clinic A,Contacted - No Appointment,44,No,
L06710,24-09-2025,,Google Organic,Teeth Whitening,Clinic B,Not Contacted/Cold,60,No,
L06711,29-06-2025,,Facebook,Invisalign,Clinic B,Not Contacted/Cold,50,No,
L06712,27-04-2025,,Instagram,Root Canal,Clinic C,Not Contacted/Cold,47,No,
L06713,17-09-2025,,Google Ads,General Dentistry,Clinic D,Contacted - No Appointment,32,No,
L06714,03-04-2025,,Facebook,Dental Crown,Clinic C,Contacted - No Appointment,40,No,
L06715,01-03-2025,,Google Ads,Invisalign,Clinic B,Contacted - No Appointment,41,No,
L06716,10-09-2025,,Google Ads,Invisalign,Clinic D,Contacted - No Appointment,43,No,
L06717,18-09-2025,,Instagram,General Dentistry,Clinic B,Contacted - No Appointment,8,No,
L06718,01-05-2025,P06718,Referral,Root Canal,Clinic A,Appointment Booked,17,Yes,13-05-2025
L06719,24-07-2025,,Google Ads,Dental Crown,Clinic C,Contacted - No Appointment,22,No,
L06720,04-08-2025,,Google Ads,Root Canal,Clinic D,Contacted - No Appointment,6,No,
L06721,12-06-2025,,Facebook,Root Canal,Clinic D,Contacted - No Appointment,5,No,
L06722,15-03-2025,,Instagram,Invisalign,Clinic C,Contacted - No Appointment,24,No,
L06723,15-10-2025,,Google Ads,Dental Crown,Clinic C,Contacted - No Appointment,10,No,
L06724,11-05-2025,P06724,Google Ads,Teeth Whitening,Clinic D,Appointment Booked,26,Yes,16-05-2025
L06725,05-09-2025,,Facebook,Invisalign,Clinic B,Contacted - No Appointment,27,No,
L06726,26-12-2025,,Google Organic,Teeth Whitening,Clinic B,Contacted - No Appointment,17,No,
L06727,27-09-2025,,Google Ads,General Dentistry,Clinic D,Contacted - No Appointment,18,No,
L06728,25-10-2025,,Facebook,General Dentistry,Clinic D,Contacted - No Appointment,13,No,
L06729,30-01-2025,,Instagram,Dental Implant,Clinic B,Contacted - No Appointment,7,No,
L06730,27-11-2025,,Google Ads,Invisalign,Clinic B,Contacted - No Appointment,24,No,
L06731,29-01-2025,,Google Ads,General Dentistry,Clinic B,Contacted - No Appointment,17,No,
L06732,06-06-2025,,Facebook,Invisalign,Clinic A,Contacted - No Appointment,8,No,
L06733,05-10-2025,P06733,Referral,Dental Implant,Clinic D,Appointment Booked,16,Yes,10-10-2025
L06734,03-03-2025,,Google Ads,General Dentistry,Clinic B,Contacted - No Appointment,37,No,
L06735,16-09-2025,,Facebook,Invisalign,Clinic D,Contacted - No Appointment,5,No,
L06736,15-05-2025,P06736,Facebook,Root Canal,Clinic A,Appointment Booked,20,Yes,29-05-2025
L06737,14-11-2025,P06737,Referral,Root Canal,Clinic C,Appointment Booked,8,Yes,20-11-2025
L06738,06-06-2025,,Google Ads,General Dentistry,Clinic A,Contacted - No Appointment,16,No,
L06739,16-01-2025,,Instagram,Invisalign,Clinic D,Contacted - No Appointment,3,No,
L06740,26-09-2025,P06740,Google Organic,General Dentistry,Clinic C,Appointment Booked,5,Yes,06-10-2025
L06741,25-08-2025,,Referral,Dental Crown,Clinic C,Contacted - No Appointment,5,No,
L06742,10-08-2025,,Google Organic,Root Canal,Clinic A,Not Contacted/Cold,55,No,
L06743,24-04-2025,,Facebook,Invisalign,Clinic A,Contacted - No Appointment,24,No,
L06744,18-09-2025,P06744,Facebook,Invisalign,Clinic A,Appointment Booked,10,Yes,30-09-2025
L06745,10-11-2025,P06745,Facebook,Dental Crown,Clinic B,Appointment Booked,10,Yes,13-11-2025
L06746,28-02-2025,,Instagram,Root Canal,Clinic C,Contacted - No Appointment,31,No,
L06747,22-07-2025,,Google Organic,General Dentistry,Clinic C,Contacted - No Appointment,27,No,
L06748,17-02-2025,P06748,Google Organic,Root Canal,Clinic C,Appointment Booked,18,Yes,28-02-2025
L06749,17-07-2025,,Facebook,Root Canal,Clinic C,Not Contacted/Cold,47,No,
L06750,29-04-2025,,Google Organic,Root Canal,Clinic B,Contacted - No Appointment,10,No,
L06751,07-08-2025,P06751,Referral,Teeth Whitening,Clinic A,Appointment Booked,5,Yes,19-08-2025
L06752,20-05-2025,,Referral,Root Canal,Clinic A,Contacted - No Appointment,45,No,
L06753,12-02-2025,P06753,Google Organic,Invisalign,Clinic D,Appointment Booked,13,Yes,15-02-2025
L06754,11-03-2025,P06754,Instagram,General Dentistry,Clinic C,Appointment Booked,5,Yes,25-03-2025
L06755,11-01-2025,P06755,Facebook,Dental Crown,Clinic A,Appointment Booked,19,Yes,19-01-2025
L06756,17-06-2025,P06756,Google Ads,Dental Crown,Clinic A,Appointment Booked,22,Yes,25-06-2025
L06757,23-02-2025,P06757,Google Ads,Dental Crown,Clinic D,Appointment Booked,18,Yes,01-03-2025
L06758,18-03-2025,P06758,Facebook,Teeth Whitening,Clinic C,Appointment Booked,43,Yes,27-03-2025
L06759,15-04-2025,P06759,Google Ads,Invisalign,Clinic C,Appointment Booked,58,Yes,18-04-2025
L06760,25-05-2025,,Instagram,Dental Implant,Clinic B,Contacted - No Appointment,13,No,
L06761,10-03-2025,,Instagram,Teeth Whitening,Clinic B,Contacted - No Appointment,34,No,
L06762,25-05-2025,,Facebook,Dental Implant,Clinic D,Contacted - No Appointment,14,No,
L06763,08-12-2025,P06763,Google Ads,Teeth Whitening,Clinic D,Appointment Booked,44,Yes,21-12-2025
L06764,27-03-2025,P06764,Google Ads,Dental Implant,Clinic B,Appointment Booked,6,Yes,08-04-2025
L06765,11-06-2025,,Google Ads,Root Canal,Clinic D,Contacted - No Appointment,21,No,
L06766,26-07-2025,P06766,Google Ads,Dental Implant,Clinic D,Appointment Booked,29,Yes,30-07-2025
L06767,14-02-2025,,Referral,Root Canal,Clinic B,Contacted - No Appointment,29,No,
L06768,31-03-2025,,Facebook,Dental Crown,Clinic B,Contacted - No Appointment,14,No,
L06769,29-03-2025,,Google Ads,Dental Implant,Clinic A,Contacted - No Appointment,17,No,
L06770,12-05-2025,P06770,Google Ads,Root Canal,Clinic A,Appointment Booked,27,Yes,26-05-2025
L06771,28-12-2025,,Instagram,General Dentistry,Clinic C,Contacted - No Appointment,21,No,
L06772,10-08-2025,,Instagram,Root Canal,Clinic B,Contacted - No Appointment,20,No,
L06773,09-12-2025,P06773,Google Ads,Teeth Whitening,Clinic D,Appointment Booked,13,Yes,23-12-2025
L06774,11-11-2025,,Referral,General Dentistry,Clinic D,Contacted - No Appointment,9,No,
L06775,29-05-2025,P06775,Google Organic,General Dentistry,Clinic A,Appointment Booked,38,Yes,09-06-2025
L06776,28-09-2025,,Google Ads,General Dentistry,Clinic B,Contacted - No Appointment,8,No,
L06777,25-03-2025,P06777,Facebook,Invisalign,Clinic D,Appointment Booked,43,Yes,06-04-2025
L06778,02-02-2025,,Facebook,General Dentistry,Clinic D,Not Contacted/Cold,49,No,
L06779,09-11-2025,P06779,Facebook,Teeth Whitening,Clinic D,Appointment Booked,33,Yes,11-11-2025
L06780,23-06-2025,,Google Organic,General Dentistry,Clinic B,Contacted - No Appointment,14,No,
L06781,21-11-2025,P06781,Google Ads,Dental Implant,Clinic B,Appointment Booked,4,Yes,25-11-2025
L06782,25-06-2025,P06782,Facebook,General Dentistry,Clinic C,Appointment Booked,29,Yes,03-07-2025
L06783,27-11-2025,,Facebook,Teeth Whitening,Clinic D,Contacted - No Appointment,6,No,
L06784,26-04-2025,,Facebook,Teeth Whitening,Clinic B,Contacted - No Appointment,11,No,
L06785,18-03-2025,,Referral,Dental Implant,Clinic D,Contacted - No Appointment,13,No,
L06786,14-01-2025,P06786,Google Ads,Invisalign,Clinic B,Appointment Booked,9,Yes,20-01-2025
L06787,01-10-2025,,Google Ads,General Dentistry,Clinic D,Contacted - No Appointment,10,No,
L06788,29-06-2025,,Instagram,Root Canal,Clinic C,Contacted - No Appointment,21,No,
L06789,16-09-2025,P06789,Google Ads,Root Canal,Clinic B,Appointment Booked,71,Yes,27-09-2025
L06790,28-07-2025,,Google Ads,General Dentistry,Clinic C,Contacted - No Appointment,27,No,
L06791,02-01-2025,,Facebook,Dental Implant,Clinic B,Contacted - No Appointment,39,No,
L06792,31-08-2025,,Google Ads,Root Canal,Clinic B,Contacted - No Appointment,12,No,
L06793,29-03-2025,P06793,Facebook,Root Canal,Clinic A,Appointment Booked,61,Yes,01-04-2025
L06794,15-05-2025,P06794,Google Ads,Invisalign,Clinic A,Appointment Booked,57,Yes,22-05-2025
L06795,28-11-2025,,Google Ads,Invisalign,Clinic B,Contacted - No Appointment,14,No,
L06796,08-06-2025,,Instagram,Invisalign,Clinic D,Not Contacted/Cold,60,No,
L06797,19-02-2025,P06797,Google Ads,Dental Implant,Clinic C,Appointment Booked,10,Yes,04-03-2025
L06798,23-12-2025,,Referral,Dental Crown,Clinic A,Contacted - No Appointment,16,No,
L06799,30-04-2025,P06799,Facebook,General Dentistry,Clinic D,Appointment Booked,18,Yes,06-05-2025
L06800,29-01-2025,,Google Organic,Root Canal,Clinic C,Contacted - No Appointment,14,No,
L06801,08-08-2025,P06801,Google Organic,Invisalign,Clinic D,Appointment Booked,4,Yes,11-08-2025
L06802,12-05-2025,,Google Ads,Dental Implant,Clinic C,Contacted - No Appointment,4,No,
L06803,07-07-2025,,Google Organic,General Dentistry,Clinic A,Contacted - No Appointment,15,No,
L06804,15-08-2025,,Google Organic,General Dentistry,Clinic B,Contacted - No Appointment,41,No,
L06805,19-04-2025,P06805,Google Ads,Invisalign,Clinic C,Appointment Booked,18,Yes,22-04-2025
L06806,19-07-2025,,Referral,Invisalign,Clinic A,Contacted - No Appointment,11,No,
L06807,21-12-2025,P06807,Google Ads,Dental Crown,Clinic A,Appointment Booked,33,Yes,22-12-2025
L06808,16-11-2025,,Google Ads,Teeth Whitening,Clinic A,Contacted - No Appointment,28,No,
L06809,24-09-2025,P06809,Google Organic,Root Canal,Clinic A,Appointment Booked,24,Yes,03-10-2025
L06810,09-12-2025,,Google Ads,Dental Crown,Clinic B,Contacted - No Appointment,11,No,
L06811,18-05-2025,P06811,Google Organic,Teeth Whitening,Clinic B,Appointment Booked,20,Yes,22-05-2025
L06812,23-12-2025,P06812,Referral,General Dentistry,Clinic A,Appointment Booked,1,Yes,04-01-2026
L06813,28-10-2025,,Referral,Dental Implant,Clinic C,Contacted - No Appointment,42,No,
L06814,20-10-2025,,Facebook,General Dentistry,Clinic C,Contacted - No Appointment,29,No,
L06815,24-05-2025,,Referral,Root Canal,Clinic B,Contacted - No Appointment,12,No,
L06816,10-05-2025,P06816,Facebook,Teeth Whitening,Clinic A,Appointment Booked,21,Yes,22-05-2025
L06817,15-01-2025,P06817,Google Ads,Dental Crown,Clinic A,Appointment Booked,15,Yes,22-01-2025
L06818,12-09-2025,P06818,Facebook,Root Canal,Clinic B,Appointment Booked,20,Yes,16-09-2025
L06819,07-06-2025,,Instagram,Dental Crown,Clinic A,Not Contacted/Cold,72,No,
L06820,17-02-2025,,Facebook,Root Canal,Clinic B,Contacted - No Appointment,43,No,
L06821,30-09-2025,,Instagram,Dental Implant,Clinic C,Contacted - No Appointment,35,No,
L06822,10-07-2025,P06822,Facebook,Root Canal,Clinic C,Appointment Booked,35,Yes,17-07-2025
L06823,10-02-2025,P06823,Facebook,Root Canal,Clinic A,Appointment Booked,45,Yes,18-02-2025
L06824,26-12-2025,P06824,Referral,Invisalign,Clinic B,Appointment Booked,46,Yes,03-01-2026
L06825,06-09-2025,,Facebook,General Dentistry,Clinic C,Contacted - No Appointment,31,No,
L06826,26-12-2025,,Google Ads,Invisalign,Clinic D,Contacted - No Appointment,19,No,
L06827,11-12-2025,,Google Organic,Root Canal,Clinic D,Contacted - No Appointment,8,No,
L06828,27-11-2025,,Facebook,Dental Implant,Clinic C,Contacted - No Appointment,25,No,
L06829,06-05-2025,P06829,Google Organic,Root Canal,Clinic B,Appointment Booked,17,Yes,19-05-2025
L06830,16-12-2025,,Google Ads,Invisalign,Clinic B,Contacted - No Appointment,9,No,
L06831,10-09-2025,P06831,Facebook,Root Canal,Clinic D,Appointment Booked,21,Yes,24-09-2025
L06832,07-03-2025,,Google Ads,Invisalign,Clinic A,Contacted - No Appointment,6,No,
L06833,14-11-2025,P06833,Google Ads,Dental Implant,Clinic D,Appointment Booked,14,Yes,15-11-2025
L06834,11-08-2025,,Instagram,Teeth Whitening,Clinic C,Contacted - No Appointment,36,No,
L06835,25-10-2025,,Facebook,Dental Crown,Clinic C,Contacted - No Appointment,19,No,
L06836,18-05-2025,P06836,Referral,Invisalign,Clinic A,Appointment Booked,29,Yes,21-05-2025
L06837,09-01-2025,,Facebook,Dental Implant,Clinic C,Contacted - No Appointment,28,No,
L06838,14-10-2025,P06838,Google Ads,General Dentistry,Clinic B,Appointment Booked,18,Yes,17-10-2025
L06839,24-10-2025,,Google Organic,Dental Implant,Clinic A,Contacted - No Appointment,32,No,
L06840,05-08-2025,,Instagram,General Dentistry,Clinic B,Contacted - No Appointment,20,No,
L06841,12-04-2025,P06841,Google Organic,Root Canal,Clinic D,Appointment Booked,7,Yes,16-04-2025
L06842,06-01-2025,P06842,Instagram,Invisalign,Clinic C,Appointment Booked,17,Yes,10-01-2025
L06843,05-03-2025,,Google Ads,Teeth Whitening,Clinic B,Not Contacted/Cold,61,No,
L06844,05-11-2025,,Google Organic,General Dentistry,Clinic A,Contacted - No Appointment,10,No,
L06845,17-06-2025,,Facebook,Root Canal,Clinic C,Not Contacted/Cold,58,No,
L06846,07-03-2025,,Facebook,Root Canal,Clinic C,Contacted - No Appointment,2,No,
L06847,02-07-2025,,Referral,Root Canal,Clinic C,Contacted - No Appointment,5,No,
L06848,08-09-2025,P06848,Facebook,General Dentistry,Clinic C,Appointment Booked,9,Yes,14-09-2025
L06849,02-08-2025,,Instagram,Dental Crown,Clinic B,Contacted - No Appointment,6,No,
L06850,12-03-2025,,Facebook,Invisalign,Clinic C,Contacted - No Appointment,37,No,
L06851,03-02-2025,P06851,Google Ads,Invisalign,Clinic A,Appointment Booked,5,Yes,14-02-2025
L06852,20-11-2025,,Facebook,Invisalign,Clinic D,Contacted - No Appointment,10,No,
L06853,11-06-2025,,Instagram,Invisalign,Clinic C,Contacted - No Appointment,32,No,
L06854,29-07-2025,P06854,Facebook,Invisalign,Clinic B,Appointment Booked,23,Yes,01-08-2025
L06855,09-08-2025,P06855,Facebook,Dental Crown,Clinic B,Appointment Booked,18,Yes,17-08-2025
L06856,12-12-2025,P06856,Google Organic,Dental Implant,Clinic D,Appointment Booked,16,Yes,23-12-2025
L06857,18-03-2025,,Google Ads,Root Canal,Clinic A,Contacted - No Appointment,31,No,
L06858,05-07-2025,P06858,Google Ads,Dental Crown,Clinic B,Appointment Booked,7,Yes,13-07-2025
L06859,05-07-2025,,Google Organic,Invisalign,Clinic C,Contacted - No Appointment,9,No,
L06860,15-08-2025,P06860,Referral,Dental Implant,Clinic B,Appointment Booked,27,Yes,21-08-2025
L06861,04-06-2025,P06861,Facebook,Dental Implant,Clinic D,Appointment Booked,10,Yes,13-06-2025
L06862,04-01-2025,P06862,Referral,Dental Implant,Clinic A,Appointment Booked,20,Yes,06-01-2025
L06863,17-05-2025,,Google Ads,General Dentistry,Clinic D,Contacted - No Appointment,15,No,
L06864,24-08-2025,,Google Ads,Dental Crown,Clinic A,Contacted - No Appointment,11,No,
L06865,18-10-2025,,Google Organic,Dental Implant,Clinic A,Contacted - No Appointment,18,No,
L06866,21-04-2025,P06866,Referral,Root Canal,Clinic D,Appointment Booked,2,Yes,01-05-2025
L06867,14-02-2025,,Google Ads,Invisalign,Clinic C,Contacted - No Appointment,26,No,
L06868,02-12-2025,,Google Ads,Dental Crown,Clinic B,Contacted - No Appointment,25,No,
L06869,23-03-2025,,Google Ads,Root Canal,Clinic A,Not Contacted/Cold,46,No,
L06870,25-01-2025,,Google Ads,Root Canal,Clinic C,Contacted - No Appointment,9,No,
L06871,22-03-2025,P06871,Google Organic,Invisalign,Clinic B,Appointment Booked,41,Yes,23-03-2025
L06872,16-01-2025,,Facebook,Dental Implant,Clinic D,Contacted - No Appointment,9,No,
L06873,25-08-2025,,Facebook,Teeth Whitening,Clinic D,Contacted - No Appointment,33,No,
L06874,11-03-2025,,Instagram,General Dentistry,Clinic C,Contacted - No Appointment,6,No,
L06875,16-08-2025,P06875,Referral,General Dentistry,Clinic B,Appointment Booked,10,Yes,30-08-2025
L06876,14-08-2025,P06876,Google Ads,Dental Implant,Clinic B,Appointment Booked,11,Yes,27-08-2025
L06877,15-03-2025,P06877,Google Organic,Teeth Whitening,Clinic C,Appointment Booked,20,Yes,25-03-2025
L06878,11-02-2025,,Referral,Teeth Whitening,Clinic A,Contacted - No Appointment,24,No,
L06879,08-02-2025,,Google Ads,General Dentistry,Clinic B,Contacted - No Appointment,4,No,
L06880,24-10-2025,,Google Organic,Invisalign,Clinic A,Contacted - No Appointment,22,No,
L06881,25-01-2025,P06881,Google Organic,Teeth Whitening,Clinic A,Appointment Booked,20,Yes,31-01-2025
L06882,03-06-2025,P06882,Google Ads,Dental Implant,Clinic A,Appointment Booked,24,Yes,13-06-2025
L06883,22-12-2025,P06883,Google Ads,Dental Crown,Clinic B,Appointment Booked,24,Yes,26-12-2025
L06884,08-05-2025,,Instagram,Root Canal,Clinic D,Not Contacted/Cold,49,No,
L06885,29-03-2025,P06885,Facebook,Teeth Whitening,Clinic B,Appointment Booked,11,Yes,06-04-2025
L06886,02-10-2025,,Facebook,General Dentistry,Clinic B,Contacted - No Appointment,42,No,
L06887,03-09-2025,,Google Ads,Root Canal,Clinic A,Contacted - No Appointment,26,No,
L06888,13-06-2025,,Google Organic,Root Canal,Clinic C,Contacted - No Appointment,15,No,
L06889,12-12-2025,,Google Ads,Dental Implant,Clinic B,Contacted - No Appointment,12,No,
L06890,28-12-2025,P06890,Facebook,Root Canal,Clinic C,Appointment Booked,30,Yes,30-12-2025
L06891,30-09-2025,P06891,Facebook,Root Canal,Clinic D,Appointment Booked,9,Yes,06-10-2025
L06892,13-08-2025,P06892,Google Organic,Invisalign,Clinic A,Appointment Booked,27,Yes,24-08-2025
L06893,20-11-2025,,Google Ads,General Dentistry,Clinic A,Contacted - No Appointment,13,No,
L06894,02-07-2025,,Google Ads,Dental Implant,Clinic B,Contacted - No Appointment,31,No,
L06895,03-10-2025,P06895,Google Ads,Dental Crown,Clinic D,Appointment Booked,11,Yes,12-10-2025
L06896,25-06-2025,,Google Ads,General Dentistry,Clinic D,Contacted - No Appointment,16,No,
L06897,26-12-2025,,Google Ads,General Dentistry,Clinic D,Contacted - No Appointment,13,No,
L06898,22-11-2025,,Instagram,Teeth Whitening,Clinic B,Not Contacted/Cold,46,No,
L06899,12-03-2025,,Google Organic,Dental Implant,Clinic D,Not Contacted/Cold,58,No,
L06900,06-03-2025,P06900,Instagram,Teeth Whitening,Clinic A,Appointment Booked,13,Yes,10-03-2025
L06901,22-03-2025,P06901,Facebook,Invisalign,Clinic A,Appointment Booked,24,Yes,05-04-2025
L06902,31-03-2025,,Google Ads,General Dentistry,Clinic D,Contacted - No Appointment,19,No,
L06903,19-03-2025,,Referral,Teeth Whitening,Clinic D,Contacted - No Appointment,12,No,
L06904,03-01-2025,,Google Ads,Teeth Whitening,Clinic A,Contacted - No Appointment,9,No,
L06905,13-08-2025,,Instagram,Dental Implant,Clinic A,Contacted - No Appointment,8,No,
L06906,08-03-2025,,Referral,Dental Crown,Clinic A,Contacted - No Appointment,10,No,
L06907,21-06-2025,,Google Organic,General Dentistry,Clinic A,Contacted - No Appointment,14,No,
L06908,28-11-2025,P06908,Google Ads,General Dentistry,Clinic A,Appointment Booked,15,Yes,03-12-2025
L06909,22-07-2025,P06909,Facebook,Dental Implant,Clinic D,Appointment Booked,3,Yes,27-07-2025
L06910,28-01-2025,,Google Ads,General Dentistry,Clinic C,Contacted - No Appointment,36,No,
L06911,23-08-2025,,Instagram,Dental Implant,Clinic D,Contacted - No Appointment,43,No,
L06912,09-07-2025,,Instagram,Dental Crown,Clinic D,Not Contacted/Cold,49,No,
L06913,02-05-2025,P06913,Google Organic,Dental Crown,Clinic C,Appointment Booked,5,Yes,08-05-2025
L06914,24-06-2025,,Google Ads,Dental Implant,Clinic D,Contacted - No Appointment,16,No,
L06915,01-08-2025,,Google Organic,Dental Implant,Clinic C,Contacted - No Appointment,38,No,
L06916,26-06-2025,P06916,Google Organic,Teeth Whitening,Clinic B,Appointment Booked,2,Yes,08-07-2025
L06917,14-04-2025,P06917,Google Ads,Root Canal,Clinic C,Appointment Booked,7,Yes,15-04-2025
L06918,03-09-2025,,Facebook,Dental Implant,Clinic C,Contacted - No Appointment,32,No,
L06919,26-11-2025,,Instagram,Teeth Whitening,Clinic D,Contacted - No Appointment,15,No,
L06920,28-08-2025,,Facebook,General Dentistry,Clinic D,Contacted - No Appointment,17,No,
L06921,09-09-2025,,Google Ads,Dental Crown,Clinic B,Contacted - No Appointment,11,No,
L06922,24-11-2025,,Google Ads,Dental Implant,Clinic D,Contacted - No Appointment,23,No,
L06923,05-08-2025,P06923,Google Organic,Dental Implant,Clinic A,Appointment Booked,21,Yes,16-08-2025
L06924,01-05-2025,P06924,Google Ads,Teeth Whitening,Clinic D,Appointment Booked,8,Yes,05-05-2025
L06925,02-04-2025,P06925,Google Ads,Dental Crown,Clinic B,Appointment Booked,40,Yes,16-04-2025
L06926,20-10-2025,P06926,Google Organic,Dental Crown,Clinic A,Appointment Booked,2,Yes,28-10-2025
L06927,12-04-2025,P06927,Instagram,Teeth Whitening,Clinic B,Appointment Booked,25,Yes,14-04-2025
L06928,11-11-2025,,Instagram,Root Canal,Clinic C,Contacted - No Appointment,21,No,
L06929,22-08-2025,,Facebook,Dental Implant,Clinic A,Not Contacted/Cold,49,No,
L06930,28-11-2025,,Instagram,General Dentistry,Clinic D,Contacted - No Appointment,13,No,
L06931,20-07-2025,,Instagram,Root Canal,Clinic A,Contacted - No Appointment,12,No,
L06932,29-11-2025,P06932,Referral,Dental Crown,Clinic D,Appointment Booked,37,Yes,01-12-2025
L06933,19-01-2025,,Google Ads,General Dentistry,Clinic C,Contacted - No Appointment,10,No,
L06934,10-07-2025,,Google Ads,General Dentistry,Clinic B,Contacted - No Appointment,7,No,
L06935,01-05-2025,,Google Ads,Dental Crown,Clinic B,Contacted - No Appointment,34,No,
L06936,04-05-2025,P06936,Instagram,Invisalign,Clinic C,Appointment Booked,33,Yes,07-05-2025
L06937,03-05-2025,,Facebook,General Dentistry,Clinic C,Contacted - No Appointment,28,No,
L06938,07-11-2025,P06938,Google Ads,Dental Crown,Clinic C,Appointment Booked,9,Yes,19-11-2025
L06939,12-09-2025,P06939,Facebook,Root Canal,Clinic B,Appointment Booked,40,Yes,17-09-2025
L06940,16-07-2025,P06940,Google Ads,Dental Crown,Clinic B,Appointment Booked,20,Yes,19-07-2025
L06941,05-06-2025,P06941,Facebook,Root Canal,Clinic D,Appointment Booked,20,Yes,11-06-2025
L06942,05-06-2025,,Referral,General Dentistry,Clinic A,Not Contacted/Cold,59,No,
L06943,01-10-2025,,Google Organic,Root Canal,Clinic B,Contacted - No Appointment,6,No,
L06944,24-10-2025,P06944,Google Ads,General Dentistry,Clinic B,Appointment Booked,32,Yes,03-11-2025
L06945,13-10-2025,,Google Ads,General Dentistry,Clinic D,Not Contacted/Cold,52,No,
L06946,27-09-2025,P06946,Google Ads,General Dentistry,Clinic D,Appointment Booked,7,Yes,03-10-2025
L06947,24-12-2025,P06947,Google Organic,Teeth Whitening,Clinic B,Appointment Booked,24,Yes,02-01-2026
L06948,22-08-2025,P06948,Facebook,General Dentistry,Clinic A,Appointment Booked,10,Yes,28-08-2025
L06949,20-07-2025,,Referral,Root Canal,Clinic A,Contacted - No Appointment,27,No,
L06950,23-03-2025,,Google Organic,Dental Implant,Clinic B,Contacted - No Appointment,25,No,
L06951,10-02-2025,P06951,Facebook,General Dentistry,Clinic B,Appointment Booked,31,Yes,21-02-2025
L06952,02-02-2025,P06952,Google Organic,Root Canal,Clinic D,Appointment Booked,10,Yes,10-02-2025
L06953,21-09-2025,P06953,Google Organic,Dental Implant,Clinic B,Appointment Booked,23,Yes,25-09-2025
L06954,15-10-2025,,Google Ads,Dental Implant,Clinic A,Contacted - No Appointment,32,No,
L06955,10-06-2025,,Facebook,Dental Implant,Clinic D,Contacted - No Appointment,12,No,
L06956,01-06-2025,,Instagram,Teeth Whitening,Clinic B,Contacted - No Appointment,25,No,
L06957,30-12-2025,P06957,Facebook,Teeth Whitening,Clinic C,Appointment Booked,15,Yes,09-01-2026
L06958,17-11-2025,,Google Ads,Invisalign,Clinic A,Contacted - No Appointment,39,No,
L06959,07-04-2025,,Google Ads,General Dentistry,Clinic B,Contacted - No Appointment,6,No,
L06960,16-10-2025,,Google Ads,Invisalign,Clinic D,Contacted - No Appointment,23,No,
L06961,24-01-2025,,Google Ads,Teeth Whitening,Clinic C,Not Contacted/Cold,47,No,
L06962,28-10-2025,,Referral,Root Canal,Clinic B,Contacted - No Appointment,15,No,
L06963,16-03-2025,P06963,Google Organic,Teeth Whitening,Clinic C,Appointment Booked,5,Yes,19-03-2025
L06964,22-09-2025,,Google Organic,Root Canal,Clinic D,Contacted - No Appointment,23,No,
L06965,02-12-2025,,Instagram,Invisalign,Clinic B,Not Contacted/Cold,46,No,
L06966,08-06-2025,P06966,Google Organic,General Dentistry,Clinic B,Appointment Booked,18,Yes,18-06-2025
L06967,20-12-2025,,Referral,Dental Implant,Clinic D,Contacted - No Appointment,19,No,
L06968,10-02-2025,,Facebook,General Dentistry,Clinic A,Contacted - No Appointment,5,No,
L06969,16-11-2025,,Google Organic,Dental Crown,Clinic C,Contacted - No Appointment,38,No,
L06970,07-10-2025,,Facebook,Root Canal,Clinic C,Contacted - No Appointment,16,No,
L06971,22-11-2025,,Referral,Dental Crown,Clinic C,Contacted - No Appointment,37,No,
L06972,15-12-2025,,Referral,Dental Implant,Clinic B,Contacted - No Appointment,33,No,
L06973,14-03-2025,,Referral,Root Canal,Clinic B,Contacted - No Appointment,10,No,
L06974,12-04-2025,P06974,Google Ads,General Dentistry,Clinic C,Appointment Booked,25,Yes,13-04-2025
L06975,30-09-2025,P06975,Google Ads,Invisalign,Clinic A,Appointment Booked,33,Yes,11-10-2025
L06976,21-12-2025,,Google Ads,Teeth Whitening,Clinic B,Contacted - No Appointment,43,No,
L06977,22-06-2025,,Facebook,Root Canal,Clinic A,Contacted - No Appointment,14,No,
L06978,11-03-2025,,Facebook,Dental Crown,Clinic A,Contacted - No Appointment,20,No,
L06979,14-12-2025,P06979,Google Ads,Invisalign,Clinic D,Appointment Booked,3,Yes,27-12-2025
L06980,17-03-2025,,Google Organic,Root Canal,Clinic B,Not Contacted/Cold,49,No,
L06981,05-04-2025,,Google Ads,General Dentistry,Clinic D,Contacted - No Appointment,30,No,
L06982,11-08-2025,,Referral,Invisalign,Clinic A,Contacted - No Appointment,26,No,
L06983,07-09-2025,,Google Ads,Dental Crown,Clinic C,Contacted - No Appointment,3,No,
L06984,20-04-2025,,Facebook,Dental Crown,Clinic A,Contacted - No Appointment,28,No,
L06985,26-09-2025,P06985,Instagram,Dental Crown,Clinic D,Appointment Booked,23,Yes,27-09-2025
L06986,09-10-2025,P06986,Instagram,Dental Crown,Clinic D,Appointment Booked,18,Yes,23-10-2025
L06987,11-11-2025,P06987,Google Ads,Root Canal,Clinic A,Appointment Booked,24,Yes,25-11-2025
L06988,28-02-2025,,Google Organic,Dental Implant,Clinic D,Contacted - No Appointment,20,No,
L06989,09-12-2025,,Instagram,General Dentistry,Clinic A,Contacted - No Appointment,28,No,
L06990,12-07-2025,,Referral,General Dentistry,Clinic C,Contacted - No Appointment,24,No,
L06991,22-09-2025,,Referral,Dental Implant,Clinic D,Contacted - No Appointment,17,No,
L06992,22-10-2025,P06992,Facebook,Root Canal,Clinic D,Appointment Booked,27,Yes,03-11-2025
L06993,16-09-2025,P06993,Referral,Teeth Whitening,Clinic D,Appointment Booked,12,Yes,28-09-2025
L06994,01-09-2025,P06994,Google Organic,General Dentistry,Clinic B,Appointment Booked,24,Yes,03-09-2025
L06995,27-09-2025,P06995,Referral,General Dentistry,Clinic A,Appointment Booked,25,Yes,07-10-2025
L06996,17-12-2025,P06996,Referral,General Dentistry,Clinic A,Appointment Booked,26,Yes,19-12-2025
L06997,20-07-2025,,Google Organic,Dental Implant,Clinic B,Contacted - No Appointment,25,No,
L06998,15-02-2025,,Facebook,General Dentistry,Clinic D,Contacted - No Appointment,35,No,
L06999,27-05-2025,,Google Ads,General Dentistry,Clinic A,Contacted - No Appointment,28,No,
L07000,08-12-2025,,Referral,Root Canal,Clinic C,Contacted - No Appointment,33,No,
L07001,14-03-2025,P07001,Google Organic,Root Canal,Clinic B,Appointment Booked,13,Yes,21-03-2025
L07002,17-03-2025,,Google Ads,Root Canal,Clinic B,Contacted - No Appointment,16,No,
L07003,05-10-2025,,Facebook,Dental Crown,Clinic C,Contacted - No Appointment,44,No,
L07004,28-12-2025,,Google Organic,Invisalign,Clinic B,Contacted - No Appointment,8,No,
L07005,28-12-2025,P07005,Facebook,Dental Implant,Clinic D,Appointment Booked,32,Yes,09-01-2026
L07006,03-09-2025,,Google Ads,Dental Implant,Clinic A,Contacted - No Appointment,41,No,
L07007,04-11-2025,P07007,Google Ads,Root Canal,Clinic D,Appointment Booked,18,Yes,13-11-2025
L07008,17-07-2025,,Google Organic,Invisalign,Clinic A,Contacted - No Appointment,9,No,
L07009,16-08-2025,,Facebook,Teeth Whitening,Clinic A,Contacted - No Appointment,20,No,
L07010,30-03-2025,P07010,Facebook,Dental Implant,Clinic C,Appointment Booked,4,Yes,01-04-2025
L07011,16-09-2025,,Google Organic,General Dentistry,Clinic D,Contacted - No Appointment,15,No,
L07012,03-09-2025,,Google Organic,General Dentistry,Clinic A,Contacted - No Appointment,17,No,
L07013,26-05-2025,,Google Ads,General Dentistry,Clinic B,Contacted - No Appointment,26,No,
L07014,26-10-2025,P07014,Google Ads,Teeth Whitening,Clinic C,Appointment Booked,13,Yes,30-10-2025
L07015,10-03-2025,P07015,Instagram,Dental Implant,Clinic A,Appointment Booked,16,Yes,23-03-2025
L07016,09-04-2025,,Google Organic,Root Canal,Clinic D,Contacted - No Appointment,42,No,
L07017,26-06-2025,P07017,Google Ads,Dental Implant,Clinic D,Appointment Booked,10,Yes,06-07-2025
L07018,01-10-2025,,Facebook,General Dentistry,Clinic A,Contacted - No Appointment,43,No,
L07019,26-10-2025,,Referral,Invisalign,Clinic B,Contacted - No Appointment,24,No,
L07020,08-05-2025,P07020,Referral,Dental Crown,Clinic D,Appointment Booked,34,Yes,15-05-2025
L07021,04-06-2025,,Facebook,Teeth Whitening,Clinic B,Contacted - No Appointment,9,No,
L07022,06-06-2025,P07022,Google Ads,General Dentistry,Clinic C,Appointment Booked,18,Yes,13-06-2025
L07023,03-09-2025,,Google Ads,Teeth Whitening,Clinic A,Contacted - No Appointment,18,No,
L07024,16-05-2025,P07024,Google Ads,Dental Crown,Clinic C,Appointment Booked,17,Yes,29-05-2025
L07025,03-11-2025,,Google Ads,Root Canal,Clinic A,Contacted - No Appointment,21,No,
L07026,22-04-2025,P07026,Facebook,Dental Crown,Clinic D,Appointment Booked,13,Yes,05-05-2025
L07027,14-01-2025,,Instagram,Dental Implant,Clinic B,Contacted - No Appointment,12,No,
L07028,06-07-2025,,Google Ads,General Dentistry,Clinic B,Contacted - No Appointment,13,No,
L07029,21-05-2025,,Referral,Root Canal,Clinic D,Contacted - No Appointment,35,No,
L07030,19-04-2025,,Instagram,Dental Implant,Clinic A,Contacted - No Appointment,7,No,
L07031,15-05-2025,,Instagram,General Dentistry,Clinic B,Contacted - No Appointment,13,No,
L07032,14-03-2025,,Referral,Root Canal,Clinic B,Contacted - No Appointment,31,No,
L07033,28-01-2025,,Instagram,General Dentistry,Clinic B,Not Contacted/Cold,46,No,
L07034,13-03-2025,,Referral,General Dentistry,Clinic D,Contacted - No Appointment,45,No,
L07035,11-01-2025,,Google Ads,Teeth Whitening,Clinic D,Contacted - No Appointment,33,No,
L07036,29-11-2025,,Google Ads,Dental Implant,Clinic A,Contacted - No Appointment,40,No,
L07037,03-05-2025,P07037,Facebook,Invisalign,Clinic C,Appointment Booked,16,Yes,17-05-2025
L07038,01-02-2025,,Facebook,General Dentistry,Clinic C,Contacted - No Appointment,13,No,
L07039,17-08-2025,P07039,Google Ads,General Dentistry,Clinic D,Appointment Booked,2,Yes,28-08-2025
L07040,02-06-2025,,Google Organic,Root Canal,Clinic B,Contacted - No Appointment,13,No,
L07041,01-08-2025,,Google Ads,Root Canal,Clinic C,Contacted - No Appointment,15,No,
L07042,26-04-2025,,Google Organic,Dental Implant,Clinic B,Contacted - No Appointment,3,No,
L07043,30-12-2025,P07043,Facebook,General Dentistry,Clinic B,Appointment Booked,9,Yes,11-01-2026
L07044,26-07-2025,,Google Organic,Invisalign,Clinic B,Not Contacted/Cold,58,No,
L07045,26-12-2025,,Facebook,Invisalign,Clinic A,Contacted - No Appointment,18,No,
L07046,18-01-2025,,Referral,Dental Crown,Clinic D,Contacted - No Appointment,9,No,
L07047,30-09-2025,,Facebook,Invisalign,Clinic B,Contacted - No Appointment,16,No,
L07048,25-12-2025,P07048,Referral,General Dentistry,Clinic D,Appointment Booked,22,Yes,31-12-2025
L07049,30-12-2025,P07049,Google Ads,Dental Implant,Clinic B,Appointment Booked,19,Yes,03-01-2026
L07050,27-06-2025,P07050,Google Organic,Dental Implant,Clinic C,Appointment Booked,11,Yes,06-07-2025
L07051,17-07-2025,,Facebook,Root Canal,Clinic D,Contacted - No Appointment,31,No,
L07052,04-11-2025,P07052,Google Organic,Root Canal,Clinic C,Appointment Booked,72,Yes,10-11-2025
L07053,11-01-2025,,Google Organic,Dental Implant,Clinic D,Contacted - No Appointment,38,No,
L07054,13-12-2025,,Google Organic,Root Canal,Clinic D,Contacted - No Appointment,16,No,
L07055,17-11-2025,,Google Ads,Root Canal,Clinic B,Contacted - No Appointment,17,No,
L07056,30-04-2025,P07056,Google Organic,General Dentistry,Clinic C,Appointment Booked,27,Yes,05-05-2025
L07057,13-06-2025,P07057,Google Ads,Dental Implant,Clinic A,Appointment Booked,21,Yes,23-06-2025
L07058,03-04-2025,,Google Ads,General Dentistry,Clinic C,Contacted - No Appointment,37,No,
L07059,02-08-2025,,Google Ads,Dental Crown,Clinic A,Contacted - No Appointment,41,No,
L07060,03-02-2025,P07060,Facebook,Dental Implant,Clinic C,Appointment Booked,5,Yes,14-02-2025
L07061,17-10-2025,,Google Organic,Dental Implant,Clinic C,Contacted - No Appointment,26,No,
L07062,24-07-2025,,Google Ads,Root Canal,Clinic B,Contacted - No Appointment,2,No,
L07063,08-02-2025,P07063,Google Ads,Invisalign,Clinic B,Appointment Booked,51,Yes,20-02-2025
L07064,06-08-2025,P07064,Instagram,Invisalign,Clinic D,Appointment Booked,15,Yes,11-08-2025
L07065,18-08-2025,P07065,Referral,Invisalign,Clinic A,Appointment Booked,5,Yes,01-09-2025
L07066,23-02-2025,P07066,Instagram,Dental Crown,Clinic A,Appointment Booked,23,Yes,07-03-2025
L07067,20-10-2025,,Google Organic,Dental Crown,Clinic A,Contacted - No Appointment,45,No,
L07068,19-11-2025,,Instagram,Dental Implant,Clinic D,Contacted - No Appointment,44,No,
L07069,14-09-2025,P07069,Google Organic,Root Canal,Clinic D,Appointment Booked,26,Yes,23-09-2025
L07070,30-05-2025,,Referral,Teeth Whitening,Clinic C,Contacted - No Appointment,13,No,
L07071,18-08-2025,,Facebook,Dental Implant,Clinic D,Contacted - No Appointment,16,No,
L07072,07-11-2025,,Facebook,General Dentistry,Clinic A,Contacted - No Appointment,8,No,
L07073,15-07-2025,,Referral,Dental Crown,Clinic D,Contacted - No Appointment,21,No,
L07074,24-07-2025,,Referral,General Dentistry,Clinic A,Contacted - No Appointment,22,No,
L07075,22-11-2025,,Google Ads,Dental Implant,Clinic A,Contacted - No Appointment,6,No,
L07076,24-05-2025,P07076,Instagram,General Dentistry,Clinic A,Appointment Booked,36,Yes,31-05-2025
L07077,05-09-2025,,Google Organic,Dental Crown,Clinic C,Contacted - No Appointment,1,No,
L07078,22-11-2025,,Facebook,Dental Crown,Clinic D,Contacted - No Appointment,28,No,
L07079,23-09-2025,,Facebook,Root Canal,Clinic B,Contacted - No Appointment,33,No,
L07080,01-06-2025,,Instagram,Dental Implant,Clinic D,Contacted - No Appointment,37,No,
L07081,18-04-2025,P07081,Google Ads,General Dentistry,Clinic B,Appointment Booked,20,Yes,20-04-2025
L07082,17-03-2025,,Facebook,Dental Crown,Clinic A,Contacted - No Appointment,21,No,
L07083,06-11-2025,P07083,Referral,Dental Implant,Clinic B,Appointment Booked,35,Yes,14-11-2025
L07084,19-07-2025,,Instagram,Dental Implant,Clinic C,Contacted - No Appointment,23,No,
L07085,12-12-2025,,Referral,Dental Implant,Clinic D,Contacted - No Appointment,11,No,
L07086,06-07-2025,,Google Organic,Dental Crown,Clinic B,Contacted - No Appointment,23,No,
L07087,24-08-2025,,Instagram,Dental Crown,Clinic C,Not Contacted/Cold,54,No,
L07088,10-09-2025,,Google Organic,Root Canal,Clinic B,Contacted - No Appointment,13,No,
L07089,24-02-2025,,Google Ads,Invisalign,Clinic C,Contacted - No Appointment,12,No,
L07090,22-04-2025,,Instagram,Root Canal,Clinic D,Contacted - No Appointment,16,No,
L07091,12-08-2025,,Instagram,Root Canal,Clinic A,Contacted - No Appointment,24,No,
L07092,07-08-2025,,Instagram,Dental Implant,Clinic D,Contacted - No Appointment,10,No,
L07093,01-03-2025,,Google Ads,Invisalign,Clinic C,Contacted - No Appointment,5,No,
L07094,03-05-2025,,Google Ads,Dental Implant,Clinic A,Contacted - No Appointment,22,No,
L07095,23-07-2025,P07095,Google Ads,General Dentistry,Clinic D,Appointment Booked,21,Yes,06-08-2025
L07096,21-02-2025,P07096,Instagram,Teeth Whitening,Clinic B,Appointment Booked,5,Yes,03-03-2025
L07097,03-08-2025,,Referral,General Dentistry,Clinic B,Contacted - No Appointment,7,No,
L07098,26-03-2025,,Referral,Invisalign,Clinic A,Contacted - No Appointment,19,No,
L07099,22-10-2025,P07099,Google Ads,General Dentistry,Clinic A,Appointment Booked,14,Yes,28-10-2025
L07100,02-02-2025,P07100,Facebook,Dental Crown,Clinic D,Appointment Booked,10,Yes,15-02-2025
L07101,22-01-2025,,Google Ads,Root Canal,Clinic C,Contacted - No Appointment,14,No,
L07102,30-09-2025,P07102,Facebook,Invisalign,Clinic D,Appointment Booked,10,Yes,05-10-2025
L07103,24-10-2025,P07103,Google Organic,Teeth Whitening,Clinic A,Appointment Booked,17,Yes,29-10-2025
L07104,29-12-2025,P07104,Referral,General Dentistry,Clinic A,Appointment Booked,31,Yes,07-01-2026
L07105,23-11-2025,,Google Ads,Invisalign,Clinic A,Contacted - No Appointment,35,No,
L07106,10-02-2025,P07106,Google Ads,Dental Implant,Clinic B,Appointment Booked,11,Yes,13-02-2025
L07107,21-07-2025,,Google Ads,Dental Crown,Clinic D,Contacted - No Appointment,21,No,
L07108,07-11-2025,,Facebook,General Dentistry,Clinic C,Contacted - No Appointment,21,No,
L07109,25-03-2025,P07109,Google Organic,Teeth Whitening,Clinic B,Appointment Booked,6,Yes,02-04-2025
L07110,15-12-2025,,Instagram,Invisalign,Clinic D,Contacted - No Appointment,3,No,
L07111,13-08-2025,P07111,Google Organic,Root Canal,Clinic D,Appointment Booked,41,Yes,23-08-2025
L07112,03-04-2025,,Instagram,Root Canal,Clinic A,Contacted - No Appointment,27,No,
L07113,27-01-2025,,Google Ads,General Dentistry,Clinic D,Contacted - No Appointment,41,No,
L07114,18-02-2025,P07114,Google Ads,Teeth Whitening,Clinic B,Appointment Booked,34,Yes,25-02-2025
L07115,09-02-2025,,Google Ads,Dental Crown,Clinic A,Contacted - No Appointment,27,No,
L07116,18-03-2025,,Google Organic,Invisalign,Clinic A,Contacted - No Appointment,34,No,
L07117,11-10-2025,,Google Organic,General Dentistry,Clinic B,Contacted - No Appointment,17,No,
L07118,07-07-2025,,Google Organic,Dental Crown,Clinic B,Contacted - No Appointment,29,No,
L07119,03-07-2025,,Google Ads,General Dentistry,Clinic B,Contacted - No Appointment,34,No,
L07120,22-06-2025,P07120,Google Organic,Dental Crown,Clinic A,Appointment Booked,28,Yes,27-06-2025
L07121,11-11-2025,,Google Ads,General Dentistry,Clinic D,Contacted - No Appointment,10,No,
L07122,20-10-2025,P07122,Google Ads,Teeth Whitening,Clinic D,Appointment Booked,8,Yes,27-10-2025
L07123,09-07-2025,,Facebook,Invisalign,Clinic D,Contacted - No Appointment,26,No,
L07124,13-08-2025,,Facebook,General Dentistry,Clinic B,Contacted - No Appointment,10,No,
L07125,08-01-2025,P07125,Google Organic,Dental Implant,Clinic A,Appointment Booked,10,Yes,19-01-2025
L07126,27-08-2025,,Google Organic,Teeth Whitening,Clinic A,Contacted - No Appointment,14,No,
L07127,30-12-2025,,Google Ads,General Dentistry,Clinic A,Contacted - No Appointment,15,No,
L07128,09-09-2025,,Google Ads,Invisalign,Clinic C,Contacted - No Appointment,14,No,
L07129,17-08-2025,,Google Ads,Dental Crown,Clinic C,Contacted - No Appointment,13,No,
L07130,25-07-2025,P07130,Google Ads,Dental Crown,Clinic C,Appointment Booked,17,Yes,31-07-2025
L07131,23-05-2025,,Google Ads,Teeth Whitening,Clinic C,Contacted - No Appointment,7,No,
L07132,10-09-2025,,Google Organic,General Dentistry,Clinic B,Contacted - No Appointment,5,No,
L07133,30-12-2025,,Google Ads,Dental Crown,Clinic B,Not Contacted/Cold,48,No,
L07134,04-03-2025,P07134,Google Organic,Teeth Whitening,Clinic C,Appointment Booked,9,Yes,11-03-2025
L07135,20-12-2025,P07135,Facebook,Invisalign,Clinic B,Appointment Booked,1,Yes,26-12-2025
L07136,11-06-2025,P07136,Facebook,Invisalign,Clinic A,Appointment Booked,12,Yes,25-06-2025
L07137,29-05-2025,,Facebook,Root Canal,Clinic B,Contacted - No Appointment,3,No,
L07138,20-01-2025,,Google Organic,Dental Crown,Clinic B,Contacted - No Appointment,5,No,
L07139,01-11-2025,P07139,Facebook,Invisalign,Clinic A,Appointment Booked,18,Yes,14-11-2025
L07140,09-02-2025,,Google Ads,Dental Crown,Clinic D,Contacted - No Appointment,6,No,
L07141,19-09-2025,,Referral,Root Canal,Clinic D,Contacted - No Appointment,41,No,
L07142,18-12-2025,,Google Ads,Teeth Whitening,Clinic A,Contacted - No Appointment,29,No,
L07143,30-08-2025,,Referral,Dental Implant,Clinic A,Contacted - No Appointment,34,No,
L07144,08-06-2025,,Google Ads,Dental Crown,Clinic C,Contacted - No Appointment,19,No,
L07145,13-04-2025,P07145,Google Organic,Dental Crown,Clinic A,Appointment Booked,7,Yes,25-04-2025
L07146,21-02-2025,,Facebook,General Dentistry,Clinic B,Contacted - No Appointment,13,No,
L07147,02-09-2025,,Facebook,Teeth Whitening,Clinic A,Contacted - No Appointment,21,No,
L07148,03-01-2025,P07148,Google Ads,Teeth Whitening,Clinic A,Appointment Booked,37,Yes,17-01-2025
L07149,11-05-2025,,Google Ads,General Dentistry,Clinic D,Contacted - No Appointment,7,No,
L07150,22-10-2025,P07150,Google Organic,Dental Crown,Clinic D,Appointment Booked,18,Yes,30-10-2025
L07151,23-11-2025,,Referral,Invisalign,Clinic A,Contacted - No Appointment,33,No,
L07152,18-11-2025,,Facebook,General Dentistry,Clinic B,Contacted - No Appointment,22,No,
L07153,14-10-2025,,Facebook,Teeth Whitening,Clinic A,Not Contacted/Cold,48,No,
L07154,03-12-2025,,Google Ads,Root Canal,Clinic A,Contacted - No Appointment,13,No,
L07155,04-10-2025,P07155,Google Organic,Teeth Whitening,Clinic D,Appointment Booked,13,Yes,11-10-2025
L07156,27-11-2025,P07156,Google Ads,General Dentistry,Clinic C,Appointment Booked,2,Yes,29-11-2025
L07157,05-09-2025,,Google Ads,General Dentistry,Clinic C,Contacted - No Appointment,17,No,
L07158,08-06-2025,,Instagram,General Dentistry,Clinic D,Contacted - No Appointment,26,No,
L07159,04-05-2025,,Facebook,Invisalign,Clinic D,Contacted - No Appointment,36,No,
L07160,29-05-2025,,Google Ads,Root Canal,Clinic D,Contacted - No Appointment,18,No,
L07161,25-10-2025,P07161,Google Ads,Dental Implant,Clinic A,Appointment Booked,38,Yes,26-10-2025
L07162,04-12-2025,P07162,Google Organic,Invisalign,Clinic A,Appointment Booked,27,Yes,09-12-2025
L07163,04-07-2025,,Google Ads,General Dentistry,Clinic C,Not Contacted/Cold,56,No,
L07164,03-11-2025,,Referral,Root Canal,Clinic B,Contacted - No Appointment,23,No,
L07165,14-06-2025,,Facebook,Dental Crown,Clinic D,Contacted - No Appointment,29,No,
L07166,22-07-2025,,Google Ads,Dental Crown,Clinic C,Contacted - No Appointment,26,No,
L07167,31-03-2025,,Google Organic,Teeth Whitening,Clinic D,Contacted - No Appointment,36,No,
L07168,13-01-2025,P07168,Facebook,Invisalign,Clinic A,Appointment Booked,23,Yes,26-01-2025
L07169,26-10-2025,P07169,Facebook,Invisalign,Clinic D,Appointment Booked,14,Yes,05-11-2025
L07170,26-04-2025,,Facebook,Root Canal,Clinic B,Contacted - No Appointment,7,No,
L07171,15-11-2025,P07171,Google Ads,Root Canal,Clinic D,Appointment Booked,12,Yes,25-11-2025
L07172,25-02-2025,,Instagram,General Dentistry,Clinic A,Contacted - No Appointment,14,No,
L07173,23-05-2025,P07173,Facebook,General Dentistry,Clinic C,Appointment Booked,39,Yes,25-05-2025
L07174,26-02-2025,,Google Organic,Root Canal,Clinic D,Contacted - No Appointment,32,No,
L07175,14-03-2025,,Instagram,General Dentistry,Clinic B,Not Contacted/Cold,69,No,
L07176,21-07-2025,,Instagram,Invisalign,Clinic B,Contacted - No Appointment,18,No,
L07177,07-11-2025,P07177,Google Organic,Teeth Whitening,Clinic D,Appointment Booked,8,Yes,11-11-2025
L07178,27-07-2025,P07178,Instagram,Invisalign,Clinic B,Appointment Booked,9,Yes,31-07-2025
L07179,29-11-2025,,Facebook,Teeth Whitening,Clinic C,Contacted - No Appointment,35,No,
L07180,17-01-2025,P07180,Facebook,Root Canal,Clinic A,Appointment Booked,11,Yes,26-01-2025
L07181,06-01-2025,,Google Ads,Dental Implant,Clinic D,Contacted - No Appointment,4,No,
L07182,12-03-2025,P07182,Google Organic,Invisalign,Clinic C,Appointment Booked,26,Yes,18-03-2025
L07183,07-12-2025,P07183,Google Organic,Root Canal,Clinic B,Appointment Booked,33,Yes,17-12-2025
L07184,20-12-2025,,Google Ads,Teeth Whitening,Clinic A,Contacted - No Appointment,4,No,
L07185,16-03-2025,P07185,Referral,Dental Implant,Clinic C,Appointment Booked,12,Yes,27-03-2025
L07186,05-09-2025,,Instagram,Dental Crown,Clinic A,Contacted - No Appointment,11,No,
L07187,12-10-2025,,Facebook,Teeth Whitening,Clinic A,Contacted - No Appointment,19,No,
L07188,08-01-2025,P07188,Google Ads,Dental Crown,Clinic C,Appointment Booked,11,Yes,12-01-2025
L07189,12-04-2025,P07189,Facebook,Teeth Whitening,Clinic A,Appointment Booked,17,Yes,19-04-2025
L07190,30-04-2025,,Instagram,Dental Implant,Clinic A,Contacted - No Appointment,22,No,
L07191,18-07-2025,,Google Ads,Dental Crown,Clinic C,Contacted - No Appointment,4,No,
L07192,06-11-2025,,Facebook,General Dentistry,Clinic A,Contacted - No Appointment,15,No,
L07193,09-07-2025,,Referral,Dental Crown,Clinic B,Contacted - No Appointment,13,No,
L07194,25-02-2025,,Google Organic,Dental Crown,Clinic A,Contacted - No Appointment,15,No,
L07195,23-10-2025,P07195,Facebook,Teeth Whitening,Clinic C,Appointment Booked,15,Yes,24-10-2025
L07196,18-09-2025,P07196,Facebook,Invisalign,Clinic C,Appointment Booked,3,Yes,23-09-2025
L07197,29-06-2025,,Google Ads,Teeth Whitening,Clinic C,Not Contacted/Cold,54,No,
L07198,25-08-2025,,Referral,General Dentistry,Clinic A,Contacted - No Appointment,20,No,
L07199,14-12-2025,P07199,Referral,Dental Implant,Clinic A,Appointment Booked,35,Yes,20-12-2025
L07200,12-08-2025,,Google Organic,General Dentistry,Clinic A,Contacted - No Appointment,9,No,
L07201,20-06-2025,,Google Ads,Invisalign,Clinic B,Contacted - No Appointment,41,No,
L07202,07-01-2025,P07202,Google Ads,Root Canal,Clinic D,Appointment Booked,19,Yes,09-01-2025
L07203,18-02-2025,P07203,Google Ads,General Dentistry,Clinic A,Appointment Booked,28,Yes,22-02-2025
L07204,05-09-2025,P07204,Facebook,General Dentistry,Clinic A,Appointment Booked,5,Yes,13-09-2025
L07205,02-10-2025,P07205,Google Ads,General Dentistry,Clinic A,Appointment Booked,14,Yes,04-10-2025
L07206,18-10-2025,,Google Organic,General Dentistry,Clinic C,Contacted - No Appointment,21,No,
L07207,19-11-2025,,Facebook,Root Canal,Clinic C,Not Contacted/Cold,54,No,
L07208,04-06-2025,P07208,Google Ads,Dental Crown,Clinic C,Appointment Booked,26,Yes,18-06-2025
L07209,02-09-2025,,Google Organic,Root Canal,Clinic D,Contacted - No Appointment,7,No,
L07210,08-07-2025,,Google Ads,Root Canal,Clinic B,Contacted - No Appointment,8,No,
L07211,24-03-2025,,Google Organic,Root Canal,Clinic A,Contacted - No Appointment,5,No,
L07212,26-08-2025,,Facebook,Teeth Whitening,Clinic B,Contacted - No Appointment,10,No,
L07213,14-05-2025,,Facebook,Root Canal,Clinic C,Contacted - No Appointment,42,No,
L07214,02-10-2025,P07214,Google Ads,Teeth Whitening,Clinic C,Appointment Booked,24,Yes,11-10-2025
L07215,18-04-2025,P07215,Referral,Teeth Whitening,Clinic C,Appointment Booked,28,Yes,20-04-2025
L07216,22-12-2025,P07216,Instagram,Dental Implant,Clinic C,Appointment Booked,42,Yes,28-12-2025
L07217,03-05-2025,,Facebook,Dental Crown,Clinic C,Contacted - No Appointment,29,No,
L07218,03-02-2025,P07218,Google Ads,Root Canal,Clinic D,Appointment Booked,6,Yes,16-02-2025
L07219,08-11-2025,,Google Organic,Root Canal,Clinic C,Contacted - No Appointment,33,No,
L07220,10-02-2025,,Google Ads,Teeth Whitening,Clinic D,Not Contacted/Cold,61,No,
L07221,23-09-2025,P07221,Referral,Root Canal,Clinic A,Appointment Booked,6,Yes,25-09-2025
L07222,07-03-2025,,Referral,General Dentistry,Clinic C,Contacted - No Appointment,22,No,
L07223,03-08-2025,P07223,Google Organic,Teeth Whitening,Clinic D,Appointment Booked,41,Yes,04-08-2025
L07224,25-11-2025,,Referral,Dental Crown,Clinic B,Contacted - No Appointment,34,No,
L07225,15-06-2025,,Google Ads,Teeth Whitening,Clinic D,Not Contacted/Cold,62,No,
L07226,02-01-2025,,Google Ads,Dental Implant,Clinic C,Contacted - No Appointment,42,No,
L07227,11-12-2025,,Google Ads,Dental Implant,Clinic A,Contacted - No Appointment,11,No,
L07228,21-01-2025,P07228,Google Ads,Dental Implant,Clinic C,Appointment Booked,37,Yes,01-02-2025
L07229,16-07-2025,,Referral,Root Canal,Clinic A,Contacted - No Appointment,18,No,
L07230,21-11-2025,P07230,Google Ads,Invisalign,Clinic D,Appointment Booked,15,Yes,01-12-2025
L07231,05-04-2025,,Referral,General Dentistry,Clinic D,Contacted - No Appointment,11,No,
L07232,20-08-2025,,Google Organic,Root Canal,Clinic A,Contacted - No Appointment,38,No,
L07233,27-10-2025,,Facebook,Dental Crown,Clinic A,Contacted - No Appointment,7,No,
L07234,19-08-2025,P07234,Google Ads,Invisalign,Clinic C,Appointment Booked,21,Yes,28-08-2025
L07235,02-12-2025,P07235,Google Ads,Invisalign,Clinic B,Appointment Booked,11,Yes,04-12-2025
L07236,14-04-2025,P07236,Google Ads,Invisalign,Clinic A,Appointment Booked,19,Yes,28-04-2025
L07237,23-03-2025,,Facebook,Dental Crown,Clinic C,Contacted - No Appointment,16,No,
L07238,28-01-2025,,Facebook,Root Canal,Clinic B,Contacted - No Appointment,20,No,
L07239,12-10-2025,,Instagram,Root Canal,Clinic A,Contacted - No Appointment,25,No,
L07240,14-12-2025,P07240,Google Organic,Dental Crown,Clinic D,Appointment Booked,10,Yes,28-12-2025
L07241,19-02-2025,,Facebook,Teeth Whitening,Clinic D,Contacted - No Appointment,7,No,
L07242,22-05-2025,,Google Ads,Dental Implant,Clinic D,Contacted - No Appointment,10,No,
L07243,02-01-2025,P07243,Google Organic,Teeth Whitening,Clinic D,Appointment Booked,21,Yes,15-01-2025
L07244,12-09-2025,P07244,Facebook,Dental Crown,Clinic A,Appointment Booked,19,Yes,26-09-2025
L07245,08-03-2025,,Google Ads,Dental Crown,Clinic B,Contacted - No Appointment,10,No,
L07246,25-07-2025,P07246,Google Organic,Invisalign,Clinic A,Appointment Booked,21,Yes,08-08-2025
L07247,12-05-2025,,Referral,Root Canal,Clinic D,Contacted - No Appointment,39,No,
L07248,04-08-2025,P07248,Referral,Invisalign,Clinic D,Appointment Booked,19,Yes,18-08-2025
L07249,14-12-2025,,Google Ads,General Dentistry,Clinic C,Contacted - No Appointment,10,No,
L07250,27-04-2025,P07250,Facebook,Root Canal,Clinic D,Appointment Booked,5,Yes,06-05-2025
L07251,09-04-2025,,Google Ads,General Dentistry,Clinic C,Contacted - No Appointment,19,No,
L07252,28-08-2025,,Referral,Root Canal,Clinic B,Contacted - No Appointment,9,No,
L07253,16-09-2025,,Google Ads,Invisalign,Clinic B,Contacted - No Appointment,15,No,
L07254,01-05-2025,,Google Ads,Root Canal,Clinic A,Contacted - No Appointment,25,No,
L07255,02-09-2025,P07255,Referral,Dental Implant,Clinic A,Appointment Booked,23,Yes,16-09-2025
L07256,14-08-2025,,Referral,General Dentistry,Clinic C,Contacted - No Appointment,40,No,
L07257,06-09-2025,P07257,Google Organic,Teeth Whitening,Clinic B,Appointment Booked,4,Yes,18-09-2025
L07258,28-01-2025,,Google Ads,Teeth Whitening,Clinic C,Contacted - No Appointment,16,No,
L07259,26-03-2025,,Facebook,Dental Crown,Clinic C,Contacted - No Appointment,16,No,
L07260,28-01-2025,,Google Organic,Dental Crown,Clinic B,Contacted - No Appointment,22,No,
L07261,17-06-2025,,Instagram,General Dentistry,Clinic B,Contacted - No Appointment,7,No,
L07262,16-06-2025,P07262,Google Ads,Invisalign,Clinic B,Appointment Booked,11,Yes,21-06-2025
L07263,18-08-2025,,Google Ads,Teeth Whitening,Clinic B,Contacted - No Appointment,7,No,
L07264,02-07-2025,,Referral,Dental Crown,Clinic D,Contacted - No Appointment,23,No,
L07265,28-04-2025,,Facebook,General Dentistry,Clinic B,Contacted - No Appointment,10,No,
L07266,18-08-2025,,Google Organic,General Dentistry,Clinic C,Contacted - No Appointment,34,No,
L07267,10-05-2025,,Facebook,General Dentistry,Clinic D,Contacted - No Appointment,31,No,
L07268,23-07-2025,,Facebook,Dental Crown,Clinic D,Contacted - No Appointment,37,No,
L07269,28-08-2025,P07269,Referral,Invisalign,Clinic D,Appointment Booked,13,Yes,02-09-2025
L07270,10-08-2025,P07270,Facebook,Root Canal,Clinic B,Appointment Booked,13,Yes,11-08-2025
L07271,26-08-2025,P07271,Google Organic,Teeth Whitening,Clinic A,Appointment Booked,14,Yes,01-09-2025
L07272,28-09-2025,,Google Ads,Teeth Whitening,Clinic B,Contacted - No Appointment,10,No,
L07273,30-04-2025,P07273,Google Ads,Dental Implant,Clinic B,Appointment Booked,6,Yes,06-05-2025
L07274,26-04-2025,P07274,Google Organic,Root Canal,Clinic D,Appointment Booked,8,Yes,29-04-2025
L07275,03-01-2025,,Google Organic,Invisalign,Clinic C,Not Contacted/Cold,46,No,
L07276,18-07-2025,,Instagram,General Dentistry,Clinic A,Contacted - No Appointment,12,No,
L07277,04-10-2025,,Google Ads,Dental Implant,Clinic A,Not Contacted/Cold,54,No,
L07278,24-11-2025,P07278,Google Ads,Dental Crown,Clinic A,Appointment Booked,12,Yes,03-12-2025
L07279,03-09-2025,,Referral,Invisalign,Clinic C,Contacted - No Appointment,21,No,
L07280,15-11-2025,P07280,Google Ads,Root Canal,Clinic C,Appointment Booked,23,Yes,25-11-2025
L07281,26-07-2025,,Google Organic,General Dentistry,Clinic D,Contacted - No Appointment,19,No,
L07282,28-05-2025,,Google Ads,Invisalign,Clinic D,Contacted - No Appointment,12,No,
L07283,16-10-2025,P07283,Referral,Dental Implant,Clinic A,Appointment Booked,3,Yes,18-10-2025
L07284,31-03-2025,,Referral,Dental Implant,Clinic B,Contacted - No Appointment,17,No,
L07285,27-08-2025,,Google Ads,Root Canal,Clinic A,Contacted - No Appointment,10,No,
L07286,13-01-2025,P07286,Google Organic,Dental Crown,Clinic B,Appointment Booked,12,Yes,19-01-2025
L07287,03-03-2025,,Google Ads,Invisalign,Clinic D,Contacted - No Appointment,12,No,
L07288,10-10-2025,P07288,Google Ads,Dental Crown,Clinic C,Appointment Booked,46,Yes,11-10-2025
L07289,15-02-2025,P07289,Facebook,Dental Implant,Clinic C,Appointment Booked,8,Yes,24-02-2025
L07290,18-05-2025,,Instagram,General Dentistry,Clinic B,Not Contacted/Cold,53,No,
L07291,22-03-2025,,Facebook,Teeth Whitening,Clinic A,Not Contacted/Cold,61,No,
L07292,28-10-2025,,Instagram,General Dentistry,Clinic A,Contacted - No Appointment,33,No,
L07293,20-07-2025,,Google Ads,General Dentistry,Clinic C,Contacted - No Appointment,1,No,
L07294,05-05-2025,P07294,Google Ads,Root Canal,Clinic C,Appointment Booked,6,Yes,08-05-2025
L07295,19-02-2025,,Instagram,Root Canal,Clinic A,Contacted - No Appointment,38,No,
L07296,24-01-2025,,Facebook,Teeth Whitening,Clinic C,Contacted - No Appointment,8,No,
L07297,28-02-2025,P07297,Google Organic,Dental Implant,Clinic D,Appointment Booked,20,Yes,06-03-2025
L07298,22-07-2025,P07298,Instagram,Invisalign,Clinic B,Appointment Booked,12,Yes,25-07-2025
L07299,23-01-2025,,Referral,Dental Implant,Clinic C,Contacted - No Appointment,40,No,
L07300,30-12-2025,P07300,Facebook,Root Canal,Clinic B,Appointment Booked,19,Yes,05-01-2026
L07301,30-01-2025,P07301,Google Ads,Dental Crown,Clinic C,Appointment Booked,21,Yes,02-02-2025
L07302,09-11-2025,,Instagram,Invisalign,Clinic D,Not Contacted/Cold,77,No,
L07303,17-02-2025,P07303,Google Organic,Dental Implant,Clinic D,Appointment Booked,54,Yes,28-02-2025
L07304,07-07-2025,,Facebook,Teeth Whitening,Clinic B,Contacted - No Appointment,19,No,
L07305,06-06-2025,P07305,Google Organic,Dental Implant,Clinic B,Appointment Booked,2,Yes,12-06-2025
L07306,16-05-2025,,Facebook,General Dentistry,Clinic A,Contacted - No Appointment,30,No,
L07307,01-08-2025,,Google Ads,Invisalign,Clinic A,Not Contacted/Cold,66,No,
L07308,01-09-2025,,Instagram,Dental Crown,Clinic C,Contacted - No Appointment,3,No,
L07309,18-03-2025,,Google Ads,Root Canal,Clinic D,Contacted - No Appointment,32,No,
L07310,11-01-2025,,Facebook,Dental Implant,Clinic B,Contacted - No Appointment,41,No,
L07311,23-08-2025,,Facebook,Root Canal,Clinic A,Contacted - No Appointment,19,No,
L07312,13-11-2025,P07312,Facebook,Root Canal,Clinic B,Appointment Booked,20,Yes,15-11-2025
L07313,19-01-2025,,Instagram,General Dentistry,Clinic B,Contacted - No Appointment,19,No,
L07314,14-11-2025,,Google Ads,Teeth Whitening,Clinic B,Contacted - No Appointment,7,No,
L07315,05-04-2025,P07315,Referral,Dental Implant,Clinic A,Appointment Booked,81,Yes,17-04-2025
L07316,31-03-2025,,Google Organic,Invisalign,Clinic C,Contacted - No Appointment,5,No,
L07317,10-03-2025,,Facebook,Invisalign,Clinic A,Contacted - No Appointment,32,No,
L07318,28-08-2025,,Google Ads,Dental Implant,Clinic C,Contacted - No Appointment,31,No,
L07319,20-07-2025,P07319,Google Ads,Root Canal,Clinic D,Appointment Booked,8,Yes,02-08-2025
L07320,14-08-2025,,Google Organic,General Dentistry,Clinic B,Contacted - No Appointment,20,No,
L07321,31-03-2025,,Facebook,Root Canal,Clinic C,Contacted - No Appointment,6,No,
L07322,13-04-2025,,Google Ads,Teeth Whitening,Clinic C,Contacted - No Appointment,27,No,
L07323,07-10-2025,,Facebook,Dental Crown,Clinic C,Contacted - No Appointment,43,No,
L07324,16-12-2025,,Instagram,General Dentistry,Clinic B,Contacted - No Appointment,21,No,
L07325,06-01-2025,,Google Organic,Invisalign,Clinic B,Contacted - No Appointment,31,No,
L07326,06-02-2025,,Instagram,Teeth Whitening,Clinic D,Contacted - No Appointment,8,No,
L07327,02-06-2025,P07327,Referral,General Dentistry,Clinic D,Appointment Booked,8,Yes,13-06-2025
L07328,13-03-2025,,Google Ads,Dental Implant,Clinic B,Contacted - No Appointment,20,No,
L07329,30-03-2025,P07329,Instagram,Invisalign,Clinic A,Appointment Booked,6,Yes,11-04-2025
L07330,27-12-2025,P07330,Google Ads,General Dentistry,Clinic A,Appointment Booked,8,Yes,30-12-2025
L07331,12-04-2025,,Facebook,Teeth Whitening,Clinic A,Contacted - No Appointment,11,No,
L07332,18-04-2025,,Instagram,Invisalign,Clinic C,Contacted - No Appointment,27,No,
L07333,16-01-2025,,Google Ads,Dental Crown,Clinic A,Contacted - No Appointment,8,No,
L07334,05-03-2025,,Facebook,Root Canal,Clinic B,Contacted - No Appointment,18,No,
L07335,24-10-2025,,Google Organic,Root Canal,Clinic D,Contacted - No Appointment,32,No,
L07336,02-12-2025,,Google Ads,Root Canal,Clinic B,Contacted - No Appointment,13,No,
L07337,26-04-2025,,Facebook,Invisalign,Clinic D,Contacted - No Appointment,13,No,
L07338,28-09-2025,,Referral,Dental Crown,Clinic C,Contacted - No Appointment,27,No,
L07339,08-04-2025,P07339,Facebook,Teeth Whitening,Clinic A,Appointment Booked,21,Yes,20-04-2025
L07340,30-06-2025,P07340,Google Organic,General Dentistry,Clinic C,Appointment Booked,14,Yes,01-07-2025
L07341,11-06-2025,P07341,Google Organic,Dental Implant,Clinic C,Appointment Booked,9,Yes,12-06-2025
L07342,21-11-2025,P07342,Google Ads,General Dentistry,Clinic B,Appointment Booked,11,Yes,04-12-2025
L07343,28-01-2025,,Google Ads,Invisalign,Clinic A,Contacted - No Appointment,33,No,
L07344,06-03-2025,P07344,Google Organic,Root Canal,Clinic C,Appointment Booked,13,Yes,18-03-2025
L07345,09-06-2025,,Google Organic,General Dentistry,Clinic D,Not Contacted/Cold,87,No,
L07346,21-02-2025,,Google Ads,Root Canal,Clinic C,Contacted - No Appointment,10,No,
L07347,19-05-2025,,Facebook,Invisalign,Clinic A,Contacted - No Appointment,29,No,
L07348,16-03-2025,,Facebook,Dental Implant,Clinic C,Contacted - No Appointment,29,No,
L07349,08-06-2025,P07349,Google Organic,Root Canal,Clinic B,Appointment Booked,24,Yes,22-06-2025
L07350,04-10-2025,P07350,Facebook,Teeth Whitening,Clinic C,Appointment Booked,5,Yes,18-10-2025
L07351,03-08-2025,P07351,Referral,General Dentistry,Clinic C,Appointment Booked,37,Yes,10-08-2025
L07352,15-07-2025,,Referral,Teeth Whitening,Clinic C,Contacted - No Appointment,18,No,
L07353,15-10-2025,,Google Organic,General Dentistry,Clinic D,Contacted - No Appointment,45,No,
L07354,06-05-2025,P07354,Instagram,Teeth Whitening,Clinic C,Appointment Booked,15,Yes,12-05-2025
L07355,23-08-2025,P07355,Facebook,General Dentistry,Clinic C,Appointment Booked,15,Yes,28-08-2025
L07356,24-05-2025,,Google Ads,Dental Implant,Clinic A,Contacted - No Appointment,25,No,
L07357,05-06-2025,,Instagram,General Dentistry,Clinic D,Contacted - No Appointment,18,No,
L07358,22-05-2025,,Facebook,Root Canal,Clinic D,Contacted - No Appointment,6,No,
L07359,17-07-2025,P07359,Facebook,General Dentistry,Clinic A,Appointment Booked,33,Yes,28-07-2025
L07360,01-10-2025,,Google Organic,Dental Implant,Clinic B,Contacted - No Appointment,5,No,
L07361,08-12-2025,,Facebook,Teeth Whitening,Clinic A,Contacted - No Appointment,36,No,
L07362,26-05-2025,P07362,Google Organic,Teeth Whitening,Clinic D,Appointment Booked,9,Yes,07-06-2025
L07363,22-07-2025,,Facebook,General Dentistry,Clinic C,Not Contacted/Cold,63,No,
L07364,25-08-2025,P07364,Google Ads,Teeth Whitening,Clinic A,Appointment Booked,6,Yes,07-09-2025
L07365,29-12-2025,P07365,Facebook,Root Canal,Clinic D,Appointment Booked,6,Yes,08-01-2026
L07366,17-01-2025,,Referral,Dental Crown,Clinic A,Contacted - No Appointment,8,No,
L07367,30-09-2025,,Google Organic,Root Canal,Clinic D,Contacted - No Appointment,35,No,
L07368,26-10-2025,,Google Ads,Invisalign,Clinic B,Contacted - No Appointment,27,No,
L07369,25-05-2025,,Facebook,Invisalign,Clinic B,Contacted - No Appointment,37,No,
L07370,04-05-2025,,Referral,Invisalign,Clinic A,Contacted - No Appointment,29,No,
L07371,18-08-2025,,Google Ads,Root Canal,Clinic A,Contacted - No Appointment,18,No,
L07372,19-11-2025,P07372,Google Ads,General Dentistry,Clinic C,Appointment Booked,43,Yes,22-11-2025
L07373,14-01-2025,P07373,Google Ads,General Dentistry,Clinic C,Appointment Booked,54,Yes,17-01-2025
L07374,18-02-2025,,Instagram,Dental Implant,Clinic A,Contacted - No Appointment,8,No,
L07375,02-10-2025,,Facebook,Dental Implant,Clinic A,Contacted - No Appointment,41,No,
L07376,29-09-2025,P07376,Google Ads,Invisalign,Clinic A,Appointment Booked,41,Yes,03-10-2025
L07377,17-06-2025,,Instagram,Invisalign,Clinic C,Contacted - No Appointment,9,No,
L07378,14-02-2025,,Google Ads,Dental Implant,Clinic C,Contacted - No Appointment,11,No,
L07379,03-12-2025,,Instagram,Root Canal,Clinic A,Contacted - No Appointment,34,No,
L07380,19-11-2025,,Facebook,Dental Crown,Clinic C,Contacted - No Appointment,13,No,
L07381,27-12-2025,P07381,Facebook,Dental Crown,Clinic A,Appointment Booked,21,Yes,08-01-2026
L07382,31-01-2025,P07382,Google Ads,Root Canal,Clinic D,Appointment Booked,22,Yes,01-02-2025
L07383,14-01-2025,,Instagram,Invisalign,Clinic D,Contacted - No Appointment,8,No,
L07384,11-04-2025,P07384,Facebook,Teeth Whitening,Clinic C,Appointment Booked,8,Yes,19-04-2025
L07385,06-12-2025,P07385,Facebook,General Dentistry,Clinic D,Appointment Booked,7,Yes,07-12-2025
L07386,27-05-2025,,Instagram,Invisalign,Clinic D,Contacted - No Appointment,28,No,
L07387,23-10-2025,P07387,Instagram,Dental Implant,Clinic D,Appointment Booked,6,Yes,05-11-2025
L07388,12-05-2025,,Google Ads,Invisalign,Clinic C,Contacted - No Appointment,36,No,
L07389,30-11-2025,,Google Ads,Dental Implant,Clinic B,Contacted - No Appointment,12,No,
L07390,02-09-2025,P07390,Google Ads,Root Canal,Clinic A,Appointment Booked,21,Yes,16-09-2025
L07391,17-11-2025,,Google Organic,Dental Implant,Clinic B,Contacted - No Appointment,7,No,
L07392,02-03-2025,,Instagram,Root Canal,Clinic C,Not Contacted/Cold,64,No,
L07393,01-08-2025,P07393,Google Organic,Invisalign,Clinic A,Appointment Booked,29,Yes,10-08-2025
L07394,17-08-2025,,Google Organic,Teeth Whitening,Clinic A,Contacted - No Appointment,28,No,
L07395,21-08-2025,P07395,Referral,Dental Implant,Clinic B,Appointment Booked,30,Yes,25-08-2025
L07396,04-10-2025,,Facebook,Dental Crown,Clinic A,Contacted - No Appointment,27,No,
L07397,08-09-2025,,Facebook,Dental Implant,Clinic C,Contacted - No Appointment,8,No,
L07398,06-07-2025,P07398,Google Organic,Dental Implant,Clinic D,Appointment Booked,10,Yes,17-07-2025
L07399,18-05-2025,,Google Ads,General Dentistry,Clinic C,Contacted - No Appointment,18,No,
L07400,17-01-2025,,Facebook,Dental Crown,Clinic C,Contacted - No Appointment,27,No,
L07401,23-10-2025,,Google Ads,Dental Implant,Clinic C,Contacted - No Appointment,33,No,
L07402,30-06-2025,,Referral,Dental Crown,Clinic B,Contacted - No Appointment,10,No,
L07403,04-04-2025,,Facebook,Dental Crown,Clinic A,Contacted - No Appointment,16,No,
L07404,23-04-2025,,Google Ads,Root Canal,Clinic D,Not Contacted/Cold,56,No,
L07405,14-11-2025,,Google Organic,Root Canal,Clinic A,Contacted - No Appointment,14,No,
L07406,17-09-2025,,Google Ads,General Dentistry,Clinic A,Contacted - No Appointment,37,No,
L07407,17-08-2025,P07407,Referral,Invisalign,Clinic D,Appointment Booked,5,Yes,27-08-2025
L07408,12-09-2025,P07408,Facebook,Root Canal,Clinic A,Appointment Booked,15,Yes,19-09-2025
L07409,13-03-2025,P07409,Instagram,Invisalign,Clinic B,Appointment Booked,41,Yes,26-03-2025
L07410,23-06-2025,,Facebook,Teeth Whitening,Clinic A,Not Contacted/Cold,47,No,
L07411,19-01-2025,,Google Organic,General Dentistry,Clinic A,Contacted - No Appointment,25,No,
L07412,01-11-2025,P07412,Referral,General Dentistry,Clinic A,Appointment Booked,3,Yes,15-11-2025
L07413,01-03-2025,,Google Organic,Teeth Whitening,Clinic A,Contacted - No Appointment,2,No,
L07414,28-03-2025,,Google Organic,General Dentistry,Clinic C,Contacted - No Appointment,24,No,
L07415,10-10-2025,P07415,Google Ads,Dental Crown,Clinic D,Appointment Booked,25,Yes,21-10-2025
L07416,01-03-2025,P07416,Referral,Teeth Whitening,Clinic B,Appointment Booked,67,Yes,11-03-2025
L07417,30-04-2025,P07417,Instagram,General Dentistry,Clinic D,Appointment Booked,11,Yes,01-05-2025
L07418,01-05-2025,P07418,Referral,Dental Implant,Clinic A,Appointment Booked,7,Yes,12-05-2025
L07419,24-08-2025,,Google Organic,Dental Crown,Clinic B,Contacted - No Appointment,17,No,
L07420,17-12-2025,,Google Ads,Teeth Whitening,Clinic A,Contacted - No Appointment,14,No,
L07421,04-07-2025,P07421,Instagram,General Dentistry,Clinic C,Appointment Booked,30,Yes,12-07-2025
L07422,09-09-2025,P07422,Google Ads,General Dentistry,Clinic B,Appointment Booked,33,Yes,11-09-2025
L07423,08-11-2025,,Google Organic,General Dentistry,Clinic C,Contacted - No Appointment,16,No,
L07424,13-09-2025,,Facebook,General Dentistry,Clinic D,Contacted - No Appointment,32,No,
L07425,24-12-2025,P07425,Google Ads,Root Canal,Clinic C,Appointment Booked,8,Yes,03-01-2026
L07426,31-03-2025,,Referral,Dental Implant,Clinic C,Contacted - No Appointment,23,No,
L07427,24-07-2025,,Referral,Dental Implant,Clinic D,Contacted - No Appointment,1,No,
L07428,10-11-2025,,Referral,Root Canal,Clinic B,Contacted - No Appointment,10,No,
L07429,27-06-2025,,Google Organic,Root Canal,Clinic B,Contacted - No Appointment,28,No,
L07430,19-10-2025,,Google Organic,Root Canal,Clinic C,Not Contacted/Cold,54,No,
L07431,14-03-2025,,Instagram,Root Canal,Clinic C,Contacted - No Appointment,9,No,
L07432,16-10-2025,P07432,Google Ads,General Dentistry,Clinic A,Appointment Booked,23,Yes,18-10-2025
L07433,13-12-2025,,Referral,Root Canal,Clinic B,Contacted - No Appointment,9,No,
L07434,24-09-2025,P07434,Referral,General Dentistry,Clinic B,Appointment Booked,14,Yes,25-09-2025
L07435,29-05-2025,,Google Organic,General Dentistry,Clinic B,Contacted - No Appointment,26,No,
L07436,12-12-2025,P07436,Referral,Root Canal,Clinic A,Appointment Booked,8,Yes,19-12-2025
L07437,03-07-2025,,Instagram,Root Canal,Clinic D,Contacted - No Appointment,14,No,
L07438,27-12-2025,,Facebook,Teeth Whitening,Clinic D,Contacted - No Appointment,21,No,
L07439,31-07-2025,,Referral,Teeth Whitening,Clinic B,Contacted - No Appointment,22,No,
L07440,31-07-2025,,Facebook,Invisalign,Clinic C,Contacted - No Appointment,20,No,
L07441,30-07-2025,,Instagram,Dental Implant,Clinic D,Contacted - No Appointment,21,No,
L07442,19-12-2025,,Facebook,Invisalign,Clinic A,Contacted - No Appointment,11,No,
L07443,17-02-2025,P07443,Instagram,Dental Implant,Clinic A,Appointment Booked,10,Yes,02-03-2025
L07444,31-05-2025,,Google Organic,Invisalign,Clinic C,Contacted - No Appointment,8,No,
L07445,04-10-2025,,Instagram,Invisalign,Clinic D,Contacted - No Appointment,9,No,
L07446,09-09-2025,P07446,Facebook,Dental Crown,Clinic A,Appointment Booked,8,Yes,20-09-2025
L07447,20-03-2025,,Facebook,General Dentistry,Clinic D,Contacted - No Appointment,20,No,
L07448,27-08-2025,P07448,Instagram,Dental Crown,Clinic B,Appointment Booked,9,Yes,08-09-2025
L07449,24-03-2025,P07449,Referral,General Dentistry,Clinic B,Appointment Booked,21,Yes,01-04-2025
L07450,05-02-2025,P07450,Google Ads,Teeth Whitening,Clinic B,Appointment Booked,17,Yes,07-02-2025
L07451,17-07-2025,P07451,Google Ads,Teeth Whitening,Clinic A,Appointment Booked,24,Yes,20-07-2025
L07452,22-03-2025,P07452,Google Ads,Root Canal,Clinic D,Appointment Booked,19,Yes,29-03-2025
L07453,13-10-2025,P07453,Referral,Invisalign,Clinic D,Appointment Booked,18,Yes,24-10-2025
L07454,24-08-2025,,Instagram,General Dentistry,Clinic B,Contacted - No Appointment,36,No,
L07455,03-07-2025,,Referral,General Dentistry,Clinic D,Contacted - No Appointment,34,No,
L07456,17-03-2025,P07456,Instagram,Root Canal,Clinic D,Appointment Booked,23,Yes,19-03-2025
L07457,14-03-2025,,Facebook,Dental Implant,Clinic B,Contacted - No Appointment,33,No,
L07458,24-06-2025,P07458,Google Organic,Teeth Whitening,Clinic C,Appointment Booked,9,Yes,08-07-2025
L07459,30-10-2025,,Google Ads,Invisalign,Clinic B,Contacted - No Appointment,14,No,
L07460,26-09-2025,,Facebook,Dental Implant,Clinic C,Contacted - No Appointment,15,No,
L07461,10-11-2025,,Facebook,Teeth Whitening,Clinic A,Contacted - No Appointment,22,No,
L07462,10-01-2025,,Google Ads,Root Canal,Clinic C,Contacted - No Appointment,5,No,
L07463,12-07-2025,,Facebook,Dental Crown,Clinic A,Contacted - No Appointment,23,No,
L07464,03-05-2025,P07464,Google Ads,General Dentistry,Clinic D,Appointment Booked,28,Yes,14-05-2025
L07465,22-11-2025,P07465,Google Ads,Root Canal,Clinic D,Appointment Booked,27,Yes,25-11-2025
L07466,08-08-2025,,Facebook,Root Canal,Clinic A,Contacted - No Appointment,5,No,
L07467,21-06-2025,P07467,Google Organic,Invisalign,Clinic B,Appointment Booked,6,Yes,04-07-2025
L07468,18-01-2025,,Google Ads,Invisalign,Clinic B,Contacted - No Appointment,11,No,
L07469,05-03-2025,,Facebook,Teeth Whitening,Clinic C,Not Contacted/Cold,55,No,
L07470,18-08-2025,P07470,Google Ads,Root Canal,Clinic B,Appointment Booked,23,Yes,29-08-2025
L07471,18-02-2025,,Instagram,Dental Implant,Clinic C,Contacted - No Appointment,6,No,
L07472,08-11-2025,,Instagram,Dental Implant,Clinic B,Contacted - No Appointment,24,No,
L07473,01-01-2025,,Referral,Root Canal,Clinic A,Contacted - No Appointment,20,No,
L07474,16-07-2025,,Google Organic,Root Canal,Clinic A,Contacted - No Appointment,26,No,
L07475,10-11-2025,,Google Ads,Dental Crown,Clinic A,Contacted - No Appointment,17,No,
L07476,20-11-2025,,Google Ads,Root Canal,Clinic D,Contacted - No Appointment,18,No,
L07477,20-10-2025,P07477,Google Ads,Dental Implant,Clinic D,Appointment Booked,11,Yes,22-10-2025
L07478,12-09-2025,,Referral,Root Canal,Clinic B,Not Contacted/Cold,65,No,
L07479,22-09-2025,P07479,Google Organic,General Dentistry,Clinic C,Appointment Booked,14,Yes,02-10-2025
L07480,25-03-2025,P07480,Google Ads,Dental Implant,Clinic A,Appointment Booked,16,Yes,27-03-2025
L07481,29-09-2025,,Google Ads,Dental Crown,Clinic C,Contacted - No Appointment,12,No,
L07482,07-02-2025,P07482,Facebook,Dental Crown,Clinic A,Appointment Booked,2,Yes,10-02-2025
L07483,27-04-2025,,Google Ads,Teeth Whitening,Clinic C,Contacted - No Appointment,5,No,
L07484,15-08-2025,P07484,Google Organic,Dental Implant,Clinic D,Appointment Booked,20,Yes,24-08-2025
L07485,29-09-2025,,Instagram,General Dentistry,Clinic A,Contacted - No Appointment,13,No,
L07486,27-01-2025,P07486,Instagram,Dental Crown,Clinic D,Appointment Booked,4,Yes,07-02-2025
L07487,10-02-2025,P07487,Facebook,General Dentistry,Clinic A,Appointment Booked,29,Yes,12-02-2025
L07488,07-05-2025,,Google Ads,Invisalign,Clinic B,Contacted - No Appointment,28,No,
L07489,20-05-2025,,Instagram,Teeth Whitening,Clinic A,Contacted - No Appointment,25,No,
L07490,26-03-2025,,Google Organic,Teeth Whitening,Clinic B,Contacted - No Appointment,19,No,
L07491,14-03-2025,P07491,Facebook,Root Canal,Clinic A,Appointment Booked,49,Yes,20-03-2025
L07492,20-04-2025,,Facebook,Root Canal,Clinic B,Contacted - No Appointment,13,No,
L07493,29-01-2025,,Google Organic,Dental Crown,Clinic B,Contacted - No Appointment,19,No,
L07494,01-01-2025,P07494,Google Ads,Dental Implant,Clinic B,Appointment Booked,7,Yes,06-01-2025
L07495,26-12-2025,,Facebook,Teeth Whitening,Clinic C,Contacted - No Appointment,5,No,
L07496,10-04-2025,,Facebook,Dental Implant,Clinic D,Contacted - No Appointment,44,No,
L07497,17-12-2025,P07497,Google Organic,Invisalign,Clinic B,Appointment Booked,25,Yes,26-12-2025
L07498,20-06-2025,,Google Ads,Dental Crown,Clinic A,Contacted - No Appointment,23,No,
L07499,30-11-2025,P07499,Google Organic,Dental Implant,Clinic B,Appointment Booked,62,Yes,05-12-2025
L07500,05-03-2025,,Google Ads,General Dentistry,Clinic D,Contacted - No Appointment,4,No,
L07501,21-03-2025,P07501,Google Ads,General Dentistry,Clinic C,Appointment Booked,6,Yes,26-03-2025
L07502,03-04-2025,,Google Organic,Dental Crown,Clinic B,Not Contacted/Cold,56,No,
L07503,25-10-2025,,Instagram,Teeth Whitening,Clinic A,Contacted - No Appointment,20,No,
L07504,23-10-2025,P07504,Referral,General Dentistry,Clinic B,Appointment Booked,19,Yes,29-10-2025
L07505,04-08-2025,,Facebook,Invisalign,Clinic B,Contacted - No Appointment,14,No,
L07506,13-02-2025,,Facebook,General Dentistry,Clinic D,Contacted - No Appointment,19,No,
L07507,29-12-2025,P07507,Google Organic,Invisalign,Clinic D,Appointment Booked,24,Yes,06-01-2026
L07508,11-04-2025,,Facebook,Root Canal,Clinic A,Contacted - No Appointment,42,No,
L07509,23-02-2025,,Google Ads,Dental Crown,Clinic C,Not Contacted/Cold,51,No,
L07510,12-06-2025,P07510,Google Ads,Teeth Whitening,Clinic A,Appointment Booked,31,Yes,22-06-2025
L07511,10-03-2025,P07511,Google Ads,Dental Implant,Clinic B,Appointment Booked,62,Yes,24-03-2025
L07512,09-09-2025,,Facebook,Invisalign,Clinic D,Contacted - No Appointment,11,No,
L07513,26-12-2025,,Referral,Dental Crown,Clinic C,Contacted - No Appointment,36,No,
L07514,21-01-2025,,Google Organic,Root Canal,Clinic B,Contacted - No Appointment,24,No,
L07515,02-09-2025,,Referral,Teeth Whitening,Clinic A,Contacted - No Appointment,22,No,
L07516,20-06-2025,,Referral,Dental Crown,Clinic D,Contacted - No Appointment,11,No,
L07517,29-03-2025,,Facebook,Invisalign,Clinic C,Contacted - No Appointment,17,No,
L07518,09-09-2025,P07518,Google Ads,Dental Implant,Clinic B,Appointment Booked,13,Yes,20-09-2025
L07519,03-11-2025,P07519,Instagram,Dental Crown,Clinic A,Appointment Booked,2,Yes,12-11-2025
L07520,06-01-2025,,Referral,Root Canal,Clinic B,Contacted - No Appointment,22,No,
L07521,26-01-2025,,Facebook,Dental Implant,Clinic D,Not Contacted/Cold,57,No,
L07522,14-03-2025,P07522,Facebook,Invisalign,Clinic C,Appointment Booked,11,Yes,25-03-2025
L07523,13-10-2025,,Google Ads,Invisalign,Clinic B,Contacted - No Appointment,23,No,
L07524,24-01-2025,P07524,Facebook,Dental Implant,Clinic C,Appointment Booked,8,Yes,25-01-2025
L07525,02-03-2025,P07525,Facebook,Root Canal,Clinic D,Appointment Booked,34,Yes,04-03-2025
L07526,21-11-2025,P07526,Facebook,Teeth Whitening,Clinic B,Appointment Booked,43,Yes,22-11-2025
L07527,20-07-2025,P07527,Referral,Dental Crown,Clinic A,Appointment Booked,3,Yes,31-07-2025
L07528,20-07-2025,P07528,Google Ads,General Dentistry,Clinic C,Appointment Booked,16,Yes,01-08-2025
L07529,13-11-2025,,Referral,Dental Implant,Clinic C,Contacted - No Appointment,13,No,
L07530,06-11-2025,P07530,Google Ads,Root Canal,Clinic C,Appointment Booked,16,Yes,15-11-2025
L07531,04-01-2025,,Referral,Dental Crown,Clinic D,Contacted - No Appointment,32,No,
L07532,07-01-2025,,Facebook,Dental Crown,Clinic B,Contacted - No Appointment,15,No,
L07533,27-06-2025,,Google Organic,Dental Crown,Clinic A,Contacted - No Appointment,38,No,
L07534,13-07-2025,P07534,Google Ads,Teeth Whitening,Clinic D,Appointment Booked,2,Yes,23-07-2025
L07535,24-02-2025,P07535,Instagram,Dental Crown,Clinic B,Appointment Booked,21,Yes,27-02-2025
L07536,13-07-2025,,Referral,Dental Implant,Clinic C,Contacted - No Appointment,22,No,
L07537,25-12-2025,P07537,Google Ads,Dental Crown,Clinic C,Appointment Booked,6,Yes,06-01-2026
L07538,03-07-2025,,Google Ads,Teeth Whitening,Clinic C,Not Contacted/Cold,52,No,
L07539,07-09-2025,,Facebook,General Dentistry,Clinic A,Contacted - No Appointment,14,No,
L07540,25-09-2025,P07540,Google Ads,Dental Crown,Clinic D,Appointment Booked,29,Yes,09-10-2025
L07541,04-06-2025,,Google Ads,Dental Crown,Clinic D,Contacted - No Appointment,10,No,
L07542,24-11-2025,P07542,Google Organic,Root Canal,Clinic C,Appointment Booked,9,Yes,29-11-2025
L07543,20-01-2025,,Google Ads,General Dentistry,Clinic B,Contacted - No Appointment,32,No,
L07544,16-12-2025,,Instagram,General Dentistry,Clinic A,Contacted - No Appointment,9,No,
L07545,18-08-2025,,Referral,Teeth Whitening,Clinic A,Contacted - No Appointment,16,No,
L07546,21-07-2025,,Instagram,Dental Crown,Clinic B,Contacted - No Appointment,11,No,
L07547,05-01-2025,,Google Ads,Dental Implant,Clinic B,Contacted - No Appointment,30,No,
L07548,05-02-2025,,Instagram,Teeth Whitening,Clinic D,Contacted - No Appointment,13,No,
L07549,06-09-2025,P07549,Facebook,Teeth Whitening,Clinic D,Appointment Booked,7,Yes,08-09-2025
L07550,25-08-2025,,Facebook,Teeth Whitening,Clinic C,Contacted - No Appointment,24,No,
L07551,13-01-2025,P07551,Facebook,Dental Implant,Clinic C,Appointment Booked,48,Yes,14-01-2025
L07552,07-06-2025,,Referral,Dental Crown,Clinic A,Contacted - No Appointment,33,No,
L07553,12-07-2025,,Google Organic,Invisalign,Clinic D,Contacted - No Appointment,34,No,
L07554,19-12-2025,,Google Ads,Teeth Whitening,Clinic B,Contacted - No Appointment,12,No,
L07555,01-12-2025,P07555,Facebook,Invisalign,Clinic A,Appointment Booked,21,Yes,15-12-2025
L07556,10-09-2025,,Facebook,Dental Crown,Clinic B,Contacted - No Appointment,14,No,
L07557,19-01-2025,P07557,Referral,Invisalign,Clinic D,Appointment Booked,8,Yes,24-01-2025
L07558,09-02-2025,P07558,Referral,Dental Implant,Clinic D,Appointment Booked,25,Yes,22-02-2025
L07559,02-12-2025,P07559,Facebook,Dental Crown,Clinic A,Appointment Booked,23,Yes,04-12-2025
L07560,29-04-2025,,Facebook,Dental Implant,Clinic D,Contacted - No Appointment,17,No,
L07561,20-04-2025,P07561,Instagram,Dental Crown,Clinic B,Appointment Booked,40,Yes,25-04-2025
L07562,21-08-2025,P07562,Facebook,General Dentistry,Clinic A,Appointment Booked,5,Yes,30-08-2025
L07563,03-09-2025,,Google Ads,General Dentistry,Clinic D,Contacted - No Appointment,28,No,
L07564,26-02-2025,P07564,Instagram,Invisalign,Clinic D,Appointment Booked,25,Yes,11-03-2025
L07565,06-10-2025,P07565,Facebook,Teeth Whitening,Clinic C,Appointment Booked,4,Yes,19-10-2025
L07566,20-03-2025,P07566,Instagram,Root Canal,Clinic C,Appointment Booked,24,Yes,25-03-2025
L07567,18-04-2025,,Facebook,General Dentistry,Clinic D,Contacted - No Appointment,5,No,
L07568,06-03-2025,,Google Organic,Teeth Whitening,Clinic D,Contacted - No Appointment,13,No,
L07569,28-03-2025,P07569,Instagram,Dental Implant,Clinic D,Appointment Booked,15,Yes,08-04-2025
L07570,05-02-2025,P07570,Facebook,Root Canal,Clinic C,Appointment Booked,11,Yes,13-02-2025
L07571,06-12-2025,P07571,Google Organic,Invisalign,Clinic D,Appointment Booked,10,Yes,12-12-2025
L07572,30-07-2025,P07572,Facebook,Teeth Whitening,Clinic D,Appointment Booked,11,Yes,01-08-2025
L07573,05-11-2025,,Google Ads,Root Canal,Clinic A,Contacted - No Appointment,20,No,
L07574,05-01-2025,,Google Ads,Dental Crown,Clinic D,Contacted - No Appointment,37,No,
L07575,24-08-2025,P07575,Google Ads,Dental Crown,Clinic B,Appointment Booked,26,Yes,02-09-2025
L07576,20-03-2025,,Google Ads,General Dentistry,Clinic B,Contacted - No Appointment,30,No,
L07577,01-10-2025,,Google Organic,General Dentistry,Clinic C,Not Contacted/Cold,47,No,
L07578,28-05-2025,,Facebook,Root Canal,Clinic A,Contacted - No Appointment,41,No,
L07579,27-07-2025,,Google Ads,Teeth Whitening,Clinic B,Contacted - No Appointment,29,No,
L07580,16-03-2025,P07580,Google Organic,General Dentistry,Clinic D,Appointment Booked,6,Yes,26-03-2025
L07581,16-10-2025,P07581,Google Organic,General Dentistry,Clinic A,Appointment Booked,13,Yes,29-10-2025
L07582,30-10-2025,P07582,Facebook,Dental Implant,Clinic B,Appointment Booked,3,Yes,01-11-2025
L07583,23-03-2025,,Google Ads,Invisalign,Clinic D,Contacted - No Appointment,6,No,
L07584,29-01-2025,,Google Ads,Invisalign,Clinic B,Contacted - No Appointment,14,No,
L07585,09-01-2025,P07585,Facebook,Root Canal,Clinic B,Appointment Booked,19,Yes,10-01-2025
L07586,20-10-2025,P07586,Referral,Dental Implant,Clinic B,Appointment Booked,37,Yes,25-10-2025
L07587,28-06-2025,,Google Ads,Root Canal,Clinic C,Contacted - No Appointment,31,No,
L07588,23-02-2025,,Instagram,Dental Crown,Clinic C,Contacted - No Appointment,44,No,
L07589,20-04-2025,,Referral,Root Canal,Clinic D,Contacted - No Appointment,8,No,
L07590,19-12-2025,,Instagram,Dental Crown,Clinic B,Contacted - No Appointment,43,No,
L07591,03-01-2025,,Facebook,Dental Implant,Clinic D,Contacted - No Appointment,26,No,
L07592,06-09-2025,,Google Organic,General Dentistry,Clinic C,Contacted - No Appointment,34,No,
L07593,01-07-2025,,Google Organic,General Dentistry,Clinic B,Contacted - No Appointment,22,No,
L07594,24-12-2025,,Instagram,Dental Crown,Clinic C,Contacted - No Appointment,25,No,
L07595,30-04-2025,P07595,Referral,General Dentistry,Clinic C,Appointment Booked,19,Yes,13-05-2025
L07596,31-05-2025,,Facebook,Dental Implant,Clinic C,Contacted - No Appointment,15,No,
L07597,15-02-2025,P07597,Google Organic,Teeth Whitening,Clinic A,Appointment Booked,20,Yes,23-02-2025
L07598,04-11-2025,P07598,Referral,Dental Implant,Clinic A,Appointment Booked,25,Yes,08-11-2025
L07599,10-07-2025,,Facebook,Root Canal,Clinic B,Not Contacted/Cold,54,No,
L07600,05-03-2025,,Instagram,Invisalign,Clinic B,Contacted - No Appointment,11,No,
L07601,11-11-2025,P07601,Instagram,Dental Crown,Clinic C,Appointment Booked,11,Yes,19-11-2025
L07602,17-02-2025,P07602,Google Organic,Invisalign,Clinic A,Appointment Booked,14,Yes,21-02-2025
L07603,24-11-2025,,Google Organic,Dental Crown,Clinic D,Not Contacted/Cold,46,No,
L07604,09-05-2025,P07604,Google Ads,Root Canal,Clinic B,Appointment Booked,37,Yes,20-05-2025
L07605,08-04-2025,,Google Organic,General Dentistry,Clinic B,Contacted - No Appointment,22,No,
L07606,24-05-2025,P07606,Google Organic,Dental Crown,Clinic C,Appointment Booked,17,Yes,02-06-2025
L07607,05-06-2025,,Google Organic,Invisalign,Clinic A,Contacted - No Appointment,8,No,
L07608,23-04-2025,P07608,Google Organic,Invisalign,Clinic D,Appointment Booked,5,Yes,24-04-2025
L07609,19-07-2025,P07609,Google Ads,General Dentistry,Clinic A,Appointment Booked,16,Yes,26-07-2025
L07610,15-06-2025,,Facebook,Root Canal,Clinic B,Contacted - No Appointment,8,No,
L07611,18-08-2025,,Google Organic,Root Canal,Clinic D,Contacted - No Appointment,36,No,
L07612,03-12-2025,P07612,Referral,Dental Crown,Clinic C,Appointment Booked,21,Yes,04-12-2025
L07613,25-01-2025,,Google Ads,Invisalign,Clinic B,Contacted - No Appointment,18,No,
L07614,16-11-2025,P07614,Instagram,Invisalign,Clinic B,Appointment Booked,7,Yes,23-11-2025
L07615,20-03-2025,P07615,Google Organic,Root Canal,Clinic C,Appointment Booked,14,Yes,24-03-2025
L07616,11-01-2025,,Google Organic,Invisalign,Clinic D,Contacted - No Appointment,19,No,
L07617,22-05-2025,P07617,Instagram,Invisalign,Clinic D,Appointment Booked,46,Yes,27-05-2025
L07618,26-09-2025,,Google Ads,Dental Implant,Clinic B,Contacted - No Appointment,19,No,
L07619,08-09-2025,,Google Organic,Invisalign,Clinic D,Contacted - No Appointment,27,No,
L07620,08-03-2025,,Google Organic,Invisalign,Clinic A,Contacted - No Appointment,10,No,
L07621,24-12-2025,,Google Organic,General Dentistry,Clinic A,Contacted - No Appointment,17,No,
L07622,04-06-2025,P07622,Google Organic,Dental Crown,Clinic D,Appointment Booked,6,Yes,06-06-2025
L07623,04-05-2025,,Facebook,Teeth Whitening,Clinic A,Contacted - No Appointment,41,No,
L07624,18-05-2025,P07624,Referral,Dental Implant,Clinic A,Appointment Booked,35,Yes,20-05-2025
L07625,27-05-2025,,Google Organic,Dental Implant,Clinic A,Not Contacted/Cold,52,No,
L07626,18-05-2025,P07626,Instagram,Teeth Whitening,Clinic B,Appointment Booked,19,Yes,28-05-2025
L07627,05-06-2025,P07627,Referral,Dental Crown,Clinic C,Appointment Booked,3,Yes,09-06-2025
L07628,30-08-2025,,Referral,Invisalign,Clinic C,Contacted - No Appointment,17,No,
L07629,04-10-2025,,Google Organic,Root Canal,Clinic A,Contacted - No Appointment,10,No,
L07630,03-12-2025,,Instagram,Root Canal,Clinic B,Contacted - No Appointment,21,No,
L07631,24-06-2025,P07631,Facebook,General Dentistry,Clinic D,Appointment Booked,19,Yes,04-07-2025
L07632,17-01-2025,,Facebook,Dental Implant,Clinic D,Contacted - No Appointment,15,No,
L07633,01-09-2025,,Google Ads,Dental Crown,Clinic B,Contacted - No Appointment,10,No,
L07634,01-09-2025,,Facebook,Teeth Whitening,Clinic D,Contacted - No Appointment,35,No,
L07635,08-07-2025,P07635,Instagram,General Dentistry,Clinic C,Appointment Booked,9,Yes,10-07-2025
L07636,23-02-2025,,Google Ads,Teeth Whitening,Clinic A,Contacted - No Appointment,22,No,
L07637,19-09-2025,,Referral,Invisalign,Clinic A,Not Contacted/Cold,50,No,
L07638,09-04-2025,P07638,Instagram,Teeth Whitening,Clinic A,Appointment Booked,34,Yes,23-04-2025
L07639,24-10-2025,,Facebook,Teeth Whitening,Clinic C,Contacted - No Appointment,9,No,
L07640,11-03-2025,,Facebook,Teeth Whitening,Clinic A,Contacted - No Appointment,22,No,
L07641,09-08-2025,,Google Ads,General Dentistry,Clinic C,Contacted - No Appointment,5,No,
L07642,28-08-2025,P07642,Referral,General Dentistry,Clinic A,Appointment Booked,8,Yes,07-09-2025
L07643,11-10-2025,,Facebook,Dental Implant,Clinic D,Contacted - No Appointment,15,No,
L07644,29-10-2025,P07644,Instagram,Dental Implant,Clinic B,Appointment Booked,16,Yes,03-11-2025
L07645,22-10-2025,,Instagram,Teeth Whitening,Clinic D,Contacted - No Appointment,33,No,
L07646,22-07-2025,P07646,Instagram,Invisalign,Clinic D,Appointment Booked,16,Yes,28-07-2025
L07647,23-08-2025,P07647,Facebook,Dental Implant,Clinic A,Appointment Booked,19,Yes,03-09-2025
L07648,25-09-2025,,Google Ads,Root Canal,Clinic B,Contacted - No Appointment,32,No,
L07649,07-07-2025,P07649,Google Ads,Teeth Whitening,Clinic A,Appointment Booked,10,Yes,13-07-2025
L07650,08-04-2025,,Facebook,Dental Implant,Clinic D,Not Contacted/Cold,49,No,
L07651,20-01-2025,P07651,Google Organic,Dental Crown,Clinic C,Appointment Booked,42,Yes,28-01-2025
L07652,14-12-2025,,Facebook,Dental Implant,Clinic A,Contacted - No Appointment,20,No,
L07653,12-09-2025,P07653,Google Ads,Dental Implant,Clinic A,Appointment Booked,30,Yes,18-09-2025
L07654,11-07-2025,,Google Ads,Root Canal,Clinic B,Contacted - No Appointment,20,No,
L07655,10-03-2025,P07655,Instagram,Dental Implant,Clinic D,Appointment Booked,17,Yes,23-03-2025
L07656,07-08-2025,,Facebook,General Dentistry,Clinic C,Contacted - No Appointment,23,No,
L07657,08-08-2025,,Google Ads,General Dentistry,Clinic D,Contacted - No Appointment,36,No,
L07658,19-10-2025,P07658,Google Organic,Teeth Whitening,Clinic B,Appointment Booked,34,Yes,31-10-2025
L07659,03-10-2025,,Google Ads,Invisalign,Clinic A,Contacted - No Appointment,11,No,
L07660,22-06-2025,,Facebook,Root Canal,Clinic D,Contacted - No Appointment,18,No,
L07661,13-04-2025,,Facebook,Invisalign,Clinic A,Contacted - No Appointment,7,No,
L07662,08-02-2025,P07662,Referral,Invisalign,Clinic D,Appointment Booked,27,Yes,14-02-2025
L07663,30-10-2025,,Google Ads,Root Canal,Clinic B,Contacted - No Appointment,30,No,
L07664,08-08-2025,,Facebook,Teeth Whitening,Clinic A,Contacted - No Appointment,26,No,
L07665,02-11-2025,,Referral,Dental Implant,Clinic C,Not Contacted/Cold,83,No,
L07666,13-11-2025,,Facebook,Invisalign,Clinic D,Contacted - No Appointment,21,No,
L07667,19-07-2025,,Instagram,General Dentistry,Clinic D,Contacted - No Appointment,3,No,
L07668,13-08-2025,,Facebook,Root Canal,Clinic A,Contacted - No Appointment,19,No,
L07669,18-02-2025,,Google Ads,General Dentistry,Clinic A,Contacted - No Appointment,9,No,
L07670,05-03-2025,,Instagram,General Dentistry,Clinic C,Contacted - No Appointment,32,No,
L07671,01-10-2025,,Referral,Root Canal,Clinic C,Contacted - No Appointment,37,No,
L07672,18-05-2025,P07672,Facebook,Invisalign,Clinic C,Appointment Booked,16,Yes,28-05-2025
L07673,21-01-2025,P07673,Instagram,Teeth Whitening,Clinic A,Appointment Booked,19,Yes,31-01-2025
L07674,08-12-2025,P07674,Instagram,Dental Implant,Clinic D,Appointment Booked,23,Yes,11-12-2025
L07675,30-01-2025,,Facebook,Invisalign,Clinic C,Contacted - No Appointment,23,No,
L07676,11-02-2025,,Instagram,Teeth Whitening,Clinic D,Contacted - No Appointment,37,No,
L07677,05-08-2025,,Google Ads,Root Canal,Clinic C,Contacted - No Appointment,22,No,
L07678,27-12-2025,P07678,Facebook,Invisalign,Clinic B,Appointment Booked,18,Yes,28-12-2025
L07679,26-06-2025,P07679,Facebook,Dental Crown,Clinic D,Appointment Booked,16,Yes,07-07-2025
L07680,06-03-2025,,Referral,Teeth Whitening,Clinic C,Contacted - No Appointment,6,No,
L07681,30-10-2025,P07681,Facebook,Dental Implant,Clinic D,Appointment Booked,9,Yes,07-11-2025
L07682,23-11-2025,,Instagram,Invisalign,Clinic D,Contacted - No Appointment,8,No,
L07683,02-04-2025,,Google Ads,Invisalign,Clinic C,Not Contacted/Cold,72,No,
L07684,12-03-2025,P07684,Google Ads,Root Canal,Clinic C,Appointment Booked,18,Yes,23-03-2025
L07685,03-03-2025,,Instagram,Teeth Whitening,Clinic A,Contacted - No Appointment,30,No,
L07686,14-01-2025,P07686,Google Organic,Teeth Whitening,Clinic A,Appointment Booked,27,Yes,17-01-2025
L07687,17-06-2025,,Facebook,Dental Crown,Clinic A,Contacted - No Appointment,3,No,
L07688,09-12-2025,,Facebook,Dental Implant,Clinic A,Contacted - No Appointment,16,No,
L07689,15-07-2025,P07689,Referral,Dental Implant,Clinic A,Appointment Booked,25,Yes,24-07-2025
L07690,13-07-2025,,Google Ads,Invisalign,Clinic B,Contacted - No Appointment,2,No,
L07691,23-12-2025,,Google Organic,Invisalign,Clinic B,Contacted - No Appointment,16,No,
L07692,04-05-2025,,Google Organic,Dental Implant,Clinic B,Contacted - No Appointment,31,No,
L07693,07-09-2025,,Google Organic,Root Canal,Clinic A,Contacted - No Appointment,14,No,
L07694,15-06-2025,,Referral,Dental Implant,Clinic A,Contacted - No Appointment,28,No,
L07695,09-06-2025,,Google Organic,Teeth Whitening,Clinic C,Contacted - No Appointment,9,No,
L07696,30-06-2025,P07696,Facebook,Teeth Whitening,Clinic C,Appointment Booked,14,Yes,01-07-2025
L07697,17-01-2025,P07697,Facebook,Dental Crown,Clinic B,Appointment Booked,30,Yes,27-01-2025
L07698,22-04-2025,P07698,Facebook,Dental Implant,Clinic C,Appointment Booked,17,Yes,06-05-2025
L07699,13-05-2025,,Google Ads,General Dentistry,Clinic D,Contacted - No Appointment,7,No,
L07700,02-01-2025,,Referral,General Dentistry,Clinic B,Contacted - No Appointment,32,No,
L07701,07-07-2025,P07701,Google Ads,Invisalign,Clinic C,Appointment Booked,23,Yes,14-07-2025
L07702,18-12-2025,P07702,Google Organic,Teeth Whitening,Clinic D,Appointment Booked,10,Yes,01-01-2026
L07703,02-08-2025,,Google Organic,General Dentistry,Clinic D,Contacted - No Appointment,29,No,
L07704,14-01-2025,,Google Organic,Root Canal,Clinic B,Contacted - No Appointment,15,No,
L07705,12-04-2025,,Instagram,Invisalign,Clinic C,Contacted - No Appointment,43,No,
L07706,24-06-2025,,Google Organic,Root Canal,Clinic A,Contacted - No Appointment,36,No,
L07707,06-05-2025,,Facebook,Root Canal,Clinic C,Contacted - No Appointment,19,No,
L07708,21-04-2025,P07708,Google Organic,Root Canal,Clinic D,Appointment Booked,26,Yes,28-04-2025
L07709,01-04-2025,,Facebook,General Dentistry,Clinic C,Contacted - No Appointment,41,No,
L07710,14-07-2025,,Referral,Teeth Whitening,Clinic D,Contacted - No Appointment,19,No,
L07711,05-06-2025,,Google Ads,Invisalign,Clinic B,Contacted - No Appointment,3,No,
L07712,09-06-2025,,Facebook,Dental Crown,Clinic D,Contacted - No Appointment,26,No,
L07713,12-08-2025,,Facebook,Dental Crown,Clinic C,Contacted - No Appointment,32,No,
L07714,21-03-2025,P07714,Google Organic,Dental Implant,Clinic A,Appointment Booked,33,Yes,23-03-2025
L07715,12-09-2025,,Google Organic,Root Canal,Clinic C,Contacted - No Appointment,9,No,
L07716,31-01-2025,,Google Ads,General Dentistry,Clinic B,Contacted - No Appointment,43,No,
L07717,02-06-2025,,Google Ads,Dental Crown,Clinic A,Not Contacted/Cold,74,No,
L07718,03-12-2025,P07718,Facebook,Invisalign,Clinic D,Appointment Booked,33,Yes,16-12-2025
L07719,30-06-2025,P07719,Facebook,Dental Implant,Clinic B,Appointment Booked,15,Yes,02-07-2025
L07720,25-02-2025,,Facebook,Root Canal,Clinic D,Contacted - No Appointment,24,No,
L07721,11-11-2025,P07721,Facebook,Root Canal,Clinic B,Appointment Booked,28,Yes,13-11-2025
L07722,11-11-2025,P07722,Instagram,Invisalign,Clinic A,Appointment Booked,31,Yes,23-11-2025
L07723,26-06-2025,P07723,Facebook,Dental Crown,Clinic D,Appointment Booked,22,Yes,07-07-2025
L07724,12-12-2025,,Referral,Dental Implant,Clinic B,Contacted - No Appointment,8,No,
L07725,30-04-2025,,Google Ads,Dental Implant,Clinic C,Contacted - No Appointment,30,No,
L07726,05-10-2025,P07726,Instagram,Root Canal,Clinic C,Appointment Booked,11,Yes,06-10-2025
L07727,01-10-2025,,Instagram,Dental Implant,Clinic C,Contacted - No Appointment,15,No,
L07728,14-02-2025,,Google Ads,General Dentistry,Clinic D,Contacted - No Appointment,10,No,
L07729,18-05-2025,P07729,Facebook,Dental Implant,Clinic C,Appointment Booked,7,Yes,28-05-2025
L07730,30-08-2025,,Facebook,Dental Crown,Clinic B,Contacted - No Appointment,14,No,
L07731,31-01-2025,,Google Ads,Root Canal,Clinic D,Contacted - No Appointment,23,No,
L07732,19-06-2025,P07732,Facebook,Root Canal,Clinic A,Appointment Booked,13,Yes,21-06-2025
L07733,21-04-2025,,Facebook,Teeth Whitening,Clinic C,Contacted - No Appointment,9,No,
L07734,03-09-2025,P07734,Google Ads,Root Canal,Clinic D,Appointment Booked,19,Yes,14-09-2025
L07735,09-06-2025,,Facebook,Teeth Whitening,Clinic C,Contacted - No Appointment,4,No,
L07736,01-08-2025,P07736,Facebook,Root Canal,Clinic D,Appointment Booked,2,Yes,10-08-2025
L07737,19-02-2025,,Google Ads,Dental Crown,Clinic C,Contacted - No Appointment,34,No,
L07738,07-03-2025,P07738,Google Ads,Teeth Whitening,Clinic D,Appointment Booked,6,Yes,14-03-2025
L07739,04-04-2025,,Instagram,Dental Crown,Clinic D,Contacted - No Appointment,20,No,
L07740,28-04-2025,,Google Organic,Dental Crown,Clinic B,Contacted - No Appointment,34,No,
L07741,04-12-2025,,Referral,Teeth Whitening,Clinic A,Contacted - No Appointment,20,No,
L07742,05-03-2025,,Google Ads,General Dentistry,Clinic B,Contacted - No Appointment,10,No,
L07743,29-03-2025,,Google Ads,Root Canal,Clinic C,Contacted - No Appointment,19,No,
L07744,16-02-2025,,Google Ads,Dental Crown,Clinic A,Contacted - No Appointment,11,No,
L07745,03-02-2025,,Facebook,Dental Implant,Clinic A,Contacted - No Appointment,14,No,
L07746,29-04-2025,P07746,Instagram,Root Canal,Clinic B,Appointment Booked,5,Yes,12-05-2025
L07747,18-06-2025,P07747,Facebook,Root Canal,Clinic D,Appointment Booked,2,Yes,19-06-2025
L07748,04-08-2025,,Google Organic,General Dentistry,Clinic C,Contacted - No Appointment,13,No,
L07749,04-12-2025,P07749,Google Organic,Root Canal,Clinic B,Appointment Booked,7,Yes,16-12-2025
L07750,09-03-2025,,Referral,Teeth Whitening,Clinic A,Contacted - No Appointment,26,No,
L07751,14-10-2025,,Google Ads,Dental Implant,Clinic B,Contacted - No Appointment,18,No,
L07752,04-04-2025,,Google Ads,Root Canal,Clinic A,Contacted - No Appointment,14,No,
L07753,30-06-2025,P07753,Google Ads,General Dentistry,Clinic A,Appointment Booked,52,Yes,11-07-2025
L07754,28-06-2025,P07754,Google Ads,Invisalign,Clinic D,Appointment Booked,23,Yes,08-07-2025
L07755,01-08-2025,,Referral,Dental Implant,Clinic D,Contacted - No Appointment,21,No,
L07756,29-04-2025,,Facebook,Root Canal,Clinic A,Contacted - No Appointment,42,No,
L07757,15-12-2025,,Instagram,Teeth Whitening,Clinic A,Contacted - No Appointment,9,No,
L07758,14-11-2025,P07758,Facebook,Root Canal,Clinic B,Appointment Booked,12,Yes,18-11-2025
L07759,05-04-2025,,Google Ads,Root Canal,Clinic B,Contacted - No Appointment,8,No,
L07760,21-02-2025,,Google Ads,Dental Crown,Clinic A,Contacted - No Appointment,18,No,
L07761,29-01-2025,P07761,Facebook,Invisalign,Clinic B,Appointment Booked,61,Yes,06-02-2025
L07762,02-01-2025,,Instagram,Teeth Whitening,Clinic A,Contacted - No Appointment,12,No,
L07763,17-10-2025,P07763,Referral,Dental Implant,Clinic D,Appointment Booked,17,Yes,20-10-2025
L07764,01-03-2025,,Instagram,Root Canal,Clinic C,Contacted - No Appointment,6,No,
L07765,01-05-2025,,Facebook,Dental Crown,Clinic C,Contacted - No Appointment,35,No,
L07766,08-09-2025,P07766,Google Ads,General Dentistry,Clinic B,Appointment Booked,47,Yes,09-09-2025
L07767,11-08-2025,,Google Organic,Teeth Whitening,Clinic D,Contacted - No Appointment,13,No,
L07768,10-09-2025,,Google Ads,Teeth Whitening,Clinic D,Not Contacted/Cold,73,No,
L07769,03-11-2025,P07769,Referral,Root Canal,Clinic A,Appointment Booked,3,Yes,17-11-2025
L07770,03-03-2025,P07770,Facebook,Dental Implant,Clinic A,Appointment Booked,15,Yes,09-03-2025
L07771,19-05-2025,,Google Ads,Invisalign,Clinic C,Contacted - No Appointment,12,No,
L07772,07-07-2025,P07772,Facebook,General Dentistry,Clinic A,Appointment Booked,19,Yes,15-07-2025
L07773,13-08-2025,P07773,Referral,General Dentistry,Clinic B,Appointment Booked,31,Yes,21-08-2025
L07774,13-06-2025,,Facebook,General Dentistry,Clinic C,Contacted - No Appointment,45,No,
L07775,11-06-2025,P07775,Google Ads,Dental Implant,Clinic C,Appointment Booked,11,Yes,14-06-2025
L07776,18-01-2025,P07776,Google Ads,Root Canal,Clinic B,Appointment Booked,23,Yes,01-02-2025
L07777,27-11-2025,P07777,Instagram,Dental Crown,Clinic C,Appointment Booked,21,Yes,09-12-2025
L07778,07-11-2025,,Google Ads,Teeth Whitening,Clinic D,Contacted - No Appointment,33,No,
L07779,11-12-2025,,Google Organic,Dental Crown,Clinic A,Contacted - No Appointment,14,No,
L07780,10-04-2025,P07780,Referral,Teeth Whitening,Clinic C,Appointment Booked,10,Yes,11-04-2025
L07781,03-03-2025,,Referral,Root Canal,Clinic A,Contacted - No Appointment,12,No,
L07782,05-09-2025,,Google Ads,Dental Implant,Clinic A,Contacted - No Appointment,28,No,
L07783,20-04-2025,,Instagram,Invisalign,Clinic C,Contacted - No Appointment,4,No,
L07784,05-10-2025,,Google Ads,Dental Implant,Clinic A,Contacted - No Appointment,12,No,
L07785,10-08-2025,P07785,Instagram,Root Canal,Clinic A,Appointment Booked,17,Yes,20-08-2025
L07786,21-10-2025,,Google Organic,Dental Implant,Clinic A,Contacted - No Appointment,23,No,
L07787,13-12-2025,,Facebook,Invisalign,Clinic C,Contacted - No Appointment,22,No,
L07788,22-10-2025,,Referral,Dental Crown,Clinic C,Contacted - No Appointment,8,No,
L07789,19-12-2025,,Google Organic,General Dentistry,Clinic A,Contacted - No Appointment,6,No,
L07790,02-03-2025,,Google Ads,General Dentistry,Clinic C,Contacted - No Appointment,24,No,
L07791,23-06-2025,P07791,Instagram,Invisalign,Clinic A,Appointment Booked,11,Yes,24-06-2025
L07792,01-05-2025,,Google Ads,Dental Implant,Clinic C,Contacted - No Appointment,17,No,
L07793,16-09-2025,P07793,Facebook,Invisalign,Clinic B,Appointment Booked,9,Yes,24-09-2025
L07794,24-05-2025,,Google Ads,General Dentistry,Clinic C,Contacted - No Appointment,9,No,
L07795,25-05-2025,P07795,Referral,Root Canal,Clinic D,Appointment Booked,26,Yes,04-06-2025
L07796,07-09-2025,,Facebook,Invisalign,Clinic D,Contacted - No Appointment,20,No,
L07797,21-03-2025,P07797,Instagram,General Dentistry,Clinic A,Appointment Booked,15,Yes,02-04-2025
L07798,28-05-2025,P07798,Google Organic,Root Canal,Clinic D,Appointment Booked,18,Yes,10-06-2025
L07799,12-01-2025,P07799,Google Organic,General Dentistry,Clinic A,Appointment Booked,12,Yes,19-01-2025
L07800,25-11-2025,,Google Organic,Invisalign,Clinic D,Contacted - No Appointment,19,No,
L07801,09-11-2025,,Google Ads,Root Canal,Clinic B,Contacted - No Appointment,14,No,
L07802,31-01-2025,,Google Organic,Root Canal,Clinic B,Not Contacted/Cold,46,No,
L07803,27-03-2025,,Facebook,General Dentistry,Clinic A,Contacted - No Appointment,12,No,
L07804,16-11-2025,P07804,Instagram,General Dentistry,Clinic A,Appointment Booked,10,Yes,25-11-2025
L07805,14-06-2025,,Google Ads,Dental Crown,Clinic C,Contacted - No Appointment,36,No,
L07806,18-06-2025,,Google Ads,Invisalign,Clinic D,Contacted - No Appointment,15,No,
L07807,04-02-2025,,Referral,Root Canal,Clinic C,Contacted - No Appointment,38,No,
L07808,17-08-2025,,Google Ads,General Dentistry,Clinic C,Contacted - No Appointment,27,No,
L07809,24-05-2025,P07809,Facebook,Dental Crown,Clinic D,Appointment Booked,9,Yes,31-05-2025
L07810,26-11-2025,,Google Ads,Teeth Whitening,Clinic B,Contacted - No Appointment,19,No,
L07811,22-02-2025,,Google Ads,Root Canal,Clinic A,Contacted - No Appointment,7,No,
L07812,16-10-2025,,Google Ads,Root Canal,Clinic A,Contacted - No Appointment,44,No,
L07813,01-08-2025,P07813,Instagram,Root Canal,Clinic B,Appointment Booked,10,Yes,11-08-2025
L07814,20-08-2025,,Referral,Teeth Whitening,Clinic A,Contacted - No Appointment,1,No,
L07815,01-02-2025,P07815,Facebook,General Dentistry,Clinic A,Appointment Booked,8,Yes,08-02-2025
L07816,10-01-2025,,Facebook,Root Canal,Clinic A,Not Contacted/Cold,50,No,
L07817,05-05-2025,,Instagram,Root Canal,Clinic A,Contacted - No Appointment,23,No,
L07818,13-11-2025,,Facebook,Invisalign,Clinic D,Contacted - No Appointment,19,No,
L07819,17-05-2025,,Referral,Dental Implant,Clinic A,Contacted - No Appointment,4,No,
L07820,22-12-2025,,Facebook,General Dentistry,Clinic C,Not Contacted/Cold,52,No,
L07821,20-01-2025,,Facebook,Invisalign,Clinic C,Contacted - No Appointment,40,No,
L07822,21-09-2025,,Facebook,Teeth Whitening,Clinic C,Contacted - No Appointment,8,No,
L07823,25-07-2025,P07823,Google Organic,Teeth Whitening,Clinic A,Appointment Booked,4,Yes,01-08-2025
L07824,15-06-2025,P07824,Instagram,Teeth Whitening,Clinic B,Appointment Booked,30,Yes,16-06-2025
L07825,07-05-2025,,Google Ads,General Dentistry,Clinic A,Contacted - No Appointment,34,No,
L07826,19-01-2025,,Google Ads,Dental Crown,Clinic B,Contacted - No Appointment,24,No,
L07827,29-04-2025,,Referral,General Dentistry,Clinic A,Contacted - No Appointment,40,No,
L07828,22-10-2025,P07828,Google Organic,Dental Implant,Clinic C,Appointment Booked,22,Yes,04-11-2025
L07829,26-04-2025,,Google Ads,Dental Crown,Clinic C,Contacted - No Appointment,11,No,
L07830,21-09-2025,,Google Organic,Teeth Whitening,Clinic C,Contacted - No Appointment,42,No,
L07831,02-12-2025,P07831,Instagram,Invisalign,Clinic B,Appointment Booked,11,Yes,03-12-2025
L07832,22-06-2025,,Facebook,Teeth Whitening,Clinic B,Contacted - No Appointment,18,No,
L07833,25-12-2025,P07833,Google Ads,Teeth Whitening,Clinic D,Appointment Booked,24,Yes,01-01-2026
L07834,09-10-2025,,Google Organic,General Dentistry,Clinic A,Contacted - No Appointment,17,No,
L07835,21-07-2025,,Google Ads,Invisalign,Clinic C,Contacted - No Appointment,45,No,
L07836,05-05-2025,,Google Organic,Dental Crown,Clinic D,Contacted - No Appointment,37,No,
L07837,03-07-2025,,Google Ads,Invisalign,Clinic B,Contacted - No Appointment,11,No,
L07838,23-11-2025,P07838,Google Organic,Teeth Whitening,Clinic B,Appointment Booked,45,Yes,03-12-2025
L07839,09-04-2025,P07839,Google Ads,Root Canal,Clinic B,Appointment Booked,4,Yes,22-04-2025
L07840,10-12-2025,P07840,Google Ads,Dental Crown,Clinic A,Appointment Booked,4,Yes,23-12-2025
L07841,12-12-2025,,Google Ads,Root Canal,Clinic A,Not Contacted/Cold,84,No,
L07842,01-04-2025,,Google Ads,Dental Implant,Clinic A,Contacted - No Appointment,37,No,
L07843,22-04-2025,P07843,Facebook,Dental Implant,Clinic A,Appointment Booked,7,Yes,03-05-2025
L07844,04-04-2025,P07844,Google Ads,Dental Implant,Clinic B,Appointment Booked,15,Yes,12-04-2025
L07845,13-06-2025,P07845,Referral,Dental Crown,Clinic D,Appointment Booked,15,Yes,23-06-2025
L07846,22-05-2025,P07846,Instagram,General Dentistry,Clinic A,Appointment Booked,33,Yes,26-05-2025
L07847,03-10-2025,,Instagram,Dental Implant,Clinic D,Contacted - No Appointment,28,No,
L07848,05-11-2025,,Google Ads,Dental Implant,Clinic D,Contacted - No Appointment,43,No,
L07849,25-10-2025,P07849,Facebook,Root Canal,Clinic D,Appointment Booked,10,Yes,27-10-2025
L07850,16-02-2025,,Google Ads,Teeth Whitening,Clinic D,Contacted - No Appointment,35,No,
L07851,29-12-2025,P07851,Google Organic,Dental Implant,Clinic B,Appointment Booked,9,Yes,30-12-2025
L07852,28-01-2025,,Facebook,Invisalign,Clinic A,Contacted - No Appointment,24,No,
L07853,27-07-2025,,Google Organic,Invisalign,Clinic C,Contacted - No Appointment,24,No,
L07854,07-05-2025,,Facebook,Root Canal,Clinic C,Contacted - No Appointment,17,No,
L07855,07-01-2025,,Referral,Invisalign,Clinic D,Contacted - No Appointment,9,No,
L07856,19-11-2025,,Google Ads,Root Canal,Clinic D,Contacted - No Appointment,26,No,
L07857,20-02-2025,,Google Ads,Teeth Whitening,Clinic B,Contacted - No Appointment,34,No,
L07858,06-04-2025,,Instagram,Dental Crown,Clinic B,Not Contacted/Cold,68,No,
L07859,01-03-2025,P07859,Referral,Dental Implant,Clinic A,Appointment Booked,17,Yes,15-03-2025
L07860,08-08-2025,P07860,Instagram,Dental Crown,Clinic A,Appointment Booked,15,Yes,17-08-2025
L07861,25-04-2025,P07861,Google Ads,Root Canal,Clinic B,Appointment Booked,43,Yes,07-05-2025
L07862,20-10-2025,P07862,Facebook,General Dentistry,Clinic C,Appointment Booked,42,Yes,23-10-2025
L07863,05-01-2025,,Referral,Invisalign,Clinic D,Contacted - No Appointment,5,No,
L07864,22-06-2025,,Google Ads,Teeth Whitening,Clinic B,Contacted - No Appointment,35,No,
L07865,27-04-2025,,Google Ads,Teeth Whitening,Clinic D,Contacted - No Appointment,32,No,
L07866,02-08-2025,,Google Organic,Invisalign,Clinic C,Contacted - No Appointment,16,No,
L07867,14-07-2025,P07867,Referral,General Dentistry,Clinic D,Appointment Booked,22,Yes,27-07-2025
L07868,01-12-2025,,Google Organic,Root Canal,Clinic A,Contacted - No Appointment,5,No,
L07869,27-09-2025,,Referral,Dental Crown,Clinic D,Contacted - No Appointment,34,No,
L07870,20-09-2025,,Google Ads,Dental Implant,Clinic C,Contacted - No Appointment,30,No,
L07871,28-07-2025,,Facebook,Invisalign,Clinic A,Not Contacted/Cold,46,No,
L07872,23-12-2025,,Google Organic,Dental Crown,Clinic A,Contacted - No Appointment,10,No,
L07873,02-03-2025,,Google Organic,Invisalign,Clinic D,Contacted - No Appointment,12,No,
L07874,04-09-2025,P07874,Google Organic,Root Canal,Clinic A,Appointment Booked,17,Yes,08-09-2025
L07875,25-11-2025,P07875,Referral,Root Canal,Clinic B,Appointment Booked,4,Yes,08-12-2025
L07876,23-05-2025,,Facebook,Dental Crown,Clinic B,Contacted - No Appointment,14,No,
L07877,06-05-2025,,Google Ads,Root Canal,Clinic C,Contacted - No Appointment,43,No,
L07878,23-10-2025,,Facebook,Dental Implant,Clinic D,Contacted - No Appointment,25,No,
L07879,03-11-2025,P07879,Google Organic,Dental Crown,Clinic B,Appointment Booked,5,Yes,15-11-2025
L07880,31-03-2025,P07880,Google Ads,Root Canal,Clinic B,Appointment Booked,11,Yes,06-04-2025
L07881,06-02-2025,P07881,Google Organic,Invisalign,Clinic D,Appointment Booked,10,Yes,20-02-2025
L07882,25-04-2025,,Google Ads,Dental Implant,Clinic D,Not Contacted/Cold,52,No,
L07883,29-08-2025,P07883,Google Ads,Invisalign,Clinic D,Appointment Booked,28,Yes,04-09-2025
L07884,03-06-2025,,Facebook,Invisalign,Clinic B,Contacted - No Appointment,43,No,
L07885,13-08-2025,P07885,Google Organic,General Dentistry,Clinic A,Appointment Booked,3,Yes,19-08-2025
L07886,31-07-2025,,Facebook,Root Canal,Clinic B,Contacted - No Appointment,18,No,
L07887,30-09-2025,,Google Organic,Dental Implant,Clinic C,Contacted - No Appointment,10,No,
L07888,30-12-2025,P07888,Facebook,Dental Implant,Clinic A,Appointment Booked,12,Yes,31-12-2025
L07889,24-01-2025,P07889,Google Ads,Dental Implant,Clinic B,Appointment Booked,15,Yes,04-02-2025
L07890,18-09-2025,,Google Ads,Dental Crown,Clinic A,Contacted - No Appointment,16,No,
L07891,11-10-2025,,Google Organic,Invisalign,Clinic B,Contacted - No Appointment,14,No,
L07892,06-09-2025,P07892,Facebook,Root Canal,Clinic D,Appointment Booked,6,Yes,07-09-2025
L07893,23-05-2025,,Referral,Root Canal,Clinic A,Not Contacted/Cold,53,No,
L07894,01-07-2025,,Facebook,Teeth Whitening,Clinic C,Contacted - No Appointment,20,No,
L07895,30-05-2025,,Facebook,Invisalign,Clinic D,Not Contacted/Cold,64,No,
L07896,28-09-2025,,Facebook,Root Canal,Clinic A,Contacted - No Appointment,41,No,
L07897,04-08-2025,,Google Ads,Teeth Whitening,Clinic C,Contacted - No Appointment,12,No,
L07898,17-01-2025,,Instagram,Root Canal,Clinic D,Contacted - No Appointment,40,No,
L07899,15-03-2025,,Instagram,Teeth Whitening,Clinic D,Contacted - No Appointment,7,No,
L07900,18-09-2025,,Google Organic,Dental Crown,Clinic A,Contacted - No Appointment,12,No,
L07901,06-08-2025,P07901,Google Ads,Root Canal,Clinic A,Appointment Booked,15,Yes,09-08-2025
L07902,02-05-2025,P07902,Google Ads,Root Canal,Clinic A,Appointment Booked,19,Yes,03-05-2025
L07903,12-09-2025,P07903,Google Ads,General Dentistry,Clinic C,Appointment Booked,13,Yes,13-09-2025
L07904,16-11-2025,P07904,Google Ads,Dental Crown,Clinic C,Appointment Booked,17,Yes,17-11-2025
L07905,28-08-2025,P07905,Facebook,General Dentistry,Clinic C,Appointment Booked,23,Yes,01-09-2025
L07906,30-03-2025,P07906,Referral,Dental Implant,Clinic B,Appointment Booked,18,Yes,04-04-2025
L07907,09-03-2025,P07907,Instagram,Root Canal,Clinic A,Appointment Booked,16,Yes,17-03-2025
L07908,17-12-2025,P07908,Google Organic,General Dentistry,Clinic C,Appointment Booked,37,Yes,27-12-2025
L07909,22-07-2025,P07909,Facebook,Invisalign,Clinic B,Appointment Booked,40,Yes,04-08-2025
L07910,10-09-2025,,Google Ads,General Dentistry,Clinic C,Contacted - No Appointment,26,No,
L07911,09-11-2025,,Google Ads,Dental Implant,Clinic B,Contacted - No Appointment,9,No,
L07912,21-09-2025,,Google Ads,General Dentistry,Clinic B,Contacted - No Appointment,7,No,
L07913,17-10-2025,,Instagram,Root Canal,Clinic B,Contacted - No Appointment,19,No,
L07914,12-06-2025,,Facebook,Dental Implant,Clinic A,Contacted - No Appointment,11,No,
L07915,21-04-2025,P07915,Referral,General Dentistry,Clinic B,Appointment Booked,23,Yes,23-04-2025
L07916,20-04-2025,,Referral,Invisalign,Clinic A,Contacted - No Appointment,8,No,
L07917,16-11-2025,,Facebook,Dental Implant,Clinic B,Contacted - No Appointment,41,No,
L07918,14-02-2025,,Google Organic,Dental Implant,Clinic A,Not Contacted/Cold,54,No,
L07919,10-09-2025,,Instagram,Dental Crown,Clinic A,Contacted - No Appointment,19,No,
L07920,04-12-2025,P07920,Google Ads,General Dentistry,Clinic C,Appointment Booked,15,Yes,10-12-2025
L07921,02-11-2025,,Referral,Dental Implant,Clinic B,Not Contacted/Cold,58,No,
L07922,10-06-2025,,Google Ads,Root Canal,Clinic C,Contacted - No Appointment,30,No,
L07923,06-10-2025,,Google Organic,Invisalign,Clinic C,Not Contacted/Cold,51,No,
L07924,08-07-2025,P07924,Facebook,Teeth Whitening,Clinic C,Appointment Booked,18,Yes,09-07-2025
L07925,05-06-2025,P07925,Facebook,Dental Implant,Clinic D,Appointment Booked,9,Yes,17-06-2025
L07926,22-09-2025,,Facebook,Invisalign,Clinic A,Contacted - No Appointment,19,No,
L07927,17-02-2025,,Referral,Invisalign,Clinic C,Contacted - No Appointment,37,No,
L07928,07-11-2025,P07928,Google Ads,Dental Crown,Clinic D,Appointment Booked,30,Yes,16-11-2025
L07929,30-07-2025,,Google Ads,General Dentistry,Clinic D,Contacted - No Appointment,17,No,
L07930,22-02-2025,P07930,Facebook,Root Canal,Clinic A,Appointment Booked,7,Yes,26-02-2025
L07931,07-05-2025,P07931,Google Ads,Dental Implant,Clinic B,Appointment Booked,15,Yes,20-05-2025
L07932,27-10-2025,P07932,Google Organic,Dental Crown,Clinic A,Appointment Booked,7,Yes,28-10-2025
L07933,22-05-2025,,Google Organic,Teeth Whitening,Clinic C,Not Contacted/Cold,58,No,
L07934,08-09-2025,,Referral,Dental Implant,Clinic C,Contacted - No Appointment,2,No,
L07935,28-06-2025,,Google Organic,Dental Implant,Clinic B,Contacted - No Appointment,10,No,
L07936,13-02-2025,,Referral,Invisalign,Clinic C,Contacted - No Appointment,15,No,
L07937,17-02-2025,P07937,Google Organic,Teeth Whitening,Clinic C,Appointment Booked,29,Yes,18-02-2025
L07938,12-06-2025,P07938,Referral,Dental Crown,Clinic B,Appointment Booked,23,Yes,13-06-2025
L07939,30-09-2025,,Google Ads,Root Canal,Clinic D,Contacted - No Appointment,4,No,
L07940,16-11-2025,P07940,Facebook,Invisalign,Clinic D,Appointment Booked,11,Yes,29-11-2025
L07941,21-03-2025,P07941,Referral,Invisalign,Clinic A,Appointment Booked,14,Yes,26-03-2025
L07942,29-01-2025,,Google Organic,General Dentistry,Clinic C,Contacted - No Appointment,14,No,
L07943,04-04-2025,,Referral,Invisalign,Clinic A,Contacted - No Appointment,22,No,
L07944,22-05-2025,P07944,Google Ads,General Dentistry,Clinic C,Appointment Booked,44,Yes,23-05-2025
L07945,12-06-2025,,Referral,Dental Crown,Clinic D,Contacted - No Appointment,5,No,
L07946,15-10-2025,P07946,Google Organic,Dental Implant,Clinic D,Appointment Booked,21,Yes,26-10-2025
L07947,17-06-2025,P07947,Google Ads,Root Canal,Clinic B,Appointment Booked,7,Yes,19-06-2025
L07948,15-11-2025,,Google Ads,General Dentistry,Clinic B,Contacted - No Appointment,34,No,
L07949,22-10-2025,,Google Ads,Root Canal,Clinic A,Contacted - No Appointment,25,No,
L07950,09-04-2025,P07950,Referral,General Dentistry,Clinic C,Appointment Booked,4,Yes,20-04-2025
L07951,10-10-2025,,Instagram,Invisalign,Clinic A,Contacted - No Appointment,32,No,
L07952,15-11-2025,,Referral,Dental Crown,Clinic C,Contacted - No Appointment,21,No,
L07953,03-04-2025,,Facebook,General Dentistry,Clinic A,Contacted - No Appointment,4,No,
L07954,20-12-2025,,Referral,General Dentistry,Clinic B,Contacted - No Appointment,17,No,
L07955,04-10-2025,P07955,Facebook,Root Canal,Clinic A,Appointment Booked,25,Yes,14-10-2025
L07956,26-08-2025,,Google Ads,Dental Crown,Clinic D,Not Contacted/Cold,91,No,
L07957,16-11-2025,P07957,Google Ads,Dental Implant,Clinic C,Appointment Booked,8,Yes,22-11-2025
L07958,25-08-2025,P07958,Referral,Invisalign,Clinic B,Appointment Booked,3,Yes,28-08-2025
L07959,07-06-2025,,Facebook,Invisalign,Clinic A,Contacted - No Appointment,11,No,
L07960,26-06-2025,P07960,Google Ads,Dental Implant,Clinic C,Appointment Booked,23,Yes,05-07-2025
L07961,23-04-2025,P07961,Google Ads,Invisalign,Clinic A,Appointment Booked,23,Yes,02-05-2025
L07962,29-09-2025,,Google Ads,Invisalign,Clinic C,Contacted - No Appointment,19,No,
L07963,14-10-2025,,Referral,General Dentistry,Clinic D,Contacted - No Appointment,18,No,
L07964,03-12-2025,,Facebook,Dental Crown,Clinic C,Contacted - No Appointment,16,No,
L07965,23-01-2025,,Instagram,Root Canal,Clinic C,Contacted - No Appointment,15,No,
L07966,13-03-2025,,Referral,General Dentistry,Clinic C,Not Contacted/Cold,46,No,
L07967,07-02-2025,,Facebook,Dental Implant,Clinic D,Contacted - No Appointment,9,No,
L07968,10-01-2025,,Google Organic,Root Canal,Clinic D,Contacted - No Appointment,12,No,
L07969,10-08-2025,,Facebook,Dental Crown,Clinic C,Contacted - No Appointment,5,No,
L07970,17-08-2025,P07970,Referral,Dental Implant,Clinic B,Appointment Booked,24,Yes,25-08-2025
L07971,21-06-2025,,Google Ads,Teeth Whitening,Clinic B,Contacted - No Appointment,36,No,
L07972,17-12-2025,,Google Organic,Dental Implant,Clinic A,Contacted - No Appointment,19,No,
L07973,14-08-2025,,Instagram,Dental Implant,Clinic C,Not Contacted/Cold,48,No,
L07974,03-08-2025,P07974,Google Ads,Dental Implant,Clinic B,Appointment Booked,17,Yes,10-08-2025
L07975,11-11-2025,,Facebook,General Dentistry,Clinic A,Contacted - No Appointment,5,No,
L07976,02-12-2025,,Facebook,Dental Crown,Clinic A,Contacted - No Appointment,27,No,
L07977,23-04-2025,P07977,Google Ads,Dental Crown,Clinic B,Appointment Booked,3,Yes,01-05-2025
L07978,02-03-2025,P07978,Instagram,Dental Crown,Clinic D,Appointment Booked,10,Yes,11-03-2025
L07979,14-02-2025,,Referral,Invisalign,Clinic C,Contacted - No Appointment,16,No,
L07980,30-05-2025,P07980,Instagram,Dental Crown,Clinic C,Appointment Booked,9,Yes,05-06-2025
L07981,15-07-2025,,Facebook,Root Canal,Clinic B,Not Contacted/Cold,74,No,
L07982,17-01-2025,,Google Ads,Dental Implant,Clinic C,Contacted - No Appointment,19,No,
L07983,07-05-2025,P07983,Google Ads,Dental Crown,Clinic B,Appointment Booked,18,Yes,10-05-2025
L07984,13-03-2025,,Facebook,Dental Implant,Clinic C,Contacted - No Appointment,26,No,
L07985,26-04-2025,P07985,Referral,Invisalign,Clinic A,Appointment Booked,9,Yes,05-05-2025
L07986,29-05-2025,,Referral,Teeth Whitening,Clinic B,Contacted - No Appointment,28,No,
L07987,11-02-2025,P07987,Facebook,Dental Crown,Clinic B,Appointment Booked,32,Yes,23-02-2025
L07988,12-02-2025,,Facebook,Dental Crown,Clinic B,Contacted - No Appointment,26,No,
L07989,20-08-2025,,Instagram,Root Canal,Clinic D,Not Contacted/Cold,77,No,
L07990,13-01-2025,,Google Organic,Root Canal,Clinic A,Contacted - No Appointment,12,No,
L07991,01-04-2025,,Google Organic,Dental Crown,Clinic B,Contacted - No Appointment,17,No,
L07992,29-06-2025,,Google Organic,Teeth Whitening,Clinic B,Contacted - No Appointment,5,No,
L07993,02-04-2025,,Google Ads,Root Canal,Clinic D,Contacted - No Appointment,15,No,
L07994,31-05-2025,,Referral,General Dentistry,Clinic B,Contacted - No Appointment,18,No,
L07995,18-02-2025,,Google Ads,General Dentistry,Clinic C,Contacted - No Appointment,24,No,
L07996,17-04-2025,,Facebook,Root Canal,Clinic D,Contacted - No Appointment,18,No,
L07997,25-01-2025,P07997,Referral,General Dentistry,Clinic B,Appointment Booked,9,Yes,04-02-2025
L07998,01-04-2025,,Facebook,Root Canal,Clinic B,Contacted - No Appointment,26,No,
L07999,09-11-2025,,Google Ads,Root Canal,Clinic B,Contacted - No Appointment,23,No,
L08000,25-02-2025,,Google Ads,Dental Implant,Clinic D,Contacted - No Appointment,16,No,
L08001,06-07-2025,,Instagram,Dental Crown,Clinic A,Contacted - No Appointment,12,No,
L08002,15-11-2025,P08002,Google Ads,General Dentistry,Clinic B,Appointment Booked,10,Yes,18-11-2025
L08003,06-12-2025,,Facebook,Teeth Whitening,Clinic C,Contacted - No Appointment,43,No,
L08004,19-05-2025,,Facebook,Teeth Whitening,Clinic C,Contacted - No Appointment,31,No,
L08005,11-10-2025,P08005,Google Organic,Dental Implant,Clinic B,Appointment Booked,30,Yes,13-10-2025
L08006,24-05-2025,P08006,Google Ads,Root Canal,Clinic C,Appointment Booked,18,Yes,02-06-2025
L08007,12-07-2025,P08007,Google Organic,Invisalign,Clinic A,Appointment Booked,35,Yes,26-07-2025
L08008,17-07-2025,P08008,Facebook,Invisalign,Clinic B,Appointment Booked,21,Yes,19-07-2025
L08009,30-09-2025,P08009,Instagram,Dental Crown,Clinic B,Appointment Booked,17,Yes,08-10-2025
L08010,25-05-2025,,Google Ads,Root Canal,Clinic D,Contacted - No Appointment,9,No,
L08011,15-03-2025,,Instagram,Dental Crown,Clinic B,Contacted - No Appointment,18,No,
L08012,01-08-2025,P08012,Google Organic,Root Canal,Clinic D,Appointment Booked,2,Yes,08-08-2025
L08013,23-08-2025,,Google Ads,Invisalign,Clinic C,Contacted - No Appointment,35,No,
L08014,29-08-2025,P08014,Google Organic,Dental Implant,Clinic A,Appointment Booked,8,Yes,02-09-2025
L08015,28-11-2025,,Referral,General Dentistry,Clinic C,Contacted - No Appointment,10,No,
L08016,20-12-2025,,Google Ads,Dental Implant,Clinic A,Contacted - No Appointment,14,No,
L08017,28-03-2025,P08017,Instagram,Dental Implant,Clinic D,Appointment Booked,10,Yes,09-04-2025
L08018,31-07-2025,P08018,Instagram,General Dentistry,Clinic D,Appointment Booked,25,Yes,11-08-2025
L08019,02-11-2025,,Google Ads,General Dentistry,Clinic B,Contacted - No Appointment,38,No,
L08020,15-11-2025,P08020,Facebook,Teeth Whitening,Clinic A,Appointment Booked,40,Yes,25-11-2025
L08021,02-03-2025,,Referral,Dental Implant,Clinic B,Contacted - No Appointment,15,No,
L08022,21-11-2025,,Instagram,Invisalign,Clinic B,Contacted - No Appointment,11,No,
L08023,27-02-2025,,Referral,General Dentistry,Clinic B,Contacted - No Appointment,36,No,
L08024,20-11-2025,P08024,Google Organic,Teeth Whitening,Clinic B,Appointment Booked,7,Yes,03-12-2025
L08025,16-06-2025,,Google Ads,Dental Crown,Clinic C,Contacted - No Appointment,33,No,
L08026,06-12-2025,P08026,Google Ads,Invisalign,Clinic A,Appointment Booked,25,Yes,14-12-2025
L08027,29-03-2025,P08027,Google Organic,Dental Implant,Clinic D,Appointment Booked,24,Yes,01-04-2025
L08028,10-10-2025,,Instagram,Dental Implant,Clinic D,Contacted - No Appointment,11,No,
L08029,11-01-2025,P08029,Google Ads,Dental Crown,Clinic B,Appointment Booked,31,Yes,22-01-2025
L08030,28-12-2025,P08030,Instagram,Dental Implant,Clinic D,Appointment Booked,19,Yes,03-01-2026
L08031,07-07-2025,,Google Organic,General Dentistry,Clinic A,Contacted - No Appointment,32,No,
L08032,22-05-2025,P08032,Google Organic,Invisalign,Clinic A,Appointment Booked,5,Yes,25-05-2025
L08033,02-07-2025,,Google Ads,Teeth Whitening,Clinic C,Contacted - No Appointment,2,No,
L08034,30-05-2025,,Google Ads,Dental Implant,Clinic B,Not Contacted/Cold,64,No,
L08035,17-05-2025,P08035,Referral,Root Canal,Clinic C,Appointment Booked,4,Yes,23-05-2025
L08036,03-06-2025,,Referral,Dental Implant,Clinic D,Contacted - No Appointment,43,No,
L08037,05-08-2025,P08037,Facebook,Teeth Whitening,Clinic D,Appointment Booked,29,Yes,15-08-2025
L08038,06-04-2025,,Google Organic,Dental Crown,Clinic C,Contacted - No Appointment,31,No,
L08039,07-09-2025,P08039,Google Ads,Dental Implant,Clinic D,Appointment Booked,3,Yes,20-09-2025
L08040,04-05-2025,,Google Ads,General Dentistry,Clinic A,Contacted - No Appointment,27,No,
L08041,12-01-2025,,Google Ads,Root Canal,Clinic A,Contacted - No Appointment,18,No,
L08042,13-04-2025,P08042,Google Ads,General Dentistry,Clinic C,Appointment Booked,7,Yes,14-04-2025
L08043,26-11-2025,,Referral,General Dentistry,Clinic B,Contacted - No Appointment,12,No,
L08044,13-09-2025,P08044,Instagram,General Dentistry,Clinic B,Appointment Booked,16,Yes,16-09-2025
L08045,27-02-2025,,Google Ads,Dental Implant,Clinic B,Contacted - No Appointment,15,No,
L08046,04-02-2025,,Google Organic,Dental Implant,Clinic C,Not Contacted/Cold,53,No,
L08047,04-05-2025,,Google Organic,General Dentistry,Clinic A,Contacted - No Appointment,14,No,
L08048,16-01-2025,,Google Ads,Root Canal,Clinic C,Contacted - No Appointment,39,No,
L08049,29-09-2025,,Instagram,Invisalign,Clinic A,Contacted - No Appointment,23,No,
L08050,13-04-2025,,Google Organic,Teeth Whitening,Clinic A,Contacted - No Appointment,4,No,
L08051,05-05-2025,P08051,Google Organic,Invisalign,Clinic B,Appointment Booked,6,Yes,07-05-2025
L08052,14-01-2025,,Google Organic,Teeth Whitening,Clinic A,Contacted - No Appointment,5,No,
L08053,27-04-2025,,Google Ads,General Dentistry,Clinic D,Contacted - No Appointment,23,No,
L08054,11-09-2025,P08054,Facebook,Teeth Whitening,Clinic A,Appointment Booked,27,Yes,17-09-2025
L08055,27-03-2025,P08055,Google Organic,Invisalign,Clinic A,Appointment Booked,11,Yes,31-03-2025
L08056,27-01-2025,,Referral,Root Canal,Clinic C,Contacted - No Appointment,30,No,
L08057,21-01-2025,P08057,Google Ads,Root Canal,Clinic B,Appointment Booked,23,Yes,22-01-2025
L08058,21-04-2025,,Google Ads,Root Canal,Clinic A,Contacted - No Appointment,33,No,
L08059,24-04-2025,P08059,Referral,Dental Implant,Clinic A,Appointment Booked,23,Yes,26-04-2025
L08060,30-06-2025,,Facebook,Root Canal,Clinic D,Contacted - No Appointment,28,No,
L08061,18-06-2025,P08061,Facebook,Root Canal,Clinic C,Appointment Booked,13,Yes,30-06-2025
L08062,25-11-2025,P08062,Facebook,Root Canal,Clinic B,Appointment Booked,19,Yes,04-12-2025
L08063,22-12-2025,,Facebook,Teeth Whitening,Clinic B,Contacted - No Appointment,10,No,
L08064,19-05-2025,,Facebook,Root Canal,Clinic B,Not Contacted/Cold,54,No,
L08065,07-01-2025,,Instagram,Invisalign,Clinic B,Contacted - No Appointment,29,No,
L08066,17-06-2025,P08066,Google Ads,Dental Crown,Clinic C,Appointment Booked,22,Yes,29-06-2025
L08067,19-04-2025,P08067,Referral,Teeth Whitening,Clinic D,Appointment Booked,5,Yes,29-04-2025
L08068,25-09-2025,,Referral,Invisalign,Clinic A,Contacted - No Appointment,38,No,
L08069,20-09-2025,,Referral,Dental Crown,Clinic D,Contacted - No Appointment,43,No,
L08070,24-06-2025,,Referral,Dental Implant,Clinic A,Contacted - No Appointment,7,No,
L08071,14-06-2025,,Instagram,Invisalign,Clinic A,Contacted - No Appointment,18,No,
L08072,30-03-2025,,Google Ads,General Dentistry,Clinic A,Contacted - No Appointment,21,No,
L08073,02-03-2025,P08073,Google Ads,General Dentistry,Clinic A,Appointment Booked,9,Yes,05-03-2025
L08074,28-08-2025,,Google Ads,Dental Crown,Clinic D,Contacted - No Appointment,13,No,
L08075,14-12-2025,P08075,Facebook,Teeth Whitening,Clinic B,Appointment Booked,12,Yes,26-12-2025
L08076,08-02-2025,,Facebook,General Dentistry,Clinic A,Contacted - No Appointment,37,No,
L08077,02-02-2025,,Referral,General Dentistry,Clinic D,Not Contacted/Cold,50,No,
L08078,08-02-2025,,Facebook,Root Canal,Clinic D,Contacted - No Appointment,16,No,
L08079,06-05-2025,P08079,Facebook,Dental Crown,Clinic D,Appointment Booked,26,Yes,10-05-2025
L08080,21-06-2025,P08080,Google Organic,Root Canal,Clinic D,Appointment Booked,4,Yes,25-06-2025
L08081,07-11-2025,P08081,Google Ads,Dental Implant,Clinic A,Appointment Booked,42,Yes,16-11-2025
L08082,14-05-2025,P08082,Referral,Root Canal,Clinic D,Appointment Booked,27,Yes,18-05-2025
L08083,19-01-2025,,Facebook,Teeth Whitening,Clinic C,Contacted - No Appointment,21,No,
L08084,09-08-2025,,Google Ads,Teeth Whitening,Clinic D,Contacted - No Appointment,17,No,
L08085,23-08-2025,,Referral,General Dentistry,Clinic D,Contacted - No Appointment,10,No,
L08086,04-02-2025,,Instagram,Dental Implant,Clinic B,Contacted - No Appointment,37,No,
L08087,05-09-2025,P08087,Facebook,Root Canal,Clinic D,Appointment Booked,28,Yes,08-09-2025
L08088,21-08-2025,,Instagram,Dental Implant,Clinic B,Contacted - No Appointment,33,No,
L08089,17-09-2025,,Google Organic,Invisalign,Clinic B,Contacted - No Appointment,20,No,
L08090,06-02-2025,,Google Ads,General Dentistry,Clinic A,Contacted - No Appointment,40,No,
L08091,17-11-2025,,Referral,Root Canal,Clinic D,Contacted - No Appointment,11,No,
L08092,21-10-2025,P08092,Referral,Teeth Whitening,Clinic B,Appointment Booked,47,Yes,28-10-2025
L08093,24-10-2025,,Instagram,Dental Implant,Clinic C,Contacted - No Appointment,39,No,
L08094,29-11-2025,,Google Organic,Root Canal,Clinic B,Contacted - No Appointment,23,No,
L08095,10-01-2025,,Referral,Dental Crown,Clinic D,Contacted - No Appointment,9,No,
L08096,11-09-2025,,Facebook,Dental Implant,Clinic B,Contacted - No Appointment,37,No,
L08097,04-04-2025,P08097,Referral,Invisalign,Clinic D,Appointment Booked,10,Yes,07-04-2025
L08098,07-01-2025,,Google Organic,Dental Implant,Clinic D,Contacted - No Appointment,15,No,
L08099,09-12-2025,,Facebook,Dental Crown,Clinic B,Contacted - No Appointment,6,No,
L08100,07-08-2025,,Google Organic,General Dentistry,Clinic B,Contacted - No Appointment,9,No,
L08101,23-12-2025,P08101,Facebook,General Dentistry,Clinic C,Appointment Booked,21,Yes,24-12-2025
L08102,28-04-2025,,Google Ads,General Dentistry,Clinic D,Not Contacted/Cold,50,No,
L08103,19-02-2025,P08103,Google Organic,General Dentistry,Clinic D,Appointment Booked,25,Yes,22-02-2025
L08104,15-06-2025,,Instagram,General Dentistry,Clinic A,Contacted - No Appointment,26,No,
L08105,03-02-2025,,Google Organic,Dental Crown,Clinic D,Contacted - No Appointment,25,No,
L08106,23-10-2025,,Google Ads,Root Canal,Clinic B,Contacted - No Appointment,28,No,
L08107,19-12-2025,P08107,Facebook,Root Canal,Clinic C,Appointment Booked,30,Yes,23-12-2025
L08108,15-04-2025,,Google Organic,Teeth Whitening,Clinic D,Contacted - No Appointment,37,No,
L08109,11-10-2025,P08109,Referral,Invisalign,Clinic A,Appointment Booked,44,Yes,15-10-2025
L08110,30-03-2025,P08110,Referral,Dental Implant,Clinic D,Appointment Booked,12,Yes,03-04-2025
L08111,17-07-2025,P08111,Referral,General Dentistry,Clinic C,Appointment Booked,35,Yes,28-07-2025
L08112,05-11-2025,P08112,Google Ads,Dental Implant,Clinic D,Appointment Booked,50,Yes,08-11-2025
L08113,21-01-2025,,Google Organic,General Dentistry,Clinic A,Contacted - No Appointment,14,No,
L08114,16-04-2025,P08114,Google Ads,Teeth Whitening,Clinic B,Appointment Booked,9,Yes,24-04-2025
L08115,26-09-2025,P08115,Google Ads,Invisalign,Clinic D,Appointment Booked,38,Yes,02-10-2025
L08116,20-12-2025,,Google Ads,Dental Crown,Clinic A,Not Contacted/Cold,48,No,
L08117,10-09-2025,,Referral,Teeth Whitening,Clinic A,Contacted - No Appointment,15,No,
L08118,27-12-2025,,Google Ads,Invisalign,Clinic D,Contacted - No Appointment,44,No,
L08119,15-03-2025,P08119,Google Ads,Teeth Whitening,Clinic B,Appointment Booked,43,Yes,19-03-2025
L08120,20-03-2025,,Google Ads,Teeth Whitening,Clinic D,Contacted - No Appointment,17,No,
L08121,09-01-2025,,Instagram,Invisalign,Clinic A,Contacted - No Appointment,12,No,
L08122,01-07-2025,P08122,Referral,Dental Implant,Clinic B,Appointment Booked,13,Yes,13-07-2025
L08123,27-10-2025,P08123,Facebook,Invisalign,Clinic D,Appointment Booked,22,Yes,10-11-2025
L08124,23-07-2025,,Facebook,Invisalign,Clinic C,Contacted - No Appointment,11,No,
L08125,13-04-2025,,Google Ads,Dental Implant,Clinic C,Contacted - No Appointment,8,No,
L08126,28-11-2025,,Google Ads,Teeth Whitening,Clinic C,Contacted - No Appointment,12,No,
L08127,18-03-2025,,Google Ads,Root Canal,Clinic D,Contacted - No Appointment,36,No,
L08128,26-06-2025,,Facebook,General Dentistry,Clinic A,Contacted - No Appointment,18,No,
L08129,25-05-2025,,Instagram,Invisalign,Clinic B,Contacted - No Appointment,10,No,
L08130,06-10-2025,,Google Ads,Root Canal,Clinic A,Contacted - No Appointment,22,No,
L08131,26-12-2025,,Google Organic,Dental Crown,Clinic C,Contacted - No Appointment,24,No,
L08132,07-10-2025,,Referral,General Dentistry,Clinic A,Contacted - No Appointment,7,No,
L08133,10-10-2025,,Google Ads,Root Canal,Clinic B,Contacted - No Appointment,2,No,
L08134,18-11-2025,,Google Ads,Root Canal,Clinic B,Contacted - No Appointment,4,No,
L08135,15-09-2025,,Google Organic,General Dentistry,Clinic A,Contacted - No Appointment,13,No,
L08136,06-06-2025,P08136,Google Ads,Invisalign,Clinic A,Appointment Booked,43,Yes,07-06-2025
L08137,04-01-2025,,Facebook,Dental Implant,Clinic C,Not Contacted/Cold,51,No,
L08138,28-08-2025,,Facebook,Root Canal,Clinic B,Contacted - No Appointment,4,No,
L08139,02-12-2025,P08139,Referral,Teeth Whitening,Clinic D,Appointment Booked,27,Yes,08-12-2025
L08140,04-01-2025,,Instagram,Dental Implant,Clinic C,Contacted - No Appointment,10,No,
L08141,17-09-2025,P08141,Google Ads,Dental Crown,Clinic A,Appointment Booked,11,Yes,30-09-2025
L08142,28-08-2025,,Google Ads,Dental Crown,Clinic C,Contacted - No Appointment,15,No,
L08143,10-12-2025,,Google Ads,General Dentistry,Clinic A,Contacted - No Appointment,13,No,
L08144,12-04-2025,,Facebook,Invisalign,Clinic D,Contacted - No Appointment,11,No,
L08145,29-01-2025,P08145,Facebook,Invisalign,Clinic D,Appointment Booked,33,Yes,02-02-2025
L08146,25-06-2025,,Google Organic,Root Canal,Clinic C,Contacted - No Appointment,19,No,
L08147,22-02-2025,P08147,Facebook,Root Canal,Clinic C,Appointment Booked,15,Yes,04-03-2025
L08148,28-03-2025,,Facebook,Teeth Whitening,Clinic A,Contacted - No Appointment,11,No,
L08149,21-11-2025,,Facebook,Dental Crown,Clinic B,Contacted - No Appointment,35,No,
L08150,02-02-2025,,Google Ads,Teeth Whitening,Clinic D,Contacted - No Appointment,9,No,
L08151,30-03-2025,P08151,Referral,General Dentistry,Clinic A,Appointment Booked,9,Yes,06-04-2025
L08152,06-03-2025,,Google Ads,General Dentistry,Clinic B,Contacted - No Appointment,15,No,
L08153,26-09-2025,,Google Ads,Root Canal,Clinic B,Contacted - No Appointment,37,No,
L08154,14-09-2025,,Google Ads,General Dentistry,Clinic C,Not Contacted/Cold,48,No,
L08155,20-12-2025,P08155,Facebook,Invisalign,Clinic B,Appointment Booked,17,Yes,30-12-2025
L08156,01-09-2025,P08156,Referral,Teeth Whitening,Clinic D,Appointment Booked,9,Yes,09-09-2025
L08157,14-08-2025,,Google Ads,Root Canal,Clinic A,Not Contacted/Cold,52,No,
L08158,20-05-2025,,Facebook,Teeth Whitening,Clinic B,Not Contacted/Cold,65,No,
L08159,19-11-2025,,Google Ads,Root Canal,Clinic C,Contacted - No Appointment,25,No,
L08160,20-10-2025,,Google Organic,Teeth Whitening,Clinic A,Contacted - No Appointment,43,No,
L08161,16-04-2025,,Instagram,General Dentistry,Clinic C,Contacted - No Appointment,11,No,
L08162,06-03-2025,,Google Organic,Teeth Whitening,Clinic A,Contacted - No Appointment,10,No,
L08163,11-01-2025,,Facebook,Teeth Whitening,Clinic A,Contacted - No Appointment,20,No,
L08164,15-07-2025,,Referral,Dental Implant,Clinic A,Contacted - No Appointment,18,No,
L08165,03-05-2025,,Facebook,Invisalign,Clinic D,Not Contacted/Cold,54,No,
L08166,26-11-2025,,Facebook,General Dentistry,Clinic C,Contacted - No Appointment,14,No,
L08167,09-04-2025,P08167,Google Organic,Dental Crown,Clinic D,Appointment Booked,17,Yes,22-04-2025
L08168,17-01-2025,P08168,Facebook,Dental Crown,Clinic B,Appointment Booked,30,Yes,31-01-2025
L08169,04-08-2025,,Google Ads,Root Canal,Clinic C,Contacted - No Appointment,28,No,
L08170,14-08-2025,P08170,Facebook,Dental Implant,Clinic B,Appointment Booked,7,Yes,15-08-2025
L08171,20-12-2025,P08171,Google Ads,Root Canal,Clinic D,Appointment Booked,36,Yes,02-01-2026
L08172,27-04-2025,,Facebook,Root Canal,Clinic C,Contacted - No Appointment,11,No,
L08173,26-08-2025,,Instagram,Invisalign,Clinic C,Not Contacted/Cold,48,No,
L08174,06-01-2025,P08174,Google Ads,Dental Implant,Clinic A,Appointment Booked,24,Yes,20-01-2025
L08175,14-12-2025,,Instagram,Root Canal,Clinic C,Contacted - No Appointment,19,No,
L08176,09-04-2025,,Referral,Dental Crown,Clinic B,Not Contacted/Cold,56,No,
L08177,13-07-2025,P08177,Facebook,Invisalign,Clinic D,Appointment Booked,8,Yes,19-07-2025
L08178,31-07-2025,P08178,Google Ads,Dental Crown,Clinic A,Appointment Booked,6,Yes,07-08-2025
L08179,01-08-2025,P08179,Referral,General Dentistry,Clinic B,Appointment Booked,43,Yes,10-08-2025
L08180,24-04-2025,P08180,Google Organic,Root Canal,Clinic B,Appointment Booked,38,Yes,25-04-2025
L08181,23-12-2025,,Google Ads,General Dentistry,Clinic A,Not Contacted/Cold,60,No,
L08182,11-06-2025,,Facebook,General Dentistry,Clinic A,Contacted - No Appointment,40,No,
L08183,13-07-2025,,Google Organic,Dental Implant,Clinic D,Contacted - No Appointment,22,No,
L08184,20-12-2025,,Instagram,Dental Implant,Clinic C,Contacted - No Appointment,11,No,
L08185,01-12-2025,P08185,Instagram,Root Canal,Clinic D,Appointment Booked,28,Yes,11-12-2025
L08186,07-02-2025,P08186,Instagram,Dental Crown,Clinic D,Appointment Booked,14,Yes,15-02-2025
L08187,06-09-2025,P08187,Google Organic,Root Canal,Clinic B,Appointment Booked,5,Yes,18-09-2025
L08188,09-06-2025,,Facebook,Invisalign,Clinic C,Contacted - No Appointment,10,No,
L08189,28-11-2025,,Google Organic,Dental Crown,Clinic A,Contacted - No Appointment,11,No,
L08190,22-08-2025,P08190,Referral,Dental Implant,Clinic D,Appointment Booked,26,Yes,25-08-2025
L08191,10-10-2025,P08191,Facebook,General Dentistry,Clinic B,Appointment Booked,5,Yes,24-10-2025
L08192,11-10-2025,,Google Organic,Invisalign,Clinic B,Contacted - No Appointment,6,No,
L08193,28-04-2025,P08193,Google Ads,General Dentistry,Clinic B,Appointment Booked,12,Yes,08-05-2025
L08194,11-02-2025,,Google Ads,Dental Implant,Clinic B,Contacted - No Appointment,10,No,
L08195,15-11-2025,,Referral,Invisalign,Clinic A,Contacted - No Appointment,22,No,
L08196,26-06-2025,,Google Ads,Invisalign,Clinic B,Contacted - No Appointment,14,No,
L08197,28-08-2025,P08197,Google Ads,General Dentistry,Clinic D,Appointment Booked,15,Yes,10-09-2025
L08198,24-06-2025,,Facebook,Dental Implant,Clinic D,Contacted - No Appointment,32,No,
L08199,30-04-2025,P08199,Facebook,Dental Crown,Clinic B,Appointment Booked,36,Yes,03-05-2025
L08200,31-05-2025,P08200,Instagram,General Dentistry,Clinic B,Appointment Booked,11,Yes,13-06-2025
L08201,21-11-2025,P08201,Google Ads,Dental Crown,Clinic D,Appointment Booked,26,Yes,05-12-2025
L08202,08-06-2025,,Google Ads,Root Canal,Clinic A,Contacted - No Appointment,9,No,
L08203,15-01-2025,P08203,Facebook,General Dentistry,Clinic D,Appointment Booked,32,Yes,23-01-2025
L08204,28-11-2025,,Facebook,General Dentistry,Clinic A,Contacted - No Appointment,8,No,
L08205,27-07-2025,P08205,Instagram,Root Canal,Clinic C,Appointment Booked,38,Yes,04-08-2025
L08206,01-04-2025,P08206,Instagram,Dental Crown,Clinic C,Appointment Booked,3,Yes,09-04-2025
L08207,23-06-2025,,Facebook,General Dentistry,Clinic C,Contacted - No Appointment,8,No,
L08208,31-07-2025,,Google Ads,General Dentistry,Clinic D,Contacted - No Appointment,12,No,
L08209,06-08-2025,,Google Organic,Root Canal,Clinic A,Contacted - No Appointment,14,No,
L08210,06-09-2025,P08210,Google Ads,General Dentistry,Clinic B,Appointment Booked,7,Yes,14-09-2025
L08211,11-04-2025,,Google Ads,Invisalign,Clinic C,Contacted - No Appointment,12,No,
L08212,05-10-2025,P08212,Google Organic,Root Canal,Clinic D,Appointment Booked,16,Yes,14-10-2025
L08213,04-08-2025,P08213,Google Ads,Dental Implant,Clinic A,Appointment Booked,3,Yes,05-08-2025
L08214,20-04-2025,,Facebook,Invisalign,Clinic D,Contacted - No Appointment,23,No,
L08215,14-03-2025,P08215,Facebook,Dental Crown,Clinic B,Appointment Booked,23,Yes,26-03-2025
L08216,03-09-2025,,Facebook,Root Canal,Clinic A,Contacted - No Appointment,37,No,
L08217,20-10-2025,,Facebook,Invisalign,Clinic D,Not Contacted/Cold,78,No,
L08218,21-11-2025,,Referral,Root Canal,Clinic A,Contacted - No Appointment,8,No,
L08219,23-04-2025,,Facebook,Root Canal,Clinic C,Contacted - No Appointment,42,No,
L08220,02-02-2025,P08220,Instagram,General Dentistry,Clinic A,Appointment Booked,6,Yes,13-02-2025
L08221,12-06-2025,,Referral,General Dentistry,Clinic B,Contacted - No Appointment,15,No,
L08222,06-11-2025,,Instagram,Root Canal,Clinic C,Contacted - No Appointment,24,No,
L08223,27-02-2025,,Instagram,General Dentistry,Clinic C,Contacted - No Appointment,24,No,
L08224,07-11-2025,P08224,Instagram,Invisalign,Clinic B,Appointment Booked,36,Yes,19-11-2025
L08225,08-12-2025,P08225,Facebook,Dental Crown,Clinic B,Appointment Booked,13,Yes,12-12-2025
L08226,26-12-2025,,Google Organic,General Dentistry,Clinic A,Contacted - No Appointment,20,No,
L08227,17-10-2025,,Google Ads,Root Canal,Clinic B,Contacted - No Appointment,21,No,
L08228,07-04-2025,P08228,Referral,Dental Crown,Clinic D,Appointment Booked,47,Yes,19-04-2025
L08229,31-10-2025,,Instagram,Invisalign,Clinic D,Contacted - No Appointment,18,No,
L08230,02-12-2025,,Google Organic,Invisalign,Clinic A,Contacted - No Appointment,13,No,
L08231,26-05-2025,,Google Ads,Dental Crown,Clinic A,Contacted - No Appointment,33,No,
L08232,13-02-2025,,Referral,General Dentistry,Clinic D,Contacted - No Appointment,18,No,
L08233,01-07-2025,P08233,Google Ads,Root Canal,Clinic C,Appointment Booked,37,Yes,02-07-2025
L08234,11-04-2025,,Google Organic,General Dentistry,Clinic C,Contacted - No Appointment,37,No,
L08235,23-11-2025,,Facebook,General Dentistry,Clinic D,Contacted - No Appointment,4,No,
L08236,08-08-2025,,Google Organic,Invisalign,Clinic B,Not Contacted/Cold,74,No,
L08237,13-09-2025,P08237,Instagram,Root Canal,Clinic B,Appointment Booked,6,Yes,24-09-2025
L08238,10-06-2025,,Google Ads,Dental Crown,Clinic D,Contacted - No Appointment,21,No,
L08239,18-08-2025,,Facebook,Root Canal,Clinic C,Contacted - No Appointment,11,No,
L08240,21-04-2025,P08240,Google Ads,Dental Implant,Clinic A,Appointment Booked,11,Yes,02-05-2025
L08241,02-07-2025,P08241,Instagram,General Dentistry,Clinic A,Appointment Booked,8,Yes,11-07-2025
L08242,05-01-2025,,Google Organic,Teeth Whitening,Clinic A,Contacted - No Appointment,34,No,
L08243,07-04-2025,P08243,Google Ads,Root Canal,Clinic D,Appointment Booked,14,Yes,19-04-2025
L08244,04-11-2025,,Facebook,Dental Crown,Clinic B,Contacted - No Appointment,41,No,
L08245,21-12-2025,P08245,Instagram,Dental Implant,Clinic A,Appointment Booked,14,Yes,28-12-2025
L08246,16-09-2025,P08246,Google Ads,Root Canal,Clinic D,Appointment Booked,13,Yes,18-09-2025
L08247,03-01-2025,,Referral,General Dentistry,Clinic A,Contacted - No Appointment,9,No,
L08248,20-08-2025,,Facebook,General Dentistry,Clinic A,Contacted - No Appointment,17,No,
L08249,17-11-2025,P08249,Google Ads,Invisalign,Clinic A,Appointment Booked,3,Yes,27-11-2025
L08250,26-01-2025,,Google Ads,Root Canal,Clinic A,Contacted - No Appointment,40,No,
L08251,28-07-2025,P08251,Facebook,Dental Crown,Clinic B,Appointment Booked,24,Yes,01-08-2025
L08252,16-10-2025,,Facebook,Invisalign,Clinic D,Contacted - No Appointment,19,No,
L08253,13-11-2025,,Google Ads,Dental Implant,Clinic D,Contacted - No Appointment,3,No,
L08254,06-02-2025,,Google Ads,Root Canal,Clinic B,Contacted - No Appointment,9,No,
L08255,01-03-2025,P08255,Instagram,Dental Crown,Clinic B,Appointment Booked,2,Yes,08-03-2025
L08256,31-05-2025,P08256,Instagram,Dental Implant,Clinic C,Appointment Booked,7,Yes,03-06-2025
L08257,14-08-2025,P08257,Google Ads,Dental Implant,Clinic A,Appointment Booked,17,Yes,27-08-2025
L08258,18-01-2025,,Instagram,Invisalign,Clinic A,Contacted - No Appointment,25,No,
L08259,19-09-2025,P08259,Referral,Invisalign,Clinic D,Appointment Booked,9,Yes,29-09-2025
L08260,10-03-2025,,Referral,Root Canal,Clinic A,Contacted - No Appointment,8,No,
L08261,14-08-2025,P08261,Referral,Invisalign,Clinic A,Appointment Booked,30,Yes,16-08-2025
L08262,29-01-2025,P08262,Google Organic,Invisalign,Clinic B,Appointment Booked,19,Yes,30-01-2025
L08263,16-03-2025,,Google Ads,General Dentistry,Clinic B,Contacted - No Appointment,32,No,
L08264,27-12-2025,P08264,Google Ads,Dental Implant,Clinic A,Appointment Booked,46,Yes,10-01-2026
L08265,24-11-2025,,Facebook,Root Canal,Clinic A,Contacted - No Appointment,22,No,
L08266,16-09-2025,P08266,Instagram,General Dentistry,Clinic B,Appointment Booked,12,Yes,29-09-2025
L08267,27-07-2025,P08267,Referral,Dental Crown,Clinic C,Appointment Booked,15,Yes,31-07-2025
L08268,21-08-2025,,Google Ads,Teeth Whitening,Clinic A,Contacted - No Appointment,16,No,
L08269,28-04-2025,,Facebook,Root Canal,Clinic B,Contacted - No Appointment,15,No,
L08270,28-06-2025,,Instagram,Dental Implant,Clinic C,Contacted - No Appointment,24,No,
L08271,08-12-2025,P08271,Facebook,Dental Crown,Clinic D,Appointment Booked,19,Yes,10-12-2025
L08272,06-10-2025,,Facebook,Dental Crown,Clinic B,Contacted - No Appointment,8,No,
L08273,29-05-2025,P08273,Google Ads,Dental Implant,Clinic A,Appointment Booked,6,Yes,01-06-2025
L08274,15-04-2025,,Referral,Root Canal,Clinic B,Contacted - No Appointment,17,No,
L08275,21-04-2025,,Facebook,General Dentistry,Clinic C,Contacted - No Appointment,2,No,
L08276,23-05-2025,,Facebook,Invisalign,Clinic A,Contacted - No Appointment,38,No,
L08277,25-09-2025,,Google Ads,Root Canal,Clinic B,Contacted - No Appointment,11,No,
L08278,06-05-2025,P08278,Facebook,Root Canal,Clinic A,Appointment Booked,51,Yes,14-05-2025
L08279,27-10-2025,,Google Ads,Teeth Whitening,Clinic A,Contacted - No Appointment,42,No,
L08280,07-05-2025,,Google Ads,General Dentistry,Clinic B,Contacted - No Appointment,43,No,
L08281,28-09-2025,P08281,Google Ads,Teeth Whitening,Clinic B,Appointment Booked,12,Yes,05-10-2025
L08282,09-06-2025,P08282,Google Ads,Root Canal,Clinic D,Appointment Booked,6,Yes,14-06-2025
L08283,23-07-2025,,Instagram,Dental Implant,Clinic C,Contacted - No Appointment,24,No,
L08284,22-12-2025,,Facebook,Invisalign,Clinic B,Contacted - No Appointment,28,No,
L08285,17-01-2025,P08285,Referral,Dental Crown,Clinic B,Appointment Booked,6,Yes,24-01-2025
L08286,01-02-2025,,Google Ads,Teeth Whitening,Clinic B,Not Contacted/Cold,76,No,
L08287,20-08-2025,,Google Ads,General Dentistry,Clinic A,Contacted - No Appointment,8,No,
L08288,09-10-2025,P08288,Referral,Root Canal,Clinic D,Appointment Booked,12,Yes,20-10-2025
L08289,29-03-2025,,Google Ads,Dental Crown,Clinic D,Contacted - No Appointment,29,No,
L08290,03-01-2025,P08290,Google Ads,Root Canal,Clinic A,Appointment Booked,27,Yes,15-01-2025
L08291,29-05-2025,P08291,Google Ads,Dental Implant,Clinic A,Appointment Booked,15,Yes,06-06-2025
L08292,12-11-2025,,Google Organic,Root Canal,Clinic A,Contacted - No Appointment,14,No,
L08293,11-07-2025,,Google Organic,Root Canal,Clinic C,Contacted - No Appointment,14,No,
L08294,28-01-2025,P08294,Facebook,General Dentistry,Clinic C,Appointment Booked,38,Yes,06-02-2025
L08295,20-01-2025,,Instagram,Root Canal,Clinic D,Contacted - No Appointment,23,No,
L08296,01-05-2025,P08296,Facebook,General Dentistry,Clinic D,Appointment Booked,10,Yes,14-05-2025
L08297,23-12-2025,P08297,Referral,Root Canal,Clinic B,Appointment Booked,17,Yes,02-01-2026
L08298,17-05-2025,P08298,Google Ads,Invisalign,Clinic C,Appointment Booked,33,Yes,20-05-2025
L08299,04-11-2025,P08299,Google Organic,Invisalign,Clinic C,Appointment Booked,12,Yes,15-11-2025
L08300,06-12-2025,,Google Ads,Dental Implant,Clinic C,Contacted - No Appointment,25,No,
L08301,28-02-2025,,Facebook,Root Canal,Clinic B,Contacted - No Appointment,12,No,
L08302,01-01-2025,,Google Ads,Dental Implant,Clinic C,Contacted - No Appointment,7,No,
L08303,17-01-2025,P08303,Google Organic,Root Canal,Clinic C,Appointment Booked,14,Yes,26-01-2025
L08304,18-08-2025,,Google Organic,General Dentistry,Clinic C,Contacted - No Appointment,22,No,
L08305,09-11-2025,P08305,Facebook,Dental Crown,Clinic C,Appointment Booked,75,Yes,19-11-2025
L08306,20-12-2025,P08306,Google Organic,Teeth Whitening,Clinic C,Appointment Booked,18,Yes,25-12-2025
L08307,03-02-2025,,Instagram,Dental Implant,Clinic C,Contacted - No Appointment,16,No,
L08308,05-05-2025,,Google Organic,Root Canal,Clinic C,Contacted - No Appointment,11,No,
L08309,02-07-2025,P08309,Google Ads,Invisalign,Clinic C,Appointment Booked,21,Yes,11-07-2025
L08310,21-10-2025,P08310,Facebook,General Dentistry,Clinic B,Appointment Booked,17,Yes,22-10-2025
L08311,01-10-2025,P08311,Google Ads,Invisalign,Clinic A,Appointment Booked,14,Yes,04-10-2025
L08312,14-02-2025,P08312,Facebook,Root Canal,Clinic A,Appointment Booked,11,Yes,26-02-2025
L08313,12-10-2025,,Google Organic,Dental Crown,Clinic C,Contacted - No Appointment,2,No,
L08314,20-06-2025,,Google Organic,Root Canal,Clinic C,Contacted - No Appointment,25,No,
L08315,21-09-2025,,Google Organic,General Dentistry,Clinic D,Contacted - No Appointment,14,No,
L08316,24-03-2025,,Facebook,Invisalign,Clinic B,Contacted - No Appointment,6,No,
L08317,25-05-2025,P08317,Instagram,Root Canal,Clinic B,Appointment Booked,15,Yes,26-05-2025
L08318,01-03-2025,P08318,Facebook,Teeth Whitening,Clinic A,Appointment Booked,14,Yes,15-03-2025
L08319,22-02-2025,P08319,Referral,Root Canal,Clinic A,Appointment Booked,2,Yes,05-03-2025
L08320,24-04-2025,P08320,Facebook,Root Canal,Clinic D,Appointment Booked,5,Yes,08-05-2025
L08321,28-12-2025,,Instagram,Dental Implant,Clinic A,Contacted - No Appointment,5,No,
L08322,29-10-2025,P08322,Google Organic,Teeth Whitening,Clinic C,Appointment Booked,55,Yes,06-11-2025
L08323,15-10-2025,,Referral,General Dentistry,Clinic C,Contacted - No Appointment,24,No,
L08324,03-08-2025,P08324,Facebook,Dental Crown,Clinic B,Appointment Booked,11,Yes,05-08-2025
L08325,16-12-2025,,Facebook,General Dentistry,Clinic D,Contacted - No Appointment,14,No,
L08326,23-10-2025,,Facebook,Root Canal,Clinic B,Contacted - No Appointment,17,No,
L08327,06-09-2025,,Facebook,Invisalign,Clinic B,Contacted - No Appointment,31,No,
L08328,12-01-2025,,Instagram,Dental Implant,Clinic D,Contacted - No Appointment,36,No,
L08329,03-09-2025,P08329,Referral,Dental Crown,Clinic D,Appointment Booked,44,Yes,10-09-2025
L08330,12-08-2025,,Google Ads,Root Canal,Clinic A,Contacted - No Appointment,6,No,
L08331,08-11-2025,P08331,Instagram,Teeth Whitening,Clinic A,Appointment Booked,15,Yes,12-11-2025
L08332,29-12-2025,,Referral,Dental Crown,Clinic A,Contacted - No Appointment,12,No,
L08333,30-09-2025,,Google Ads,General Dentistry,Clinic B,Contacted - No Appointment,7,No,
L08334,17-12-2025,,Facebook,Root Canal,Clinic D,Not Contacted/Cold,46,No,
L08335,18-03-2025,,Referral,Root Canal,Clinic C,Contacted - No Appointment,40,No,
L08336,03-09-2025,,Referral,Invisalign,Clinic B,Contacted - No Appointment,31,No,
L08337,22-07-2025,P08337,Facebook,Root Canal,Clinic D,Appointment Booked,42,Yes,24-07-2025
L08338,15-08-2025,,Google Ads,General Dentistry,Clinic B,Contacted - No Appointment,12,No,
L08339,23-12-2025,,Google Ads,Dental Implant,Clinic B,Contacted - No Appointment,22,No,
L08340,10-07-2025,,Instagram,General Dentistry,Clinic D,Contacted - No Appointment,41,No,
L08341,29-03-2025,,Google Ads,General Dentistry,Clinic D,Contacted - No Appointment,33,No,
L08342,21-11-2025,,Google Ads,Dental Crown,Clinic D,Contacted - No Appointment,36,No,
L08343,27-03-2025,,Google Organic,Invisalign,Clinic C,Contacted - No Appointment,27,No,
L08344,13-07-2025,P08344,Google Organic,Invisalign,Clinic D,Appointment Booked,22,Yes,25-07-2025
L08345,02-08-2025,,Google Organic,Invisalign,Clinic A,Contacted - No Appointment,13,No,
L08346,12-03-2025,,Google Ads,Dental Implant,Clinic C,Contacted - No Appointment,37,No,
L08347,18-07-2025,P08347,Google Ads,Root Canal,Clinic D,Appointment Booked,44,Yes,25-07-2025
L08348,28-10-2025,,Google Organic,Dental Implant,Clinic B,Contacted - No Appointment,11,No,
L08349,04-08-2025,,Google Organic,Teeth Whitening,Clinic D,Contacted - No Appointment,17,No,
L08350,12-08-2025,,Google Organic,Root Canal,Clinic B,Contacted - No Appointment,11,No,
L08351,30-04-2025,,Referral,Invisalign,Clinic A,Contacted - No Appointment,31,No,
L08352,28-06-2025,,Referral,Root Canal,Clinic D,Not Contacted/Cold,50,No,
L08353,13-06-2025,P08353,Facebook,General Dentistry,Clinic A,Appointment Booked,24,Yes,27-06-2025
L08354,25-09-2025,,Facebook,Dental Crown,Clinic C,Contacted - No Appointment,23,No,
L08355,05-04-2025,,Instagram,Root Canal,Clinic A,Not Contacted/Cold,71,No,
L08356,10-01-2025,,Instagram,Teeth Whitening,Clinic D,Contacted - No Appointment,23,No,
L08357,12-06-2025,,Facebook,Teeth Whitening,Clinic B,Contacted - No Appointment,26,No,
L08358,04-05-2025,,Google Organic,General Dentistry,Clinic A,Contacted - No Appointment,42,No,
L08359,29-06-2025,,Google Ads,Invisalign,Clinic A,Contacted - No Appointment,20,No,
L08360,16-07-2025,,Google Organic,General Dentistry,Clinic D,Contacted - No Appointment,36,No,
L08361,15-03-2025,,Google Ads,Invisalign,Clinic C,Contacted - No Appointment,29,No,
L08362,17-08-2025,,Facebook,General Dentistry,Clinic C,Contacted - No Appointment,9,No,
L08363,05-08-2025,,Referral,Invisalign,Clinic B,Contacted - No Appointment,1,No,
L08364,09-02-2025,P08364,Google Ads,General Dentistry,Clinic B,Appointment Booked,6,Yes,12-02-2025
L08365,08-05-2025,,Facebook,General Dentistry,Clinic A,Contacted - No Appointment,20,No,
L08366,22-12-2025,,Google Ads,Dental Implant,Clinic C,Contacted - No Appointment,40,No,
L08367,21-05-2025,P08367,Referral,General Dentistry,Clinic A,Appointment Booked,18,Yes,29-05-2025
L08368,16-09-2025,,Google Organic,Dental Implant,Clinic D,Contacted - No Appointment,18,No,
L08369,20-05-2025,,Referral,Invisalign,Clinic D,Contacted - No Appointment,15,No,
L08370,12-07-2025,P08370,Referral,Root Canal,Clinic B,Appointment Booked,13,Yes,20-07-2025
L08371,24-10-2025,,Google Organic,General Dentistry,Clinic A,Not Contacted/Cold,91,No,
L08372,14-09-2025,,Google Ads,Root Canal,Clinic D,Contacted - No Appointment,22,No,
L08373,03-08-2025,,Facebook,Dental Crown,Clinic A,Contacted - No Appointment,13,No,
L08374,26-12-2025,,Facebook,Dental Crown,Clinic A,Contacted - No Appointment,22,No,
L08375,27-09-2025,,Instagram,General Dentistry,Clinic A,Contacted - No Appointment,23,No,
L08376,04-08-2025,P08376,Google Organic,Teeth Whitening,Clinic C,Appointment Booked,9,Yes,18-08-2025
L08377,03-06-2025,,Google Ads,Invisalign,Clinic D,Not Contacted/Cold,46,No,
L08378,07-11-2025,P08378,Google Ads,Invisalign,Clinic B,Appointment Booked,15,Yes,17-11-2025
L08379,27-02-2025,,Facebook,Dental Implant,Clinic A,Not Contacted/Cold,46,No,
L08380,02-01-2025,P08380,Google Ads,Dental Crown,Clinic B,Appointment Booked,13,Yes,13-01-2025
L08381,31-10-2025,,Google Organic,Invisalign,Clinic C,Contacted - No Appointment,11,No,
L08382,20-09-2025,,Instagram,Invisalign,Clinic A,Not Contacted/Cold,55,No,
L08383,22-03-2025,P08383,Google Organic,General Dentistry,Clinic A,Appointment Booked,47,Yes,29-03-2025
L08384,16-09-2025,,Google Ads,Invisalign,Clinic D,Contacted - No Appointment,14,No,
L08385,29-05-2025,P08385,Referral,Dental Crown,Clinic D,Appointment Booked,13,Yes,12-06-2025
L08386,24-06-2025,,Google Ads,Root Canal,Clinic D,Contacted - No Appointment,29,No,
L08387,24-11-2025,,Facebook,Dental Implant,Clinic D,Contacted - No Appointment,7,No,
L08388,05-05-2025,P08388,Google Organic,Root Canal,Clinic A,Appointment Booked,26,Yes,19-05-2025
L08389,18-10-2025,P08389,Google Ads,Root Canal,Clinic A,Appointment Booked,42,Yes,29-10-2025
L08390,14-12-2025,P08390,Google Ads,General Dentistry,Clinic B,Appointment Booked,15,Yes,16-12-2025
L08391,27-11-2025,,Google Ads,Invisalign,Clinic B,Contacted - No Appointment,44,No,
L08392,05-01-2025,,Instagram,Root Canal,Clinic D,Contacted - No Appointment,39,No,
L08393,24-12-2025,P08393,Referral,Teeth Whitening,Clinic D,Appointment Booked,27,Yes,07-01-2026
L08394,29-03-2025,,Instagram,Teeth Whitening,Clinic C,Not Contacted/Cold,72,No,
L08395,14-08-2025,,Instagram,Teeth Whitening,Clinic A,Contacted - No Appointment,7,No,
L08396,12-06-2025,P08396,Facebook,General Dentistry,Clinic D,Appointment Booked,7,Yes,14-06-2025
L08397,01-08-2025,,Google Ads,Teeth Whitening,Clinic D,Contacted - No Appointment,43,No,
L08398,03-12-2025,P08398,Google Ads,Root Canal,Clinic A,Appointment Booked,7,Yes,12-12-2025
L08399,31-07-2025,,Referral,General Dentistry,Clinic D,Contacted - No Appointment,17,No,
L08400,11-03-2025,,Google Ads,Root Canal,Clinic B,Contacted - No Appointment,22,No,
L08401,20-07-2025,P08401,Referral,Invisalign,Clinic A,Appointment Booked,42,Yes,30-07-2025
L08402,16-06-2025,P08402,Google Ads,Invisalign,Clinic C,Appointment Booked,20,Yes,20-06-2025
L08403,02-05-2025,P08403,Google Organic,Invisalign,Clinic C,Appointment Booked,6,Yes,07-05-2025
L08404,07-05-2025,P08404,Referral,Dental Implant,Clinic A,Appointment Booked,29,Yes,20-05-2025
L08405,01-09-2025,P08405,Facebook,Invisalign,Clinic B,Appointment Booked,31,Yes,07-09-2025
L08406,02-11-2025,P08406,Google Organic,Dental Implant,Clinic D,Appointment Booked,20,Yes,11-11-2025
L08407,23-12-2025,,Facebook,General Dentistry,Clinic C,Contacted - No Appointment,15,No,
L08408,23-01-2025,,Facebook,General Dentistry,Clinic C,Contacted - No Appointment,38,No,
L08409,02-02-2025,P08409,Google Ads,Dental Crown,Clinic A,Appointment Booked,25,Yes,08-02-2025
L08410,24-09-2025,,Google Organic,General Dentistry,Clinic A,Contacted - No Appointment,18,No,
L08411,06-02-2025,,Google Ads,Invisalign,Clinic B,Contacted - No Appointment,41,No,
L08412,01-10-2025,,Google Ads,General Dentistry,Clinic A,Contacted - No Appointment,18,No,
L08413,09-07-2025,P08413,Referral,Root Canal,Clinic A,Appointment Booked,20,Yes,19-07-2025
L08414,01-06-2025,P08414,Facebook,Dental Implant,Clinic A,Appointment Booked,11,Yes,02-06-2025
L08415,19-01-2025,,Facebook,Dental Implant,Clinic C,Contacted - No Appointment,39,No,
L08416,27-08-2025,,Referral,Invisalign,Clinic B,Contacted - No Appointment,18,No,
L08417,25-06-2025,P08417,Facebook,Dental Implant,Clinic D,Appointment Booked,13,Yes,05-07-2025
L08418,11-10-2025,P08418,Facebook,Invisalign,Clinic A,Appointment Booked,33,Yes,25-10-2025
L08419,08-09-2025,P08419,Google Organic,Dental Implant,Clinic B,Appointment Booked,10,Yes,10-09-2025
L08420,07-11-2025,,Facebook,Invisalign,Clinic A,Contacted - No Appointment,21,No,
L08421,03-10-2025,,Google Ads,Invisalign,Clinic B,Contacted - No Appointment,20,No,
L08422,20-11-2025,,Facebook,General Dentistry,Clinic A,Contacted - No Appointment,39,No,
L08423,21-10-2025,P08423,Google Organic,Invisalign,Clinic D,Appointment Booked,19,Yes,30-10-2025
L08424,02-06-2025,,Google Ads,Invisalign,Clinic D,Contacted - No Appointment,37,No,
L08425,11-12-2025,,Facebook,Dental Crown,Clinic B,Contacted - No Appointment,24,No,
L08426,22-11-2025,,Facebook,General Dentistry,Clinic A,Contacted - No Appointment,16,No,
L08427,18-11-2025,,Google Ads,Root Canal,Clinic C,Not Contacted/Cold,76,No,
L08428,14-03-2025,P08428,Instagram,General Dentistry,Clinic D,Appointment Booked,21,Yes,25-03-2025
L08429,21-07-2025,,Google Ads,Invisalign,Clinic A,Contacted - No Appointment,38,No,
L08430,29-03-2025,,Instagram,Invisalign,Clinic C,Contacted - No Appointment,17,No,
L08431,06-08-2025,,Facebook,Invisalign,Clinic D,Contacted - No Appointment,2,No,
L08432,20-01-2025,,Google Ads,Dental Crown,Clinic D,Contacted - No Appointment,27,No,
L08433,12-01-2025,P08433,Google Ads,Root Canal,Clinic D,Appointment Booked,5,Yes,17-01-2025
L08434,25-09-2025,,Google Ads,Dental Crown,Clinic D,Contacted - No Appointment,18,No,
L08435,26-01-2025,,Google Ads,Invisalign,Clinic D,Contacted - No Appointment,18,No,
L08436,04-11-2025,P08436,Instagram,Teeth Whitening,Clinic B,Appointment Booked,4,Yes,06-11-2025
L08437,30-11-2025,P08437,Google Organic,Invisalign,Clinic C,Appointment Booked,20,Yes,05-12-2025
L08438,04-06-2025,,Google Ads,Root Canal,Clinic D,Contacted - No Appointment,17,No,
L08439,17-07-2025,,Instagram,Dental Crown,Clinic C,Contacted - No Appointment,16,No,
L08440,28-06-2025,P08440,Referral,Dental Crown,Clinic D,Appointment Booked,13,Yes,05-07-2025
L08441,06-05-2025,P08441,Google Ads,Invisalign,Clinic A,Appointment Booked,17,Yes,10-05-2025
L08442,25-06-2025,,Facebook,General Dentistry,Clinic B,Contacted - No Appointment,27,No,
L08443,25-05-2025,P08443,Google Organic,Teeth Whitening,Clinic B,Appointment Booked,49,Yes,31-05-2025
L08444,05-11-2025,,Google Ads,Invisalign,Clinic B,Contacted - No Appointment,25,No,
L08445,30-09-2025,,Google Organic,General Dentistry,Clinic A,Contacted - No Appointment,31,No,
L08446,03-02-2025,,Referral,Dental Crown,Clinic C,Contacted - No Appointment,9,No,
L08447,22-06-2025,,Google Ads,Root Canal,Clinic A,Not Contacted/Cold,55,No,
L08448,01-07-2025,,Google Organic,Dental Implant,Clinic C,Contacted - No Appointment,6,No,
L08449,23-04-2025,P08449,Facebook,Root Canal,Clinic C,Appointment Booked,35,Yes,04-05-2025
L08450,25-02-2025,P08450,Google Ads,Dental Implant,Clinic A,Appointment Booked,7,Yes,11-03-2025
L08451,19-01-2025,P08451,Facebook,Root Canal,Clinic A,Appointment Booked,2,Yes,01-02-2025
L08452,13-10-2025,,Google Ads,Root Canal,Clinic C,Contacted - No Appointment,5,No,
L08453,29-06-2025,,Facebook,Teeth Whitening,Clinic D,Not Contacted/Cold,66,No,
L08454,23-10-2025,P08454,Google Ads,Invisalign,Clinic D,Appointment Booked,14,Yes,05-11-2025
L08455,14-03-2025,P08455,Google Organic,General Dentistry,Clinic D,Appointment Booked,26,Yes,27-03-2025
L08456,18-02-2025,P08456,Facebook,Invisalign,Clinic D,Appointment Booked,16,Yes,04-03-2025
L08457,15-04-2025,,Facebook,Root Canal,Clinic C,Contacted - No Appointment,8,No,
L08458,11-12-2025,,Google Ads,Teeth Whitening,Clinic D,Contacted - No Appointment,31,No,
L08459,27-04-2025,P08459,Facebook,Dental Crown,Clinic D,Appointment Booked,23,Yes,29-04-2025
L08460,24-04-2025,,Google Ads,Invisalign,Clinic D,Contacted - No Appointment,15,No,
L08461,13-08-2025,P08461,Google Organic,Root Canal,Clinic A,Appointment Booked,17,Yes,21-08-2025
L08462,05-12-2025,P08462,Google Ads,Invisalign,Clinic D,Appointment Booked,9,Yes,08-12-2025
L08463,18-04-2025,P08463,Instagram,Dental Crown,Clinic B,Appointment Booked,35,Yes,25-04-2025
L08464,02-01-2025,,Google Ads,Invisalign,Clinic D,Contacted - No Appointment,15,No,
L08465,27-06-2025,P08465,Instagram,Teeth Whitening,Clinic A,Appointment Booked,24,Yes,04-07-2025
L08466,08-06-2025,,Facebook,Dental Crown,Clinic B,Contacted - No Appointment,10,No,
L08467,08-04-2025,P08467,Facebook,Dental Implant,Clinic B,Appointment Booked,5,Yes,16-04-2025
L08468,30-09-2025,,Google Organic,Invisalign,Clinic B,Contacted - No Appointment,23,No,
L08469,04-07-2025,P08469,Facebook,Invisalign,Clinic A,Appointment Booked,22,Yes,14-07-2025
L08470,23-04-2025,P08470,Google Organic,Root Canal,Clinic D,Appointment Booked,20,Yes,01-05-2025
L08471,29-11-2025,P08471,Google Organic,Root Canal,Clinic A,Appointment Booked,27,Yes,13-12-2025
L08472,04-12-2025,P08472,Facebook,Root Canal,Clinic B,Appointment Booked,14,Yes,09-12-2025
L08473,13-10-2025,,Referral,Teeth Whitening,Clinic A,Contacted - No Appointment,14,No,
L08474,31-03-2025,,Google Organic,Invisalign,Clinic C,Not Contacted/Cold,53,No,
L08475,20-12-2025,,Facebook,General Dentistry,Clinic A,Contacted - No Appointment,11,No,
L08476,24-02-2025,P08476,Google Ads,Invisalign,Clinic A,Appointment Booked,16,Yes,28-02-2025
L08477,28-01-2025,,Instagram,Invisalign,Clinic B,Contacted - No Appointment,35,No,
L08478,07-06-2025,,Facebook,Dental Crown,Clinic C,Contacted - No Appointment,29,No,
L08479,15-03-2025,P08479,Facebook,Teeth Whitening,Clinic A,Appointment Booked,18,Yes,27-03-2025
L08480,15-06-2025,P08480,Instagram,Root Canal,Clinic A,Appointment Booked,16,Yes,28-06-2025
L08481,22-03-2025,P08481,Instagram,Teeth Whitening,Clinic A,Appointment Booked,13,Yes,28-03-2025
L08482,21-08-2025,P08482,Google Organic,General Dentistry,Clinic D,Appointment Booked,28,Yes,27-08-2025
L08483,06-04-2025,P08483,Google Organic,Teeth Whitening,Clinic B,Appointment Booked,24,Yes,16-04-2025
L08484,27-03-2025,P08484,Google Ads,Dental Implant,Clinic C,Appointment Booked,8,Yes,05-04-2025
L08485,10-11-2025,,Google Ads,General Dentistry,Clinic A,Contacted - No Appointment,28,No,
L08486,23-01-2025,,Instagram,Teeth Whitening,Clinic B,Contacted - No Appointment,28,No,
L08487,15-01-2025,,Facebook,Dental Crown,Clinic A,Contacted - No Appointment,20,No,
L08488,13-04-2025,,Google Organic,Teeth Whitening,Clinic A,Contacted - No Appointment,18,No,
L08489,04-07-2025,,Google Ads,General Dentistry,Clinic B,Not Contacted/Cold,61,No,
L08490,18-08-2025,,Google Ads,Root Canal,Clinic B,Contacted - No Appointment,18,No,
L08491,31-08-2025,,Instagram,Dental Implant,Clinic A,Contacted - No Appointment,15,No,
L08492,28-10-2025,P08492,Facebook,Root Canal,Clinic C,Appointment Booked,25,Yes,08-11-2025
L08493,19-06-2025,,Google Ads,Dental Implant,Clinic D,Contacted - No Appointment,13,No,
L08494,21-06-2025,,Facebook,Invisalign,Clinic B,Contacted - No Appointment,20,No,
L08495,28-09-2025,,Google Ads,Dental Crown,Clinic C,Contacted - No Appointment,26,No,
L08496,03-04-2025,,Google Ads,Invisalign,Clinic D,Not Contacted/Cold,54,No,
L08497,03-08-2025,,Google Ads,Dental Crown,Clinic D,Contacted - No Appointment,21,No,
L08498,17-12-2025,,Instagram,General Dentistry,Clinic B,Contacted - No Appointment,28,No,
L08499,02-05-2025,,Referral,Root Canal,Clinic C,Contacted - No Appointment,14,No,
L08500,16-07-2025,,Google Ads,General Dentistry,Clinic A,Contacted - No Appointment,31,No,
L08501,01-06-2025,,Google Ads,Dental Implant,Clinic C,Contacted - No Appointment,33,No,
L08502,12-02-2025,,Google Organic,General Dentistry,Clinic B,Contacted - No Appointment,32,No,
L08503,12-04-2025,,Referral,General Dentistry,Clinic A,Contacted - No Appointment,19,No,
L08504,04-12-2025,P08504,Google Ads,Invisalign,Clinic B,Appointment Booked,21,Yes,15-12-2025
L08505,04-04-2025,,Facebook,Invisalign,Clinic A,Contacted - No Appointment,20,No,
L08506,19-02-2025,,Google Ads,Invisalign,Clinic C,Contacted - No Appointment,9,No,
L08507,23-12-2025,,Google Ads,Teeth Whitening,Clinic B,Contacted - No Appointment,26,No,
L08508,12-06-2025,,Instagram,General Dentistry,Clinic C,Contacted - No Appointment,8,No,
L08509,28-10-2025,P08509,Referral,Invisalign,Clinic A,Appointment Booked,21,Yes,02-11-2025
L08510,19-08-2025,,Google Organic,Dental Crown,Clinic A,Contacted - No Appointment,19,No,
L08511,16-02-2025,,Referral,Dental Implant,Clinic C,Contacted - No Appointment,37,No,
L08512,24-07-2025,P08512,Facebook,Root Canal,Clinic D,Appointment Booked,18,Yes,04-08-2025
L08513,28-08-2025,P08513,Referral,General Dentistry,Clinic A,Appointment Booked,47,Yes,07-09-2025
L08514,24-07-2025,P08514,Google Ads,Dental Implant,Clinic B,Appointment Booked,17,Yes,01-08-2025
L08515,30-03-2025,P08515,Google Ads,General Dentistry,Clinic D,Appointment Booked,8,Yes,08-04-2025
L08516,11-08-2025,P08516,Google Organic,General Dentistry,Clinic A,Appointment Booked,4,Yes,20-08-2025
L08517,02-06-2025,,Facebook,General Dentistry,Clinic D,Not Contacted/Cold,49,No,
L08518,19-01-2025,,Facebook,Dental Implant,Clinic C,Contacted - No Appointment,7,No,
L08519,13-08-2025,,Google Organic,Invisalign,Clinic B,Contacted - No Appointment,19,No,
L08520,20-08-2025,P08520,Facebook,Dental Implant,Clinic B,Appointment Booked,9,Yes,26-08-2025
L08521,23-09-2025,,Instagram,Teeth Whitening,Clinic B,Contacted - No Appointment,32,No,
L08522,16-05-2025,P08522,Google Ads,Dental Crown,Clinic B,Appointment Booked,17,Yes,23-05-2025
L08523,16-06-2025,,Google Organic,Dental Implant,Clinic D,Contacted - No Appointment,1,No,
L08524,13-07-2025,,Facebook,Teeth Whitening,Clinic C,Not Contacted/Cold,48,No,
L08525,26-09-2025,,Facebook,Invisalign,Clinic C,Contacted - No Appointment,11,No,
L08526,11-11-2025,,Google Ads,Dental Implant,Clinic D,Contacted - No Appointment,20,No,
L08527,14-04-2025,P08527,Google Organic,Root Canal,Clinic A,Appointment Booked,19,Yes,18-04-2025
L08528,31-05-2025,,Instagram,Dental Implant,Clinic C,Contacted - No Appointment,7,No,
L08529,03-12-2025,,Google Ads,Invisalign,Clinic B,Contacted - No Appointment,34,No,
L08530,04-06-2025,,Google Ads,Root Canal,Clinic D,Contacted - No Appointment,8,No,
L08531,24-12-2025,P08531,Google Ads,General Dentistry,Clinic B,Appointment Booked,48,Yes,27-12-2025
L08532,27-06-2025,,Instagram,Teeth Whitening,Clinic C,Contacted - No Appointment,21,No,
L08533,13-04-2025,P08533,Facebook,Root Canal,Clinic D,Appointment Booked,16,Yes,17-04-2025
L08534,15-06-2025,,Google Ads,Teeth Whitening,Clinic B,Contacted - No Appointment,19,No,
L08535,25-08-2025,,Google Organic,Dental Crown,Clinic A,Contacted - No Appointment,15,No,
L08536,18-03-2025,P08536,Referral,Invisalign,Clinic C,Appointment Booked,24,Yes,28-03-2025
L08537,11-03-2025,,Google Ads,Teeth Whitening,Clinic B,Contacted - No Appointment,8,No,
L08538,20-09-2025,P08538,Facebook,Dental Crown,Clinic C,Appointment Booked,51,Yes,22-09-2025
L08539,24-10-2025,,Instagram,Dental Crown,Clinic D,Contacted - No Appointment,18,No,
L08540,06-01-2025,P08540,Instagram,Dental Crown,Clinic B,Appointment Booked,20,Yes,17-01-2025
L08541,25-08-2025,P08541,Google Ads,Dental Crown,Clinic B,Appointment Booked,14,Yes,26-08-2025
L08542,10-10-2025,P08542,Google Ads,Root Canal,Clinic C,Appointment Booked,25,Yes,11-10-2025
L08543,27-04-2025,,Google Ads,General Dentistry,Clinic A,Contacted - No Appointment,26,No,
L08544,27-12-2025,P08544,Instagram,Dental Implant,Clinic A,Appointment Booked,27,Yes,02-01-2026
L08545,13-08-2025,,Instagram,General Dentistry,Clinic D,Contacted - No Appointment,8,No,
L08546,01-05-2025,,Google Ads,Invisalign,Clinic C,Contacted - No Appointment,6,No,
L08547,03-12-2025,,Facebook,Dental Implant,Clinic A,Contacted - No Appointment,37,No,
L08548,28-08-2025,,Facebook,Dental Crown,Clinic A,Contacted - No Appointment,43,No,
L08549,04-11-2025,P08549,Google Organic,Root Canal,Clinic C,Appointment Booked,9,Yes,14-11-2025
L08550,16-02-2025,,Google Ads,Teeth Whitening,Clinic D,Contacted - No Appointment,11,No,
L08551,05-04-2025,P08551,Facebook,Root Canal,Clinic D,Appointment Booked,6,Yes,16-04-2025
L08552,26-08-2025,,Google Organic,Dental Crown,Clinic B,Contacted - No Appointment,23,No,
L08553,22-09-2025,,Google Organic,Invisalign,Clinic D,Contacted - No Appointment,14,No,
L08554,28-02-2025,,Instagram,Invisalign,Clinic C,Contacted - No Appointment,7,No,
L08555,11-11-2025,P08555,Google Ads,Root Canal,Clinic C,Appointment Booked,4,Yes,16-11-2025
L08556,03-01-2025,P08556,Google Organic,Dental Crown,Clinic C,Appointment Booked,11,Yes,14-01-2025
L08557,20-04-2025,,Google Organic,Dental Crown,Clinic A,Contacted - No Appointment,16,No,
L08558,31-05-2025,P08558,Google Organic,Dental Crown,Clinic D,Appointment Booked,5,Yes,06-06-2025
L08559,06-09-2025,P08559,Google Ads,General Dentistry,Clinic A,Appointment Booked,8,Yes,09-09-2025
L08560,22-08-2025,,Google Ads,Dental Crown,Clinic A,Not Contacted/Cold,46,No,
L08561,30-09-2025,P08561,Google Organic,General Dentistry,Clinic D,Appointment Booked,6,Yes,09-10-2025
L08562,12-01-2025,P08562,Referral,Dental Implant,Clinic C,Appointment Booked,12,Yes,19-01-2025
L08563,02-03-2025,,Google Organic,Dental Implant,Clinic D,Contacted - No Appointment,12,No,
L08564,20-04-2025,,Google Organic,Invisalign,Clinic C,Contacted - No Appointment,32,No,
L08565,07-08-2025,,Facebook,Dental Implant,Clinic B,Contacted - No Appointment,2,No,
L08566,05-01-2025,P08566,Facebook,Root Canal,Clinic D,Appointment Booked,30,Yes,15-01-2025
L08567,09-02-2025,P08567,Google Organic,Root Canal,Clinic A,Appointment Booked,66,Yes,22-02-2025
L08568,09-08-2025,,Google Organic,Dental Crown,Clinic D,Contacted - No Appointment,19,No,
L08569,10-04-2025,,Google Organic,Teeth Whitening,Clinic A,Contacted - No Appointment,31,No,
L08570,23-11-2025,,Referral,General Dentistry,Clinic D,Contacted - No Appointment,38,No,
L08571,08-06-2025,,Facebook,General Dentistry,Clinic A,Contacted - No Appointment,18,No,
L08572,09-12-2025,P08572,Google Ads,Dental Implant,Clinic C,Appointment Booked,11,Yes,23-12-2025
L08573,05-09-2025,,Referral,Invisalign,Clinic D,Contacted - No Appointment,17,No,
L08574,06-10-2025,,Google Ads,Invisalign,Clinic B,Contacted - No Appointment,26,No,
L08575,30-08-2025,P08575,Google Organic,Dental Implant,Clinic C,Appointment Booked,12,Yes,06-09-2025
L08576,05-06-2025,P08576,Referral,Root Canal,Clinic D,Appointment Booked,1,Yes,17-06-2025
L08577,20-11-2025,P08577,Facebook,Dental Crown,Clinic C,Appointment Booked,9,Yes,03-12-2025
L08578,03-12-2025,P08578,Google Organic,Invisalign,Clinic D,Appointment Booked,21,Yes,12-12-2025
L08579,01-02-2025,,Facebook,Teeth Whitening,Clinic B,Contacted - No Appointment,20,No,
L08580,22-06-2025,P08580,Google Organic,Teeth Whitening,Clinic A,Appointment Booked,8,Yes,29-06-2025
L08581,12-01-2025,P08581,Google Ads,Dental Implant,Clinic A,Appointment Booked,12,Yes,26-01-2025
L08582,26-05-2025,,Instagram,Root Canal,Clinic A,Contacted - No Appointment,4,No,
L08583,26-07-2025,,Google Organic,General Dentistry,Clinic A,Contacted - No Appointment,16,No,
L08584,21-06-2025,,Facebook,Root Canal,Clinic C,Contacted - No Appointment,13,No,
L08585,22-08-2025,,Google Organic,Invisalign,Clinic A,Contacted - No Appointment,14,No,
L08586,22-01-2025,P08586,Referral,Invisalign,Clinic A,Appointment Booked,64,Yes,30-01-2025
L08587,26-05-2025,,Google Organic,Invisalign,Clinic A,Contacted - No Appointment,19,No,
L08588,12-10-2025,,Referral,Dental Implant,Clinic D,Contacted - No Appointment,6,No,
L08589,18-05-2025,,Facebook,Teeth Whitening,Clinic C,Contacted - No Appointment,23,No,
L08590,01-08-2025,P08590,Facebook,Dental Implant,Clinic B,Appointment Booked,14,Yes,03-08-2025
L08591,17-05-2025,,Google Ads,Invisalign,Clinic D,Contacted - No Appointment,10,No,
L08592,10-11-2025,P08592,Referral,Dental Implant,Clinic A,Appointment Booked,17,Yes,13-11-2025
L08593,25-08-2025,P08593,Google Ads,Teeth Whitening,Clinic D,Appointment Booked,42,Yes,27-08-2025
L08594,15-12-2025,,Facebook,Dental Implant,Clinic C,Contacted - No Appointment,4,No,
L08595,03-07-2025,P08595,Google Ads,Invisalign,Clinic A,Appointment Booked,2,Yes,09-07-2025
L08596,10-08-2025,,Facebook,Dental Crown,Clinic C,Contacted - No Appointment,10,No,
L08597,25-11-2025,P08597,Referral,Root Canal,Clinic D,Appointment Booked,15,Yes,02-12-2025
L08598,05-10-2025,,Facebook,Invisalign,Clinic B,Contacted - No Appointment,14,No,
L08599,21-06-2025,P08599,Referral,Invisalign,Clinic D,Appointment Booked,13,Yes,04-07-2025
L08600,17-08-2025,,Facebook,Teeth Whitening,Clinic A,Contacted - No Appointment,10,No,
L08601,08-02-2025,P08601,Referral,General Dentistry,Clinic B,Appointment Booked,33,Yes,21-02-2025
L08602,31-05-2025,P08602,Facebook,Invisalign,Clinic A,Appointment Booked,21,Yes,06-06-2025
L08603,11-06-2025,,Facebook,Dental Implant,Clinic A,Contacted - No Appointment,37,No,
L08604,09-10-2025,,Facebook,Dental Implant,Clinic A,Contacted - No Appointment,2,No,
L08605,09-12-2025,,Facebook,Teeth Whitening,Clinic D,Contacted - No Appointment,13,No,
L08606,05-12-2025,P08606,Google Ads,Dental Crown,Clinic A,Appointment Booked,19,Yes,17-12-2025
L08607,25-06-2025,,Google Ads,Teeth Whitening,Clinic B,Contacted - No Appointment,6,No,
L08608,14-06-2025,,Google Ads,Dental Crown,Clinic C,Contacted - No Appointment,14,No,
L08609,17-04-2025,P08609,Facebook,General Dentistry,Clinic D,Appointment Booked,24,Yes,28-04-2025
L08610,30-05-2025,,Instagram,General Dentistry,Clinic D,Contacted - No Appointment,44,No,
L08611,01-09-2025,,Facebook,Teeth Whitening,Clinic D,Contacted - No Appointment,44,No,
L08612,01-06-2025,,Google Organic,Root Canal,Clinic D,Contacted - No Appointment,40,No,
L08613,26-10-2025,,Referral,Invisalign,Clinic D,Not Contacted/Cold,48,No,
L08614,05-03-2025,P08614,Facebook,Root Canal,Clinic D,Appointment Booked,2,Yes,16-03-2025
L08615,19-06-2025,P08615,Facebook,Root Canal,Clinic C,Appointment Booked,4,Yes,26-06-2025
L08616,13-11-2025,P08616,Google Ads,Dental Crown,Clinic A,Appointment Booked,12,Yes,16-11-2025
L08617,29-04-2025,,Facebook,Invisalign,Clinic B,Contacted - No Appointment,7,No,
L08618,07-05-2025,P08618,Google Organic,Dental Crown,Clinic C,Appointment Booked,21,Yes,12-05-2025
L08619,05-06-2025,P08619,Google Ads,Root Canal,Clinic B,Appointment Booked,60,Yes,15-06-2025
L08620,14-03-2025,,Google Ads,Dental Crown,Clinic B,Contacted - No Appointment,3,No,
L08621,07-06-2025,,Facebook,Invisalign,Clinic C,Contacted - No Appointment,11,No,
L08622,16-02-2025,P08622,Google Organic,Root Canal,Clinic D,Appointment Booked,16,Yes,17-02-2025
L08623,25-03-2025,,Instagram,Invisalign,Clinic A,Contacted - No Appointment,4,No,
L08624,16-04-2025,,Referral,General Dentistry,Clinic D,Contacted - No Appointment,28,No,
L08625,14-06-2025,,Referral,Root Canal,Clinic C,Contacted - No Appointment,17,No,
L08626,01-12-2025,,Google Ads,Invisalign,Clinic D,Contacted - No Appointment,12,No,
L08627,28-08-2025,P08627,Google Ads,Dental Implant,Clinic D,Appointment Booked,23,Yes,08-09-2025
L08628,31-03-2025,,Facebook,Dental Crown,Clinic D,Contacted - No Appointment,31,No,
L08629,30-03-2025,,Facebook,Invisalign,Clinic C,Contacted - No Appointment,20,No,
L08630,12-11-2025,P08630,Facebook,General Dentistry,Clinic A,Appointment Booked,20,Yes,24-11-2025
L08631,01-08-2025,,Google Ads,Root Canal,Clinic C,Contacted - No Appointment,17,No,
L08632,09-08-2025,,Google Ads,Invisalign,Clinic D,Contacted - No Appointment,21,No,
L08633,06-11-2025,,Google Ads,Dental Crown,Clinic D,Contacted - No Appointment,36,No,
L08634,25-07-2025,,Referral,Invisalign,Clinic D,Not Contacted/Cold,62,No,
L08635,05-03-2025,,Referral,General Dentistry,Clinic A,Not Contacted/Cold,77,No,
L08636,25-01-2025,,Google Ads,Invisalign,Clinic C,Contacted - No Appointment,21,No,
L08637,08-12-2025,P08637,Google Ads,General Dentistry,Clinic B,Appointment Booked,21,Yes,21-12-2025
L08638,05-10-2025,,Google Ads,Dental Crown,Clinic A,Contacted - No Appointment,38,No,
L08639,04-08-2025,P08639,Referral,General Dentistry,Clinic A,Appointment Booked,8,Yes,10-08-2025
L08640,21-12-2025,,Referral,Dental Implant,Clinic A,Not Contacted/Cold,52,No,
L08641,25-07-2025,,Google Ads,Invisalign,Clinic D,Contacted - No Appointment,20,No,
L08642,09-10-2025,P08642,Facebook,Teeth Whitening,Clinic A,Appointment Booked,6,Yes,15-10-2025
L08643,10-07-2025,,Facebook,Dental Crown,Clinic B,Contacted - No Appointment,3,No,
L08644,06-12-2025,P08644,Facebook,Invisalign,Clinic D,Appointment Booked,10,Yes,13-12-2025
L08645,13-01-2025,,Google Organic,Root Canal,Clinic B,Contacted - No Appointment,13,No,
L08646,29-10-2025,P08646,Facebook,Invisalign,Clinic A,Appointment Booked,20,Yes,06-11-2025
L08647,04-10-2025,P08647,Referral,Dental Crown,Clinic B,Appointment Booked,40,Yes,09-10-2025
L08648,21-05-2025,,Google Ads,Invisalign,Clinic A,Contacted - No Appointment,24,No,
L08649,06-07-2025,,Google Organic,Invisalign,Clinic A,Contacted - No Appointment,32,No,
L08650,29-03-2025,,Facebook,Invisalign,Clinic A,Contacted - No Appointment,27,No,
L08651,22-05-2025,P08651,Facebook,Root Canal,Clinic C,Appointment Booked,5,Yes,25-05-2025
L08652,02-01-2025,,Google Organic,Invisalign,Clinic A,Contacted - No Appointment,16,No,
L08653,23-06-2025,P08653,Referral,General Dentistry,Clinic B,Appointment Booked,7,Yes,24-06-2025
L08654,09-12-2025,,Google Organic,Dental Implant,Clinic D,Contacted - No Appointment,17,No,
L08655,29-01-2025,,Google Organic,General Dentistry,Clinic B,Contacted - No Appointment,15,No,
L08656,21-09-2025,,Google Organic,Root Canal,Clinic D,Contacted - No Appointment,14,No,
L08657,11-09-2025,,Facebook,Root Canal,Clinic B,Contacted - No Appointment,39,No,
L08658,23-08-2025,,Google Organic,Invisalign,Clinic B,Contacted - No Appointment,23,No,
L08659,18-05-2025,,Google Organic,Dental Crown,Clinic D,Not Contacted/Cold,48,No,
L08660,10-03-2025,,Facebook,Dental Crown,Clinic A,Contacted - No Appointment,13,No,
L08661,18-05-2025,,Facebook,Root Canal,Clinic A,Contacted - No Appointment,9,No,
L08662,09-03-2025,,Google Organic,Dental Implant,Clinic C,Contacted - No Appointment,7,No,
L08663,28-02-2025,P08663,Google Organic,General Dentistry,Clinic B,Appointment Booked,33,Yes,01-03-2025
L08664,02-10-2025,,Facebook,General Dentistry,Clinic D,Contacted - No Appointment,12,No,
L08665,19-09-2025,,Google Organic,Root Canal,Clinic D,Contacted - No Appointment,17,No,
L08666,12-04-2025,,Google Organic,Dental Crown,Clinic B,Contacted - No Appointment,2,No,
L08667,13-09-2025,,Google Ads,Root Canal,Clinic C,Contacted - No Appointment,45,No,
L08668,12-08-2025,P08668,Google Organic,Invisalign,Clinic B,Appointment Booked,33,Yes,25-08-2025
L08669,05-01-2025,P08669,Google Ads,Dental Implant,Clinic D,Appointment Booked,6,Yes,11-01-2025
L08670,18-12-2025,,Google Ads,Root Canal,Clinic D,Contacted - No Appointment,27,No,
L08671,01-11-2025,P08671,Instagram,Teeth Whitening,Clinic D,Appointment Booked,20,Yes,09-11-2025
L08672,04-02-2025,P08672,Referral,Dental Implant,Clinic A,Appointment Booked,46,Yes,17-02-2025
L08673,28-05-2025,P08673,Google Ads,Dental Crown,Clinic D,Appointment Booked,13,Yes,07-06-2025
L08674,29-10-2025,,Google Organic,General Dentistry,Clinic B,Contacted - No Appointment,19,No,
L08675,04-03-2025,,Facebook,Invisalign,Clinic A,Contacted - No Appointment,43,No,
L08676,01-04-2025,,Referral,Invisalign,Clinic D,Contacted - No Appointment,17,No,
L08677,29-10-2025,,Google Organic,Teeth Whitening,Clinic A,Contacted - No Appointment,20,No,
L08678,27-12-2025,,Referral,Invisalign,Clinic D,Contacted - No Appointment,21,No,
L08679,22-07-2025,,Google Organic,Invisalign,Clinic A,Contacted - No Appointment,41,No,
L08680,22-01-2025,P08680,Google Organic,Root Canal,Clinic D,Appointment Booked,9,Yes,02-02-2025
L08681,19-01-2025,,Google Ads,Root Canal,Clinic B,Not Contacted/Cold,47,No,
L08682,21-01-2025,,Facebook,General Dentistry,Clinic B,Contacted - No Appointment,20,No,
L08683,08-04-2025,P08683,Google Ads,Dental Crown,Clinic A,Appointment Booked,78,Yes,12-04-2025
L08684,12-12-2025,,Google Organic,Root Canal,Clinic C,Not Contacted/Cold,53,No,
L08685,13-11-2025,P08685,Google Ads,Root Canal,Clinic B,Appointment Booked,21,Yes,15-11-2025
L08686,29-11-2025,,Google Ads,General Dentistry,Clinic C,Contacted - No Appointment,18,No,
L08687,19-04-2025,,Referral,Dental Implant,Clinic A,Contacted - No Appointment,11,No,
L08688,06-04-2025,P08688,Google Organic,Invisalign,Clinic A,Appointment Booked,15,Yes,12-04-2025
L08689,23-07-2025,,Referral,General Dentistry,Clinic A,Contacted - No Appointment,6,No,
L08690,10-07-2025,P08690,Google Ads,General Dentistry,Clinic B,Appointment Booked,2,Yes,17-07-2025
L08691,18-10-2025,,Facebook,Dental Implant,Clinic D,Not Contacted/Cold,49,No,
L08692,05-11-2025,P08692,Google Ads,Dental Implant,Clinic D,Appointment Booked,24,Yes,17-11-2025
L08693,26-04-2025,P08693,Google Ads,Root Canal,Clinic A,Appointment Booked,28,Yes,03-05-2025
L08694,19-10-2025,,Google Ads,Dental Implant,Clinic C,Contacted - No Appointment,17,No,
L08695,03-10-2025,P08695,Facebook,Dental Crown,Clinic D,Appointment Booked,13,Yes,15-10-2025
L08696,27-08-2025,,Google Ads,Dental Implant,Clinic B,Contacted - No Appointment,26,No,
L08697,03-05-2025,P08697,Instagram,Dental Implant,Clinic B,Appointment Booked,7,Yes,13-05-2025
L08698,03-12-2025,P08698,Facebook,Root Canal,Clinic C,Appointment Booked,57,Yes,10-12-2025
L08699,16-01-2025,P08699,Google Ads,General Dentistry,Clinic A,Appointment Booked,22,Yes,25-01-2025
L08700,21-11-2025,P08700,Google Organic,Root Canal,Clinic A,Appointment Booked,22,Yes,30-11-2025
L08701,12-11-2025,,Google Organic,Root Canal,Clinic A,Contacted - No Appointment,32,No,
L08702,01-12-2025,,Google Organic,General Dentistry,Clinic C,Contacted - No Appointment,38,No,
L08703,03-12-2025,,Facebook,Root Canal,Clinic A,Contacted - No Appointment,14,No,
L08704,23-09-2025,,Referral,Root Canal,Clinic A,Contacted - No Appointment,6,No,
L08705,21-04-2025,P08705,Referral,Root Canal,Clinic B,Appointment Booked,13,Yes,05-05-2025
L08706,30-01-2025,,Instagram,Invisalign,Clinic A,Contacted - No Appointment,7,No,
L08707,16-12-2025,,Facebook,Root Canal,Clinic A,Contacted - No Appointment,17,No,
L08708,29-07-2025,P08708,Google Ads,Root Canal,Clinic D,Appointment Booked,10,Yes,06-08-2025
L08709,12-01-2025,P08709,Google Organic,Invisalign,Clinic A,Appointment Booked,26,Yes,24-01-2025
L08710,26-01-2025,,Instagram,Dental Implant,Clinic C,Contacted - No Appointment,6,No,
L08711,26-08-2025,,Referral,Invisalign,Clinic B,Not Contacted/Cold,52,No,
L08712,12-04-2025,,Instagram,Root Canal,Clinic C,Contacted - No Appointment,24,No,
L08713,10-06-2025,P08713,Referral,Dental Implant,Clinic C,Appointment Booked,25,Yes,15-06-2025
L08714,26-03-2025,,Referral,Dental Implant,Clinic A,Contacted - No Appointment,20,No,
L08715,16-06-2025,,Referral,General Dentistry,Clinic D,Contacted - No Appointment,36,No,
L08716,23-03-2025,,Facebook,Root Canal,Clinic B,Contacted - No Appointment,19,No,
L08717,14-06-2025,,Google Ads,Dental Implant,Clinic D,Contacted - No Appointment,16,No,
L08718,08-06-2025,P08718,Google Organic,Dental Crown,Clinic B,Appointment Booked,20,Yes,16-06-2025
L08719,17-05-2025,,Google Organic,Dental Implant,Clinic D,Contacted - No Appointment,18,No,
L08720,01-02-2025,,Google Ads,Teeth Whitening,Clinic D,Contacted - No Appointment,11,No,
L08721,18-07-2025,,Google Organic,Teeth Whitening,Clinic D,Not Contacted/Cold,46,No,
L08722,30-01-2025,,Instagram,Dental Crown,Clinic C,Contacted - No Appointment,22,No,
L08723,21-08-2025,P08723,Google Ads,Teeth Whitening,Clinic B,Appointment Booked,16,Yes,30-08-2025
L08724,13-03-2025,P08724,Facebook,Dental Implant,Clinic D,Appointment Booked,8,Yes,23-03-2025
L08725,20-05-2025,P08725,Referral,Teeth Whitening,Clinic D,Appointment Booked,2,Yes,24-05-2025
L08726,08-11-2025,P08726,Facebook,Dental Implant,Clinic D,Appointment Booked,30,Yes,14-11-2025
L08727,27-07-2025,,Google Organic,Invisalign,Clinic B,Contacted - No Appointment,14,No,
L08728,10-07-2025,,Google Ads,General Dentistry,Clinic D,Contacted - No Appointment,12,No,
L08729,08-07-2025,,Google Organic,Root Canal,Clinic A,Contacted - No Appointment,34,No,
L08730,25-05-2025,,Referral,General Dentistry,Clinic C,Contacted - No Appointment,1,No,
L08731,02-01-2025,P08731,Facebook,Dental Implant,Clinic A,Appointment Booked,3,Yes,09-01-2025
L08732,12-12-2025,P08732,Facebook,Root Canal,Clinic B,Appointment Booked,13,Yes,15-12-2025
L08733,05-05-2025,P08733,Instagram,Dental Implant,Clinic D,Appointment Booked,19,Yes,17-05-2025
L08734,27-03-2025,,Referral,Dental Crown,Clinic A,Contacted - No Appointment,11,No,
L08735,16-01-2025,,Google Ads,Dental Implant,Clinic C,Contacted - No Appointment,17,No,
L08736,29-06-2025,,Facebook,Dental Implant,Clinic C,Contacted - No Appointment,13,No,
L08737,10-03-2025,P08737,Google Ads,Invisalign,Clinic A,Appointment Booked,22,Yes,23-03-2025
L08738,01-08-2025,P08738,Facebook,Teeth Whitening,Clinic B,Appointment Booked,9,Yes,04-08-2025
L08739,26-11-2025,,Facebook,Dental Implant,Clinic C,Contacted - No Appointment,25,No,
L08740,16-11-2025,P08740,Referral,General Dentistry,Clinic A,Appointment Booked,5,Yes,22-11-2025
L08741,09-06-2025,,Facebook,Dental Implant,Clinic D,Contacted - No Appointment,12,No,
L08742,11-05-2025,P08742,Instagram,Dental Implant,Clinic D,Appointment Booked,29,Yes,20-05-2025
L08743,17-03-2025,,Referral,Root Canal,Clinic A,Not Contacted/Cold,52,No,
L08744,22-03-2025,P08744,Facebook,General Dentistry,Clinic A,Appointment Booked,41,Yes,28-03-2025
L08745,27-06-2025,P08745,Google Organic,Dental Implant,Clinic B,Appointment Booked,8,Yes,11-07-2025
L08746,16-10-2025,P08746,Google Organic,Dental Implant,Clinic C,Appointment Booked,19,Yes,29-10-2025
L08747,16-01-2025,,Facebook,Teeth Whitening,Clinic B,Contacted - No Appointment,29,No,
L08748,30-01-2025,,Google Ads,Invisalign,Clinic A,Contacted - No Appointment,20,No,
L08749,24-01-2025,P08749,Facebook,Teeth Whitening,Clinic C,Appointment Booked,8,Yes,29-01-2025
L08750,28-10-2025,,Facebook,Invisalign,Clinic D,Contacted - No Appointment,6,No,
L08751,29-12-2025,,Google Ads,Root Canal,Clinic B,Contacted - No Appointment,7,No,
L08752,05-06-2025,P08752,Referral,Invisalign,Clinic B,Appointment Booked,48,Yes,12-06-2025
L08753,13-11-2025,P08753,Facebook,Root Canal,Clinic D,Appointment Booked,24,Yes,14-11-2025
L08754,20-11-2025,P08754,Referral,Teeth Whitening,Clinic C,Appointment Booked,19,Yes,04-12-2025
L08755,03-09-2025,,Google Ads,Teeth Whitening,Clinic C,Contacted - No Appointment,34,No,
L08756,25-11-2025,,Referral,Root Canal,Clinic C,Contacted - No Appointment,20,No,
L08757,19-08-2025,P08757,Google Organic,General Dentistry,Clinic D,Appointment Booked,21,Yes,30-08-2025
L08758,15-08-2025,,Google Organic,Invisalign,Clinic C,Contacted - No Appointment,16,No,
L08759,24-07-2025,,Facebook,Invisalign,Clinic D,Contacted - No Appointment,3,No,
L08760,11-03-2025,,Facebook,Dental Crown,Clinic C,Contacted - No Appointment,9,No,
L08761,29-12-2025,,Instagram,Dental Crown,Clinic C,Contacted - No Appointment,13,No,
L08762,13-04-2025,,Google Organic,Dental Implant,Clinic B,Contacted - No Appointment,30,No,
L08763,21-02-2025,,Google Organic,Dental Crown,Clinic B,Contacted - No Appointment,33,No,
L08764,05-05-2025,,Google Ads,Root Canal,Clinic D,Contacted - No Appointment,4,No,
L08765,12-08-2025,,Referral,Teeth Whitening,Clinic B,Contacted - No Appointment,11,No,
L08766,17-11-2025,,Referral,Teeth Whitening,Clinic C,Contacted - No Appointment,17,No,
L08767,13-06-2025,P08767,Instagram,Dental Crown,Clinic A,Appointment Booked,6,Yes,16-06-2025
L08768,25-05-2025,P08768,Google Ads,Dental Implant,Clinic D,Appointment Booked,29,Yes,27-05-2025
L08769,19-09-2025,P08769,Google Organic,Dental Crown,Clinic A,Appointment Booked,37,Yes,23-09-2025
L08770,16-09-2025,P08770,Facebook,Teeth Whitening,Clinic D,Appointment Booked,89,Yes,19-09-2025
L08771,18-05-2025,P08771,Google Organic,Invisalign,Clinic C,Appointment Booked,16,Yes,29-05-2025
L08772,16-12-2025,,Google Organic,Root Canal,Clinic A,Contacted - No Appointment,17,No,
L08773,15-03-2025,,Google Ads,General Dentistry,Clinic C,Contacted - No Appointment,42,No,
L08774,07-04-2025,,Instagram,Invisalign,Clinic B,Contacted - No Appointment,39,No,
L08775,08-10-2025,P08775,Facebook,Invisalign,Clinic B,Appointment Booked,27,Yes,17-10-2025
L08776,07-10-2025,,Referral,Invisalign,Clinic B,Contacted - No Appointment,12,No,
L08777,25-07-2025,,Google Ads,Dental Crown,Clinic A,Contacted - No Appointment,11,No,
L08778,17-01-2025,,Google Ads,General Dentistry,Clinic D,Contacted - No Appointment,15,No,
L08779,02-09-2025,,Referral,Dental Crown,Clinic A,Contacted - No Appointment,19,No,
L08780,18-06-2025,P08780,Google Ads,Invisalign,Clinic C,Appointment Booked,24,Yes,02-07-2025
L08781,07-06-2025,P08781,Google Organic,Dental Crown,Clinic B,Appointment Booked,26,Yes,18-06-2025
L08782,24-03-2025,P08782,Facebook,Dental Crown,Clinic C,Appointment Booked,21,Yes,27-03-2025
L08783,02-09-2025,P08783,Instagram,Dental Crown,Clinic B,Appointment Booked,13,Yes,15-09-2025
L08784,11-04-2025,,Instagram,Dental Implant,Clinic C,Contacted - No Appointment,4,No,
L08785,02-10-2025,P08785,Facebook,Dental Crown,Clinic C,Appointment Booked,29,Yes,06-10-2025
L08786,22-08-2025,P08786,Referral,Root Canal,Clinic C,Appointment Booked,20,Yes,30-08-2025
L08787,31-03-2025,,Google Ads,Dental Implant,Clinic A,Contacted - No Appointment,18,No,
L08788,04-10-2025,P08788,Facebook,Root Canal,Clinic C,Appointment Booked,15,Yes,05-10-2025
L08789,01-02-2025,,Facebook,General Dentistry,Clinic B,Not Contacted/Cold,71,No,
L08790,04-11-2025,,Instagram,Invisalign,Clinic A,Contacted - No Appointment,44,No,
L08791,01-11-2025,,Facebook,General Dentistry,Clinic B,Contacted - No Appointment,30,No,
L08792,19-09-2025,P08792,Google Ads,Dental Implant,Clinic B,Appointment Booked,25,Yes,24-09-2025
L08793,01-06-2025,P08793,Referral,Teeth Whitening,Clinic B,Appointment Booked,20,Yes,03-06-2025
L08794,23-10-2025,P08794,Facebook,Dental Implant,Clinic C,Appointment Booked,9,Yes,04-11-2025
L08795,09-12-2025,P08795,Facebook,Invisalign,Clinic B,Appointment Booked,14,Yes,18-12-2025
L08796,09-04-2025,P08796,Facebook,Dental Crown,Clinic B,Appointment Booked,40,Yes,18-04-2025
L08797,22-03-2025,P08797,Google Ads,Dental Crown,Clinic A,Appointment Booked,19,Yes,23-03-2025
L08798,26-11-2025,,Google Ads,Teeth Whitening,Clinic C,Contacted - No Appointment,44,No,
L08799,23-02-2025,P08799,Google Ads,Dental Crown,Clinic C,Appointment Booked,20,Yes,02-03-2025
L08800,17-12-2025,,Google Ads,Dental Crown,Clinic B,Contacted - No Appointment,3,No,
L08801,16-01-2025,,Google Ads,General Dentistry,Clinic C,Contacted - No Appointment,29,No,
L08802,10-08-2025,,Facebook,Root Canal,Clinic C,Contacted - No Appointment,20,No,
L08803,09-07-2025,,Instagram,Invisalign,Clinic B,Not Contacted/Cold,75,No,
L08804,12-09-2025,P08804,Instagram,Dental Implant,Clinic C,Appointment Booked,16,Yes,20-09-2025
L08805,20-01-2025,,Google Ads,Root Canal,Clinic C,Contacted - No Appointment,15,No,
L08806,09-08-2025,,Referral,Teeth Whitening,Clinic C,Contacted - No Appointment,15,No,
L08807,25-03-2025,,Google Organic,Dental Implant,Clinic B,Contacted - No Appointment,12,No,
L08808,16-01-2025,,Referral,Dental Implant,Clinic A,Contacted - No Appointment,40,No,
L08809,25-03-2025,P08809,Facebook,Dental Implant,Clinic A,Appointment Booked,110,Yes,04-04-2025
L08810,01-09-2025,P08810,Instagram,Dental Crown,Clinic C,Appointment Booked,22,Yes,08-09-2025
L08811,15-08-2025,,Google Ads,Invisalign,Clinic D,Contacted - No Appointment,30,No,
L08812,01-09-2025,,Google Organic,Dental Implant,Clinic B,Contacted - No Appointment,16,No,
L08813,20-06-2025,,Google Ads,Dental Crown,Clinic A,Not Contacted/Cold,58,No,
L08814,27-11-2025,P08814,Facebook,Teeth Whitening,Clinic D,Appointment Booked,26,Yes,03-12-2025
L08815,14-12-2025,,Facebook,Invisalign,Clinic D,Contacted - No Appointment,15,No,
L08816,16-04-2025,,Instagram,Dental Crown,Clinic D,Contacted - No Appointment,39,No,
L08817,26-02-2025,,Instagram,Dental Implant,Clinic C,Contacted - No Appointment,20,No,
L08818,09-09-2025,P08818,Google Ads,General Dentistry,Clinic D,Appointment Booked,4,Yes,18-09-2025
L08819,15-08-2025,,Facebook,Invisalign,Clinic A,Contacted - No Appointment,8,No,
L08820,27-01-2025,,Referral,General Dentistry,Clinic A,Contacted - No Appointment,6,No,
L08821,27-07-2025,,Referral,General Dentistry,Clinic A,Contacted - No Appointment,43,No,
L08822,25-04-2025,,Instagram,Teeth Whitening,Clinic C,Contacted - No Appointment,12,No,
L08823,09-12-2025,P08823,Instagram,Dental Implant,Clinic A,Appointment Booked,7,Yes,22-12-2025
L08824,26-06-2025,,Google Ads,Root Canal,Clinic B,Contacted - No Appointment,26,No,
L08825,05-04-2025,P08825,Google Ads,Dental Implant,Clinic B,Appointment Booked,24,Yes,08-04-2025
L08826,05-10-2025,P08826,Google Ads,General Dentistry,Clinic B,Appointment Booked,39,Yes,06-10-2025
L08827,31-03-2025,P08827,Facebook,Teeth Whitening,Clinic D,Appointment Booked,47,Yes,10-04-2025
L08828,26-11-2025,,Google Organic,General Dentistry,Clinic A,Contacted - No Appointment,16,No,
L08829,23-03-2025,,Facebook,Dental Crown,Clinic B,Not Contacted/Cold,54,No,
L08830,04-03-2025,,Google Ads,Root Canal,Clinic D,Contacted - No Appointment,41,No,
L08831,12-03-2025,P08831,Facebook,Root Canal,Clinic A,Appointment Booked,3,Yes,15-03-2025
L08832,03-01-2025,,Google Ads,Root Canal,Clinic C,Contacted - No Appointment,29,No,
L08833,23-01-2025,,Google Organic,Root Canal,Clinic D,Contacted - No Appointment,10,No,
L08834,25-02-2025,P08834,Google Ads,Dental Crown,Clinic D,Appointment Booked,9,Yes,04-03-2025
L08835,17-04-2025,P08835,Facebook,General Dentistry,Clinic D,Appointment Booked,52,Yes,27-04-2025
L08836,19-08-2025,,Google Organic,Dental Crown,Clinic B,Contacted - No Appointment,40,No,
L08837,15-05-2025,P08837,Google Ads,General Dentistry,Clinic C,Appointment Booked,43,Yes,26-05-2025
L08838,13-02-2025,,Google Ads,General Dentistry,Clinic A,Contacted - No Appointment,19,No,
L08839,11-07-2025,P08839,Instagram,Root Canal,Clinic A,Appointment Booked,5,Yes,25-07-2025
L08840,12-01-2025,,Google Ads,Invisalign,Clinic A,Contacted - No Appointment,5,No,
L08841,12-12-2025,,Instagram,Dental Crown,Clinic B,Contacted - No Appointment,9,No,
L08842,16-02-2025,P08842,Google Organic,Root Canal,Clinic D,Appointment Booked,42,Yes,28-02-2025
L08843,14-09-2025,,Facebook,Dental Implant,Clinic B,Contacted - No Appointment,15,No,
L08844,07-01-2025,P08844,Facebook,Root Canal,Clinic C,Appointment Booked,51,Yes,08-01-2025
L08845,08-01-2025,,Referral,General Dentistry,Clinic B,Contacted - No Appointment,12,No,
L08846,06-01-2025,P08846,Facebook,Dental Implant,Clinic B,Appointment Booked,59,Yes,16-01-2025
L08847,06-04-2025,,Referral,Dental Crown,Clinic D,Contacted - No Appointment,37,No,
L08848,06-07-2025,P08848,Google Ads,General Dentistry,Clinic B,Appointment Booked,10,Yes,11-07-2025
L08849,22-05-2025,P08849,Google Organic,Dental Crown,Clinic C,Appointment Booked,21,Yes,31-05-2025
L08850,07-06-2025,,Instagram,Dental Crown,Clinic B,Contacted - No Appointment,40,No,
L08851,10-11-2025,,Referral,Teeth Whitening,Clinic A,Contacted - No Appointment,22,No,
L08852,11-09-2025,,Google Ads,Root Canal,Clinic B,Contacted - No Appointment,15,No,
L08853,01-03-2025,P08853,Google Ads,Dental Implant,Clinic D,Appointment Booked,14,Yes,10-03-2025
L08854,20-09-2025,,Google Ads,General Dentistry,Clinic A,Contacted - No Appointment,12,No,
L08855,20-07-2025,,Referral,Root Canal,Clinic A,Contacted - No Appointment,11,No,
L08856,11-12-2025,,Facebook,Dental Crown,Clinic A,Contacted - No Appointment,18,No,
L08857,20-09-2025,,Referral,Root Canal,Clinic D,Contacted - No Appointment,8,No,
L08858,12-02-2025,P08858,Google Ads,Dental Implant,Clinic C,Appointment Booked,14,Yes,16-02-2025
L08859,02-05-2025,,Google Ads,General Dentistry,Clinic C,Contacted - No Appointment,31,No,
L08860,08-04-2025,,Google Ads,Teeth Whitening,Clinic B,Contacted - No Appointment,10,No,
L08861,30-05-2025,P08861,Instagram,Dental Implant,Clinic D,Appointment Booked,7,Yes,04-06-2025
L08862,16-08-2025,P08862,Google Organic,General Dentistry,Clinic D,Appointment Booked,7,Yes,29-08-2025
L08863,10-09-2025,,Facebook,Teeth Whitening,Clinic D,Contacted - No Appointment,14,No,
L08864,14-05-2025,,Referral,Root Canal,Clinic D,Contacted - No Appointment,8,No,
L08865,02-04-2025,P08865,Google Ads,Dental Crown,Clinic C,Appointment Booked,17,Yes,14-04-2025
L08866,25-07-2025,,Google Organic,Dental Implant,Clinic B,Contacted - No Appointment,25,No,
L08867,04-01-2025,,Google Organic,Dental Crown,Clinic D,Contacted - No Appointment,11,No,
L08868,07-01-2025,P08868,Google Ads,Dental Implant,Clinic D,Appointment Booked,5,Yes,14-01-2025
L08869,03-03-2025,,Google Ads,Root Canal,Clinic A,Not Contacted/Cold,50,No,
L08870,24-12-2025,,Facebook,Dental Crown,Clinic A,Contacted - No Appointment,17,No,
L08871,04-08-2025,,Google Ads,General Dentistry,Clinic D,Contacted - No Appointment,19,No,
L08872,07-07-2025,,Referral,Teeth Whitening,Clinic B,Contacted - No Appointment,32,No,
L08873,17-04-2025,P08873,Referral,Invisalign,Clinic D,Appointment Booked,7,Yes,21-04-2025
L08874,18-11-2025,,Google Organic,General Dentistry,Clinic B,Contacted - No Appointment,12,No,
L08875,03-11-2025,,Google Organic,Dental Crown,Clinic A,Contacted - No Appointment,19,No,
L08876,29-10-2025,,Google Ads,Dental Crown,Clinic A,Contacted - No Appointment,25,No,
L08877,12-12-2025,,Google Ads,Dental Implant,Clinic A,Contacted - No Appointment,18,No,
L08878,13-01-2025,,Google Organic,General Dentistry,Clinic A,Contacted - No Appointment,21,No,
L08879,29-04-2025,,Instagram,General Dentistry,Clinic B,Contacted - No Appointment,18,No,
L08880,23-02-2025,,Google Organic,Teeth Whitening,Clinic C,Contacted - No Appointment,17,No,
L08881,28-02-2025,P08881,Google Organic,General Dentistry,Clinic D,Appointment Booked,2,Yes,12-03-2025
L08882,01-06-2025,P08882,Facebook,Invisalign,Clinic B,Appointment Booked,27,Yes,05-06-2025
L08883,02-10-2025,P08883,Google Ads,General Dentistry,Clinic C,Appointment Booked,5,Yes,09-10-2025
L08884,09-12-2025,,Google Organic,Root Canal,Clinic C,Not Contacted/Cold,57,No,
L08885,21-09-2025,,Facebook,Dental Implant,Clinic C,Contacted - No Appointment,13,No,
L08886,23-08-2025,,Google Organic,Dental Crown,Clinic C,Contacted - No Appointment,15,No,
L08887,29-11-2025,P08887,Facebook,Dental Crown,Clinic A,Appointment Booked,21,Yes,01-12-2025
L08888,06-12-2025,,Google Ads,Invisalign,Clinic A,Contacted - No Appointment,43,No,
L08889,04-07-2025,,Google Ads,Dental Implant,Clinic A,Contacted - No Appointment,20,No,
L08890,08-05-2025,P08890,Google Organic,Invisalign,Clinic A,Appointment Booked,4,Yes,22-05-2025
L08891,23-02-2025,P08891,Instagram,Root Canal,Clinic C,Appointment Booked,17,Yes,09-03-2025
L08892,02-05-2025,P08892,Facebook,Dental Implant,Clinic A,Appointment Booked,8,Yes,08-05-2025
L08893,13-04-2025,P08893,Facebook,Invisalign,Clinic D,Appointment Booked,9,Yes,24-04-2025
L08894,28-11-2025,,Facebook,Root Canal,Clinic D,Contacted - No Appointment,9,No,
L08895,15-04-2025,,Google Ads,General Dentistry,Clinic D,Contacted - No Appointment,25,No,
L08896,24-01-2025,P08896,Facebook,Teeth Whitening,Clinic D,Appointment Booked,27,Yes,06-02-2025
L08897,18-08-2025,,Google Ads,Invisalign,Clinic B,Contacted - No Appointment,31,No,
L08898,04-07-2025,P08898,Facebook,General Dentistry,Clinic B,Appointment Booked,12,Yes,18-07-2025
L08899,17-11-2025,,Facebook,Dental Crown,Clinic A,Contacted - No Appointment,20,No,
L08900,10-08-2025,,Google Ads,Root Canal,Clinic D,Contacted - No Appointment,28,No,
L08901,18-06-2025,,Facebook,Root Canal,Clinic D,Not Contacted/Cold,52,No,
L08902,28-11-2025,P08902,Facebook,Root Canal,Clinic D,Appointment Booked,5,Yes,30-11-2025
L08903,21-01-2025,P08903,Google Ads,Invisalign,Clinic B,Appointment Booked,21,Yes,29-01-2025
L08904,06-05-2025,P08904,Referral,Root Canal,Clinic D,Appointment Booked,8,Yes,14-05-2025
L08905,16-08-2025,,Google Ads,Root Canal,Clinic A,Contacted - No Appointment,25,No,
L08906,26-10-2025,,Instagram,Root Canal,Clinic A,Contacted - No Appointment,6,No,
L08907,16-11-2025,,Google Ads,Teeth Whitening,Clinic D,Contacted - No Appointment,21,No,
L08908,04-03-2025,P08908,Google Organic,Root Canal,Clinic B,Appointment Booked,12,Yes,15-03-2025
L08909,22-12-2025,P08909,Referral,Teeth Whitening,Clinic D,Appointment Booked,4,Yes,03-01-2026
L08910,03-07-2025,P08910,Facebook,Dental Crown,Clinic A,Appointment Booked,13,Yes,16-07-2025
L08911,11-01-2025,,Google Organic,General Dentistry,Clinic D,Contacted - No Appointment,17,No,
L08912,24-10-2025,,Google Ads,Root Canal,Clinic B,Not Contacted/Cold,46,No,
L08913,26-06-2025,,Google Ads,General Dentistry,Clinic D,Contacted - No Appointment,20,No,
L08914,29-06-2025,P08914,Facebook,General Dentistry,Clinic D,Appointment Booked,13,Yes,06-07-2025
L08915,14-03-2025,,Facebook,Dental Crown,Clinic D,Contacted - No Appointment,8,No,
L08916,11-06-2025,P08916,Facebook,Dental Crown,Clinic B,Appointment Booked,46,Yes,14-06-2025
L08917,19-06-2025,,Facebook,Dental Implant,Clinic D,Contacted - No Appointment,15,No,
L08918,01-04-2025,P08918,Facebook,General Dentistry,Clinic A,Appointment Booked,39,Yes,15-04-2025
L08919,24-12-2025,,Google Organic,Dental Implant,Clinic A,Contacted - No Appointment,15,No,
L08920,14-12-2025,,Google Ads,Dental Crown,Clinic B,Contacted - No Appointment,14,No,
L08921,04-10-2025,,Google Ads,Invisalign,Clinic D,Contacted - No Appointment,17,No,
L08922,08-09-2025,P08922,Facebook,Root Canal,Clinic B,Appointment Booked,31,Yes,14-09-2025
L08923,15-02-2025,P08923,Facebook,Dental Crown,Clinic D,Appointment Booked,15,Yes,16-02-2025
L08924,19-01-2025,P08924,Google Ads,General Dentistry,Clinic C,Appointment Booked,23,Yes,31-01-2025
L08925,22-08-2025,,Google Ads,Root Canal,Clinic A,Not Contacted/Cold,59,No,
L08926,13-11-2025,P08926,Facebook,General Dentistry,Clinic D,Appointment Booked,11,Yes,18-11-2025
L08927,12-05-2025,,Google Ads,Dental Crown,Clinic A,Contacted - No Appointment,16,No,
L08928,11-03-2025,,Referral,Dental Implant,Clinic D,Contacted - No Appointment,36,No,
L08929,11-10-2025,P08929,Google Ads,Invisalign,Clinic B,Appointment Booked,32,Yes,13-10-2025
L08930,25-12-2025,,Google Ads,Teeth Whitening,Clinic B,Contacted - No Appointment,16,No,
L08931,02-11-2025,,Facebook,Dental Implant,Clinic B,Contacted - No Appointment,40,No,
L08932,30-01-2025,P08932,Referral,Root Canal,Clinic A,Appointment Booked,14,Yes,13-02-2025
L08933,05-06-2025,P08933,Instagram,Dental Implant,Clinic B,Appointment Booked,22,Yes,18-06-2025
L08934,30-10-2025,P08934,Facebook,Root Canal,Clinic A,Appointment Booked,31,Yes,12-11-2025
L08935,04-12-2025,,Google Ads,Teeth Whitening,Clinic A,Not Contacted/Cold,57,No,
L08936,29-07-2025,P08936,Facebook,Root Canal,Clinic A,Appointment Booked,47,Yes,02-08-2025
L08937,15-12-2025,,Google Ads,Dental Implant,Clinic B,Contacted - No Appointment,15,No,
L08938,11-11-2025,,Instagram,Invisalign,Clinic D,Contacted - No Appointment,35,No,
L08939,10-10-2025,,Instagram,Root Canal,Clinic C,Contacted - No Appointment,41,No,
L08940,18-09-2025,,Google Ads,Dental Implant,Clinic D,Contacted - No Appointment,9,No,
L08941,09-11-2025,,Google Ads,Dental Crown,Clinic C,Contacted - No Appointment,27,No,
L08942,12-02-2025,P08942,Google Organic,Dental Crown,Clinic C,Appointment Booked,12,Yes,21-02-2025
L08943,01-12-2025,,Instagram,Dental Implant,Clinic C,Contacted - No Appointment,24,No,
L08944,25-04-2025,,Google Organic,Root Canal,Clinic B,Contacted - No Appointment,39,No,
L08945,15-09-2025,,Google Ads,Root Canal,Clinic C,Contacted - No Appointment,3,No,
L08946,15-06-2025,,Instagram,Invisalign,Clinic A,Not Contacted/Cold,51,No,
L08947,13-07-2025,,Google Ads,Dental Crown,Clinic D,Not Contacted/Cold,49,No,
L08948,03-04-2025,P08948,Google Ads,Invisalign,Clinic D,Appointment Booked,35,Yes,04-04-2025
L08949,27-02-2025,P08949,Instagram,Root Canal,Clinic A,Appointment Booked,13,Yes,07-03-2025
L08950,14-02-2025,P08950,Google Organic,Teeth Whitening,Clinic D,Appointment Booked,46,Yes,27-02-2025
L08951,16-02-2025,P08951,Facebook,Dental Implant,Clinic A,Appointment Booked,31,Yes,19-02-2025
L08952,08-12-2025,,Google Organic,Dental Crown,Clinic A,Not Contacted/Cold,58,No,
L08953,07-06-2025,P08953,Google Organic,Root Canal,Clinic A,Appointment Booked,16,Yes,17-06-2025
L08954,08-02-2025,,Facebook,Invisalign,Clinic D,Contacted - No Appointment,5,No,
L08955,31-05-2025,,Referral,Teeth Whitening,Clinic D,Contacted - No Appointment,19,No,
L08956,11-04-2025,,Facebook,Dental Crown,Clinic D,Contacted - No Appointment,25,No,
L08957,15-10-2025,,Instagram,Root Canal,Clinic A,Contacted - No Appointment,23,No,
L08958,18-09-2025,P08958,Facebook,Dental Crown,Clinic B,Appointment Booked,11,Yes,01-10-2025
L08959,21-07-2025,P08959,Facebook,Teeth Whitening,Clinic C,Appointment Booked,18,Yes,26-07-2025
L08960,14-01-2025,P08960,Google Organic,General Dentistry,Clinic A,Appointment Booked,17,Yes,22-01-2025
L08961,18-06-2025,P08961,Google Ads,Dental Crown,Clinic C,Appointment Booked,19,Yes,26-06-2025
L08962,03-10-2025,,Google Ads,General Dentistry,Clinic A,Contacted - No Appointment,34,No,
L08963,15-10-2025,,Referral,Dental Implant,Clinic A,Contacted - No Appointment,3,No,
L08964,08-02-2025,P08964,Google Organic,Root Canal,Clinic B,Appointment Booked,21,Yes,17-02-2025
L08965,21-03-2025,,Facebook,Invisalign,Clinic C,Contacted - No Appointment,23,No,
L08966,01-03-2025,,Google Ads,Dental Implant,Clinic A,Contacted - No Appointment,7,No,
L08967,16-04-2025,,Google Organic,Root Canal,Clinic A,Contacted - No Appointment,28,No,
L08968,05-01-2025,,Google Ads,Teeth Whitening,Clinic A,Contacted - No Appointment,23,No,
L08969,17-04-2025,,Facebook,Root Canal,Clinic A,Contacted - No Appointment,45,No,
L08970,12-01-2025,,Google Ads,Dental Crown,Clinic A,Contacted - No Appointment,9,No,
L08971,29-01-2025,P08971,Instagram,Root Canal,Clinic B,Appointment Booked,7,Yes,02-02-2025
L08972,06-04-2025,,Google Ads,Root Canal,Clinic C,Not Contacted/Cold,55,No,
L08973,28-03-2025,P08973,Instagram,Invisalign,Clinic B,Appointment Booked,13,Yes,03-04-2025
L08974,21-09-2025,P08974,Google Organic,Root Canal,Clinic D,Appointment Booked,39,Yes,30-09-2025
L08975,14-12-2025,,Facebook,Invisalign,Clinic C,Contacted - No Appointment,19,No,
L08976,15-04-2025,,Google Ads,Dental Crown,Clinic A,Contacted - No Appointment,20,No,
L08977,28-04-2025,,Google Ads,Dental Implant,Clinic A,Contacted - No Appointment,12,No,
L08978,27-11-2025,,Facebook,Dental Implant,Clinic D,Contacted - No Appointment,17,No,
L08979,24-10-2025,P08979,Facebook,Dental Crown,Clinic A,Appointment Booked,7,Yes,04-11-2025
L08980,12-01-2025,P08980,Instagram,Root Canal,Clinic A,Appointment Booked,9,Yes,20-01-2025
L08981,13-09-2025,,Google Ads,Root Canal,Clinic A,Contacted - No Appointment,24,No,
L08982,08-06-2025,,Google Organic,Dental Implant,Clinic C,Contacted - No Appointment,25,No,
L08983,02-06-2025,P08983,Google Organic,Root Canal,Clinic C,Appointment Booked,24,Yes,12-06-2025
L08984,11-05-2025,,Facebook,Teeth Whitening,Clinic D,Contacted - No Appointment,37,No,
L08985,02-07-2025,,Facebook,General Dentistry,Clinic D,Contacted - No Appointment,30,No,
L08986,16-02-2025,,Google Organic,Teeth Whitening,Clinic B,Contacted - No Appointment,7,No,
L08987,20-09-2025,,Google Organic,Dental Implant,Clinic B,Contacted - No Appointment,4,No,
L08988,04-10-2025,,Referral,Dental Crown,Clinic B,Contacted - No Appointment,32,No,
L08989,15-03-2025,,Facebook,Invisalign,Clinic A,Contacted - No Appointment,7,No,
L08990,01-01-2025,,Referral,Invisalign,Clinic A,Contacted - No Appointment,22,No,
L08991,26-04-2025,,Google Ads,Invisalign,Clinic A,Contacted - No Appointment,10,No,
L08992,26-08-2025,P08992,Facebook,Teeth Whitening,Clinic A,Appointment Booked,11,Yes,02-09-2025
L08993,24-06-2025,,Facebook,Dental Crown,Clinic A,Contacted - No Appointment,18,No,
L08994,14-01-2025,P08994,Facebook,Dental Crown,Clinic B,Appointment Booked,10,Yes,27-01-2025
L08995,04-11-2025,,Instagram,Dental Crown,Clinic D,Contacted - No Appointment,14,No,
L08996,24-08-2025,,Google Ads,Invisalign,Clinic C,Contacted - No Appointment,19,No,
L08997,08-05-2025,P08997,Referral,Root Canal,Clinic D,Appointment Booked,35,Yes,20-05-2025
L08998,29-04-2025,,Instagram,Dental Crown,Clinic B,Contacted - No Appointment,37,No,
L08999,09-11-2025,,Referral,Dental Crown,Clinic B,Contacted - No Appointment,35,No,
L09000,27-09-2025,,Google Ads,Teeth Whitening,Clinic B,Contacted - No Appointment,11,No,
L09001,09-03-2025,P09001,Instagram,Invisalign,Clinic A,Appointment Booked,9,Yes,18-03-2025
L09002,17-07-2025,P09002,Facebook,Teeth Whitening,Clinic A,Appointment Booked,12,Yes,28-07-2025
L09003,04-11-2025,P09003,Facebook,Root Canal,Clinic D,Appointment Booked,10,Yes,14-11-2025
L09004,09-07-2025,,Google Organic,Dental Crown,Clinic D,Contacted - No Appointment,38,No,
L09005,25-01-2025,,Google Ads,Root Canal,Clinic A,Contacted - No Appointment,22,No,
L09006,11-09-2025,P09006,Google Ads,General Dentistry,Clinic A,Appointment Booked,33,Yes,20-09-2025
L09007,03-05-2025,P09007,Google Organic,Dental Implant,Clinic B,Appointment Booked,6,Yes,15-05-2025
L09008,27-05-2025,,Facebook,Dental Crown,Clinic A,Contacted - No Appointment,37,No,
L09009,23-11-2025,,Google Ads,Dental Crown,Clinic B,Contacted - No Appointment,8,No,
L09010,21-12-2025,P09010,Facebook,Dental Implant,Clinic A,Appointment Booked,17,Yes,24-12-2025
L09011,31-10-2025,P09011,Facebook,Dental Implant,Clinic B,Appointment Booked,25,Yes,03-11-2025
L09012,25-09-2025,,Google Organic,Teeth Whitening,Clinic B,Contacted - No Appointment,31,No,
L09013,30-07-2025,,Google Ads,Dental Implant,Clinic B,Contacted - No Appointment,23,No,
L09014,14-07-2025,,Instagram,Invisalign,Clinic A,Contacted - No Appointment,22,No,
L09015,05-08-2025,,Instagram,General Dentistry,Clinic B,Contacted - No Appointment,8,No,
L09016,26-05-2025,,Google Organic,Teeth Whitening,Clinic D,Contacted - No Appointment,11,No,
L09017,04-07-2025,,Referral,Invisalign,Clinic B,Contacted - No Appointment,14,No,
L09018,19-06-2025,P09018,Facebook,Dental Crown,Clinic D,Appointment Booked,27,Yes,21-06-2025
L09019,13-04-2025,P09019,Facebook,Root Canal,Clinic D,Appointment Booked,11,Yes,27-04-2025
L09020,25-12-2025,,Google Ads,General Dentistry,Clinic D,Contacted - No Appointment,32,No,
L09021,15-05-2025,,Facebook,Teeth Whitening,Clinic D,Contacted - No Appointment,26,No,
L09022,14-08-2025,,Google Ads,General Dentistry,Clinic C,Contacted - No Appointment,22,No,
L09023,01-10-2025,,Google Organic,Invisalign,Clinic D,Contacted - No Appointment,12,No,
L09024,07-01-2025,,Google Organic,Dental Crown,Clinic A,Contacted - No Appointment,20,No,
L09025,30-06-2025,P09025,Facebook,Dental Implant,Clinic B,Appointment Booked,4,Yes,07-07-2025
L09026,09-11-2025,P09026,Google Ads,Dental Implant,Clinic D,Appointment Booked,17,Yes,11-11-2025
L09027,06-07-2025,P09027,Google Ads,Teeth Whitening,Clinic D,Appointment Booked,2,Yes,18-07-2025
L09028,07-10-2025,P09028,Referral,Dental Implant,Clinic D,Appointment Booked,19,Yes,09-10-2025
L09029,24-06-2025,,Referral,Dental Crown,Clinic D,Contacted - No Appointment,22,No,
L09030,03-12-2025,,Google Ads,General Dentistry,Clinic D,Contacted - No Appointment,17,No,
L09031,07-10-2025,P09031,Instagram,Root Canal,Clinic C,Appointment Booked,8,Yes,21-10-2025
L09032,04-04-2025,,Google Ads,Dental Implant,Clinic D,Contacted - No Appointment,36,No,
L09033,16-06-2025,,Google Ads,Teeth Whitening,Clinic C,Contacted - No Appointment,20,No,
L09034,26-03-2025,P09034,Google Ads,General Dentistry,Clinic D,Appointment Booked,16,Yes,31-03-2025
L09035,09-11-2025,,Instagram,Teeth Whitening,Clinic D,Contacted - No Appointment,14,No,
L09036,11-09-2025,,Google Ads,Dental Crown,Clinic D,Contacted - No Appointment,5,No,
L09037,04-09-2025,,Google Ads,Invisalign,Clinic C,Contacted - No Appointment,11,No,
L09038,02-09-2025,,Google Ads,Dental Implant,Clinic B,Contacted - No Appointment,20,No,
L09039,20-12-2025,P09039,Facebook,Dental Crown,Clinic A,Appointment Booked,31,Yes,24-12-2025
L09040,21-02-2025,P09040,Instagram,Invisalign,Clinic D,Appointment Booked,12,Yes,05-03-2025
L09041,09-01-2025,,Google Ads,General Dentistry,Clinic C,Contacted - No Appointment,38,No,
L09042,02-06-2025,P09042,Referral,Root Canal,Clinic B,Appointment Booked,19,Yes,05-06-2025
L09043,17-03-2025,,Google Ads,Root Canal,Clinic A,Not Contacted/Cold,54,No,
L09044,22-07-2025,,Facebook,Teeth Whitening,Clinic D,Contacted - No Appointment,32,No,
L09045,28-04-2025,P09045,Google Ads,Teeth Whitening,Clinic D,Appointment Booked,52,Yes,29-04-2025
L09046,29-03-2025,P09046,Google Ads,Dental Crown,Clinic D,Appointment Booked,22,Yes,31-03-2025
L09047,28-12-2025,P09047,Google Ads,General Dentistry,Clinic C,Appointment Booked,12,Yes,31-12-2025
L09048,08-11-2025,,Google Ads,General Dentistry,Clinic B,Contacted - No Appointment,16,No,
L09049,07-02-2025,P09049,Referral,General Dentistry,Clinic B,Appointment Booked,14,Yes,12-02-2025
L09050,01-10-2025,,Google Organic,General Dentistry,Clinic A,Contacted - No Appointment,18,No,
L09051,28-01-2025,,Referral,Teeth Whitening,Clinic D,Contacted - No Appointment,14,No,
L09052,03-12-2025,,Google Ads,Dental Crown,Clinic A,Contacted - No Appointment,44,No,
L09053,06-05-2025,,Facebook,Dental Implant,Clinic C,Contacted - No Appointment,40,No,
L09054,04-06-2025,P09054,Google Ads,Invisalign,Clinic B,Appointment Booked,10,Yes,07-06-2025
L09055,26-01-2025,P09055,Google Organic,Dental Implant,Clinic C,Appointment Booked,25,Yes,05-02-2025
L09056,13-02-2025,,Referral,Dental Implant,Clinic D,Contacted - No Appointment,43,No,
L09057,08-02-2025,,Google Organic,Root Canal,Clinic A,Contacted - No Appointment,10,No,
L09058,17-01-2025,P09058,Google Ads,Dental Implant,Clinic D,Appointment Booked,7,Yes,27-01-2025
L09059,20-07-2025,,Facebook,General Dentistry,Clinic A,Contacted - No Appointment,14,No,
L09060,01-08-2025,P09060,Google Ads,Teeth Whitening,Clinic A,Appointment Booked,6,Yes,08-08-2025
L09061,25-12-2025,P09061,Google Ads,Dental Implant,Clinic B,Appointment Booked,43,Yes,30-12-2025
L09062,09-03-2025,,Google Ads,Invisalign,Clinic A,Contacted - No Appointment,22,No,
L09063,21-03-2025,P09063,Google Ads,Teeth Whitening,Clinic D,Appointment Booked,4,Yes,28-03-2025
L09064,17-11-2025,,Facebook,Teeth Whitening,Clinic C,Contacted - No Appointment,21,No,
L09065,03-05-2025,,Facebook,General Dentistry,Clinic A,Contacted - No Appointment,44,No,
L09066,21-05-2025,P09066,Facebook,General Dentistry,Clinic A,Appointment Booked,17,Yes,22-05-2025
L09067,29-01-2025,,Google Organic,General Dentistry,Clinic C,Contacted - No Appointment,18,No,
L09068,03-07-2025,P09068,Google Ads,Root Canal,Clinic D,Appointment Booked,28,Yes,12-07-2025
L09069,11-10-2025,,Google Ads,Invisalign,Clinic B,Contacted - No Appointment,30,No,
L09070,20-02-2025,,Instagram,Teeth Whitening,Clinic C,Contacted - No Appointment,16,No,
L09071,20-12-2025,,Instagram,Invisalign,Clinic D,Contacted - No Appointment,39,No,
L09072,17-01-2025,P09072,Google Ads,Teeth Whitening,Clinic C,Appointment Booked,9,Yes,29-01-2025
L09073,22-08-2025,,Referral,Root Canal,Clinic A,Contacted - No Appointment,13,No,
L09074,01-06-2025,P09074,Facebook,Teeth Whitening,Clinic C,Appointment Booked,12,Yes,11-06-2025
L09075,25-11-2025,,Facebook,Invisalign,Clinic C,Contacted - No Appointment,27,No,
L09076,28-02-2025,,Facebook,Root Canal,Clinic C,Not Contacted/Cold,47,No,
L09077,31-03-2025,,Facebook,Dental Crown,Clinic C,Contacted - No Appointment,37,No,
L09078,21-03-2025,,Instagram,General Dentistry,Clinic D,Contacted - No Appointment,11,No,
L09079,27-11-2025,P09079,Facebook,Invisalign,Clinic A,Appointment Booked,72,Yes,06-12-2025
L09080,27-04-2025,,Google Ads,General Dentistry,Clinic D,Contacted - No Appointment,8,No,
L09081,13-05-2025,,Referral,Teeth Whitening,Clinic C,Contacted - No Appointment,8,No,
L09082,27-06-2025,P09082,Facebook,Teeth Whitening,Clinic C,Appointment Booked,8,Yes,04-07-2025
L09083,13-08-2025,,Google Organic,Teeth Whitening,Clinic A,Contacted - No Appointment,12,No,
L09084,23-01-2025,P09084,Facebook,Dental Crown,Clinic B,Appointment Booked,32,Yes,01-02-2025
L09085,26-09-2025,,Facebook,Invisalign,Clinic D,Contacted - No Appointment,32,No,
L09086,05-09-2025,,Google Ads,Invisalign,Clinic C,Contacted - No Appointment,8,No,
L09087,29-01-2025,P09087,Google Organic,General Dentistry,Clinic A,Appointment Booked,9,Yes,10-02-2025
L09088,28-06-2025,,Google Organic,Teeth Whitening,Clinic C,Contacted - No Appointment,28,No,
L09089,25-06-2025,P09089,Google Ads,Invisalign,Clinic A,Appointment Booked,10,Yes,01-07-2025
L09090,20-08-2025,,Google Ads,Dental Crown,Clinic D,Contacted - No Appointment,8,No,
L09091,07-10-2025,,Referral,Root Canal,Clinic D,Contacted - No Appointment,41,No,
L09092,22-01-2025,,Referral,Dental Implant,Clinic A,Contacted - No Appointment,1,No,
L09093,04-03-2025,P09093,Facebook,Root Canal,Clinic D,Appointment Booked,27,Yes,10-03-2025
L09094,27-06-2025,P09094,Facebook,Invisalign,Clinic D,Appointment Booked,27,Yes,28-06-2025
L09095,20-04-2025,,Google Organic,Dental Implant,Clinic B,Contacted - No Appointment,26,No,
L09096,21-11-2025,,Google Ads,Root Canal,Clinic C,Contacted - No Appointment,13,No,
L09097,01-01-2025,P09097,Instagram,Dental Crown,Clinic B,Appointment Booked,11,Yes,06-01-2025
L09098,28-11-2025,P09098,Facebook,Dental Implant,Clinic C,Appointment Booked,40,Yes,30-11-2025
L09099,23-12-2025,P09099,Google Organic,Root Canal,Clinic B,Appointment Booked,47,Yes,29-12-2025
L09100,01-03-2025,P09100,Google Ads,Invisalign,Clinic B,Appointment Booked,13,Yes,12-03-2025
L09101,21-05-2025,P09101,Instagram,Dental Implant,Clinic B,Appointment Booked,10,Yes,24-05-2025
L09102,09-08-2025,,Instagram,Dental Implant,Clinic A,Contacted - No Appointment,1,No,
L09103,07-08-2025,,Google Organic,Dental Implant,Clinic D,Contacted - No Appointment,38,No,
L09104,09-04-2025,P09104,Google Organic,Invisalign,Clinic B,Appointment Booked,26,Yes,10-04-2025
L09105,04-01-2025,,Referral,Teeth Whitening,Clinic B,Contacted - No Appointment,30,No,
L09106,12-08-2025,,Referral,Root Canal,Clinic D,Contacted - No Appointment,27,No,
L09107,16-05-2025,,Facebook,Dental Implant,Clinic B,Contacted - No Appointment,16,No,
L09108,07-03-2025,,Google Ads,Dental Implant,Clinic C,Contacted - No Appointment,23,No,
L09109,04-04-2025,,Instagram,Invisalign,Clinic D,Contacted - No Appointment,24,No,
L09110,09-09-2025,P09110,Referral,Teeth Whitening,Clinic D,Appointment Booked,44,Yes,14-09-2025
L09111,21-12-2025,,Google Ads,Root Canal,Clinic A,Contacted - No Appointment,43,No,
L09112,28-12-2025,P09112,Instagram,Dental Implant,Clinic B,Appointment Booked,6,Yes,11-01-2026
L09113,24-07-2025,P09113,Google Ads,Root Canal,Clinic D,Appointment Booked,2,Yes,28-07-2025
L09114,10-03-2025,P09114,Google Ads,Dental Crown,Clinic B,Appointment Booked,4,Yes,16-03-2025
L09115,05-12-2025,P09115,Google Organic,Dental Implant,Clinic B,Appointment Booked,14,Yes,14-12-2025
L09116,04-06-2025,,Google Organic,Dental Crown,Clinic A,Not Contacted/Cold,46,No,
L09117,17-03-2025,P09117,Instagram,Root Canal,Clinic A,Appointment Booked,26,Yes,31-03-2025
L09118,31-05-2025,P09118,Referral,Dental Implant,Clinic C,Appointment Booked,31,Yes,09-06-2025
L09119,05-04-2025,,Google Ads,Dental Crown,Clinic D,Contacted - No Appointment,16,No,
L09120,18-04-2025,P09120,Google Ads,Teeth Whitening,Clinic D,Appointment Booked,5,Yes,25-04-2025
L09121,12-06-2025,,Referral,Dental Crown,Clinic D,Contacted - No Appointment,45,No,
L09122,24-12-2025,P09122,Facebook,Invisalign,Clinic A,Appointment Booked,49,Yes,07-01-2026
L09123,29-01-2025,P09123,Google Ads,Root Canal,Clinic A,Appointment Booked,14,Yes,02-02-2025
L09124,08-02-2025,,Google Organic,Root Canal,Clinic D,Contacted - No Appointment,7,No,
L09125,12-05-2025,,Referral,Teeth Whitening,Clinic B,Contacted - No Appointment,16,No,
L09126,05-06-2025,,Google Organic,Dental Crown,Clinic B,Contacted - No Appointment,38,No,
L09127,16-03-2025,P09127,Google Organic,Dental Implant,Clinic D,Appointment Booked,22,Yes,23-03-2025
L09128,03-07-2025,,Google Ads,Dental Crown,Clinic C,Contacted - No Appointment,17,No,
L09129,27-03-2025,,Google Ads,Dental Crown,Clinic A,Contacted - No Appointment,36,No,
L09130,17-02-2025,,Referral,Root Canal,Clinic D,Contacted - No Appointment,21,No,
L09131,09-10-2025,,Instagram,General Dentistry,Clinic D,Contacted - No Appointment,11,No,
L09132,15-01-2025,,Google Ads,General Dentistry,Clinic A,Contacted - No Appointment,23,No,
L09133,08-05-2025,P09133,Facebook,Dental Implant,Clinic D,Appointment Booked,3,Yes,15-05-2025
L09134,22-07-2025,,Google Organic,General Dentistry,Clinic B,Not Contacted/Cold,64,No,
L09135,07-07-2025,,Google Ads,Root Canal,Clinic C,Contacted - No Appointment,31,No,
L09136,24-01-2025,,Instagram,Teeth Whitening,Clinic D,Contacted - No Appointment,3,No,
L09137,10-06-2025,,Google Ads,Teeth Whitening,Clinic D,Contacted - No Appointment,14,No,
L09138,25-01-2025,P09138,Facebook,Root Canal,Clinic B,Appointment Booked,25,Yes,26-01-2025
L09139,24-03-2025,,Google Organic,Root Canal,Clinic A,Contacted - No Appointment,26,No,
L09140,13-02-2025,,Google Ads,General Dentistry,Clinic A,Contacted - No Appointment,30,No,
L09141,07-12-2025,,Google Ads,Invisalign,Clinic C,Contacted - No Appointment,16,No,
L09142,14-12-2025,P09142,Referral,Invisalign,Clinic A,Appointment Booked,59,Yes,15-12-2025
L09143,20-07-2025,,Google Organic,Root Canal,Clinic B,Not Contacted/Cold,64,No,
L09144,27-07-2025,P09144,Facebook,General Dentistry,Clinic A,Appointment Booked,38,Yes,02-08-2025
L09145,01-11-2025,,Google Ads,General Dentistry,Clinic B,Contacted - No Appointment,23,No,
L09146,06-04-2025,P09146,Facebook,Invisalign,Clinic A,Appointment Booked,7,Yes,16-04-2025
L09147,08-04-2025,P09147,Instagram,General Dentistry,Clinic D,Appointment Booked,21,Yes,15-04-2025
L09148,07-05-2025,,Google Ads,Invisalign,Clinic A,Not Contacted/Cold,71,No,
L09149,30-09-2025,,Facebook,General Dentistry,Clinic B,Contacted - No Appointment,24,No,
L09150,29-06-2025,P09150,Facebook,Dental Crown,Clinic D,Appointment Booked,22,Yes,03-07-2025
L09151,14-04-2025,P09151,Facebook,Dental Implant,Clinic C,Appointment Booked,19,Yes,23-04-2025
L09152,22-02-2025,,Google Ads,Dental Implant,Clinic A,Contacted - No Appointment,11,No,
L09153,21-11-2025,,Google Ads,Dental Implant,Clinic A,Contacted - No Appointment,11,No,
L09154,22-01-2025,P09154,Referral,Invisalign,Clinic C,Appointment Booked,34,Yes,01-02-2025
L09155,20-02-2025,,Referral,Teeth Whitening,Clinic B,Contacted - No Appointment,30,No,
L09156,16-11-2025,P09156,Facebook,Invisalign,Clinic D,Appointment Booked,6,Yes,18-11-2025
L09157,26-02-2025,,Google Organic,General Dentistry,Clinic B,Not Contacted/Cold,50,No,
L09158,18-07-2025,,Instagram,Dental Crown,Clinic B,Contacted - No Appointment,31,No,
L09159,06-12-2025,,Google Ads,Dental Crown,Clinic B,Not Contacted/Cold,69,No,
L09160,03-05-2025,,Google Ads,Invisalign,Clinic C,Contacted - No Appointment,11,No,
L09161,16-11-2025,P09161,Facebook,General Dentistry,Clinic D,Appointment Booked,36,Yes,21-11-2025
L09162,22-11-2025,P09162,Instagram,Dental Crown,Clinic A,Appointment Booked,9,Yes,01-12-2025
L09163,15-07-2025,,Instagram,General Dentistry,Clinic C,Contacted - No Appointment,3,No,
L09164,24-02-2025,,Referral,General Dentistry,Clinic A,Contacted - No Appointment,36,No,
L09165,02-09-2025,P09165,Google Organic,Dental Implant,Clinic B,Appointment Booked,8,Yes,04-09-2025
L09166,09-07-2025,P09166,Referral,Dental Implant,Clinic D,Appointment Booked,27,Yes,12-07-2025
L09167,08-09-2025,,Referral,Teeth Whitening,Clinic B,Contacted - No Appointment,24,No,
L09168,16-08-2025,,Google Organic,General Dentistry,Clinic D,Contacted - No Appointment,15,No,
L09169,15-09-2025,,Facebook,Dental Crown,Clinic C,Contacted - No Appointment,9,No,
L09170,28-10-2025,,Google Ads,Root Canal,Clinic D,Contacted - No Appointment,34,No,
L09171,27-11-2025,,Instagram,Dental Crown,Clinic D,Contacted - No Appointment,19,No,
L09172,29-12-2025,,Google Organic,Invisalign,Clinic A,Contacted - No Appointment,2,No,
L09173,17-06-2025,P09173,Facebook,Invisalign,Clinic A,Appointment Booked,21,Yes,25-06-2025
L09174,29-10-2025,,Google Organic,Root Canal,Clinic B,Contacted - No Appointment,5,No,
L09175,29-05-2025,P09175,Referral,Invisalign,Clinic A,Appointment Booked,14,Yes,01-06-2025
L09176,10-12-2025,,Instagram,Root Canal,Clinic B,Contacted - No Appointment,21,No,
L09177,28-07-2025,,Facebook,General Dentistry,Clinic B,Contacted - No Appointment,1,No,
L09178,16-04-2025,P09178,Google Organic,General Dentistry,Clinic D,Appointment Booked,11,Yes,25-04-2025
L09179,28-09-2025,P09179,Google Ads,General Dentistry,Clinic B,Appointment Booked,16,Yes,01-10-2025
L09180,05-01-2025,,Google Ads,Teeth Whitening,Clinic D,Contacted - No Appointment,32,No,
L09181,01-09-2025,P09181,Google Organic,Root Canal,Clinic D,Appointment Booked,40,Yes,04-09-2025
L09182,20-06-2025,P09182,Google Organic,Teeth Whitening,Clinic D,Appointment Booked,25,Yes,03-07-2025
L09183,13-05-2025,,Facebook,General Dentistry,Clinic A,Contacted - No Appointment,44,No,
L09184,06-07-2025,,Referral,General Dentistry,Clinic B,Contacted - No Appointment,30,No,
L09185,24-12-2025,P09185,Facebook,Dental Crown,Clinic B,Appointment Booked,4,Yes,27-12-2025
L09186,18-10-2025,,Instagram,Invisalign,Clinic B,Contacted - No Appointment,34,No,
L09187,08-11-2025,P09187,Instagram,Dental Implant,Clinic B,Appointment Booked,6,Yes,17-11-2025
L09188,24-03-2025,,Google Ads,Dental Implant,Clinic D,Contacted - No Appointment,38,No,
L09189,25-02-2025,,Google Ads,General Dentistry,Clinic B,Contacted - No Appointment,36,No,
L09190,20-12-2025,P09190,Referral,Root Canal,Clinic C,Appointment Booked,23,Yes,23-12-2025
L09191,21-05-2025,,Google Ads,General Dentistry,Clinic D,Contacted - No Appointment,19,No,
L09192,14-06-2025,,Google Ads,Root Canal,Clinic A,Contacted - No Appointment,18,No,
L09193,22-03-2025,,Facebook,Dental Crown,Clinic B,Contacted - No Appointment,31,No,
L09194,08-01-2025,,Google Ads,Dental Implant,Clinic D,Contacted - No Appointment,13,No,
L09195,25-04-2025,,Referral,Invisalign,Clinic A,Contacted - No Appointment,13,No,
L09196,18-04-2025,,Google Ads,Root Canal,Clinic C,Contacted - No Appointment,19,No,
L09197,17-08-2025,P09197,Instagram,Dental Crown,Clinic A,Appointment Booked,10,Yes,26-08-2025
L09198,01-05-2025,,Facebook,Dental Implant,Clinic D,Contacted - No Appointment,18,No,
L09199,07-10-2025,,Google Organic,Teeth Whitening,Clinic B,Contacted - No Appointment,41,No,
L09200,23-10-2025,,Instagram,Root Canal,Clinic B,Contacted - No Appointment,7,No,
L09201,01-09-2025,P09201,Facebook,Teeth Whitening,Clinic C,Appointment Booked,2,Yes,09-09-2025
L09202,10-04-2025,,Referral,Dental Implant,Clinic A,Contacted - No Appointment,9,No,
L09203,02-10-2025,,Google Ads,Dental Crown,Clinic B,Contacted - No Appointment,31,No,
L09204,24-05-2025,P09204,Instagram,Invisalign,Clinic B,Appointment Booked,23,Yes,30-05-2025
L09205,10-07-2025,,Referral,Teeth Whitening,Clinic B,Contacted - No Appointment,6,No,
L09206,02-12-2025,,Google Organic,Root Canal,Clinic C,Contacted - No Appointment,26,No,
L09207,10-04-2025,P09207,Google Organic,Dental Crown,Clinic C,Appointment Booked,23,Yes,11-04-2025
L09208,26-06-2025,P09208,Google Ads,General Dentistry,Clinic C,Appointment Booked,40,Yes,30-06-2025
L09209,06-09-2025,,Google Ads,Dental Implant,Clinic C,Contacted - No Appointment,30,No,
L09210,02-07-2025,,Google Ads,Dental Implant,Clinic B,Contacted - No Appointment,38,No,
L09211,11-02-2025,P09211,Referral,Teeth Whitening,Clinic A,Appointment Booked,8,Yes,20-02-2025
L09212,21-10-2025,,Referral,Dental Crown,Clinic D,Contacted - No Appointment,6,No,
L09213,16-05-2025,,Facebook,Invisalign,Clinic D,Contacted - No Appointment,12,No,
L09214,18-03-2025,P09214,Google Ads,Root Canal,Clinic A,Appointment Booked,12,Yes,31-03-2025
L09215,18-12-2025,,Google Ads,Dental Implant,Clinic B,Contacted - No Appointment,16,No,
L09216,15-12-2025,,Facebook,Invisalign,Clinic B,Contacted - No Appointment,7,No,
L09217,23-07-2025,P09217,Facebook,Root Canal,Clinic C,Appointment Booked,10,Yes,27-07-2025
L09218,08-10-2025,,Google Organic,General Dentistry,Clinic C,Not Contacted/Cold,58,No,
L09219,21-01-2025,P09219,Referral,Root Canal,Clinic A,Appointment Booked,22,Yes,28-01-2025
L09220,28-09-2025,,Google Organic,Dental Crown,Clinic C,Contacted - No Appointment,20,No,
L09221,27-03-2025,P09221,Instagram,General Dentistry,Clinic A,Appointment Booked,26,Yes,10-04-2025
L09222,28-02-2025,P09222,Google Organic,Invisalign,Clinic B,Appointment Booked,7,Yes,11-03-2025
L09223,13-09-2025,P09223,Google Organic,Teeth Whitening,Clinic D,Appointment Booked,5,Yes,18-09-2025
L09224,30-05-2025,P09224,Facebook,General Dentistry,Clinic B,Appointment Booked,19,Yes,31-05-2025
L09225,05-04-2025,,Facebook,Invisalign,Clinic A,Contacted - No Appointment,4,No,
L09226,14-07-2025,P09226,Google Ads,Root Canal,Clinic D,Appointment Booked,8,Yes,17-07-2025
L09227,04-11-2025,,Google Organic,General Dentistry,Clinic D,Contacted - No Appointment,2,No,
L09228,15-07-2025,,Referral,General Dentistry,Clinic D,Contacted - No Appointment,35,No,
L09229,31-01-2025,P09229,Instagram,Invisalign,Clinic B,Appointment Booked,23,Yes,13-02-2025
L09230,17-12-2025,,Referral,Dental Implant,Clinic A,Contacted - No Appointment,12,No,
L09231,04-03-2025,,Google Ads,Invisalign,Clinic D,Not Contacted/Cold,67,No,
L09232,21-08-2025,,Google Organic,Root Canal,Clinic C,Contacted - No Appointment,37,No,
L09233,22-05-2025,,Referral,Root Canal,Clinic D,Contacted - No Appointment,21,No,
L09234,05-01-2025,,Instagram,Dental Crown,Clinic B,Contacted - No Appointment,43,No,
L09235,06-06-2025,P09235,Referral,General Dentistry,Clinic B,Appointment Booked,17,Yes,15-06-2025
L09236,13-06-2025,,Instagram,Invisalign,Clinic D,Contacted - No Appointment,22,No,
L09237,29-11-2025,P09237,Google Ads,General Dentistry,Clinic C,Appointment Booked,20,Yes,07-12-2025
L09238,17-11-2025,,Google Ads,Dental Implant,Clinic A,Contacted - No Appointment,15,No,
L09239,28-04-2025,,Instagram,Dental Implant,Clinic A,Contacted - No Appointment,16,No,
L09240,05-08-2025,,Referral,Root Canal,Clinic B,Not Contacted/Cold,66,No,
L09241,28-02-2025,,Google Ads,Dental Implant,Clinic A,Contacted - No Appointment,27,No,
L09242,20-12-2025,,Instagram,Root Canal,Clinic B,Contacted - No Appointment,45,No,
L09243,21-10-2025,P09243,Google Organic,General Dentistry,Clinic B,Appointment Booked,8,Yes,22-10-2025
L09244,13-11-2025,,Google Ads,Invisalign,Clinic D,Contacted - No Appointment,14,No,
L09245,19-07-2025,,Google Ads,Teeth Whitening,Clinic B,Contacted - No Appointment,7,No,
L09246,26-12-2025,,Facebook,Invisalign,Clinic D,Contacted - No Appointment,37,No,
L09247,23-08-2025,,Google Ads,Dental Implant,Clinic A,Contacted - No Appointment,40,No,
L09248,28-08-2025,,Google Ads,Dental Crown,Clinic C,Contacted - No Appointment,26,No,
L09249,12-07-2025,,Google Ads,General Dentistry,Clinic A,Not Contacted/Cold,82,No,
L09250,11-03-2025,,Google Ads,Root Canal,Clinic C,Contacted - No Appointment,39,No,
L09251,31-08-2025,,Instagram,Dental Crown,Clinic D,Contacted - No Appointment,20,No,
L09252,21-04-2025,P09252,Google Organic,General Dentistry,Clinic D,Appointment Booked,20,Yes,30-04-2025
L09253,23-06-2025,,Google Organic,Teeth Whitening,Clinic C,Contacted - No Appointment,27,No,
L09254,27-10-2025,,Facebook,Invisalign,Clinic B,Contacted - No Appointment,41,No,
L09255,13-06-2025,,Referral,Teeth Whitening,Clinic D,Contacted - No Appointment,29,No,
L09256,27-12-2025,,Referral,Root Canal,Clinic D,Contacted - No Appointment,13,No,
L09257,03-10-2025,,Referral,Teeth Whitening,Clinic D,Contacted - No Appointment,13,No,
L09258,21-01-2025,P09258,Facebook,Root Canal,Clinic B,Appointment Booked,24,Yes,26-01-2025
L09259,10-04-2025,P09259,Referral,Dental Implant,Clinic D,Appointment Booked,12,Yes,19-04-2025
L09260,06-03-2025,,Google Organic,Dental Crown,Clinic A,Not Contacted/Cold,48,No,
L09261,12-05-2025,P09261,Facebook,Root Canal,Clinic A,Appointment Booked,24,Yes,23-05-2025
L09262,09-08-2025,,Google Ads,Root Canal,Clinic A,Contacted - No Appointment,6,No,
L09263,01-02-2025,,Google Organic,General Dentistry,Clinic B,Contacted - No Appointment,18,No,
L09264,07-08-2025,,Google Ads,General Dentistry,Clinic D,Contacted - No Appointment,20,No,
L09265,07-08-2025,P09265,Google Ads,Root Canal,Clinic D,Appointment Booked,40,Yes,14-08-2025
L09266,20-06-2025,,Facebook,Root Canal,Clinic D,Contacted - No Appointment,19,No,
L09267,01-01-2025,,Google Organic,Root Canal,Clinic C,Not Contacted/Cold,73,No,
L09268,04-04-2025,,Referral,Root Canal,Clinic C,Contacted - No Appointment,30,No,
L09269,20-08-2025,P09269,Instagram,General Dentistry,Clinic C,Appointment Booked,6,Yes,29-08-2025
L09270,08-09-2025,P09270,Google Organic,Dental Crown,Clinic B,Appointment Booked,15,Yes,16-09-2025
L09271,21-09-2025,P09271,Facebook,Invisalign,Clinic D,Appointment Booked,13,Yes,29-09-2025
L09272,03-12-2025,,Google Organic,Root Canal,Clinic C,Contacted - No Appointment,21,No,
L09273,12-06-2025,,Facebook,Dental Crown,Clinic C,Not Contacted/Cold,60,No,
L09274,27-09-2025,,Referral,Dental Crown,Clinic C,Contacted - No Appointment,10,No,
L09275,11-04-2025,,Facebook,Dental Crown,Clinic D,Contacted - No Appointment,4,No,
L09276,07-04-2025,,Facebook,Dental Implant,Clinic A,Contacted - No Appointment,16,No,
L09277,05-07-2025,P09277,Facebook,Dental Implant,Clinic B,Appointment Booked,12,Yes,17-07-2025
L09278,01-12-2025,,Google Organic,Invisalign,Clinic D,Contacted - No Appointment,26,No,
L09279,29-09-2025,,Referral,Root Canal,Clinic B,Contacted - No Appointment,2,No,
L09280,24-12-2025,,Facebook,Dental Implant,Clinic D,Contacted - No Appointment,43,No,
L09281,19-01-2025,P09281,Facebook,Teeth Whitening,Clinic B,Appointment Booked,24,Yes,20-01-2025
L09282,26-11-2025,P09282,Google Organic,Invisalign,Clinic B,Appointment Booked,24,Yes,06-12-2025
L09283,22-06-2025,,Referral,General Dentistry,Clinic D,Contacted - No Appointment,20,No,
L09284,16-02-2025,P09284,Facebook,Dental Implant,Clinic B,Appointment Booked,5,Yes,17-02-2025
L09285,14-05-2025,,Google Ads,Dental Implant,Clinic C,Contacted - No Appointment,20,No,
L09286,22-05-2025,,Facebook,Root Canal,Clinic B,Contacted - No Appointment,13,No,
L09287,16-01-2025,,Instagram,Invisalign,Clinic B,Contacted - No Appointment,3,No,
L09288,16-11-2025,,Facebook,General Dentistry,Clinic C,Contacted - No Appointment,11,No,
L09289,20-06-2025,,Google Ads,Dental Implant,Clinic A,Contacted - No Appointment,36,No,
L09290,28-10-2025,P09290,Google Ads,Root Canal,Clinic D,Appointment Booked,33,Yes,03-11-2025
L09291,30-09-2025,P09291,Google Organic,General Dentistry,Clinic D,Appointment Booked,31,Yes,08-10-2025
L09292,11-09-2025,P09292,Referral,Root Canal,Clinic A,Appointment Booked,27,Yes,20-09-2025
L09293,15-08-2025,P09293,Referral,Dental Implant,Clinic C,Appointment Booked,27,Yes,25-08-2025
L09294,11-11-2025,,Google Organic,Invisalign,Clinic C,Contacted - No Appointment,37,No,
L09295,06-01-2025,,Google Organic,Root Canal,Clinic A,Contacted - No Appointment,14,No,
L09296,28-07-2025,,Google Ads,Invisalign,Clinic B,Contacted - No Appointment,30,No,
L09297,14-09-2025,P09297,Instagram,Root Canal,Clinic B,Appointment Booked,33,Yes,28-09-2025
L09298,19-07-2025,,Google Ads,General Dentistry,Clinic C,Not Contacted/Cold,49,No,
L09299,07-07-2025,,Google Organic,General Dentistry,Clinic C,Contacted - No Appointment,40,No,
L09300,17-09-2025,,Referral,Dental Implant,Clinic C,Not Contacted/Cold,49,No,
L09301,15-02-2025,P09301,Referral,Dental Implant,Clinic D,Appointment Booked,25,Yes,27-02-2025
L09302,12-11-2025,,Facebook,Invisalign,Clinic D,Not Contacted/Cold,48,No,
L09303,19-05-2025,,Google Organic,Dental Crown,Clinic C,Contacted - No Appointment,17,No,
L09304,27-02-2025,P09304,Referral,Root Canal,Clinic D,Appointment Booked,6,Yes,28-02-2025
L09305,22-03-2025,P09305,Google Ads,General Dentistry,Clinic B,Appointment Booked,36,Yes,23-03-2025
L09306,06-08-2025,,Google Organic,Teeth Whitening,Clinic D,Contacted - No Appointment,18,No,
L09307,26-07-2025,,Google Ads,Dental Implant,Clinic C,Contacted - No Appointment,13,No,
L09308,24-02-2025,,Referral,Dental Crown,Clinic D,Contacted - No Appointment,35,No,
L09309,19-04-2025,P09309,Google Ads,Dental Implant,Clinic C,Appointment Booked,22,Yes,30-04-2025
L09310,18-02-2025,,Google Ads,Invisalign,Clinic A,Contacted - No Appointment,11,No,
L09311,12-03-2025,,Google Organic,Dental Implant,Clinic C,Contacted - No Appointment,11,No,
L09312,13-05-2025,,Google Ads,Dental Implant,Clinic B,Contacted - No Appointment,17,No,
L09313,08-11-2025,P09313,Google Ads,Dental Crown,Clinic C,Appointment Booked,27,Yes,11-11-2025
L09314,06-06-2025,,Instagram,Dental Crown,Clinic B,Contacted - No Appointment,14,No,
L09315,22-05-2025,P09315,Google Organic,Dental Implant,Clinic D,Appointment Booked,15,Yes,29-05-2025
L09316,09-12-2025,,Google Ads,General Dentistry,Clinic C,Contacted - No Appointment,36,No,
L09317,16-02-2025,,Google Organic,Root Canal,Clinic C,Contacted - No Appointment,26,No,
L09318,10-12-2025,P09318,Google Organic,Dental Implant,Clinic A,Appointment Booked,7,Yes,19-12-2025
L09319,11-01-2025,,Instagram,Dental Implant,Clinic D,Contacted - No Appointment,11,No,
L09320,18-11-2025,,Instagram,Dental Crown,Clinic D,Contacted - No Appointment,12,No,
L09321,05-02-2025,,Google Ads,General Dentistry,Clinic D,Contacted - No Appointment,16,No,
L09322,15-11-2025,P09322,Facebook,Dental Crown,Clinic B,Appointment Booked,23,Yes,18-11-2025
L09323,09-01-2025,,Google Ads,General Dentistry,Clinic C,Contacted - No Appointment,25,No,
L09324,03-10-2025,,Google Ads,Root Canal,Clinic A,Contacted - No Appointment,19,No,
L09325,17-12-2025,,Facebook,Root Canal,Clinic C,Contacted - No Appointment,35,No,
L09326,31-08-2025,P09326,Facebook,Root Canal,Clinic A,Appointment Booked,15,Yes,09-09-2025
L09327,07-06-2025,,Google Organic,Dental Crown,Clinic C,Contacted - No Appointment,17,No,
L09328,04-10-2025,,Instagram,Root Canal,Clinic C,Contacted - No Appointment,12,No,
L09329,08-07-2025,,Referral,General Dentistry,Clinic B,Contacted - No Appointment,34,No,
L09330,08-07-2025,P09330,Google Ads,Dental Implant,Clinic B,Appointment Booked,8,Yes,15-07-2025
L09331,22-08-2025,P09331,Google Ads,Root Canal,Clinic D,Appointment Booked,15,Yes,29-08-2025
L09332,26-09-2025,,Facebook,Root Canal,Clinic A,Contacted - No Appointment,42,No,
L09333,19-03-2025,P09333,Google Ads,Dental Crown,Clinic D,Appointment Booked,18,Yes,28-03-2025
L09334,02-03-2025,P09334,Google Organic,Invisalign,Clinic A,Appointment Booked,2,Yes,04-03-2025
L09335,20-11-2025,P09335,Facebook,Root Canal,Clinic A,Appointment Booked,8,Yes,03-12-2025
L09336,09-01-2025,P09336,Facebook,Root Canal,Clinic A,Appointment Booked,30,Yes,20-01-2025
L09337,22-08-2025,P09337,Facebook,Dental Crown,Clinic D,Appointment Booked,29,Yes,27-08-2025
L09338,04-10-2025,,Facebook,Teeth Whitening,Clinic B,Not Contacted/Cold,60,No,
L09339,24-07-2025,P09339,Facebook,Teeth Whitening,Clinic D,Appointment Booked,6,Yes,29-07-2025
L09340,18-07-2025,,Google Ads,Invisalign,Clinic C,Contacted - No Appointment,42,No,
L09341,28-11-2025,P09341,Google Ads,General Dentistry,Clinic A,Appointment Booked,48,Yes,11-12-2025
L09342,30-07-2025,,Facebook,General Dentistry,Clinic C,Contacted - No Appointment,13,No,
L09343,11-06-2025,P09343,Google Ads,Invisalign,Clinic A,Appointment Booked,13,Yes,23-06-2025
L09344,23-08-2025,P09344,Google Organic,Invisalign,Clinic D,Appointment Booked,22,Yes,03-09-2025
L09345,11-10-2025,,Google Ads,Invisalign,Clinic A,Contacted - No Appointment,35,No,
L09346,16-12-2025,P09346,Google Ads,Root Canal,Clinic B,Appointment Booked,6,Yes,17-12-2025
L09347,02-01-2025,,Google Ads,General Dentistry,Clinic D,Contacted - No Appointment,28,No,
L09348,03-01-2025,,Facebook,Teeth Whitening,Clinic D,Contacted - No Appointment,5,No,
L09349,23-10-2025,,Google Ads,General Dentistry,Clinic B,Contacted - No Appointment,32,No,
L09350,09-09-2025,,Google Ads,Invisalign,Clinic D,Contacted - No Appointment,17,No,
L09351,03-12-2025,P09351,Facebook,Dental Crown,Clinic A,Appointment Booked,7,Yes,15-12-2025
L09352,22-11-2025,,Facebook,Invisalign,Clinic D,Contacted - No Appointment,16,No,
L09353,20-04-2025,,Google Organic,Dental Implant,Clinic C,Contacted - No Appointment,4,No,
L09354,24-11-2025,P09354,Google Organic,Dental Crown,Clinic A,Appointment Booked,11,Yes,26-11-2025
L09355,03-11-2025,,Google Ads,Dental Implant,Clinic B,Contacted - No Appointment,24,No,
L09356,11-06-2025,,Google Ads,Dental Crown,Clinic A,Not Contacted/Cold,55,No,
L09357,25-08-2025,P09357,Instagram,Dental Crown,Clinic B,Appointment Booked,15,Yes,27-08-2025
L09358,27-06-2025,,Google Organic,Teeth Whitening,Clinic A,Contacted - No Appointment,25,No,
L09359,02-10-2025,P09359,Referral,Dental Implant,Clinic C,Appointment Booked,26,Yes,07-10-2025
L09360,30-05-2025,,Google Ads,Teeth Whitening,Clinic D,Contacted - No Appointment,10,No,
L09361,30-07-2025,,Facebook,General Dentistry,Clinic A,Contacted - No Appointment,23,No,
L09362,21-08-2025,P09362,Google Organic,General Dentistry,Clinic C,Appointment Booked,1,Yes,28-08-2025
L09363,10-02-2025,P09363,Google Organic,Teeth Whitening,Clinic C,Appointment Booked,2,Yes,12-02-2025
L09364,29-05-2025,,Google Ads,Dental Crown,Clinic D,Contacted - No Appointment,11,No,
L09365,16-10-2025,P09365,Google Organic,Root Canal,Clinic B,Appointment Booked,6,Yes,28-10-2025
L09366,22-07-2025,P09366,Google Ads,Teeth Whitening,Clinic C,Appointment Booked,27,Yes,25-07-2025
L09367,12-07-2025,,Google Ads,Teeth Whitening,Clinic B,Contacted - No Appointment,30,No,
L09368,03-05-2025,P09368,Facebook,Dental Crown,Clinic B,Appointment Booked,3,Yes,04-05-2025
L09369,20-04-2025,P09369,Google Ads,Teeth Whitening,Clinic A,Appointment Booked,13,Yes,02-05-2025
L09370,02-11-2025,,Google Organic,Root Canal,Clinic B,Contacted - No Appointment,7,No,
L09371,17-06-2025,P09371,Google Organic,Dental Implant,Clinic A,Appointment Booked,48,Yes,29-06-2025
L09372,14-08-2025,P09372,Google Organic,Dental Crown,Clinic C,Appointment Booked,12,Yes,22-08-2025
L09373,08-07-2025,,Facebook,Invisalign,Clinic B,Contacted - No Appointment,11,No,
L09374,04-02-2025,,Google Ads,Root Canal,Clinic C,Contacted - No Appointment,9,No,
L09375,16-04-2025,,Google Ads,Dental Implant,Clinic A,Contacted - No Appointment,12,No,
L09376,03-02-2025,,Facebook,Root Canal,Clinic D,Not Contacted/Cold,56,No,
L09377,02-02-2025,P09377,Google Organic,Teeth Whitening,Clinic D,Appointment Booked,7,Yes,11-02-2025
L09378,13-03-2025,,Facebook,Root Canal,Clinic A,Contacted - No Appointment,7,No,
L09379,01-10-2025,,Facebook,Dental Implant,Clinic B,Contacted - No Appointment,3,No,
L09380,22-06-2025,,Facebook,Root Canal,Clinic C,Not Contacted/Cold,53,No,
L09381,23-07-2025,,Google Ads,Invisalign,Clinic A,Contacted - No Appointment,10,No,
L09382,06-04-2025,,Instagram,Root Canal,Clinic B,Contacted - No Appointment,12,No,
L09383,05-05-2025,,Facebook,Root Canal,Clinic A,Contacted - No Appointment,23,No,
L09384,28-02-2025,,Google Organic,General Dentistry,Clinic D,Contacted - No Appointment,2,No,
L09385,17-09-2025,,Google Organic,Dental Implant,Clinic D,Contacted - No Appointment,18,No,
L09386,10-02-2025,,Google Ads,Dental Crown,Clinic C,Contacted - No Appointment,15,No,
L09387,02-05-2025,,Facebook,General Dentistry,Clinic C,Contacted - No Appointment,26,No,
L09388,02-05-2025,,Google Organic,General Dentistry,Clinic D,Contacted - No Appointment,16,No,
L09389,17-10-2025,P09389,Google Ads,Dental Implant,Clinic D,Appointment Booked,26,Yes,22-10-2025
L09390,29-03-2025,,Google Organic,Root Canal,Clinic D,Contacted - No Appointment,34,No,
L09391,30-01-2025,P09391,Google Ads,Dental Implant,Clinic A,Appointment Booked,9,Yes,08-02-2025
L09392,09-09-2025,,Facebook,Root Canal,Clinic A,Contacted - No Appointment,42,No,
L09393,02-03-2025,P09393,Referral,Dental Implant,Clinic C,Appointment Booked,23,Yes,09-03-2025
L09394,13-11-2025,,Instagram,General Dentistry,Clinic C,Contacted - No Appointment,3,No,
L09395,01-12-2025,P09395,Facebook,Dental Implant,Clinic A,Appointment Booked,52,Yes,02-12-2025
L09396,23-05-2025,,Google Ads,Root Canal,Clinic A,Contacted - No Appointment,16,No,
L09397,06-08-2025,,Google Ads,Root Canal,Clinic D,Contacted - No Appointment,32,No,
L09398,11-10-2025,,Instagram,General Dentistry,Clinic D,Contacted - No Appointment,26,No,
L09399,20-03-2025,,Facebook,Dental Crown,Clinic B,Contacted - No Appointment,6,No,
L09400,28-12-2025,,Facebook,Invisalign,Clinic D,Contacted - No Appointment,10,No,
L09401,25-01-2025,P09401,Referral,Invisalign,Clinic C,Appointment Booked,16,Yes,01-02-2025
L09402,13-02-2025,P09402,Facebook,Dental Implant,Clinic D,Appointment Booked,32,Yes,18-02-2025
L09403,24-01-2025,,Facebook,Teeth Whitening,Clinic B,Contacted - No Appointment,20,No,
L09404,24-09-2025,P09404,Instagram,Dental Crown,Clinic A,Appointment Booked,16,Yes,08-10-2025
L09405,26-07-2025,,Facebook,Dental Crown,Clinic B,Contacted - No Appointment,20,No,
L09406,03-12-2025,P09406,Facebook,Dental Implant,Clinic B,Appointment Booked,1,Yes,13-12-2025
L09407,24-02-2025,P09407,Facebook,Teeth Whitening,Clinic C,Appointment Booked,15,Yes,07-03-2025
L09408,18-02-2025,,Referral,Dental Crown,Clinic A,Contacted - No Appointment,15,No,
L09409,23-10-2025,,Facebook,General Dentistry,Clinic D,Contacted - No Appointment,15,No,
L09410,08-03-2025,P09410,Facebook,Dental Crown,Clinic A,Appointment Booked,50,Yes,22-03-2025
L09411,24-07-2025,,Instagram,Invisalign,Clinic A,Not Contacted/Cold,75,No,
L09412,21-05-2025,,Google Ads,Root Canal,Clinic C,Contacted - No Appointment,6,No,
L09413,21-10-2025,P09413,Google Organic,Dental Implant,Clinic C,Appointment Booked,10,Yes,24-10-2025
L09414,09-12-2025,P09414,Facebook,Teeth Whitening,Clinic B,Appointment Booked,41,Yes,16-12-2025
L09415,02-03-2025,,Instagram,Teeth Whitening,Clinic D,Contacted - No Appointment,26,No,
L09416,11-10-2025,P09416,Google Organic,Invisalign,Clinic C,Appointment Booked,30,Yes,21-10-2025
L09417,06-04-2025,,Referral,Dental Implant,Clinic C,Contacted - No Appointment,13,No,
L09418,11-05-2025,,Facebook,Dental Implant,Clinic C,Contacted - No Appointment,19,No,
L09419,06-12-2025,,Google Organic,General Dentistry,Clinic A,Contacted - No Appointment,24,No,
L09420,15-05-2025,,Google Ads,Invisalign,Clinic C,Not Contacted/Cold,73,No,
L09421,20-04-2025,,Instagram,Invisalign,Clinic D,Contacted - No Appointment,28,No,
L09422,02-08-2025,,Google Ads,Invisalign,Clinic A,Contacted - No Appointment,37,No,
L09423,24-08-2025,,Google Ads,Root Canal,Clinic B,Contacted - No Appointment,16,No,
L09424,11-02-2025,P09424,Google Ads,Teeth Whitening,Clinic D,Appointment Booked,30,Yes,13-02-2025
L09425,01-01-2025,,Facebook,General Dentistry,Clinic B,Contacted - No Appointment,34,No,
L09426,23-02-2025,P09426,Google Ads,Invisalign,Clinic B,Appointment Booked,25,Yes,07-03-2025
L09427,15-08-2025,P09427,Instagram,Dental Crown,Clinic D,Appointment Booked,4,Yes,17-08-2025
L09428,23-02-2025,,Facebook,Root Canal,Clinic A,Contacted - No Appointment,9,No,
L09429,10-12-2025,P09429,Google Organic,General Dentistry,Clinic A,Appointment Booked,17,Yes,16-12-2025
L09430,06-02-2025,P09430,Google Ads,Invisalign,Clinic D,Appointment Booked,23,Yes,19-02-2025
L09431,30-07-2025,P09431,Google Ads,Dental Implant,Clinic D,Appointment Booked,28,Yes,04-08-2025
L09432,07-08-2025,P09432,Facebook,Root Canal,Clinic B,Appointment Booked,6,Yes,17-08-2025
L09433,29-04-2025,,Facebook,Dental Implant,Clinic C,Contacted - No Appointment,14,No,
L09434,15-10-2025,,Google Ads,Dental Implant,Clinic D,Contacted - No Appointment,23,No,
L09435,23-07-2025,P09435,Referral,Dental Crown,Clinic C,Appointment Booked,27,Yes,01-08-2025
L09436,13-08-2025,P09436,Google Ads,Teeth Whitening,Clinic B,Appointment Booked,22,Yes,23-08-2025
L09437,13-01-2025,,Google Organic,Root Canal,Clinic A,Contacted - No Appointment,10,No,
L09438,11-05-2025,,Google Ads,Dental Crown,Clinic B,Contacted - No Appointment,7,No,
L09439,22-05-2025,,Referral,Root Canal,Clinic D,Contacted - No Appointment,20,No,
L09440,04-11-2025,,Facebook,Dental Crown,Clinic D,Not Contacted/Cold,65,No,
L09441,07-03-2025,P09441,Referral,Dental Crown,Clinic D,Appointment Booked,13,Yes,10-03-2025
L09442,15-02-2025,,Facebook,Dental Crown,Clinic D,Contacted - No Appointment,24,No,
L09443,26-11-2025,,Google Ads,Invisalign,Clinic C,Contacted - No Appointment,8,No,
L09444,26-09-2025,,Facebook,Invisalign,Clinic B,Contacted - No Appointment,15,No,
L09445,23-03-2025,P09445,Facebook,Root Canal,Clinic D,Appointment Booked,33,Yes,27-03-2025
L09446,17-09-2025,P09446,Google Ads,Root Canal,Clinic C,Appointment Booked,12,Yes,20-09-2025
L09447,05-11-2025,,Google Ads,Teeth Whitening,Clinic C,Contacted - No Appointment,16,No,
L09448,11-11-2025,,Google Organic,Root Canal,Clinic A,Contacted - No Appointment,8,No,
L09449,26-06-2025,,Google Ads,Dental Implant,Clinic D,Contacted - No Appointment,35,No,
L09450,03-07-2025,,Facebook,Invisalign,Clinic B,Contacted - No Appointment,25,No,
L09451,14-03-2025,,Facebook,Invisalign,Clinic B,Contacted - No Appointment,18,No,
L09452,22-04-2025,P09452,Google Organic,Teeth Whitening,Clinic C,Appointment Booked,7,Yes,28-04-2025
L09453,02-02-2025,,Google Ads,Root Canal,Clinic C,Contacted - No Appointment,9,No,
L09454,25-01-2025,P09454,Instagram,Teeth Whitening,Clinic A,Appointment Booked,6,Yes,04-02-2025
L09455,30-10-2025,,Google Ads,Root Canal,Clinic D,Contacted - No Appointment,14,No,
L09456,18-02-2025,P09456,Google Ads,General Dentistry,Clinic B,Appointment Booked,6,Yes,20-02-2025
L09457,07-12-2025,,Facebook,General Dentistry,Clinic A,Contacted - No Appointment,18,No,
L09458,17-05-2025,,Referral,Dental Crown,Clinic B,Contacted - No Appointment,30,No,
L09459,23-11-2025,,Google Ads,General Dentistry,Clinic C,Contacted - No Appointment,16,No,
L09460,29-11-2025,,Google Ads,Root Canal,Clinic D,Contacted - No Appointment,9,No,
L09461,13-04-2025,P09461,Instagram,General Dentistry,Clinic D,Appointment Booked,21,Yes,20-04-2025
L09462,09-08-2025,P09462,Facebook,General Dentistry,Clinic D,Appointment Booked,3,Yes,11-08-2025
L09463,11-01-2025,,Instagram,General Dentistry,Clinic A,Contacted - No Appointment,9,No,
L09464,14-06-2025,,Referral,Dental Crown,Clinic A,Contacted - No Appointment,19,No,
L09465,22-01-2025,,Referral,Teeth Whitening,Clinic C,Contacted - No Appointment,8,No,
L09466,23-06-2025,,Facebook,Root Canal,Clinic B,Contacted - No Appointment,20,No,
L09467,20-07-2025,,Facebook,Invisalign,Clinic D,Contacted - No Appointment,17,No,
L09468,11-06-2025,,Referral,Root Canal,Clinic C,Not Contacted/Cold,50,No,
L09469,25-12-2025,,Google Ads,General Dentistry,Clinic D,Contacted - No Appointment,14,No,
L09470,08-06-2025,P09470,Facebook,Dental Implant,Clinic A,Appointment Booked,48,Yes,09-06-2025
L09471,19-05-2025,P09471,Facebook,Dental Crown,Clinic B,Appointment Booked,18,Yes,21-05-2025
L09472,08-02-2025,P09472,Google Ads,Root Canal,Clinic B,Appointment Booked,7,Yes,12-02-2025
L09473,07-09-2025,,Referral,Root Canal,Clinic A,Contacted - No Appointment,14,No,
L09474,28-04-2025,,Google Organic,General Dentistry,Clinic C,Contacted - No Appointment,32,No,
L09475,26-11-2025,,Facebook,General Dentistry,Clinic B,Contacted - No Appointment,28,No,
L09476,23-10-2025,,Google Organic,Dental Crown,Clinic B,Contacted - No Appointment,24,No,
L09477,18-05-2025,,Facebook,Invisalign,Clinic B,Not Contacted/Cold,56,No,
L09478,24-01-2025,P09478,Referral,Root Canal,Clinic A,Appointment Booked,29,Yes,03-02-2025
L09479,29-09-2025,P09479,Google Ads,Root Canal,Clinic C,Appointment Booked,10,Yes,30-09-2025
L09480,04-06-2025,,Google Ads,Root Canal,Clinic B,Contacted - No Appointment,6,No,
L09481,27-10-2025,P09481,Google Ads,Dental Implant,Clinic A,Appointment Booked,25,Yes,04-11-2025
L09482,23-06-2025,P09482,Facebook,Root Canal,Clinic B,Appointment Booked,30,Yes,04-07-2025
L09483,20-01-2025,P09483,Google Ads,Invisalign,Clinic B,Appointment Booked,8,Yes,26-01-2025
L09484,02-02-2025,P09484,Google Ads,Dental Crown,Clinic B,Appointment Booked,28,Yes,05-02-2025
L09485,18-11-2025,P09485,Referral,Invisalign,Clinic A,Appointment Booked,26,Yes,20-11-2025
L09486,04-04-2025,,Referral,Root Canal,Clinic B,Contacted - No Appointment,12,No,
L09487,28-07-2025,P09487,Instagram,Dental Implant,Clinic C,Appointment Booked,29,Yes,06-08-2025
L09488,19-05-2025,,Referral,General Dentistry,Clinic C,Contacted - No Appointment,16,No,
L09489,23-10-2025,,Referral,Root Canal,Clinic D,Contacted - No Appointment,15,No,
L09490,11-11-2025,,Google Organic,Dental Implant,Clinic B,Not Contacted/Cold,53,No,
L09491,09-11-2025,,Facebook,Root Canal,Clinic C,Contacted - No Appointment,11,No,
L09492,31-01-2025,P09492,Referral,General Dentistry,Clinic D,Appointment Booked,13,Yes,07-02-2025
L09493,01-02-2025,,Instagram,Teeth Whitening,Clinic B,Contacted - No Appointment,12,No,
L09494,02-08-2025,,Google Ads,Teeth Whitening,Clinic C,Contacted - No Appointment,43,No,
L09495,28-12-2025,,Facebook,Dental Implant,Clinic B,Contacted - No Appointment,16,No,
L09496,13-02-2025,P09496,Facebook,Dental Crown,Clinic B,Appointment Booked,45,Yes,19-02-2025
L09497,04-07-2025,,Referral,Teeth Whitening,Clinic D,Contacted - No Appointment,23,No,
L09498,08-03-2025,,Instagram,Dental Crown,Clinic A,Contacted - No Appointment,7,No,
L09499,29-04-2025,,Referral,General Dentistry,Clinic B,Contacted - No Appointment,18,No,
L09500,28-08-2025,P09500,Google Organic,Invisalign,Clinic A,Appointment Booked,38,Yes,31-08-2025
L09501,06-01-2025,P09501,Facebook,Invisalign,Clinic B,Appointment Booked,19,Yes,11-01-2025
L09502,22-04-2025,P09502,Google Organic,General Dentistry,Clinic A,Appointment Booked,3,Yes,05-05-2025
L09503,10-08-2025,,Google Ads,Dental Crown,Clinic C,Contacted - No Appointment,10,No,
L09504,11-12-2025,P09504,Facebook,Dental Implant,Clinic D,Appointment Booked,43,Yes,20-12-2025
L09505,26-11-2025,,Google Organic,Root Canal,Clinic D,Contacted - No Appointment,17,No,
L09506,28-12-2025,,Instagram,General Dentistry,Clinic B,Contacted - No Appointment,13,No,
L09507,29-03-2025,P09507,Google Organic,Dental Implant,Clinic D,Appointment Booked,23,Yes,01-04-2025
L09508,16-08-2025,,Google Ads,Dental Implant,Clinic C,Contacted - No Appointment,37,No,
L09509,08-01-2025,,Google Organic,Invisalign,Clinic B,Contacted - No Appointment,27,No,
L09510,17-08-2025,P09510,Google Ads,General Dentistry,Clinic D,Appointment Booked,23,Yes,20-08-2025
L09511,03-07-2025,,Facebook,General Dentistry,Clinic C,Contacted - No Appointment,32,No,
L09512,18-03-2025,,Facebook,Root Canal,Clinic C,Contacted - No Appointment,8,No,
L09513,06-04-2025,,Instagram,Dental Crown,Clinic A,Contacted - No Appointment,10,No,
L09514,28-09-2025,,Google Ads,Invisalign,Clinic B,Not Contacted/Cold,55,No,
L09515,30-08-2025,P09515,Facebook,Invisalign,Clinic D,Appointment Booked,17,Yes,04-09-2025
L09516,24-09-2025,P09516,Instagram,Teeth Whitening,Clinic B,Appointment Booked,7,Yes,27-09-2025
L09517,02-09-2025,,Instagram,Dental Implant,Clinic C,Contacted - No Appointment,8,No,
L09518,05-06-2025,,Facebook,Root Canal,Clinic C,Contacted - No Appointment,31,No,
L09519,29-05-2025,,Facebook,Dental Crown,Clinic D,Contacted - No Appointment,15,No,
L09520,27-12-2025,,Referral,Dental Implant,Clinic B,Contacted - No Appointment,19,No,
L09521,18-08-2025,,Referral,Root Canal,Clinic C,Contacted - No Appointment,19,No,
L09522,19-11-2025,P09522,Facebook,Dental Crown,Clinic A,Appointment Booked,11,Yes,26-11-2025
L09523,22-09-2025,P09523,Facebook,Teeth Whitening,Clinic C,Appointment Booked,26,Yes,05-10-2025
L09524,11-04-2025,,Instagram,Invisalign,Clinic C,Contacted - No Appointment,39,No,
L09525,23-05-2025,P09525,Google Ads,Invisalign,Clinic A,Appointment Booked,1,Yes,02-06-2025
L09526,17-09-2025,P09526,Facebook,Dental Crown,Clinic C,Appointment Booked,20,Yes,18-09-2025
L09527,12-07-2025,P09527,Google Ads,General Dentistry,Clinic B,Appointment Booked,43,Yes,20-07-2025
L09528,19-10-2025,P09528,Google Ads,Invisalign,Clinic A,Appointment Booked,4,Yes,26-10-2025
L09529,03-06-2025,,Instagram,General Dentistry,Clinic B,Contacted - No Appointment,17,No,
L09530,28-10-2025,,Facebook,Teeth Whitening,Clinic A,Contacted - No Appointment,17,No,
L09531,04-01-2025,,Google Ads,General Dentistry,Clinic B,Contacted - No Appointment,41,No,
L09532,09-02-2025,,Referral,Dental Implant,Clinic B,Contacted - No Appointment,7,No,
L09533,17-01-2025,P09533,Referral,Invisalign,Clinic C,Appointment Booked,53,Yes,18-01-2025
L09534,30-10-2025,,Referral,Dental Implant,Clinic D,Contacted - No Appointment,35,No,
L09535,01-02-2025,,Facebook,Root Canal,Clinic C,Contacted - No Appointment,4,No,
L09536,20-01-2025,,Google Ads,General Dentistry,Clinic A,Not Contacted/Cold,68,No,
L09537,09-11-2025,,Google Ads,Dental Implant,Clinic D,Contacted - No Appointment,29,No,
L09538,13-01-2025,,Google Ads,Dental Crown,Clinic C,Contacted - No Appointment,13,No,
L09539,14-02-2025,,Google Ads,Dental Implant,Clinic A,Contacted - No Appointment,6,No,
L09540,17-08-2025,,Referral,Teeth Whitening,Clinic D,Contacted - No Appointment,33,No,
L09541,05-12-2025,,Referral,Invisalign,Clinic A,Contacted - No Appointment,37,No,
L09542,12-05-2025,,Google Organic,Dental Implant,Clinic C,Contacted - No Appointment,10,No,
L09543,12-02-2025,P09543,Google Organic,Invisalign,Clinic B,Appointment Booked,5,Yes,14-02-2025
L09544,07-07-2025,,Instagram,Teeth Whitening,Clinic B,Contacted - No Appointment,36,No,
L09545,12-03-2025,,Google Organic,Dental Implant,Clinic D,Contacted - No Appointment,19,No,
L09546,29-12-2025,P09546,Referral,Invisalign,Clinic B,Appointment Booked,15,Yes,06-01-2026
L09547,02-05-2025,,Instagram,Dental Implant,Clinic A,Contacted - No Appointment,38,No,
L09548,30-01-2025,P09548,Google Ads,General Dentistry,Clinic D,Appointment Booked,17,Yes,10-02-2025
L09549,23-09-2025,,Google Ads,Dental Crown,Clinic D,Contacted - No Appointment,13,No,
L09550,02-08-2025,,Instagram,Teeth Whitening,Clinic C,Contacted - No Appointment,18,No,
L09551,17-11-2025,P09551,Facebook,Dental Crown,Clinic B,Appointment Booked,2,Yes,22-11-2025
L09552,31-05-2025,,Referral,Dental Implant,Clinic A,Contacted - No Appointment,19,No,
L09553,02-01-2025,,Instagram,Dental Crown,Clinic D,Not Contacted/Cold,47,No,
L09554,09-09-2025,,Google Organic,Dental Implant,Clinic A,Contacted - No Appointment,20,No,
L09555,10-04-2025,,Google Ads,Root Canal,Clinic A,Contacted - No Appointment,15,No,
L09556,27-08-2025,,Facebook,Dental Crown,Clinic C,Contacted - No Appointment,38,No,
L09557,13-10-2025,,Facebook,Dental Crown,Clinic A,Contacted - No Appointment,25,No,
L09558,16-10-2025,P09558,Google Organic,Dental Implant,Clinic A,Appointment Booked,33,Yes,23-10-2025
L09559,18-02-2025,,Facebook,Dental Implant,Clinic B,Contacted - No Appointment,17,No,
L09560,23-02-2025,P09560,Referral,Teeth Whitening,Clinic A,Appointment Booked,7,Yes,24-02-2025
L09561,23-09-2025,,Google Organic,Teeth Whitening,Clinic A,Contacted - No Appointment,21,No,
L09562,10-03-2025,,Instagram,Dental Implant,Clinic A,Contacted - No Appointment,41,No,
L09563,07-03-2025,P09563,Referral,Dental Implant,Clinic A,Appointment Booked,36,Yes,16-03-2025
L09564,17-04-2025,P09564,Referral,General Dentistry,Clinic C,Appointment Booked,4,Yes,28-04-2025
L09565,11-10-2025,,Google Ads,Teeth Whitening,Clinic D,Contacted - No Appointment,30,No,
L09566,19-02-2025,P09566,Google Organic,General Dentistry,Clinic B,Appointment Booked,23,Yes,22-02-2025
L09567,17-12-2025,,Google Ads,Invisalign,Clinic B,Contacted - No Appointment,17,No,
L09568,16-06-2025,P09568,Facebook,Root Canal,Clinic A,Appointment Booked,6,Yes,28-06-2025
L09569,04-10-2025,P09569,Google Ads,Invisalign,Clinic A,Appointment Booked,33,Yes,16-10-2025
L09570,20-03-2025,,Instagram,Dental Crown,Clinic A,Contacted - No Appointment,14,No,
L09571,16-07-2025,,Facebook,Dental Implant,Clinic C,Contacted - No Appointment,6,No,
L09572,09-08-2025,,Instagram,Dental Implant,Clinic C,Contacted - No Appointment,18,No,
L09573,14-10-2025,,Google Organic,Dental Implant,Clinic C,Contacted - No Appointment,5,No,
L09574,30-09-2025,,Instagram,Dental Crown,Clinic B,Contacted - No Appointment,18,No,
L09575,06-05-2025,,Google Ads,Root Canal,Clinic A,Contacted - No Appointment,10,No,
L09576,18-02-2025,,Google Organic,Dental Crown,Clinic D,Contacted - No Appointment,42,No,
L09577,29-09-2025,P09577,Instagram,General Dentistry,Clinic B,Appointment Booked,17,Yes,04-10-2025
L09578,02-11-2025,,Facebook,Teeth Whitening,Clinic C,Contacted - No Appointment,27,No,
L09579,03-02-2025,P09579,Referral,Root Canal,Clinic C,Appointment Booked,41,Yes,04-02-2025
L09580,11-10-2025,,Google Ads,General Dentistry,Clinic C,Contacted - No Appointment,22,No,
L09581,03-10-2025,,Facebook,Root Canal,Clinic D,Contacted - No Appointment,28,No,
L09582,04-04-2025,,Google Organic,Dental Implant,Clinic D,Not Contacted/Cold,83,No,
L09583,18-05-2025,,Google Ads,General Dentistry,Clinic C,Contacted - No Appointment,31,No,
L09584,10-09-2025,P09584,Facebook,Dental Implant,Clinic C,Appointment Booked,28,Yes,18-09-2025
L09585,18-03-2025,P09585,Google Organic,Root Canal,Clinic B,Appointment Booked,7,Yes,27-03-2025
L09586,15-07-2025,P09586,Google Ads,Invisalign,Clinic D,Appointment Booked,20,Yes,24-07-2025
L09587,04-03-2025,P09587,Facebook,Root Canal,Clinic B,Appointment Booked,69,Yes,07-03-2025
L09588,02-01-2025,,Instagram,Dental Crown,Clinic A,Contacted - No Appointment,27,No,
L09589,22-11-2025,P09589,Google Organic,Invisalign,Clinic B,Appointment Booked,23,Yes,24-11-2025
L09590,23-01-2025,P09590,Google Organic,Dental Crown,Clinic A,Appointment Booked,17,Yes,24-01-2025
L09591,19-02-2025,,Referral,Teeth Whitening,Clinic B,Contacted - No Appointment,10,No,
L09592,27-01-2025,,Facebook,Invisalign,Clinic C,Contacted - No Appointment,9,No,
L09593,10-03-2025,P09593,Google Organic,Root Canal,Clinic B,Appointment Booked,20,Yes,21-03-2025
L09594,01-09-2025,,Google Organic,Invisalign,Clinic A,Contacted - No Appointment,27,No,
L09595,20-03-2025,,Facebook,General Dentistry,Clinic D,Contacted - No Appointment,10,No,
L09596,25-01-2025,P09596,Referral,Teeth Whitening,Clinic D,Appointment Booked,9,Yes,02-02-2025
L09597,14-08-2025,P09597,Referral,General Dentistry,Clinic D,Appointment Booked,4,Yes,27-08-2025
L09598,09-02-2025,,Google Ads,Dental Implant,Clinic B,Contacted - No Appointment,27,No,
L09599,11-12-2025,P09599,Google Organic,Dental Implant,Clinic D,Appointment Booked,24,Yes,23-12-2025
L09600,30-03-2025,P09600,Google Organic,Dental Implant,Clinic B,Appointment Booked,30,Yes,03-04-2025
L09601,17-10-2025,P09601,Facebook,Dental Implant,Clinic A,Appointment Booked,5,Yes,19-10-2025
L09602,21-01-2025,P09602,Referral,Root Canal,Clinic A,Appointment Booked,9,Yes,04-02-2025
L09603,04-03-2025,P09603,Google Organic,General Dentistry,Clinic B,Appointment Booked,1,Yes,17-03-2025
L09604,17-05-2025,P09604,Instagram,Root Canal,Clinic A,Appointment Booked,8,Yes,28-05-2025
L09605,20-03-2025,P09605,Google Ads,General Dentistry,Clinic D,Appointment Booked,9,Yes,31-03-2025
L09606,09-04-2025,,Facebook,Dental Implant,Clinic A,Contacted - No Appointment,32,No,
L09607,06-03-2025,,Facebook,General Dentistry,Clinic B,Contacted - No Appointment,34,No,
L09608,24-03-2025,,Google Organic,Invisalign,Clinic B,Contacted - No Appointment,14,No,
L09609,21-03-2025,,Instagram,General Dentistry,Clinic B,Not Contacted/Cold,75,No,
L09610,17-05-2025,,Google Ads,Dental Implant,Clinic C,Contacted - No Appointment,38,No,
L09611,20-06-2025,,Facebook,General Dentistry,Clinic A,Contacted - No Appointment,17,No,
L09612,22-06-2025,P09612,Facebook,Invisalign,Clinic D,Appointment Booked,15,Yes,23-06-2025
L09613,24-05-2025,P09613,Google Organic,Invisalign,Clinic B,Appointment Booked,17,Yes,05-06-2025
L09614,25-12-2025,P09614,Google Organic,Root Canal,Clinic C,Appointment Booked,1,Yes,03-01-2026
L09615,24-09-2025,P09615,Facebook,Root Canal,Clinic C,Appointment Booked,9,Yes,29-09-2025
L09616,15-04-2025,,Google Ads,Dental Crown,Clinic D,Not Contacted/Cold,52,No,
L09617,25-02-2025,,Google Ads,General Dentistry,Clinic D,Contacted - No Appointment,18,No,
L09618,17-07-2025,P09618,Google Ads,Dental Crown,Clinic C,Appointment Booked,19,Yes,25-07-2025
L09619,28-06-2025,,Google Organic,Teeth Whitening,Clinic B,Contacted - No Appointment,27,No,
L09620,18-07-2025,,Google Ads,Dental Implant,Clinic B,Contacted - No Appointment,28,No,
L09621,05-02-2025,P09621,Facebook,Dental Crown,Clinic D,Appointment Booked,46,Yes,12-02-2025
L09622,14-09-2025,,Google Organic,Root Canal,Clinic D,Contacted - No Appointment,44,No,
L09623,09-01-2025,,Referral,General Dentistry,Clinic A,Contacted - No Appointment,19,No,
L09624,04-08-2025,P09624,Referral,Root Canal,Clinic B,Appointment Booked,46,Yes,12-08-2025
L09625,29-08-2025,,Referral,Dental Crown,Clinic D,Contacted - No Appointment,26,No,
L09626,30-10-2025,,Google Organic,Invisalign,Clinic B,Contacted - No Appointment,16,No,
L09627,13-01-2025,P09627,Google Organic,Invisalign,Clinic B,Appointment Booked,33,Yes,26-01-2025
L09628,10-08-2025,,Google Organic,Root Canal,Clinic B,Contacted - No Appointment,35,No,
L09629,10-02-2025,,Referral,Invisalign,Clinic C,Contacted - No Appointment,25,No,
L09630,25-01-2025,,Referral,Invisalign,Clinic D,Contacted - No Appointment,25,No,
L09631,11-11-2025,,Facebook,Dental Implant,Clinic B,Not Contacted/Cold,57,No,
L09632,22-10-2025,P09632,Facebook,General Dentistry,Clinic A,Appointment Booked,24,Yes,27-10-2025
L09633,09-11-2025,,Facebook,Dental Implant,Clinic A,Contacted - No Appointment,16,No,
L09634,04-07-2025,,Instagram,General Dentistry,Clinic A,Contacted - No Appointment,10,No,
L09635,06-09-2025,,Google Organic,Dental Implant,Clinic C,Contacted - No Appointment,17,No,
L09636,02-03-2025,,Referral,Dental Implant,Clinic C,Contacted - No Appointment,10,No,
L09637,19-11-2025,,Facebook,Dental Crown,Clinic A,Contacted - No Appointment,14,No,
L09638,09-05-2025,,Facebook,Root Canal,Clinic C,Contacted - No Appointment,11,No,
L09639,10-10-2025,,Referral,Root Canal,Clinic C,Contacted - No Appointment,20,No,
L09640,09-05-2025,,Google Ads,Dental Crown,Clinic A,Contacted - No Appointment,26,No,
L09641,15-07-2025,P09641,Google Ads,Invisalign,Clinic B,Appointment Booked,20,Yes,29-07-2025
L09642,13-08-2025,P09642,Google Organic,Dental Crown,Clinic D,Appointment Booked,27,Yes,25-08-2025
L09643,26-02-2025,P09643,Google Ads,Root Canal,Clinic B,Appointment Booked,8,Yes,27-02-2025
L09644,23-07-2025,P09644,Facebook,Invisalign,Clinic D,Appointment Booked,10,Yes,30-07-2025
L09645,24-01-2025,,Google Ads,General Dentistry,Clinic B,Contacted - No Appointment,7,No,
L09646,05-08-2025,P09646,Google Ads,Teeth Whitening,Clinic D,Appointment Booked,23,Yes,07-08-2025
L09647,16-11-2025,,Instagram,Root Canal,Clinic D,Contacted - No Appointment,41,No,
L09648,17-11-2025,P09648,Facebook,General Dentistry,Clinic C,Appointment Booked,8,Yes,18-11-2025
L09649,16-10-2025,,Facebook,General Dentistry,Clinic D,Contacted - No Appointment,26,No,
L09650,26-09-2025,P09650,Google Ads,Root Canal,Clinic D,Appointment Booked,24,Yes,06-10-2025
L09651,21-10-2025,,Google Organic,Invisalign,Clinic C,Not Contacted/Cold,54,No,
L09652,16-12-2025,,Facebook,General Dentistry,Clinic A,Contacted - No Appointment,40,No,
L09653,24-01-2025,P09653,Facebook,Invisalign,Clinic B,Appointment Booked,22,Yes,25-01-2025
L09654,27-12-2025,,Google Ads,Dental Implant,Clinic D,Not Contacted/Cold,84,No,
L09655,30-11-2025,,Facebook,Invisalign,Clinic C,Contacted - No Appointment,20,No,
L09656,05-03-2025,P09656,Facebook,Teeth Whitening,Clinic A,Appointment Booked,24,Yes,06-03-2025
L09657,15-06-2025,,Facebook,General Dentistry,Clinic A,Contacted - No Appointment,43,No,
L09658,19-10-2025,P09658,Referral,Dental Crown,Clinic C,Appointment Booked,22,Yes,23-10-2025
L09659,04-09-2025,P09659,Referral,General Dentistry,Clinic A,Appointment Booked,23,Yes,06-09-2025
L09660,06-05-2025,,Instagram,Dental Implant,Clinic B,Contacted - No Appointment,13,No,
L09661,22-09-2025,P09661,Google Ads,Dental Implant,Clinic C,Appointment Booked,16,Yes,05-10-2025
L09662,14-01-2025,,Instagram,Dental Crown,Clinic C,Not Contacted/Cold,73,No,
L09663,24-06-2025,P09663,Google Ads,General Dentistry,Clinic A,Appointment Booked,21,Yes,04-07-2025
L09664,24-10-2025,,Google Organic,Root Canal,Clinic A,Contacted - No Appointment,20,No,
L09665,24-05-2025,P09665,Facebook,Dental Implant,Clinic A,Appointment Booked,16,Yes,31-05-2025
L09666,24-09-2025,,Google Organic,Invisalign,Clinic A,Contacted - No Appointment,6,No,
L09667,04-12-2025,,Referral,Invisalign,Clinic C,Contacted - No Appointment,15,No,
L09668,21-01-2025,,Facebook,Invisalign,Clinic B,Contacted - No Appointment,3,No,
L09669,22-10-2025,,Facebook,Dental Implant,Clinic A,Contacted - No Appointment,7,No,
L09670,20-06-2025,,Instagram,General Dentistry,Clinic A,Contacted - No Appointment,22,No,
L09671,13-03-2025,,Google Ads,Root Canal,Clinic A,Contacted - No Appointment,41,No,
L09672,30-06-2025,,Referral,Dental Crown,Clinic D,Contacted - No Appointment,21,No,
L09673,13-05-2025,P09673,Facebook,Dental Implant,Clinic B,Appointment Booked,31,Yes,25-05-2025
L09674,25-05-2025,,Google Ads,Dental Implant,Clinic D,Contacted - No Appointment,10,No,
L09675,13-07-2025,P09675,Google Organic,Dental Crown,Clinic D,Appointment Booked,7,Yes,14-07-2025
L09676,25-09-2025,P09676,Google Ads,General Dentistry,Clinic C,Appointment Booked,8,Yes,03-10-2025
L09677,26-09-2025,P09677,Google Ads,Root Canal,Clinic C,Appointment Booked,13,Yes,09-10-2025
L09678,08-06-2025,,Instagram,General Dentistry,Clinic A,Contacted - No Appointment,7,No,
L09679,17-02-2025,,Google Organic,Teeth Whitening,Clinic C,Contacted - No Appointment,10,No,
L09680,26-01-2025,P09680,Instagram,Dental Implant,Clinic B,Appointment Booked,1,Yes,04-02-2025
L09681,21-12-2025,P09681,Instagram,Invisalign,Clinic D,Appointment Booked,16,Yes,22-12-2025
L09682,26-07-2025,,Google Ads,Dental Crown,Clinic A,Contacted - No Appointment,16,No,
L09683,03-09-2025,,Facebook,Root Canal,Clinic D,Contacted - No Appointment,12,No,
L09684,01-05-2025,,Facebook,Invisalign,Clinic A,Contacted - No Appointment,26,No,
L09685,02-11-2025,,Referral,Root Canal,Clinic D,Not Contacted/Cold,54,No,
L09686,08-02-2025,,Google Ads,Root Canal,Clinic B,Contacted - No Appointment,42,No,
L09687,24-09-2025,,Google Ads,General Dentistry,Clinic C,Contacted - No Appointment,14,No,
L09688,20-12-2025,P09688,Referral,Dental Implant,Clinic B,Appointment Booked,19,Yes,01-01-2026
L09689,17-08-2025,,Referral,Invisalign,Clinic B,Contacted - No Appointment,15,No,
L09690,13-12-2025,,Google Organic,Root Canal,Clinic C,Contacted - No Appointment,37,No,
L09691,28-03-2025,P09691,Google Ads,Dental Crown,Clinic D,Appointment Booked,24,Yes,31-03-2025
L09692,14-09-2025,P09692,Instagram,Dental Crown,Clinic A,Appointment Booked,23,Yes,23-09-2025
L09693,18-07-2025,P09693,Facebook,General Dentistry,Clinic D,Appointment Booked,16,Yes,20-07-2025
L09694,13-03-2025,,Google Organic,Teeth Whitening,Clinic C,Contacted - No Appointment,37,No,
L09695,26-06-2025,P09695,Google Ads,Dental Crown,Clinic D,Appointment Booked,12,Yes,04-07-2025
L09696,13-02-2025,,Google Ads,Invisalign,Clinic B,Contacted - No Appointment,6,No,
L09697,21-01-2025,,Facebook,Root Canal,Clinic B,Contacted - No Appointment,20,No,
L09698,11-10-2025,,Google Ads,Dental Crown,Clinic D,Contacted - No Appointment,26,No,
L09699,27-12-2025,P09699,Google Organic,General Dentistry,Clinic B,Appointment Booked,31,Yes,29-12-2025
L09700,12-03-2025,,Google Organic,General Dentistry,Clinic C,Contacted - No Appointment,23,No,
L09701,10-07-2025,,Google Organic,Dental Crown,Clinic A,Contacted - No Appointment,21,No,
L09702,06-07-2025,,Facebook,Root Canal,Clinic A,Contacted - No Appointment,11,No,
L09703,24-08-2025,,Referral,Dental Implant,Clinic C,Contacted - No Appointment,26,No,
L09704,28-01-2025,,Google Ads,Dental Implant,Clinic C,Contacted - No Appointment,14,No,
L09705,20-07-2025,,Google Ads,Dental Implant,Clinic C,Contacted - No Appointment,18,No,
L09706,30-09-2025,P09706,Facebook,Dental Implant,Clinic A,Appointment Booked,43,Yes,09-10-2025
L09707,03-02-2025,P09707,Google Ads,Root Canal,Clinic B,Appointment Booked,28,Yes,13-02-2025
L09708,03-12-2025,,Google Ads,Invisalign,Clinic B,Contacted - No Appointment,16,No,
L09709,16-04-2025,P09709,Facebook,Dental Crown,Clinic B,Appointment Booked,9,Yes,25-04-2025
L09710,24-06-2025,P09710,Referral,Root Canal,Clinic D,Appointment Booked,7,Yes,02-07-2025
L09711,21-07-2025,P09711,Referral,Dental Crown,Clinic D,Appointment Booked,30,Yes,22-07-2025
L09712,29-07-2025,P09712,Facebook,Root Canal,Clinic A,Appointment Booked,15,Yes,08-08-2025
L09713,01-10-2025,,Google Ads,Invisalign,Clinic D,Contacted - No Appointment,23,No,
L09714,03-05-2025,,Google Ads,General Dentistry,Clinic B,Contacted - No Appointment,6,No,
L09715,30-03-2025,,Facebook,Dental Implant,Clinic C,Contacted - No Appointment,27,No,
L09716,22-09-2025,,Google Ads,General Dentistry,Clinic A,Contacted - No Appointment,3,No,
L09717,25-03-2025,,Google Ads,Invisalign,Clinic C,Contacted - No Appointment,13,No,
L09718,01-03-2025,,Google Organic,Root Canal,Clinic A,Contacted - No Appointment,25,No,
L09719,25-02-2025,P09719,Instagram,Dental Implant,Clinic B,Appointment Booked,16,Yes,28-02-2025
L09720,02-03-2025,,Google Ads,Dental Implant,Clinic A,Contacted - No Appointment,18,No,
L09721,27-07-2025,P09721,Google Organic,Root Canal,Clinic A,Appointment Booked,18,Yes,01-08-2025
L09722,07-10-2025,P09722,Google Organic,Teeth Whitening,Clinic A,Appointment Booked,36,Yes,15-10-2025
L09723,06-03-2025,P09723,Facebook,Invisalign,Clinic A,Appointment Booked,13,Yes,12-03-2025
L09724,04-02-2025,P09724,Google Ads,Dental Crown,Clinic A,Appointment Booked,16,Yes,13-02-2025
L09725,08-08-2025,,Referral,Invisalign,Clinic C,Contacted - No Appointment,3,No,
L09726,04-01-2025,P09726,Instagram,Root Canal,Clinic A,Appointment Booked,3,Yes,17-01-2025
L09727,17-03-2025,,Google Ads,General Dentistry,Clinic C,Contacted - No Appointment,9,No,
L09728,19-01-2025,P09728,Instagram,General Dentistry,Clinic A,Appointment Booked,4,Yes,20-01-2025
L09729,13-03-2025,,Facebook,Root Canal,Clinic D,Not Contacted/Cold,52,No,
L09730,14-11-2025,P09730,Instagram,Invisalign,Clinic D,Appointment Booked,33,Yes,18-11-2025
L09731,10-08-2025,,Facebook,Invisalign,Clinic A,Not Contacted/Cold,64,No,
L09732,17-04-2025,,Facebook,General Dentistry,Clinic C,Contacted - No Appointment,25,No,
L09733,06-01-2025,P09733,Google Organic,Invisalign,Clinic A,Appointment Booked,10,Yes,11-01-2025
L09734,01-12-2025,,Instagram,Teeth Whitening,Clinic D,Contacted - No Appointment,17,No,
L09735,23-05-2025,P09735,Google Ads,Root Canal,Clinic C,Appointment Booked,18,Yes,25-05-2025
L09736,03-01-2025,,Google Ads,General Dentistry,Clinic A,Contacted - No Appointment,35,No,
L09737,30-11-2025,,Facebook,Root Canal,Clinic B,Contacted - No Appointment,22,No,
L09738,20-04-2025,P09738,Facebook,Root Canal,Clinic A,Appointment Booked,10,Yes,21-04-2025
L09739,19-08-2025,,Google Ads,Dental Crown,Clinic B,Contacted - No Appointment,16,No,
L09740,04-09-2025,P09740,Instagram,General Dentistry,Clinic C,Appointment Booked,19,Yes,18-09-2025
L09741,12-07-2025,,Google Ads,General Dentistry,Clinic B,Contacted - No Appointment,13,No,
L09742,29-08-2025,P09742,Google Organic,Teeth Whitening,Clinic B,Appointment Booked,13,Yes,07-09-2025
L09743,27-04-2025,,Google Organic,Teeth Whitening,Clinic A,Contacted - No Appointment,21,No,
L09744,02-12-2025,,Google Ads,Dental Crown,Clinic A,Contacted - No Appointment,10,No,
L09745,18-02-2025,,Instagram,Teeth Whitening,Clinic A,Contacted - No Appointment,10,No,
L09746,19-11-2025,P09746,Referral,General Dentistry,Clinic D,Appointment Booked,21,Yes,01-12-2025
L09747,28-04-2025,,Google Ads,Root Canal,Clinic A,Contacted - No Appointment,12,No,
L09748,24-06-2025,,Referral,Dental Crown,Clinic C,Contacted - No Appointment,28,No,
L09749,02-01-2025,,Instagram,Root Canal,Clinic B,Contacted - No Appointment,17,No,
L09750,13-09-2025,,Instagram,Dental Crown,Clinic A,Contacted - No Appointment,22,No,
L09751,21-10-2025,,Google Ads,General Dentistry,Clinic C,Contacted - No Appointment,30,No,
L09752,28-01-2025,P09752,Google Organic,Root Canal,Clinic B,Appointment Booked,12,Yes,29-01-2025
L09753,04-11-2025,,Facebook,Invisalign,Clinic B,Contacted - No Appointment,32,No,
L09754,20-12-2025,,Google Organic,Root Canal,Clinic C,Not Contacted/Cold,46,No,
L09755,05-06-2025,,Google Organic,Invisalign,Clinic B,Contacted - No Appointment,40,No,
L09756,30-08-2025,P09756,Facebook,Root Canal,Clinic B,Appointment Booked,15,Yes,13-09-2025
L09757,27-11-2025,P09757,Google Ads,General Dentistry,Clinic C,Appointment Booked,20,Yes,11-12-2025
L09758,27-01-2025,P09758,Google Ads,Dental Crown,Clinic C,Appointment Booked,34,Yes,28-01-2025
L09759,18-12-2025,,Google Ads,General Dentistry,Clinic A,Contacted - No Appointment,17,No,
L09760,18-01-2025,,Referral,Dental Implant,Clinic B,Contacted - No Appointment,36,No,
L09761,10-01-2025,,Google Ads,General Dentistry,Clinic A,Not Contacted/Cold,51,No,
L09762,11-05-2025,P09762,Facebook,Dental Crown,Clinic A,Appointment Booked,9,Yes,17-05-2025
L09763,29-03-2025,P09763,Facebook,Dental Implant,Clinic C,Appointment Booked,2,Yes,07-04-2025
L09764,02-05-2025,,Referral,Dental Crown,Clinic D,Contacted - No Appointment,12,No,
L09765,07-07-2025,,Facebook,General Dentistry,Clinic D,Contacted - No Appointment,26,No,
L09766,10-07-2025,,Referral,Dental Implant,Clinic A,Contacted - No Appointment,10,No,
L09767,01-06-2025,P09767,Google Organic,Dental Crown,Clinic B,Appointment Booked,17,Yes,10-06-2025
L09768,10-01-2025,,Referral,General Dentistry,Clinic C,Contacted - No Appointment,14,No,
L09769,04-10-2025,,Google Ads,Dental Implant,Clinic A,Contacted - No Appointment,7,No,
L09770,18-04-2025,P09770,Google Ads,Dental Crown,Clinic D,Appointment Booked,10,Yes,27-04-2025
L09771,16-07-2025,,Google Ads,Root Canal,Clinic C,Contacted - No Appointment,27,No,
L09772,10-06-2025,P09772,Facebook,Invisalign,Clinic D,Appointment Booked,88,Yes,19-06-2025
L09773,22-02-2025,P09773,Google Organic,Dental Crown,Clinic A,Appointment Booked,24,Yes,28-02-2025
L09774,18-03-2025,,Google Ads,Dental Implant,Clinic A,Contacted - No Appointment,15,No,
L09775,10-02-2025,,Google Ads,Teeth Whitening,Clinic D,Not Contacted/Cold,46,No,
L09776,15-05-2025,P09776,Instagram,Dental Implant,Clinic C,Appointment Booked,1,Yes,18-05-2025
L09777,05-11-2025,P09777,Google Ads,Invisalign,Clinic D,Appointment Booked,18,Yes,10-11-2025
L09778,15-09-2025,,Facebook,Root Canal,Clinic A,Contacted - No Appointment,13,No,
L09779,10-12-2025,P09779,Google Ads,Root Canal,Clinic C,Appointment Booked,13,Yes,17-12-2025
L09780,18-03-2025,,Google Organic,Invisalign,Clinic C,Contacted - No Appointment,19,No,
L09781,18-04-2025,,Facebook,General Dentistry,Clinic A,Contacted - No Appointment,14,No,
L09782,14-06-2025,,Instagram,General Dentistry,Clinic C,Contacted - No Appointment,42,No,
L09783,21-02-2025,P09783,Google Ads,General Dentistry,Clinic C,Appointment Booked,17,Yes,23-02-2025
L09784,21-07-2025,,Google Ads,Root Canal,Clinic A,Contacted - No Appointment,32,No,
L09785,30-05-2025,,Google Organic,General Dentistry,Clinic B,Contacted - No Appointment,27,No,
L09786,03-02-2025,,Google Organic,General Dentistry,Clinic C,Contacted - No Appointment,43,No,
L09787,24-11-2025,P09787,Instagram,Root Canal,Clinic B,Appointment Booked,11,Yes,27-11-2025
L09788,20-09-2025,P09788,Instagram,Invisalign,Clinic D,Appointment Booked,15,Yes,04-10-2025
L09789,23-12-2025,,Google Ads,Dental Implant,Clinic B,Contacted - No Appointment,37,No,
L09790,15-10-2025,P09790,Referral,Root Canal,Clinic B,Appointment Booked,9,Yes,22-10-2025
L09791,22-02-2025,P09791,Google Organic,General Dentistry,Clinic D,Appointment Booked,20,Yes,27-02-2025
L09792,11-08-2025,P09792,Instagram,Dental Crown,Clinic D,Appointment Booked,21,Yes,21-08-2025
L09793,23-12-2025,P09793,Referral,Dental Crown,Clinic A,Appointment Booked,17,Yes,04-01-2026
L09794,19-08-2025,,Google Ads,Dental Implant,Clinic D,Contacted - No Appointment,18,No,
L09795,15-11-2025,P09795,Google Organic,Dental Implant,Clinic A,Appointment Booked,13,Yes,20-11-2025
L09796,02-08-2025,,Referral,Root Canal,Clinic A,Contacted - No Appointment,5,No,
L09797,29-07-2025,P09797,Facebook,General Dentistry,Clinic B,Appointment Booked,3,Yes,01-08-2025
L09798,29-10-2025,,Google Ads,Root Canal,Clinic B,Contacted - No Appointment,24,No,
L09799,11-09-2025,P09799,Google Organic,General Dentistry,Clinic D,Appointment Booked,35,Yes,17-09-2025
L09800,26-01-2025,P09800,Google Ads,Dental Implant,Clinic C,Appointment Booked,4,Yes,05-02-2025
L09801,22-12-2025,P09801,Referral,Dental Crown,Clinic D,Appointment Booked,27,Yes,03-01-2026
L09802,07-01-2025,P09802,Google Ads,Dental Crown,Clinic C,Appointment Booked,5,Yes,21-01-2025
L09803,22-02-2025,P09803,Instagram,General Dentistry,Clinic B,Appointment Booked,7,Yes,04-03-2025
L09804,17-01-2025,,Facebook,Dental Implant,Clinic C,Not Contacted/Cold,83,No,
L09805,03-05-2025,,Google Ads,Invisalign,Clinic D,Contacted - No Appointment,27,No,
L09806,27-10-2025,,Referral,Invisalign,Clinic C,Contacted - No Appointment,20,No,
L09807,28-11-2025,P09807,Google Organic,General Dentistry,Clinic D,Appointment Booked,21,Yes,06-12-2025
L09808,28-11-2025,P09808,Facebook,Dental Implant,Clinic D,Appointment Booked,9,Yes,08-12-2025
L09809,07-04-2025,,Google Ads,Dental Implant,Clinic A,Contacted - No Appointment,34,No,
L09810,20-09-2025,,Google Organic,Root Canal,Clinic C,Contacted - No Appointment,30,No,
L09811,02-07-2025,,Google Organic,Root Canal,Clinic D,Contacted - No Appointment,19,No,
L09812,23-10-2025,,Google Organic,General Dentistry,Clinic D,Contacted - No Appointment,24,No,
L09813,11-11-2025,P09813,Instagram,General Dentistry,Clinic A,Appointment Booked,5,Yes,20-11-2025
L09814,18-01-2025,P09814,Google Ads,Root Canal,Clinic B,Appointment Booked,35,Yes,24-01-2025
L09815,16-07-2025,,Referral,General Dentistry,Clinic C,Contacted - No Appointment,16,No,
L09816,01-09-2025,,Google Organic,Teeth Whitening,Clinic A,Contacted - No Appointment,24,No,
L09817,16-02-2025,P09817,Facebook,Invisalign,Clinic C,Appointment Booked,14,Yes,23-02-2025
L09818,16-11-2025,P09818,Facebook,General Dentistry,Clinic A,Appointment Booked,10,Yes,29-11-2025
L09819,06-09-2025,,Instagram,Dental Crown,Clinic B,Contacted - No Appointment,18,No,
L09820,29-10-2025,,Google Organic,Root Canal,Clinic B,Contacted - No Appointment,34,No,
L09821,07-07-2025,P09821,Google Organic,Dental Crown,Clinic C,Appointment Booked,11,Yes,11-07-2025
L09822,10-03-2025,P09822,Referral,Root Canal,Clinic B,Appointment Booked,12,Yes,19-03-2025
L09823,13-11-2025,,Facebook,Dental Implant,Clinic B,Contacted - No Appointment,28,No,
L09824,20-10-2025,,Instagram,Teeth Whitening,Clinic B,Not Contacted/Cold,49,No,
L09825,10-06-2025,,Referral,General Dentistry,Clinic A,Contacted - No Appointment,24,No,
L09826,30-11-2025,P09826,Google Ads,Teeth Whitening,Clinic A,Appointment Booked,5,Yes,10-12-2025
L09827,14-10-2025,,Facebook,Invisalign,Clinic A,Contacted - No Appointment,31,No,
L09828,11-12-2025,,Instagram,General Dentistry,Clinic C,Not Contacted/Cold,56,No,
L09829,03-04-2025,,Referral,Dental Implant,Clinic D,Contacted - No Appointment,16,No,
L09830,22-03-2025,,Google Ads,Invisalign,Clinic A,Contacted - No Appointment,44,No,
L09831,11-09-2025,,Google Ads,Invisalign,Clinic A,Contacted - No Appointment,16,No,
L09832,01-08-2025,,Google Ads,Dental Implant,Clinic C,Contacted - No Appointment,20,No,
L09833,28-06-2025,,Facebook,Root Canal,Clinic B,Contacted - No Appointment,42,No,
L09834,18-08-2025,P09834,Google Ads,Dental Crown,Clinic D,Appointment Booked,14,Yes,26-08-2025
L09835,18-07-2025,,Instagram,General Dentistry,Clinic C,Not Contacted/Cold,50,No,
L09836,05-09-2025,P09836,Referral,General Dentistry,Clinic B,Appointment Booked,10,Yes,18-09-2025
L09837,07-11-2025,,Instagram,Teeth Whitening,Clinic B,Contacted - No Appointment,35,No,
L09838,30-03-2025,P09838,Google Ads,Root Canal,Clinic C,Appointment Booked,16,Yes,03-04-2025
L09839,22-05-2025,,Referral,Teeth Whitening,Clinic A,Contacted - No Appointment,37,No,
L09840,13-12-2025,,Instagram,General Dentistry,Clinic A,Not Contacted/Cold,50,No,
L09841,04-06-2025,P09841,Google Ads,Root Canal,Clinic A,Appointment Booked,21,Yes,08-06-2025
L09842,16-01-2025,P09842,Facebook,Teeth Whitening,Clinic D,Appointment Booked,11,Yes,26-01-2025
L09843,17-05-2025,,Google Organic,Root Canal,Clinic C,Contacted - No Appointment,10,No,
L09844,06-12-2025,P09844,Google Organic,Root Canal,Clinic A,Appointment Booked,10,Yes,13-12-2025
L09845,13-02-2025,,Instagram,Root Canal,Clinic C,Contacted - No Appointment,18,No,
L09846,08-04-2025,P09846,Google Ads,Dental Crown,Clinic B,Appointment Booked,5,Yes,22-04-2025
L09847,02-11-2025,,Google Organic,Teeth Whitening,Clinic C,Contacted - No Appointment,10,No,
L09848,20-04-2025,,Facebook,Root Canal,Clinic A,Contacted - No Appointment,17,No,
L09849,30-05-2025,,Google Organic,Dental Crown,Clinic C,Contacted - No Appointment,39,No,
L09850,29-04-2025,,Instagram,General Dentistry,Clinic D,Contacted - No Appointment,29,No,
L09851,03-06-2025,,Google Ads,General Dentistry,Clinic A,Not Contacted/Cold,61,No,
L09852,29-11-2025,P09852,Google Ads,Invisalign,Clinic B,Appointment Booked,11,Yes,01-12-2025
L09853,27-08-2025,P09853,Google Ads,Invisalign,Clinic A,Appointment Booked,17,Yes,29-08-2025
L09854,12-06-2025,P09854,Google Ads,Dental Crown,Clinic A,Appointment Booked,6,Yes,18-06-2025
L09855,01-04-2025,P09855,Google Ads,Root Canal,Clinic B,Appointment Booked,14,Yes,02-04-2025
L09856,17-05-2025,P09856,Instagram,Dental Implant,Clinic D,Appointment Booked,6,Yes,25-05-2025
L09857,02-02-2025,,Instagram,Invisalign,Clinic D,Contacted - No Appointment,26,No,
L09858,24-06-2025,P09858,Instagram,Teeth Whitening,Clinic A,Appointment Booked,20,Yes,27-06-2025
L09859,09-11-2025,P09859,Instagram,Teeth Whitening,Clinic C,Appointment Booked,13,Yes,14-11-2025
L09860,30-04-2025,,Google Organic,Root Canal,Clinic C,Contacted - No Appointment,21,No,
L09861,11-01-2025,,Referral,Root Canal,Clinic C,Contacted - No Appointment,22,No,
L09862,10-10-2025,P09862,Google Ads,Dental Crown,Clinic B,Appointment Booked,16,Yes,15-10-2025
L09863,15-09-2025,P09863,Instagram,Invisalign,Clinic A,Appointment Booked,23,Yes,24-09-2025
L09864,08-07-2025,P09864,Google Ads,Root Canal,Clinic B,Appointment Booked,30,Yes,10-07-2025
L09865,22-07-2025,P09865,Google Ads,Dental Implant,Clinic B,Appointment Booked,10,Yes,30-07-2025
L09866,25-09-2025,,Instagram,Root Canal,Clinic D,Contacted - No Appointment,45,No,
L09867,18-02-2025,,Facebook,Invisalign,Clinic D,Contacted - No Appointment,20,No,
L09868,09-08-2025,,Google Organic,Dental Crown,Clinic A,Contacted - No Appointment,7,No,
L09869,25-11-2025,,Facebook,Dental Crown,Clinic A,Contacted - No Appointment,45,No,
L09870,13-08-2025,,Google Ads,Root Canal,Clinic D,Contacted - No Appointment,5,No,
L09871,23-05-2025,,Referral,Dental Implant,Clinic C,Contacted - No Appointment,23,No,
L09872,30-10-2025,P09872,Google Ads,Invisalign,Clinic D,Appointment Booked,10,Yes,31-10-2025
L09873,15-02-2025,P09873,Google Ads,Dental Crown,Clinic A,Appointment Booked,8,Yes,22-02-2025
L09874,28-03-2025,,Google Ads,Dental Implant,Clinic C,Contacted - No Appointment,16,No,
L09875,16-04-2025,,Referral,Dental Implant,Clinic C,Contacted - No Appointment,14,No,
L09876,06-09-2025,,Facebook,Dental Crown,Clinic D,Contacted - No Appointment,44,No,
L09877,17-08-2025,,Facebook,Teeth Whitening,Clinic A,Contacted - No Appointment,38,No,
L09878,12-02-2025,P09878,Google Organic,Invisalign,Clinic A,Appointment Booked,6,Yes,19-02-2025
L09879,01-05-2025,P09879,Instagram,Root Canal,Clinic B,Appointment Booked,41,Yes,15-05-2025
L09880,12-01-2025,,Google Organic,General Dentistry,Clinic D,Contacted - No Appointment,4,No,
L09881,19-12-2025,,Facebook,General Dentistry,Clinic D,Not Contacted/Cold,48,No,
L09882,22-12-2025,,Referral,Invisalign,Clinic D,Contacted - No Appointment,31,No,
L09883,06-07-2025,P09883,Google Organic,Teeth Whitening,Clinic D,Appointment Booked,23,Yes,16-07-2025
L09884,29-06-2025,P09884,Facebook,Dental Crown,Clinic A,Appointment Booked,30,Yes,06-07-2025
L09885,12-02-2025,P09885,Facebook,General Dentistry,Clinic A,Appointment Booked,2,Yes,22-02-2025
L09886,24-02-2025,,Referral,Root Canal,Clinic A,Contacted - No Appointment,14,No,
L09887,29-12-2025,P09887,Google Organic,Teeth Whitening,Clinic B,Appointment Booked,18,Yes,31-12-2025
L09888,06-10-2025,,Instagram,Teeth Whitening,Clinic D,Contacted - No Appointment,38,No,
L09889,26-01-2025,,Google Organic,Root Canal,Clinic D,Contacted - No Appointment,34,No,
L09890,02-09-2025,,Instagram,Teeth Whitening,Clinic A,Contacted - No Appointment,22,No,
L09891,26-12-2025,,Google Ads,Invisalign,Clinic C,Contacted - No Appointment,6,No,
L09892,25-08-2025,,Facebook,Dental Implant,Clinic D,Contacted - No Appointment,22,No,
L09893,22-11-2025,P09893,Instagram,Root Canal,Clinic B,Appointment Booked,21,Yes,28-11-2025
L09894,17-01-2025,,Google Ads,General Dentistry,Clinic A,Contacted - No Appointment,35,No,
L09895,22-12-2025,P09895,Facebook,Root Canal,Clinic B,Appointment Booked,17,Yes,02-01-2026
L09896,04-05-2025,P09896,Google Organic,Dental Crown,Clinic B,Appointment Booked,35,Yes,08-05-2025
L09897,14-06-2025,P09897,Google Ads,Dental Crown,Clinic C,Appointment Booked,19,Yes,22-06-2025
L09898,22-10-2025,P09898,Google Ads,Dental Implant,Clinic B,Appointment Booked,16,Yes,24-10-2025
L09899,27-05-2025,P09899,Google Organic,Root Canal,Clinic A,Appointment Booked,20,Yes,03-06-2025
L09900,26-03-2025,,Instagram,Teeth Whitening,Clinic D,Contacted - No Appointment,10,No,
L09901,24-01-2025,,Google Ads,General Dentistry,Clinic C,Contacted - No Appointment,14,No,
L09902,29-01-2025,,Google Organic,Dental Implant,Clinic B,Contacted - No Appointment,30,No,
L09903,04-06-2025,,Instagram,Root Canal,Clinic D,Contacted - No Appointment,18,No,
L09904,18-08-2025,,Facebook,Dental Implant,Clinic A,Contacted - No Appointment,16,No,
L09905,13-01-2025,,Facebook,Invisalign,Clinic A,Contacted - No Appointment,4,No,
L09906,15-01-2025,,Google Ads,Root Canal,Clinic D,Contacted - No Appointment,14,No,
L09907,24-02-2025,,Google Organic,Root Canal,Clinic B,Contacted - No Appointment,22,No,
L09908,06-11-2025,,Facebook,Invisalign,Clinic D,Contacted - No Appointment,17,No,
L09909,10-01-2025,,Instagram,Invisalign,Clinic B,Contacted - No Appointment,37,No,
L09910,22-02-2025,P09910,Referral,Teeth Whitening,Clinic A,Appointment Booked,28,Yes,08-03-2025
L09911,10-07-2025,,Google Ads,General Dentistry,Clinic C,Not Contacted/Cold,48,No,
L09912,22-03-2025,P09912,Google Ads,Invisalign,Clinic A,Appointment Booked,20,Yes,26-03-2025
L09913,06-03-2025,,Google Ads,Dental Crown,Clinic D,Contacted - No Appointment,8,No,
L09914,04-12-2025,,Google Ads,Invisalign,Clinic C,Contacted - No Appointment,26,No,
L09915,18-01-2025,,Instagram,General Dentistry,Clinic D,Contacted - No Appointment,8,No,
L09916,04-08-2025,P09916,Instagram,Dental Crown,Clinic D,Appointment Booked,14,Yes,16-08-2025
L09917,02-11-2025,,Google Ads,Teeth Whitening,Clinic A,Contacted - No Appointment,38,No,
L09918,18-11-2025,,Google Ads,Dental Implant,Clinic D,Contacted - No Appointment,12,No,
L09919,15-07-2025,P09919,Google Ads,Dental Crown,Clinic C,Appointment Booked,9,Yes,29-07-2025
L09920,02-07-2025,,Referral,Root Canal,Clinic C,Contacted - No Appointment,29,No,
L09921,01-03-2025,,Google Organic,Invisalign,Clinic D,Contacted - No Appointment,38,No,
L09922,22-04-2025,P09922,Instagram,Invisalign,Clinic C,Appointment Booked,13,Yes,02-05-2025
L09923,27-12-2025,,Facebook,Dental Crown,Clinic B,Contacted - No Appointment,10,No,
L09924,15-05-2025,,Facebook,Teeth Whitening,Clinic C,Contacted - No Appointment,15,No,
L09925,08-05-2025,P09925,Google Ads,Dental Implant,Clinic B,Appointment Booked,17,Yes,20-05-2025
L09926,22-07-2025,,Referral,Dental Crown,Clinic A,Contacted - No Appointment,25,No,
L09927,07-01-2025,,Google Organic,Dental Implant,Clinic C,Contacted - No Appointment,7,No,
L09928,14-05-2025,P09928,Instagram,Dental Implant,Clinic A,Appointment Booked,6,Yes,23-05-2025
L09929,22-10-2025,,Instagram,Dental Crown,Clinic A,Not Contacted/Cold,53,No,
L09930,06-06-2025,,Facebook,Invisalign,Clinic A,Contacted - No Appointment,25,No,
L09931,26-05-2025,,Google Ads,Root Canal,Clinic C,Contacted - No Appointment,32,No,
L09932,02-08-2025,,Google Ads,Root Canal,Clinic B,Contacted - No Appointment,36,No,
L09933,25-04-2025,P09933,Facebook,Dental Crown,Clinic D,Appointment Booked,30,Yes,08-05-2025
L09934,21-01-2025,P09934,Google Ads,Root Canal,Clinic B,Appointment Booked,10,Yes,26-01-2025
L09935,13-02-2025,,Google Ads,General Dentistry,Clinic B,Contacted - No Appointment,24,No,
L09936,14-11-2025,,Instagram,Root Canal,Clinic B,Contacted - No Appointment,14,No,
L09937,02-04-2025,P09937,Referral,Teeth Whitening,Clinic C,Appointment Booked,2,Yes,16-04-2025
L09938,18-08-2025,,Referral,Invisalign,Clinic B,Contacted - No Appointment,5,No,
L09939,11-05-2025,,Google Ads,Root Canal,Clinic D,Contacted - No Appointment,19,No,
L09940,14-06-2025,,Google Ads,Dental Crown,Clinic D,Contacted - No Appointment,40,No,
L09941,15-07-2025,,Instagram,Invisalign,Clinic D,Contacted - No Appointment,13,No,
L09942,31-05-2025,P09942,Google Organic,Root Canal,Clinic D,Appointment Booked,10,Yes,10-06-2025
L09943,11-10-2025,P09943,Referral,Invisalign,Clinic B,Appointment Booked,9,Yes,16-10-2025
L09944,03-01-2025,P09944,Referral,Dental Implant,Clinic C,Appointment Booked,19,Yes,09-01-2025
L09945,08-09-2025,,Google Organic,Invisalign,Clinic C,Contacted - No Appointment,22,No,
L09946,07-05-2025,,Google Ads,Teeth Whitening,Clinic C,Contacted - No Appointment,11,No,
L09947,25-02-2025,,Google Ads,Teeth Whitening,Clinic D,Contacted - No Appointment,28,No,
L09948,07-03-2025,P09948,Google Ads,Invisalign,Clinic C,Appointment Booked,32,Yes,18-03-2025
L09949,26-02-2025,,Instagram,Root Canal,Clinic D,Contacted - No Appointment,17,No,
L09950,30-06-2025,,Google Ads,Dental Implant,Clinic B,Contacted - No Appointment,33,No,
L09951,22-01-2025,P09951,Google Organic,Invisalign,Clinic D,Appointment Booked,12,Yes,30-01-2025
L09952,19-09-2025,,Google Organic,Teeth Whitening,Clinic C,Contacted - No Appointment,14,No,
L09953,13-10-2025,,Google Ads,Dental Crown,Clinic C,Contacted - No Appointment,40,No,
L09954,02-09-2025,,Referral,Invisalign,Clinic B,Contacted - No Appointment,21,No,
L09955,19-04-2025,P09955,Facebook,Invisalign,Clinic D,Appointment Booked,23,Yes,30-04-2025
L09956,23-06-2025,P09956,Referral,Teeth Whitening,Clinic D,Appointment Booked,6,Yes,07-07-2025
L09957,26-03-2025,,Referral,Invisalign,Clinic A,Contacted - No Appointment,31,No,
L09958,19-07-2025,,Google Ads,Invisalign,Clinic C,Contacted - No Appointment,31,No,
L09959,06-03-2025,,Facebook,Dental Crown,Clinic B,Contacted - No Appointment,28,No,
L09960,06-12-2025,P09960,Google Ads,Dental Crown,Clinic D,Appointment Booked,4,Yes,15-12-2025
L09961,04-10-2025,,Google Organic,Root Canal,Clinic B,Contacted - No Appointment,9,No,
L09962,15-06-2025,,Facebook,General Dentistry,Clinic A,Contacted - No Appointment,15,No,
L09963,21-11-2025,,Referral,Invisalign,Clinic B,Not Contacted/Cold,52,No,
L09964,20-10-2025,P09964,Google Ads,Teeth Whitening,Clinic C,Appointment Booked,9,Yes,31-10-2025
L09965,25-11-2025,P09965,Google Organic,Dental Implant,Clinic A,Appointment Booked,24,Yes,03-12-2025
L09966,25-03-2025,P09966,Referral,Dental Crown,Clinic C,Appointment Booked,30,Yes,01-04-2025
L09967,14-01-2025,P09967,Instagram,General Dentistry,Clinic D,Appointment Booked,22,Yes,20-01-2025
L09968,14-01-2025,,Google Ads,Root Canal,Clinic D,Contacted - No Appointment,23,No,
L09969,21-01-2025,P09969,Instagram,Teeth Whitening,Clinic A,Appointment Booked,22,Yes,30-01-2025
L09970,23-03-2025,P09970,Google Ads,General Dentistry,Clinic D,Appointment Booked,6,Yes,27-03-2025
L09971,10-08-2025,,Google Ads,Dental Implant,Clinic C,Contacted - No Appointment,3,No,
L09972,22-04-2025,,Facebook,Teeth Whitening,Clinic A,Contacted - No Appointment,15,No,
L09973,30-10-2025,,Google Ads,General Dentistry,Clinic A,Contacted - No Appointment,20,No,
L09974,20-06-2025,P09974,Google Organic,Dental Crown,Clinic A,Appointment Booked,10,Yes,22-06-2025
L09975,13-04-2025,P09975,Facebook,Invisalign,Clinic D,Appointment Booked,36,Yes,22-04-2025
L09976,04-11-2025,P09976,Google Organic,Dental Implant,Clinic A,Appointment Booked,23,Yes,11-11-2025
L09977,12-05-2025,P09977,Google Ads,Invisalign,Clinic A,Appointment Booked,23,Yes,20-05-2025
L09978,11-03-2025,,Google Ads,Dental Implant,Clinic D,Contacted - No Appointment,19,No,
L09979,18-02-2025,,Google Ads,Root Canal,Clinic C,Contacted - No Appointment,5,No,
L09980,19-07-2025,P09980,Google Ads,Dental Implant,Clinic D,Appointment Booked,28,Yes,24-07-2025
L09981,16-07-2025,,Facebook,Invisalign,Clinic C,Contacted - No Appointment,24,No,
L09982,25-10-2025,,Instagram,Root Canal,Clinic A,Contacted - No Appointment,9,No,
L09983,21-02-2025,P09983,Referral,Root Canal,Clinic D,Appointment Booked,10,Yes,07-03-2025
L09984,04-05-2025,,Facebook,Dental Crown,Clinic A,Contacted - No Appointment,25,No,
L09985,12-11-2025,P09985,Google Ads,Teeth Whitening,Clinic C,Appointment Booked,13,Yes,15-11-2025
L09986,22-06-2025,P09986,Google Ads,Dental Implant,Clinic C,Appointment Booked,10,Yes,29-06-2025
L09987,07-10-2025,,Referral,Dental Implant,Clinic A,Contacted - No Appointment,10,No,
L09988,07-04-2025,P09988,Google Organic,Dental Implant,Clinic D,Appointment Booked,32,Yes,12-04-2025
L09989,25-12-2025,,Google Organic,Root Canal,Clinic B,Not Contacted/Cold,72,No,
L09990,24-04-2025,P09990,Google Ads,Dental Implant,Clinic A,Appointment Booked,16,Yes,29-04-2025
L09991,02-12-2025,,Google Ads,Teeth Whitening,Clinic D,Contacted - No Appointment,17,No,
L09992,14-02-2025,P09992,Google Ads,Invisalign,Clinic C,Appointment Booked,18,Yes,23-02-2025
L09993,27-01-2025,P09993,Referral,General Dentistry,Clinic C,Appointment Booked,28,Yes,03-02-2025
L09994,21-06-2025,P09994,Google Ads,Root Canal,Clinic C,Appointment Booked,4,Yes,22-06-2025
L09995,16-06-2025,,Instagram,Root Canal,Clinic D,Contacted - No Appointment,15,No,
L09996,12-09-2025,,Facebook,Teeth Whitening,Clinic A,Contacted - No Appointment,3,No,
L09997,04-11-2025,P09997,Facebook,Teeth Whitening,Clinic B,Appointment Booked,11,Yes,18-11-2025
L09998,11-01-2025,P09998,Google Ads,Dental Crown,Clinic B,Appointment Booked,18,Yes,15-01-2025
L09999,26-10-2025,,Instagram,General Dentistry,Clinic A,Not Contacted/Cold,63,No,
L10000,07-01-2025,,Google Ads,Root Canal,Clinic C,Contacted - No Appointment,18,No,
